image_id,cx,cy,w,h,conf
001_20200623_123214(3),0.6076388888888888,0.4662162162162162,0.0243055555555555,0.0315315315315315,0.0677349310094407
001_20200623_123214(3),0.5034722222222222,0.3806306306306306,0.0243055555555555,0.0315315315315315,0.0669876543209877
001_20200623_123214(3),0.9027777777777778,0.6463963963963963,0.0243055555555555,0.0315315315315315,0.0652164124909222
001_20200623_123214(3),0.6284722222222222,0.6261261261261262,0.0243055555555555,0.0315315315315315,0.0618148148148148
001_20200623_123214(3),0.8888888888888888,0.2837837837837837,0.0104166666666666,0.0135135135135135,0.0556049086301186
001_20200623_123214(3),0.6145833333333334,0.5315315315315315,0.0243055555555555,0.0315315315315315,0.0524422657952069
001_20200623_123223(3),0.6267361111111112,0.4436936936936937,0.0243055555555555,0.0315315315315315,0.0721880900508351
001_20200623_123223(3),0.6267361111111112,0.6058558558558559,0.0243055555555555,0.0315315315315315,0.0664357298474945
001_20200623_123223(3),0.890625,0.7274774774774775,0.0243055555555555,0.0315315315315315,0.0648010167029774
001_20200623_123223(3),0.9097222222222222,0.3490990990990991,0.0243055555555555,0.0315315315315315,0.0637719680464778
001_20200623_123223(3),0.9340277777777778,0.3738738738738739,0.0138888888888888,0.018018018018018,0.0615317114500121
001_20200623_123223(3),0.625,0.5067567567567568,0.0243055555555555,0.0315315315315315,0.0578845315904139
001_20200623_123223(3),0.5260416666666666,0.6959459459459459,0.0243055555555555,0.0315315315315315,0.0574596949891068
001_20200623_123223(3),0.5416666666666666,0.3198198198198198,0.0243055555555555,0.0315315315315315,0.0552084241103848
001_20200623_123223(3),0.9409722222222222,0.4256756756756756,0.0138888888888888,0.018018018018018,0.0551954732510287
001_20200623_123223(3),0.6232638888888888,0.527027027027027,0.0243055555555555,0.0315315315315315,0.053035584604212
001_20200623_123223(3),0.9392361111111112,0.4774774774774775,0.0243055555555555,0.0315315315315315,0.0520646332607116
001_20200623_123223(3),0.9114583333333334,0.7027027027027027,0.0243055555555555,0.0315315315315315,0.0515134350036311
001_20200623_123223(3),0.9427083333333334,0.4481981981981981,0.0138888888888888,0.018018018018018,0.0505295328007745
001_20200623_123232(3),0.9027777777777778,0.5743243243243243,0.0243055555555555,0.0315315315315315,0.0779905591866376
001_20200623_123232(3),0.6197916666666666,0.3333333333333333,0.0243055555555555,0.0315315315315315,0.0663790849673202
001_20200623_123232(3),0.6302083333333334,0.4954954954954955,0.0243055555555555,0.0315315315315315,0.0648925199709513
001_20200623_123232(3),0.5451388888888888,0.6328828828828829,0.0243055555555555,0.0315315315315315,0.0578198983297022
001_20200623_123232(3),0.6232638888888888,0.4166666666666667,0.0243055555555555,0.0315315315315315,0.0562164124909222
001_20200623_123232(3),0.6232638888888888,0.3986486486486486,0.0243055555555555,0.0315315315315315,0.0561205519244734
001_20200623_123232(3),0.5208333333333334,0.2522522522522522,0.0243055555555555,0.0315315315315315,0.0524190268700073
001_20200623_123236(9),0.90625,0.6058558558558559,0.0243055555555555,0.0315315315315315,0.0712265795206972
001_20200623_123236(9),0.6197916666666666,0.5698198198198198,0.0243055555555555,0.0315315315315315,0.0670922294843863
001_20200623_123236(9),0.9288194444444444,0.3243243243243243,0.0243055555555555,0.0315315315315315,0.0670435729847494
001_20200623_123236(9),0.6006944444444444,0.3963963963963964,0.0243055555555555,0.0315315315315315,0.0582294843863471
001_20200623_123236(9),0.6041666666666666,0.6891891891891891,0.0243055555555555,0.0315315315315315,0.0566078431372549
001_20200623_123236(9),0.5798611111111112,0.6914414414414415,0.0243055555555555,0.0315315315315315,0.05660058097313
001_20200623_123236(9),0.6041666666666666,0.4797297297297297,0.0243055555555555,0.0315315315315315,0.0546122004357298
001_20200623_123236(9),0.9131944444444444,0.2905405405405405,0.0069444444444444,0.009009009009009,0.0542647058823529
001_20200623_123236(9),0.6180555555555556,0.6869369369369369,0.0243055555555555,0.0315315315315315,0.0542106027596223
001_20200623_123236(9),0.5295138888888888,0.2995495495495495,0.0243055555555555,0.0315315315315315,0.0527240377632535
001_20200623_123236(9),0.6024305555555556,0.4549549549549549,0.0243055555555555,0.0315315315315315,0.0508525780682643
001_20200623_123236(9),0.8767361111111112,0.2319819819819819,0.0243055555555555,0.0315315315315315,0.0503340595497457
001_20200623_123241(3),0.6059027777777778,0.6171171171171171,0.0243055555555555,0.0315315315315315,0.06559767610748
001_20200623_123241(3),0.8923611111111112,0.6936936936936937,0.0243055555555555,0.0315315315315315,0.0653572984749455
001_20200623_123241(3),0.9322916666666666,0.4234234234234234,0.0243055555555555,0.0315315315315315,0.0607371096586783
001_20200623_123241(3),0.5972222222222222,0.527027027027027,0.0243055555555555,0.0315315315315315,0.0601212781408859
001_20200623_123241(3),0.5954861111111112,0.5,0.0208333333333333,0.027027027027027,0.0588171239896352
001_20200623_123241(3),0.5989583333333334,0.4324324324324324,0.0243055555555555,0.0315315315315315,0.0551256354393609
001_20200623_123241(3),0.5399305555555556,0.3198198198198198,0.0243055555555555,0.0315315315315315,0.0517356572258532
001_20200623_123241(3),0.4947916666666667,0.3400900900900901,0.0208333333333333,0.027027027027027,0.0514527013961402
001_20200623_123245(8),0.890625,0.6328828828828829,0.0243055555555555,0.0315315315315315,0.0760522875816992
001_20200623_123245(8),0.6024305555555556,0.5630630630630631,0.0243055555555555,0.0315315315315315,0.070641975308642
001_20200623_123245(8),0.5607638888888888,0.6846846846846847,0.0243055555555555,0.0315315315315315,0.0645330428467683
001_20200623_123245(8),0.9236111111111112,0.3558558558558558,0.0243055555555555,0.0315315315315315,0.0641328976034858
001_20200623_123245(8),0.5920138888888888,0.4729729729729729,0.0243055555555555,0.0315315315315315,0.053878721859114
001_20200623_123245(8),0.8732638888888888,0.2567567567567567,0.0243055555555555,0.0315315315315315,0.0535882352941176
001_20200623_123245(8),0.5902777777777778,0.3828828828828828,0.0243055555555555,0.0315315315315315,0.052835875090777
001_20200623_123245(8),0.5243055555555556,0.2927927927927928,0.0243055555555555,0.0315315315315315,0.0518344226579521
001_20200708_041209(1),0.5989583333333334,0.6396396396396397,0.0243055555555555,0.0315315315315315,0.066437908496732
001_20200708_041209(1),0.9357638888888888,0.5472972972972973,0.0243055555555555,0.0315315315315315,0.0613064633260711
001_20200708_041209(1),0.8993055555555556,0.4166666666666667,0.0243055555555555,0.0315315315315315,0.0589419026870006
001_20200708_041209(1),0.6076388888888888,0.4639639639639639,0.0243055555555555,0.0315315315315315,0.0557581699346405
001_20200708_041209(1),0.875,0.7882882882882883,0.0243055555555555,0.0315315315315315,0.0535482933914306
001_20200708_041209(1),0.6006944444444444,0.527027027027027,0.0243055555555555,0.0315315315315315,0.0516194625998547
001_20200708_041212(4),0.9288194444444444,0.5180180180180181,0.0243055555555555,0.0315315315315315,0.0693754538852578
001_20200708_041212(4),0.8784722222222222,0.4009009009009009,0.0243055555555555,0.0315315315315315,0.0667647058823529
001_20200708_041212(4),0.6059027777777778,0.7117117117117117,0.0243055555555555,0.0315315315315315,0.0639869281045751
001_20200708_041212(4),0.8975694444444444,0.7725225225225225,0.0243055555555555,0.0315315315315315,0.0605984023238925
001_20200708_041212(4),0.5954861111111112,0.6306306306306306,0.0243055555555555,0.0315315315315315,0.0567116920842411
001_20200708_041212(4),0.5954861111111112,0.545045045045045,0.0243055555555555,0.0315315315315315,0.0566027596223674
001_20200708_041212(4),0.5347222222222222,0.4144144144144144,0.0243055555555555,0.0315315315315315,0.0551416122004356
001_20200708_041212(4),0.4913194444444444,0.4391891891891892,0.0208333333333333,0.027027027027027,0.051467808523804
001_20200708_041219(0),0.5972222222222222,0.6554054054054054,0.0243055555555555,0.0315315315315315,0.0690697167755991
001_20200708_041219(0),0.9253472222222222,0.5045045045045045,0.0243055555555555,0.0315315315315315,0.062714596949891
001_20200708_041219(0),0.8819444444444444,0.3828828828828828,0.0243055555555555,0.0315315315315315,0.0573231663035584
001_20200708_041219(0),0.5486111111111112,0.3423423423423423,0.0243055555555555,0.0315315315315315,0.0567327523602033
001_20200708_041219(0),0.5902777777777778,0.5653153153153153,0.0243055555555555,0.0315315315315315,0.0566673928830791
001_20200708_041219(0),0.8802083333333334,0.7567567567567568,0.0243055555555555,0.0315315315315315,0.0546092955700798
001_20200708_041219(0),0.5920138888888888,0.481981981981982,0.0243055555555555,0.0315315315315315,0.0500275962236746
001_20200708_041228(7),0.5885416666666666,0.6148648648648649,0.0243055555555555,0.0315315315315315,0.0648925199709513
001_20200708_041228(7),0.859375,0.7927927927927928,0.0243055555555555,0.0315315315315315,0.0561060275962236
001_20200708_041228(7),0.9305555555555556,0.5608108108108109,0.0243055555555555,0.0315315315315315,0.0552432824981843
001_20200708_041228(7),0.6041666666666666,0.4414414414414414,0.0243055555555555,0.0315315315315315,0.0520537400145243
001_20200708_041228(7),0.8975694444444444,0.4256756756756756,0.0243055555555555,0.0315315315315315,0.0519564270152505
001_20200708_041228(7),0.9149305555555556,0.4774774774774775,0.0104166666666666,0.0135135135135135,0.0514532479658529
001_20200708_041228(7),0.59375,0.4977477477477477,0.0208333333333333,0.027027027027027,0.0508663031287465
001_20200708_041228(7),0.5920138888888888,0.5225225225225225,0.0243055555555555,0.0315315315315315,0.0505504720406681
001_20200708_041231(7),0.59375,0.6351351351351351,0.0243055555555555,0.0315315315315315,0.0672120551924473
001_20200708_041231(7),0.8784722222222222,0.7477477477477478,0.0243055555555555,0.0315315315315315,0.067039941902687
001_20200708_041231(7),0.8819444444444444,0.3761261261261261,0.0243055555555555,0.0315315315315315,0.0639716775599128
001_20200708_041231(7),0.9253472222222222,0.5022522522522522,0.0243055555555555,0.0315315315315315,0.0570929557007987
001_20200708_041231(7),0.5885416666666666,0.5495495495495496,0.0243055555555555,0.0315315315315315,0.0553986928104575
001_20200708_041231(7),0.5920138888888888,0.4662162162162162,0.0243055555555555,0.0315315315315315,0.0514546114742192
001_20200708_041231(7),0.5885416666666666,0.5247747747747747,0.0243055555555555,0.0315315315315315,0.0506710239651416
001_20200708_041231(7),0.4965277777777778,0.3490990990990991,0.0208333333333333,0.027027027027027,0.0502622597362417
001_20200713_091052(5),0.5954861111111112,0.581081081081081,0.0243055555555555,0.0315315315315315,0.0676615831517792
001_20200713_091052(5),0.9322916666666666,0.4932432432432432,0.0243055555555555,0.0315315315315315,0.0631249092229484
001_20200713_091052(5),0.8958333333333334,0.3671171171171171,0.0243055555555555,0.0315315315315315,0.0598743645606389
001_20200713_091052(5),0.8697916666666666,0.7364864864864865,0.0243055555555555,0.0315315315315315,0.0576013071895424
001_20200713_091052(5),0.5954861111111112,0.4864864864864865,0.0243055555555555,0.0315315315315315,0.0518235294117647
001_20200713_091052(5),0.5399305555555556,0.6869369369369369,0.0243055555555555,0.0315315315315315,0.0514531590413942
001_20200713_091104(2),0.5989583333333334,0.4977477477477477,0.0243055555555555,0.0315315315315315,0.0780653594771241
001_20200713_091104(2),0.8663194444444444,0.6779279279279279,0.0243055555555555,0.0315315315315315,0.0721844589687727
001_20200713_091104(2),0.8993055555555556,0.304054054054054,0.0243055555555555,0.0315315315315315,0.0638220769789397
001_20200713_091104(2),0.9375,0.4279279279279279,0.0243055555555555,0.0315315315315315,0.0611321713870733
001_20200713_091104(2),0.609375,0.3130630630630631,0.0243055555555555,0.0315315315315315,0.0584676833696441
001_20200713_091104(2),0.5329861111111112,0.6103603603603603,0.0243055555555555,0.0315315315315315,0.0529767610748003
001_20200713_091113(2),0.6006944444444444,0.5292792792792793,0.0243055555555555,0.0315315315315315,0.0774255628177196
001_20200713_091113(2),0.8611111111111112,0.7364864864864865,0.0243055555555555,0.0315315315315315,0.0611786492374727
001_20200713_091113(2),0.9409722222222222,0.4977477477477477,0.0243055555555555,0.0315315315315315,0.0601670297748728
001_20200713_091113(2),0.6197916666666666,0.3468468468468468,0.0243055555555555,0.0315315315315315,0.0562273057371096
001_20200713_091113(2),0.9079861111111112,0.3671171171171171,0.0243055555555555,0.0315315315315315,0.0549150326797385
001_20200713_091113(2),0.5295138888888888,0.6306306306306306,0.0243055555555555,0.0315315315315315,0.0539230210602759
001_20200713_091113(2),0.6284722222222222,0.3603603603603603,0.0069444444444444,0.009009009009009,0.0525081699346405
001_20200713_091125(7),0.5902777777777778,0.5540540540540541,0.0243055555555555,0.0315315315315315,0.0749934640522875
001_20200713_091125(7),0.8819444444444444,0.3130630630630631,0.0243055555555555,0.0315315315315315,0.0658605664488016
001_20200713_091125(7),0.9253472222222222,0.4279279279279279,0.0243055555555555,0.0315315315315315,0.0651510530137981
001_20200713_091125(7),0.8680555555555556,0.6891891891891891,0.0243055555555555,0.0315315315315315,0.0647124183006535
001_20200713_091125(7),0.5364583333333334,0.6711711711711712,0.0243055555555555,0.0315315315315315,0.0573042846768336
001_20200713_091125(7),0.59375,0.3738738738738739,0.0243055555555555,0.0315315315315315,0.0543812636165577
001_20200713_091129(5),0.5954861111111112,0.5540540540540541,0.0243055555555555,0.0315315315315315,0.0759992737835874
001_20200713_091129(5),0.8993055555555556,0.3671171171171171,0.0243055555555555,0.0315315315315315,0.0615954974582425
001_20200713_091129(5),0.8645833333333334,0.7342342342342343,0.0243055555555555,0.0315315315315315,0.0598482207697893
001_20200713_091129(5),0.609375,0.3783783783783784,0.0243055555555555,0.0315315315315315,0.0578750907770515
001_20200713_091129(5),0.9340277777777778,0.5,0.0243055555555555,0.0315315315315315,0.0578213507625272
001_20200713_091129(5),0.5295138888888888,0.6576576576576577,0.0243055555555555,0.0315315315315315,0.0521612200435729
001_20200713_091141(5),0.8697916666666666,0.6824324324324325,0.0243055555555555,0.0315315315315315,0.0735795206971676
001_20200713_091141(5),0.5972222222222222,0.527027027027027,0.0243055555555555,0.0315315315315315,0.0711655773420479
001_20200713_091141(5),0.8923611111111112,0.304054054054054,0.0243055555555555,0.0315315315315315,0.0620559186637618
001_20200713_091141(5),0.9340277777777778,0.4256756756756756,0.0243055555555555,0.0315315315315315,0.0592563543936092
001_20200713_091141(5),0.6041666666666666,0.3423423423423423,0.0243055555555555,0.0315315315315315,0.0579135802469136
001_20200713_091141(5),0.5416666666666666,0.6441441441441441,0.0243055555555555,0.0315315315315315,0.0535352214960058
001_20200713_091141(5),0.6024305555555556,0.3603603603603603,0.0243055555555555,0.0315315315315315,0.0511801016702977
001_20200721_163828(2),0.90625,0.5247747747747747,0.0243055555555555,0.0315315315315315,0.063721859114016
001_20200721_163828(2),0.5086805555555556,0.2184684684684684,0.0243055555555555,0.0315315315315315,0.0595649963689178
001_20200721_163828(2),0.5677083333333334,0.4054054054054054,0.0243055555555555,0.0315315315315315,0.0551648511256354
001_20200721_163828(2),0.9409722222222222,0.5045045045045045,0.0208333333333333,0.027027027027027,0.0537555110801717
001_20200721_163831(6),0.8697916666666666,0.2117117117117117,0.0243055555555555,0.0315315315315315,0.0614161220043572
001_20200721_163831(6),0.8871527777777778,0.6171171171171171,0.0243055555555555,0.0315315315315315,0.0603689179375453
001_20200721_163831(6),0.5572916666666666,0.4527027027027027,0.0243055555555555,0.0315315315315315,0.0533645606390704
001_20200721_163831(6),0.9253472222222222,0.5990990990990991,0.0243055555555555,0.0315315315315315,0.050874364560639
001_20200721_163835(0),0.890625,0.3265765765765765,0.0243055555555555,0.0315315315315315,0.0615911401597676
001_20200721_163835(0),0.9045138888888888,0.7184684684684685,0.0243055555555555,0.0315315315315315,0.0613652868554828
001_20200721_163835(0),0.5520833333333334,0.3288288288288288,0.0243055555555555,0.0315315315315315,0.0552614379084966
001_20200721_163835(0),0.5729166666666666,0.5698198198198198,0.0243055555555555,0.0315315315315315,0.0546071169208423
001_20200721_163838(2),0.8784722222222222,0.2612612612612612,0.0243055555555555,0.0315315315315315,0.0706318082788671
001_20200721_163838(2),0.5538194444444444,0.4797297297297297,0.0243055555555555,0.0315315315315315,0.0556129266521423
001_20200721_163841(6),0.5434027777777778,0.3873873873873873,0.0243055555555555,0.0315315315315315,0.0644560639070443
001_20200721_163841(6),0.8854166666666666,0.2995495495495495,0.0243055555555555,0.0315315315315315,0.0598119099491648
001_20200721_163845(0),0.8784722222222222,0.2477477477477477,0.0243055555555555,0.0315315315315315,0.0749440813362381
001_20200721_163845(0),0.5555555555555556,0.4639639639639639,0.0243055555555555,0.0315315315315315,0.0608721859114016
001_20200721_163845(0),0.8819444444444444,0.6463963963963963,0.0243055555555555,0.0315315315315315,0.0534509803921569
001_20200722_163247(7),0.5677083333333334,0.481981981981982,0.0243055555555555,0.0315315315315315,0.068755991285403
001_20200722_163247(7),0.8888888888888888,0.6576576576576577,0.0243055555555555,0.0315315315315315,0.0623769063180827
001_20200722_163247(7),0.8819444444444444,0.2387387387387387,0.0243055555555555,0.0315315315315315,0.0615642701525054
001_20200722_163247(7),0.5329861111111112,0.6779279279279279,0.0243055555555555,0.0315315315315315,0.0549665940450253
001_20200722_163255(2),0.890625,0.668918918918919,0.0243055555555555,0.0315315315315315,0.0777944807552651
001_20200722_163255(2),0.8628472222222222,0.2657657657657657,0.0243055555555555,0.0315315315315315,0.0511866376180101
001_20200723_043303(9),0.8923611111111112,0.6171171171171171,0.0243055555555555,0.0315315315315315,0.0711844589687726
001_20200723_043303(9),0.5208333333333334,0.6171171171171171,0.0243055555555555,0.0315315315315315,0.0576085693536673
001_20200723_043303(9),0.5642361111111112,0.3738738738738739,0.0243055555555555,0.0315315315315315,0.0552447349310094
001_20200723_043308(5),0.5590277777777778,0.4279279279279279,0.0243055555555555,0.0315315315315315,0.0700406681190994
001_20200723_043308(5),0.8645833333333334,0.6621621621621622,0.0243055555555555,0.0315315315315315,0.0700072621641249
001_20200723_043308(5),0.5086805555555556,0.6351351351351351,0.0243055555555555,0.0315315315315315,0.0606063907044298
001_20200723_043308(5),0.8854166666666666,0.25,0.0243055555555555,0.0315315315315315,0.0502657952069717
001_20200723_163233(0),0.8854166666666666,0.6936936936936937,0.0243055555555555,0.0315315315315315,0.0832280319535222
001_20200723_163233(0),0.5121527777777778,0.6756756756756757,0.0243055555555555,0.0315315315315315,0.0622919389978213
001_20200723_163233(0),0.890625,0.2882882882882883,0.0243055555555555,0.0315315315315315,0.0545286855482933
001_20200723_163233(0),0.5590277777777778,0.4436936936936937,0.0243055555555555,0.0315315315315315,0.0543907044299201
001_20200723_163233(0),0.5572916666666666,0.4662162162162162,0.0243055555555555,0.0315315315315315,0.0526840958605664
001_20200723_163243(6),0.5659722222222222,0.581081081081081,0.0243055555555555,0.0315315315315315,0.0633841684822077
001_20200723_163243(6),0.5590277777777778,0.3536036036036036,0.0243055555555555,0.0315315315315315,0.055072621641249
001_20200723_203353(2),0.8958333333333334,0.5968468468468469,0.0243055555555555,0.0315315315315315,0.0728315177923021
001_20200723_203353(2),0.5225694444444444,0.5968468468468469,0.0243055555555555,0.0315315315315315,0.0551161946259985
001_20200723_203353(2),0.5642361111111112,0.3761261261261261,0.0243055555555555,0.0315315315315315,0.0518656499636891
001_20200723_203353(2),0.5642361111111112,0.3558558558558558,0.0243055555555555,0.0315315315315315,0.0509491648511256
001_20200723_203357(7),0.8923611111111112,0.5923423423423423,0.0243055555555555,0.0315315315315315,0.0712999273783587
001_20200723_203357(7),0.5225694444444444,0.6126126126126126,0.0243055555555555,0.0315315315315315,0.0603021060275962
001_20200723_203357(7),0.5590277777777778,0.3671171171171171,0.0243055555555555,0.0315315315315315,0.0517080610021786
001_20200727_123118(0),0.5625,0.4256756756756756,0.0243055555555555,0.0315315315315315,0.0636964415395788
001_20200727_123118(0),0.8663194444444444,0.1554054054054054,0.0243055555555555,0.0315315315315315,0.062958605664488
001_20200727_123118(0),0.8940972222222222,0.5608108108108109,0.0243055555555555,0.0315315315315315,0.0589978213507625
001_20200727_123118(0),0.9427083333333334,0.527027027027027,0.0243055555555555,0.0315315315315315,0.053108206245461
001_20200727_123118(0),0.5399305555555556,0.6463963963963963,0.0243055555555555,0.0315315315315315,0.0501387073347857
001_20200727_123121(5),0.5729166666666666,0.4684684684684684,0.0243055555555555,0.0315315315315315,0.0659636891793754
001_20200727_123121(5),0.875,0.7162162162162162,0.0243055555555555,0.0315315315315315,0.064674655047204
001_20200727_123121(5),0.90625,0.3063063063063063,0.0243055555555555,0.0315315315315315,0.0578358750907771
001_20200727_123121(5),0.5173611111111112,0.6599099099099099,0.0243055555555555,0.0315315315315315,0.0518220769789397
001_20200728_083108(2),0.5590277777777778,0.4504504504504504,0.0243055555555555,0.0315315315315315,0.0657363834422657
001_20200728_083108(2),0.8628472222222222,0.1824324324324324,0.0243055555555555,0.0315315315315315,0.0556310820624545
001_20200728_083108(2),0.9357638888888888,0.5608108108108109,0.0243055555555555,0.0315315315315315,0.0531735657225852
001_20200728_083116(1),0.5625,0.4752252252252252,0.0243055555555555,0.0315315315315315,0.0577610748002904
001_20200810_123047(8),0.5607638888888888,0.4549549549549549,0.0243055555555555,0.0315315315315315,0.0613761801016702
001_20200810_123047(8),0.8663194444444444,0.2027027027027027,0.0243055555555555,0.0315315315315315,0.0601706608569352
001_20200810_123047(8),0.5295138888888888,0.6734234234234234,0.0243055555555555,0.0315315315315315,0.0560748002904866
001_20200810_123047(8),0.8819444444444444,0.6013513513513513,0.0243055555555555,0.0315315315315315,0.0500994916485113
001_20200810_123051(3),0.8576388888888888,0.7612612612612613,0.0243055555555555,0.0315315315315315,0.0739259259259259
001_20200810_123051(3),0.5659722222222222,0.5315315315315315,0.0243055555555555,0.0315315315315315,0.0584676833696441
001_20200810_123051(3),0.5104166666666666,0.7094594594594594,0.0243055555555555,0.0315315315315315,0.0574059549745823
001_20200810_123051(3),0.5572916666666666,0.3085585585585585,0.0243055555555555,0.0315315315315315,0.0530167029774873
001_20200810_163112(8),0.5451388888888888,0.5180180180180181,0.0243055555555555,0.0315315315315315,0.054319535221496
001_20200810_163112(8),0.4635416666666667,0.668918918918919,0.0243055555555555,0.0315315315315315,0.0509622367465505
001_20200810_163116(0),0.5590277777777778,0.4572072072072072,0.0243055555555555,0.0315315315315315,0.0679876543209876
001_20200818_163230(6),0.5729166666666666,0.4189189189189189,0.0243055555555555,0.0315315315315315,0.0650668119099491
001_20200818_163230(6),0.8802083333333334,0.6509009009009009,0.0243055555555555,0.0315315315315315,0.0593202614379084
001_20200818_163233(9),0.8923611111111112,0.6306306306306306,0.0243055555555555,0.0315315315315315,0.0703340595497457
001_20200818_163233(9),0.8472222222222222,0.2297297297297297,0.0243055555555555,0.0315315315315315,0.0666463326071169
001_20200818_163233(9),0.546875,0.5022522522522522,0.0243055555555555,0.0315315315315315,0.054031227305737
001_20200818_203601(4),0.875,0.6599099099099099,0.0243055555555555,0.0315315315315315,0.0668932461873639
001_20200818_203601(4),0.5677083333333334,0.4234234234234234,0.0243055555555555,0.0315315315315315,0.0606913580246913
001_20200818_203601(4),0.8958333333333334,0.2432432432432432,0.0243055555555555,0.0315315315315315,0.0527690631808278
001_20200818_203607(4),0.5590277777777778,0.4279279279279279,0.0243055555555555,0.0315315315315315,0.0647007988380537
001_20200818_203607(4),0.8506944444444444,0.7027027027027027,0.0243055555555555,0.0315315315315315,0.0576419753086419
001_20200818_203607(4),0.8958333333333334,0.2905405405405405,0.0243055555555555,0.0315315315315315,0.0500232389251996
001_20200819_043209(9),0.8871527777777778,0.6306306306306306,0.0243055555555555,0.0315315315315315,0.0617196804647785
001_20200819_043209(9),0.5625,0.4076576576576576,0.0243055555555555,0.0315315315315315,0.0543848946986201
001_20200819_043209(9),0.8888888888888888,0.2252252252252252,0.0243055555555555,0.0315315315315315,0.0530152505446622
001_20200819_043209(9),0.5642361111111112,0.3851351351351351,0.0243055555555555,0.0315315315315315,0.0501822803195352
001_20200819_043216(0),0.5868055555555556,0.3468468468468468,0.0243055555555555,0.0315315315315315,0.0517741466957153
001_20200819_043216(0),0.5815972222222222,0.3603603603603603,0.0243055555555555,0.0315315315315315,0.0508031953522149
001_20200819_043216(0),0.4774305555555556,0.509009009009009,0.0243055555555555,0.0315315315315315,0.0507777777777777
001_20200819_043216(0),0.9184027777777778,0.4774774774774775,0.0243055555555555,0.0315315315315315,0.0500029048656499
001_20200819_124414(0),0.5625,0.3941441441441441,0.0243055555555555,0.0315315315315315,0.0704531590413943
001_20200819_124414(0),0.8784722222222222,0.5990990990990991,0.0243055555555555,0.0315315315315315,0.0580225127087872
001_20200819_124414(0),0.53125,0.6193693693693694,0.0243055555555555,0.0315315315315315,0.0576397966594044
001_20200819_124414(0),0.8854166666666666,0.1891891891891892,0.0243055555555555,0.0315315315315315,0.0547480029048656
001_20200819_124415(9),0.8715277777777778,0.5720720720720721,0.0243055555555555,0.0315315315315315,0.0625395787944806
001_20200819_124415(9),0.5381944444444444,0.3851351351351351,0.0243055555555555,0.0315315315315315,0.0562302106027596
001_20200819_124415(9),0.5364583333333334,0.3626126126126126,0.0243055555555555,0.0315315315315315,0.0528547567175018
001_20200831_123316(5),0.5451388888888888,0.5563063063063063,0.0243055555555555,0.0315315315315315,0.0731946259985475
001_20200831_123316(5),0.5069444444444444,0.304054054054054,0.0243055555555555,0.0315315315315315,0.0564146695715322
001_20200831_123316(5),0.5069444444444444,0.2815315315315315,0.0243055555555555,0.0315315315315315,0.0553042846768336
001_20200831_123316(5),0.5138888888888888,0.4166666666666667,0.0243055555555555,0.0315315315315315,0.0539673202614378
001_20200831_123316(5),0.8385416666666666,0.2387387387387387,0.0243055555555555,0.0315315315315315,0.0526078431372548
001_20200831_123324(1),0.9027777777777778,0.5563063063063063,0.0243055555555555,0.0315315315315315,0.0624618736383442
001_20200831_123324(1),0.9149305555555556,0.1981981981981982,0.0138888888888888,0.018018018018018,0.0595164609053498
001_20200831_123324(1),0.8489583333333334,0.3400900900900901,0.0243055555555555,0.0315315315315315,0.0557835875090777
001_20200831_123324(1),0.9131944444444444,0.1869369369369369,0.0104166666666666,0.0135135135135135,0.0546658663465385
001_20200831_123324(1),0.5104166666666666,0.2162162162162162,0.0243055555555555,0.0315315315315315,0.0546165577342047
001_20200831_123324(1),0.5486111111111112,0.6036036036036037,0.0243055555555555,0.0315315315315315,0.0544262890341321
001_20200831_123324(1),0.515625,0.581081081081081,0.0243055555555555,0.0315315315315315,0.053072621641249
001_20200831_123324(1),0.8489583333333334,0.3130630630630631,0.0243055555555555,0.0315315315315315,0.0522258533042847
001_20200831_123324(1),0.6059027777777778,0.6036036036036037,0.0243055555555555,0.0315315315315315,0.0514124909222947
001_20200901_003429(1),0.8732638888888888,0.6418918918918919,0.0243055555555555,0.0315315315315315,0.073473493100944
001_20200901_003429(1),0.5121527777777778,0.6148648648648649,0.0243055555555555,0.0315315315315315,0.0652984749455337
001_20200901_003429(1),0.8298611111111112,0.3963963963963964,0.0243055555555555,0.0315315315315315,0.061721859114016
001_20200901_003429(1),0.4965277777777778,0.4954954954954955,0.0243055555555555,0.0315315315315315,0.0569963689179375
001_20200901_003429(1),0.5,0.3445945945945945,0.0243055555555555,0.0315315315315315,0.0563485838779957
001_20200901_003433(7),0.53125,0.6171171171171171,0.0243055555555555,0.0315315315315315,0.0743805374001451
001_20200901_003433(7),0.8923611111111112,0.6171171171171171,0.0243055555555555,0.0315315315315315,0.0702178649237472
001_20200901_003433(7),0.5086805555555556,0.4707207207207207,0.0243055555555555,0.0315315315315315,0.0573725490196078
001_20200901_003433(7),0.8402777777777778,0.3761261261261261,0.0243055555555555,0.0315315315315315,0.0572338416848221
001_20200901_003433(7),0.5104166666666666,0.3378378378378378,0.0243055555555555,0.0315315315315315,0.0564509803921569
001_20200901_003438(1),0.8975694444444444,0.6261261261261262,0.0243055555555555,0.0315315315315315,0.0733500363108206
001_20200901_003438(1),0.5381944444444444,0.6283783783783784,0.0243055555555555,0.0315315315315315,0.0720653594771241
001_20200901_003438(1),0.8472222222222222,0.3828828828828828,0.0243055555555555,0.0315315315315315,0.0626492374727668
001_20200901_003438(1),0.5173611111111112,0.5,0.0243055555555555,0.0315315315315315,0.0587044299201162
001_20200901_003438(1),0.5173611111111112,0.3490990990990991,0.0243055555555555,0.0315315315315315,0.0567872185911401
001_20200901_003438(1),0.515625,0.4707207207207207,0.0243055555555555,0.0315315315315315,0.0543747276688452
001_20200901_003438(1),0.515625,0.3806306306306306,0.0243055555555555,0.0315315315315315,0.0538838053740014
001_20200901_003442(7),0.8940972222222222,0.6261261261261262,0.0243055555555555,0.0315315315315315,0.0767472766884531
001_20200901_003442(7),0.5347222222222222,0.6148648648648649,0.0243055555555555,0.0315315315315315,0.0691873638344226
001_20200901_003442(7),0.5138888888888888,0.4864864864864865,0.0243055555555555,0.0315315315315315,0.0586949891067538
001_20200901_003442(7),0.8454861111111112,0.3828828828828828,0.0243055555555555,0.0315315315315315,0.0583064633260711
001_20200901_003442(7),0.5121527777777778,0.4639639639639639,0.0243055555555555,0.0315315315315315,0.0553173565722584
001_20200901_003442(7),0.515625,0.3400900900900901,0.0243055555555555,0.0315315315315315,0.0507937545388525
001_20200901_003447(1),0.8802083333333334,0.6306306306306306,0.0243055555555555,0.0315315315315315,0.0756935366739288
001_20200901_003447(1),0.5225694444444444,0.6193693693693694,0.0243055555555555,0.0315315315315315,0.0658053740014523
001_20200901_003447(1),0.8315972222222222,0.3873873873873873,0.0243055555555555,0.0315315315315315,0.0622287581699346
001_20200901_003447(1),0.5017361111111112,0.4932432432432432,0.0243055555555555,0.0315315315315315,0.0580944081336237
001_20200901_003447(1),0.5,0.4729729729729729,0.0243055555555555,0.0315315315315315,0.0570849673202613
001_20200901_003447(1),0.5034722222222222,0.3468468468468468,0.0243055555555555,0.0315315315315315,0.056516339869281
001_20200901_003447(1),0.9027777777777778,0.2364864864864864,0.0243055555555555,0.0315315315315315,0.0529731299927377
001_20200901_003451(7),0.8888888888888888,0.6126126126126126,0.0243055555555555,0.0315315315315315,0.0749077705156136
001_20200901_003451(7),0.53125,0.6148648648648649,0.0243055555555555,0.0315315315315315,0.0652650689905591
001_20200901_003451(7),0.8368055555555556,0.3716216216216216,0.0243055555555555,0.0315315315315315,0.0629665940450254
001_20200901_003451(7),0.5052083333333334,0.4684684684684684,0.0243055555555555,0.0315315315315315,0.0585715323166304
001_20200901_003451(7),0.9027777777777778,0.2117117117117117,0.0243055555555555,0.0315315315315315,0.0585541031227305
001_20200901_003451(7),0.5069444444444444,0.3400900900900901,0.0243055555555555,0.0315315315315315,0.0547814088598402
001_20200901_043410(8),0.5434027777777778,0.6351351351351351,0.0243055555555555,0.0315315315315315,0.070275236020334
001_20200901_043410(8),0.90625,0.5788288288288288,0.0243055555555555,0.0315315315315315,0.0621190994916485
001_20200901_043410(8),0.8420138888888888,0.3423423423423423,0.0243055555555555,0.0315315315315315,0.0577697893972404
001_20200901_043410(8),0.5104166666666666,0.3558558558558558,0.0243055555555555,0.0315315315315315,0.0571103848946986
001_20200901_043410(8),0.515625,0.5022522522522522,0.0243055555555555,0.0315315315315315,0.0543413217138707
001_20200901_043410(8),0.5086805555555556,0.3783783783783784,0.0243055555555555,0.0315315315315315,0.0537233115468409
001_20200901_043415(3),0.8871527777777778,0.6509009009009009,0.0243055555555555,0.0315315315315315,0.0772490922294843
001_20200901_043415(3),0.5260416666666666,0.6328828828828829,0.0243055555555555,0.0315315315315315,0.0693863471314451
001_20200901_043415(3),0.8402777777777778,0.4144144144144144,0.0243055555555555,0.0315315315315315,0.062432098765432
001_20200901_043415(3),0.5069444444444444,0.4977477477477477,0.0243055555555555,0.0315315315315315,0.0612650689905592
001_20200901_043415(3),0.5138888888888888,0.3445945945945945,0.0243055555555555,0.0315315315315315,0.0583834422657952
001_20200901_043415(3),0.5086805555555556,0.3783783783783784,0.0243055555555555,0.0315315315315315,0.0535846042120552
001_20200901_043415(3),0.5069444444444444,0.4504504504504504,0.0243055555555555,0.0315315315315315,0.0501532316630354
001_20200901_043419(9),0.8871527777777778,0.6328828828828829,0.0243055555555555,0.0315315315315315,0.0797995642701525
001_20200901_043419(9),0.5260416666666666,0.6171171171171171,0.0243055555555555,0.0315315315315315,0.0677647058823529
001_20200901_043419(9),0.8402777777777778,0.3896396396396396,0.0243055555555555,0.0315315315315315,0.0636681190994916
001_20200901_043419(9),0.5121527777777778,0.3310810810810811,0.0243055555555555,0.0315315315315315,0.0596042120551924
001_20200901_043419(9),0.5069444444444444,0.4909909909909909,0.0243055555555555,0.0315315315315315,0.0551815541031227
001_20200901_043419(9),0.5052083333333334,0.4662162162162162,0.0243055555555555,0.0315315315315315,0.0547276688453158
001_20200901_043419(9),0.8576388888888888,0.6396396396396397,0.0243055555555555,0.0315315315315315,0.0543347857661583
001_20200901_043419(9),0.9097222222222222,0.240990990990991,0.0243055555555555,0.0315315315315315,0.0525163398692811
001_20200901_043419(9),0.5069444444444444,0.4301801801801801,0.0243055555555555,0.0315315315315315,0.0504488017429193
001_20200901_043424(4),0.8888888888888888,0.6351351351351351,0.0243055555555555,0.0315315315315315,0.0747196804647784
001_20200901_043424(4),0.5277777777777778,0.6216216216216216,0.0243055555555555,0.0315315315315315,0.071844589687727
001_20200901_043424(4),0.8385416666666666,0.3941441441441441,0.0243055555555555,0.0315315315315315,0.0714052287581699
001_20200901_043424(4),0.9079861111111112,0.240990990990991,0.0243055555555555,0.0315315315315315,0.0582302106027596
001_20200901_043424(4),0.5121527777777778,0.3423423423423423,0.0243055555555555,0.0315315315315315,0.0568946986201888
001_20200901_043424(4),0.5069444444444444,0.4887387387387387,0.0243055555555555,0.0315315315315315,0.0564473493100943
001_20200901_043424(4),0.5086805555555556,0.4481981981981981,0.0243055555555555,0.0315315315315315,0.053032679738562
001_20200901_043428(8),0.9010416666666666,0.6328828828828829,0.0243055555555555,0.0315315315315315,0.0751902687000725
001_20200901_043428(8),0.5399305555555556,0.6283783783783784,0.0243055555555555,0.0315315315315315,0.0694466230936819
001_20200901_043428(8),0.9166666666666666,0.2342342342342342,0.0243055555555555,0.0315315315315315,0.0628068264342774
001_20200901_043428(8),0.8489583333333334,0.3963963963963964,0.0243055555555555,0.0315315315315315,0.0625824255628177
001_20200901_043428(8),0.5208333333333334,0.3536036036036036,0.0243055555555555,0.0315315315315315,0.0591764705882353
001_20200901_043428(8),0.5173611111111112,0.4954954954954955,0.0243055555555555,0.0315315315315315,0.0587334785766158
001_20200901_043428(8),0.5173611111111112,0.4459459459459459,0.0243055555555555,0.0315315315315315,0.050593318809005
001_20200901_043433(3),0.8888888888888888,0.6373873873873874,0.0243055555555555,0.0315315315315315,0.0731074800290486
001_20200901_043433(3),0.5295138888888888,0.6328828828828829,0.0243055555555555,0.0315315315315315,0.0683500363108206
001_20200901_043433(3),0.5069444444444444,0.5,0.0243055555555555,0.0315315315315315,0.0603790849673201
001_20200901_043433(3),0.5086805555555556,0.3761261261261261,0.0243055555555555,0.0315315315315315,0.0589883805374002
001_20200901_043433(3),0.5104166666666666,0.3513513513513513,0.0243055555555555,0.0315315315315315,0.0569244734931009
001_20200901_043433(3),0.90625,0.2387387387387387,0.0243055555555555,0.0315315315315315,0.056838779956427
001_20200901_043433(3),0.8385416666666666,0.4009009009009009,0.0243055555555555,0.0315315315315315,0.0502621641249092
001_20200901_043433(3),0.5069444444444444,0.4662162162162162,0.0243055555555555,0.0315315315315315,0.0501699346405228
001_20200907_185040(2),0.5121527777777778,0.295045045045045,0.0243055555555555,0.0315315315315315,0.058074074074074
001_20200907_185040(2),0.9045138888888888,0.6373873873873874,0.0208333333333333,0.027027027027027,0.055958734578644
001_20200907_185040(2),0.5208333333333334,0.6599099099099099,0.0243055555555555,0.0315315315315315,0.0504095860566448
001_20200907_185043(2),0.84375,0.5720720720720721,0.0243055555555555,0.0315315315315315,0.0624059549745824
001_20200907_185043(2),0.5260416666666666,0.3130630630630631,0.0243055555555555,0.0315315315315315,0.0597276688453159
001_20200907_185043(2),0.4930555555555556,0.6756756756756757,0.0243055555555555,0.0315315315315315,0.0545541031227306
001_20200907_185043(2),0.8923611111111112,0.7432432432432432,0.0243055555555555,0.0315315315315315,0.0531597676107479
001_20200907_185046(1),0.8298611111111112,0.7882882882882883,0.0243055555555555,0.0315315315315315,0.0571822803195352
001_20200907_185046(1),0.4913194444444444,0.3918918918918919,0.0243055555555555,0.0315315315315315,0.0540631808278867
001_20200907_185046(1),0.4982638888888889,0.3648648648648648,0.0243055555555555,0.0315315315315315,0.0530203340595496
001_20200907_185046(1),0.828125,0.5855855855855856,0.0243055555555555,0.0315315315315315,0.050193899782135
001_20200907_185049(1),0.8871527777777778,0.722972972972973,0.0243055555555555,0.0315315315315315,0.0575867828612926
001_20200907_185049(1),0.8385416666666666,0.5315315315315315,0.0243055555555555,0.0315315315315315,0.0566339869281046
001_20200907_185049(1),0.515625,0.3085585585585585,0.0243055555555555,0.0315315315315315,0.0564153957879448
001_20200907_185049(1),0.8402777777777778,0.5112612612612613,0.0243055555555555,0.0315315315315315,0.0507850399419027
001_20200907_185052(1),0.484375,0.3265765765765765,0.0243055555555555,0.0315315315315315,0.0541379811183733
001_20200907_185052(1),0.5017361111111112,0.5945945945945946,0.0243055555555555,0.0315315315315315,0.0515715323166304
001_20200907_185052(1),0.8298611111111112,0.3490990990990991,0.0243055555555555,0.0315315315315315,0.0506659404502541
001_20200907_185055(2),0.84375,0.5202702702702703,0.0243055555555555,0.0315315315315315,0.0662774146695715
001_20200907_185055(2),0.8836805555555556,0.7364864864864865,0.0243055555555555,0.0315315315315315,0.0524328249818446
001_20200908_043328(0),0.8159722222222222,0.3355855855855856,0.0243055555555555,0.0315315315315315,0.0604945533769063
001_20200908_043328(0),0.4930555555555556,0.4729729729729729,0.0243055555555555,0.0315315315315315,0.0600348583877995
001_20200908_043328(0),0.5642361111111112,0.7342342342342343,0.0243055555555555,0.0315315315315315,0.0599586056644879
001_20200908_043328(0),0.8836805555555556,0.2364864864864864,0.0173611111111111,0.0225225225225225,0.0574328078338773
001_20200908_043328(0),0.515625,0.6148648648648649,0.0243055555555555,0.0315315315315315,0.0548874364560638
001_20200908_043328(0),0.4965277777777778,0.5135135135135135,0.0243055555555555,0.0315315315315315,0.0510718954248366
001_20200908_043328(0),0.4826388888888889,0.4324324324324324,0.0104166666666666,0.0135135135135135,0.0506069094304389
001_20200908_043332(2),0.5295138888888888,0.6171171171171171,0.0243055555555555,0.0315315315315315,0.0782084241103848
001_20200908_043332(2),0.8923611111111112,0.5945945945945946,0.0243055555555555,0.0315315315315315,0.0642592592592593
001_20200908_043332(2),0.8350694444444444,0.3355855855855856,0.0243055555555555,0.0315315315315315,0.0599259259259259
001_20200908_043332(2),0.5034722222222222,0.3400900900900901,0.0243055555555555,0.0315315315315315,0.0590900508351489
001_20200908_043332(2),0.5034722222222222,0.4864864864864865,0.0243055555555555,0.0315315315315315,0.0559840232389251
001_20200908_043332(2),0.5034722222222222,0.4414414414414414,0.0243055555555555,0.0315315315315315,0.0502846768336963
001_20200908_043336(7),0.5486111111111112,0.6463963963963963,0.0243055555555555,0.0315315315315315,0.0787029774872912
001_20200908_043336(7),0.9114583333333334,0.5990990990990991,0.0243055555555555,0.0315315315315315,0.0635032679738561
001_20200908_043336(7),0.5208333333333334,0.5112612612612613,0.0243055555555555,0.0315315315315315,0.0613769063180827
001_20200908_043336(7),0.8489583333333334,0.3445945945945945,0.0243055555555555,0.0315315315315315,0.05539941902687
001_20200908_043336(7),0.9149305555555556,0.2229729729729729,0.0243055555555555,0.0315315315315315,0.0503456790123456
001_20200908_043341(4),0.5034722222222222,0.4301801801801801,0.0243055555555555,0.0315315315315315,0.0583159041394336
001_20200908_043341(4),0.5017361111111112,0.4076576576576576,0.0243055555555555,0.0315315315315315,0.0565301379811183
001_20200908_043341(4),0.9166666666666666,0.2432432432432432,0.0243055555555555,0.0315315315315315,0.0558830791575889
001_20200908_043341(4),0.9149305555555556,0.5945945945945946,0.0243055555555555,0.0315315315315315,0.0548700072621641
001_20200908_043341(4),0.5208333333333334,0.2747747747747748,0.0243055555555555,0.0315315315315315,0.0532955700798838
001_20200908_043341(4),0.5329861111111112,0.6306306306306306,0.0243055555555555,0.0315315315315315,0.0531713870733477
001_20200908_043341(4),0.5138888888888888,0.5427927927927928,0.0243055555555555,0.0315315315315315,0.0526644880174292
001_20200908_043341(4),0.5659722222222222,0.6711711711711712,0.0243055555555555,0.0315315315315315,0.0515170660856936
001_20200908_043341(4),0.8576388888888888,0.3603603603603603,0.0243055555555555,0.0315315315315315,0.0506594045025417
001_20200908_043345(8),0.4982638888888889,0.3198198198198198,0.0243055555555555,0.0315315315315315,0.0614916485112562
001_20200908_043345(8),0.8350694444444444,0.4099099099099099,0.0243055555555555,0.0315315315315315,0.0575185185185185
001_20200908_043345(8),0.4809027777777778,0.4617117117117117,0.0243055555555555,0.0315315315315315,0.0563093681917211
001_20200908_043345(8),0.5138888888888888,0.6801801801801802,0.0243055555555555,0.0315315315315315,0.0559150326797386
001_20200908_043345(8),0.4930555555555556,0.5833333333333334,0.0243055555555555,0.0315315315315315,0.0535911401597676
001_20200908_043345(8),0.8958333333333334,0.2815315315315315,0.0243055555555555,0.0315315315315315,0.0523863471314452
001_20200908_043345(8),0.484375,0.4932432432432432,0.0243055555555555,0.0315315315315315,0.0519310094408134
001_20200908_043345(8),0.4878472222222222,0.5202702702702703,0.0243055555555555,0.0315315315315315,0.0508990559186636
001_20200908_043345(8),0.5434027777777778,0.7162162162162162,0.0243055555555555,0.0315315315315315,0.0501481481481482
001_20200908_043350(5),0.9027777777777778,0.6126126126126126,0.0243055555555555,0.0315315315315315,0.0584589687726942
001_20200908_043350(5),0.5451388888888888,0.6509009009009009,0.0243055555555555,0.0315315315315315,0.0564408133623819
001_20200908_043350(5),0.4982638888888889,0.3941441441441441,0.0243055555555555,0.0315315315315315,0.0556100217864923
001_20200908_043350(5),0.5052083333333334,0.5202702702702703,0.0243055555555555,0.0315315315315315,0.0555403050108933
001_20200908_043350(5),0.5208333333333334,0.6126126126126126,0.0243055555555555,0.0315315315315315,0.0539658678286128
001_20200908_043350(5),0.9184027777777778,0.259009009009009,0.0243055555555555,0.0315315315315315,0.0520501089324618
001_20200908_043350(5),0.5017361111111112,0.4369369369369369,0.0243055555555555,0.0315315315315315,0.0510152505446623
001_20200908_043350(5),0.5208333333333334,0.259009009009009,0.0243055555555555,0.0315315315315315,0.0505453885257806
001_20200912_021546(2),0.5329861111111112,0.6779279279279279,0.0243055555555555,0.0315315315315315,0.0761176470588235
001_20200912_021546(2),0.8958333333333334,0.6576576576576577,0.0243055555555555,0.0315315315315315,0.0718206245461147
001_20200912_021546(2),0.8402777777777778,0.4144144144144144,0.0243055555555555,0.0315315315315315,0.0620312273057371
001_20200912_021546(2),0.5069444444444444,0.5518018018018018,0.0243055555555555,0.0315315315315315,0.0583645606390703
001_20200912_021546(2),0.5052083333333334,0.4054054054054054,0.0243055555555555,0.0315315315315315,0.05639360929557
001_20200912_021546(2),0.8506944444444444,0.668918918918919,0.0243055555555555,0.0315315315315315,0.0554161220043572
001_20200912_021546(2),0.8975694444444444,0.2657657657657657,0.0243055555555555,0.0315315315315315,0.0535279593318809
001_20200912_021546(2),0.9253472222222222,0.3130630630630631,0.0173611111111111,0.0225225225225225,0.0510809006798311
001_20200912_021549(3),0.8993055555555556,0.6486486486486487,0.0243055555555555,0.0315315315315315,0.0744168482207698
001_20200912_021549(3),0.5347222222222222,0.6554054054054054,0.0243055555555555,0.0315315315315315,0.0739114015976761
001_20200912_021549(3),0.8472222222222222,0.4031531531531531,0.0243055555555555,0.0315315315315315,0.0578540305010893
001_20200912_021549(3),0.5104166666666666,0.3828828828828828,0.0243055555555555,0.0315315315315315,0.057559186637618
001_20200912_021549(3),0.5086805555555556,0.4211711711711711,0.0243055555555555,0.0315315315315315,0.0521343500363108
001_20200912_021549(3),0.5086805555555556,0.5180180180180181,0.0243055555555555,0.0315315315315315,0.0520392156862745
001_20200912_021549(3),0.90625,0.2567567567567567,0.0243055555555555,0.0315315315315315,0.0517995642701524
001_20200912_021549(3),0.9340277777777778,0.3063063063063063,0.0173611111111111,0.0225225225225225,0.0501597333148136
001_20200912_021552(4),0.4913194444444444,0.5788288288288288,0.0243055555555555,0.0315315315315315,0.0608220769789397
001_20200912_021552(4),0.8090277777777778,0.3941441441441441,0.0243055555555555,0.0315315315315315,0.0582164124909223
001_20200912_021552(4),0.8680555555555556,0.2702702702702703,0.0173611111111111,0.0225225225225225,0.0526844070961717
001_20200912_021552(4),0.9114583333333334,0.5968468468468469,0.0243055555555555,0.0315315315315315,0.0524095860566448
001_20200912_021552(4),0.5208333333333334,0.7027027027027027,0.0243055555555555,0.0315315315315315,0.0506964415395787
001_20200912_021555(0),0.5104166666666666,0.3918918918918919,0.0243055555555555,0.0315315315315315,0.0550537400145243
001_20200912_021555(0),0.8663194444444444,0.4054054054054054,0.0243055555555555,0.0315315315315315,0.0538511256354393
001_20200912_021555(0),0.5381944444444444,0.2567567567567567,0.0243055555555555,0.0315315315315315,0.0533856209150326
001_20200912_021555(0),0.5086805555555556,0.3333333333333333,0.0069444444444444,0.009009009009009,0.0533496732026143
001_20200912_021555(0),0.5104166666666666,0.5067567567567568,0.0243055555555555,0.0315315315315315,0.0533427741466957
001_20200912_021555(0),0.5260416666666666,0.6103603603603603,0.0243055555555555,0.0315315315315315,0.0532265795206972
001_20200912_021555(0),0.9375,0.295045045045045,0.0243055555555555,0.0315315315315315,0.0517436456063906
001_20200912_021555(0),0.90625,0.6486486486486487,0.0243055555555555,0.0315315315315315,0.0511263616557734
001_20200912_021601(0),0.5121527777777778,0.3423423423423423,0.0243055555555555,0.0315315315315315,0.0649448075526506
001_20200912_021601(0),0.8454861111111112,0.4729729729729729,0.0243055555555555,0.0315315315315315,0.0595954974582425
001_20200912_021601(0),0.4913194444444444,0.4752252252252252,0.0243055555555555,0.0315315315315315,0.0586259985475672
001_20200912_021601(0),0.4913194444444444,0.5045045045045045,0.0243055555555555,0.0315315315315315,0.057875816993464
001_20200912_021601(0),0.4965277777777778,0.6081081081081081,0.0243055555555555,0.0315315315315315,0.0567131445170661
001_20200912_021601(0),0.4947916666666667,0.536036036036036,0.0243055555555555,0.0315315315315315,0.052119825708061
001_20200912_021601(0),0.9097222222222222,0.3355855855855856,0.0243055555555555,0.0315315315315315,0.0508002904865649
001_20200912_021604(3),0.5243055555555556,0.3648648648648648,0.0243055555555555,0.0315315315315315,0.0713253449527959
001_20200912_021604(3),0.4982638888888889,0.6216216216216216,0.0243055555555555,0.0315315315315315,0.0567305737109658
001_20200912_021604(3),0.4982638888888889,0.4977477477477477,0.0243055555555555,0.0315315315315315,0.055472040668119
001_20200912_021604(3),0.4965277777777778,0.5225225225225225,0.0243055555555555,0.0315315315315315,0.0551692084241103
001_20200912_021604(3),0.8524305555555556,0.5180180180180181,0.0243055555555555,0.0315315315315315,0.0517240377632534
001_20200914_203322(0),0.5416666666666666,0.6126126126126126,0.0243055555555555,0.0315315315315315,0.0758474945533768
001_20200914_203322(0),0.9027777777777778,0.5968468468468469,0.0243055555555555,0.0315315315315315,0.0672650689905592
001_20200914_203322(0),0.515625,0.3378378378378378,0.0243055555555555,0.0315315315315315,0.0581423384168482
001_20200914_203322(0),0.515625,0.4864864864864865,0.0243055555555555,0.0315315315315315,0.0572643427741466
001_20200914_203322(0),0.8489583333333334,0.3490990990990991,0.0243055555555555,0.0315315315315315,0.0563914306463325
001_20200914_203322(0),0.8784722222222222,0.6058558558558559,0.0243055555555555,0.0315315315315315,0.050362381989833
001_20200914_203326(4),0.5364583333333334,0.6081081081081081,0.0243055555555555,0.0315315315315315,0.073628903413217
001_20200914_203326(4),0.8975694444444444,0.6103603603603603,0.0243055555555555,0.0315315315315315,0.0679382716049382
001_20200914_203326(4),0.8454861111111112,0.3581081081081081,0.0243055555555555,0.0315315315315315,0.0627247639796659
001_20200914_203326(4),0.515625,0.3355855855855856,0.0243055555555555,0.0315315315315315,0.0569709513435003
001_20200914_203326(4),0.5138888888888888,0.4842342342342342,0.0243055555555555,0.0315315315315315,0.0569266521423384
001_20200914_203326(4),0.5868055555555556,0.6193693693693694,0.0243055555555555,0.0315315315315315,0.0518612926652141
001_20200914_203330(8),0.8732638888888888,0.6373873873873874,0.0243055555555555,0.0315315315315315,0.0714858387799564
001_20200914_203330(8),0.5121527777777778,0.5923423423423423,0.0243055555555555,0.0315315315315315,0.0712854030501089
001_20200914_203330(8),0.8333333333333334,0.3828828828828828,0.0243055555555555,0.0315315315315315,0.0637407407407407
001_20200914_203330(8),0.5034722222222222,0.3288288288288288,0.0243055555555555,0.0315315315315315,0.0567966594045025
001_20200914_203330(8),0.4947916666666667,0.4594594594594595,0.0243055555555555,0.0315315315315315,0.0557755991285403
001_20200914_203330(8),0.5069444444444444,0.3085585585585585,0.0243055555555555,0.0315315315315315,0.0555787944807552
001_20200914_203330(8),0.7899305555555556,0.6396396396396397,0.0243055555555555,0.0315315315315315,0.0503217138707335
001_20200914_203335(4),0.5399305555555556,0.5855855855855856,0.0243055555555555,0.0315315315315315,0.0703391430646332
001_20200914_203335(4),0.9027777777777778,0.5720720720720721,0.0243055555555555,0.0315315315315315,0.0583442265795206
001_20200914_203335(4),0.5173611111111112,0.3085585585585585,0.0243055555555555,0.0315315315315315,0.0583275236020334
001_20200914_203335(4),0.515625,0.4504504504504504,0.0243055555555555,0.0315315315315315,0.0577995642701524
001_20200914_203335(4),0.8489583333333334,0.3198198198198198,0.0243055555555555,0.0315315315315315,0.0548351488743645
001_20200914_203335(4),0.5138888888888888,0.3333333333333333,0.0243055555555555,0.0315315315315315,0.0524756717501815
001_20200914_203335(4),0.9340277777777778,0.2319819819819819,0.0173611111111111,0.0225225225225225,0.0522248844441358
001_20200914_203340(0),0.5190972222222222,0.6081081081081081,0.0243055555555555,0.0315315315315315,0.0734763979665939
001_20200914_203340(0),0.8819444444444444,0.6238738738738738,0.0243055555555555,0.0315315315315315,0.0712345679012346
001_20200914_203340(0),0.8333333333333334,0.3716216216216216,0.0243055555555555,0.0315315315315315,0.0616078431372548
001_20200914_203340(0),0.5052083333333334,0.3310810810810811,0.0243055555555555,0.0315315315315315,0.0577574437182281
001_20200914_203340(0),0.5,0.4234234234234234,0.0243055555555555,0.0315315315315315,0.0512331154684095
001_20200914_203340(0),0.5815972222222222,0.6216216216216216,0.0243055555555555,0.0315315315315315,0.0510036310820624
001_20200914_203344(4),0.5225694444444444,0.5900900900900901,0.0243055555555555,0.0315315315315315,0.0698598402323892
001_20200914_203344(4),0.8854166666666666,0.6058558558558559,0.0243055555555555,0.0315315315315315,0.0657102396514161
001_20200914_203344(4),0.8385416666666666,0.3513513513513513,0.0243055555555555,0.0315315315315315,0.0578663761801017
001_20200914_203344(4),0.5086805555555556,0.3130630630630631,0.0243055555555555,0.0315315315315315,0.0566572258533043
001_20200914_203344(4),0.8454861111111112,0.6126126126126126,0.0243055555555555,0.0315315315315315,0.0565708061002178
001_20200914_203344(4),0.5017361111111112,0.4572072072072072,0.0243055555555555,0.0315315315315315,0.0548656499636891
001_20200915_123359(7),0.8958333333333334,0.6396396396396397,0.0243055555555555,0.0315315315315315,0.0693965141612199
001_20200915_123359(7),0.5381944444444444,0.6891891891891891,0.0243055555555555,0.0315315315315315,0.0650072621641249
001_20200915_123359(7),0.8333333333333334,0.3941441441441441,0.0243055555555555,0.0315315315315315,0.0647741466957153
001_20200915_123359(7),0.9149305555555556,0.2927927927927928,0.0173611111111111,0.0225225225225225,0.0642725960907778
001_20200915_123359(7),0.5017361111111112,0.4144144144144144,0.0243055555555555,0.0315315315315315,0.056078431372549
001_20200915_123359(7),0.5052083333333334,0.5540540540540541,0.0243055555555555,0.0315315315315315,0.0544865649963689
001_20200915_123359(7),0.9114583333333334,0.277027027027027,0.0173611111111111,0.0225225225225225,0.0535505937912355
001_20200915_123359(7),0.5,0.4504504504504504,0.0243055555555555,0.0315315315315315,0.0518867102396514
001_20200915_123404(4),0.5451388888888888,0.6734234234234234,0.0243055555555555,0.0315315315315315,0.072084241103849
001_20200915_123404(4),0.8263888888888888,0.3378378378378378,0.0243055555555555,0.0315315315315315,0.0627429193899782
001_20200915_123404(4),0.9027777777777778,0.2342342342342342,0.0173611111111111,0.0225225225225225,0.061856340332276
001_20200915_123404(4),0.9010416666666666,0.5833333333333334,0.0243055555555555,0.0315315315315315,0.0575294117647059
001_20200915_123404(4),0.4947916666666667,0.3986486486486486,0.0243055555555555,0.0315315315315315,0.0568140885984023
001_20200915_123404(4),0.5052083333333334,0.5427927927927928,0.0243055555555555,0.0315315315315315,0.0546543209876543
001_20200915_123404(4),0.8923611111111112,0.2094594594594594,0.0243055555555555,0.0315315315315315,0.0534625998547566
001_20200915_123404(4),0.5034722222222222,0.5022522522522522,0.0243055555555555,0.0315315315315315,0.0516092955700798
001_20200915_123404(4),0.4965277777777778,0.4391891891891892,0.0243055555555555,0.0315315315315315,0.0507995642701525
001_20200915_123409(0),0.5572916666666666,0.6891891891891891,0.0243055555555555,0.0315315315315315,0.0727864923747277
001_20200915_123409(0),0.8333333333333334,0.3445945945945945,0.0243055555555555,0.0315315315315315,0.0688896151053013
001_20200915_123409(0),0.9079861111111112,0.240990990990991,0.0173611111111111,0.0225225225225225,0.0620776134145117
001_20200915_123409(0),0.5034722222222222,0.4211711711711711,0.0243055555555555,0.0315315315315315,0.0618852578068263
001_20200915_123409(0),0.9097222222222222,0.5855855855855856,0.0243055555555555,0.0315315315315315,0.0606216412490922
001_20200915_123409(0),0.515625,0.5608108108108109,0.0243055555555555,0.0315315315315315,0.0572374727668845
001_20200915_123409(0),0.8975694444444444,0.2139639639639639,0.0243055555555555,0.0315315315315315,0.0540697167755991
001_20200915_123413(3),0.8923611111111112,0.5720720720720721,0.0243055555555555,0.0315315315315315,0.0614204793028322
001_20200915_123413(3),0.8420138888888888,0.3333333333333333,0.0243055555555555,0.0315315315315315,0.0606485112563543
001_20200915_123413(3),0.5329861111111112,0.6058558558558559,0.0243055555555555,0.0315315315315315,0.0606180101670297
001_20200915_123413(3),0.4895833333333333,0.3400900900900901,0.0243055555555555,0.0315315315315315,0.0584081336238198
001_20200915_123413(3),0.9097222222222222,0.2162162162162162,0.0243055555555555,0.0315315315315315,0.0553028322440087
001_20200915_123413(3),0.4878472222222222,0.3626126126126126,0.0243055555555555,0.0315315315315315,0.054556281771968
001_20200915_123413(3),0.5086805555555556,0.5720720720720721,0.0243055555555555,0.0315315315315315,0.0523333333333333
001_20200915_123413(3),0.4947916666666667,0.4842342342342342,0.0243055555555555,0.0315315315315315,0.0521452432824981
001_20200915_123417(9),0.5034722222222222,0.3243243243243243,0.0069444444444444,0.009009009009009,0.0620588235294117
001_20200915_123417(9),0.90625,0.6351351351351351,0.0208333333333333,0.027027027027027,0.0620171761998685
001_20200915_123417(9),0.5017361111111112,0.3378378378378378,0.0069444444444444,0.009009009009009,0.0617549019607843
001_20200915_123417(9),0.546875,0.6554054054054054,0.0243055555555555,0.0315315315315315,0.0616913580246914
001_20200915_123417(9),0.5052083333333334,0.4031531531531531,0.0243055555555555,0.0315315315315315,0.0580602759622368
001_20200915_123417(9),0.5086805555555556,0.5225225225225225,0.0243055555555555,0.0315315315315315,0.0562135076252723
001_20200915_123417(9),0.5295138888888888,0.2635135135135135,0.0243055555555555,0.0315315315315315,0.0557443718228031
001_20200915_123417(9),0.5052083333333334,0.3108108108108108,0.0069444444444444,0.009009009009009,0.0542663398692809
001_20200915_123417(9),0.859375,0.4009009009009009,0.0243055555555555,0.0315315315315315,0.0535286855482934
001_20200915_123417(9),0.5069444444444444,0.4391891891891892,0.0243055555555555,0.0315315315315315,0.0521430646332607
001_20200915_123417(9),0.9270833333333334,0.2725225225225225,0.0243055555555555,0.0315315315315315,0.0516855482933914
001_20200915_123417(9),0.5225694444444444,0.6193693693693694,0.0243055555555555,0.0315315315315315,0.0513572984749456
001_20200915_123422(2),0.8784722222222222,0.6441441441441441,0.0243055555555555,0.0315315315315315,0.0626666666666666
001_20200915_123422(2),0.5,0.4189189189189189,0.0243055555555555,0.0315315315315315,0.0591786492374728
001_20200915_123422(2),0.8576388888888888,0.3963963963963964,0.0243055555555555,0.0315315315315315,0.0567022512708787
001_20200915_123422(2),0.5138888888888888,0.2837837837837837,0.0243055555555555,0.0315315315315315,0.0553340595497458
001_20200915_123422(2),0.5017361111111112,0.3873873873873873,0.0243055555555555,0.0315315315315315,0.0553013798111837
001_20200915_123422(2),0.5190972222222222,0.5563063063063063,0.0243055555555555,0.0315315315315315,0.0541394335511982
001_20200915_123422(2),0.5086805555555556,0.3288288288288288,0.0243055555555555,0.0315315315315315,0.0531038489469862
001_20200915_123422(2),0.9427083333333334,0.295045045045045,0.0208333333333333,0.027027027027027,0.0527803157752253
001_20200915_164139(8),0.515625,0.6576576576576577,0.0243055555555555,0.0315315315315315,0.0721822803195353
001_20200915_164139(8),0.8802083333333334,0.6711711711711712,0.0243055555555555,0.0315315315315315,0.0695599128540305
001_20200915_164139(8),0.8333333333333334,0.4256756756756756,0.0243055555555555,0.0315315315315315,0.0601517792302105
001_20200915_164139(8),0.4947916666666667,0.5225225225225225,0.0243055555555555,0.0315315315315315,0.0542999273783587
001_20200915_164139(8),0.921875,0.3310810810810811,0.0173611111111111,0.0225225225225225,0.0535542591692324
001_20200915_164139(8),0.9149305555555556,0.3063063063063063,0.0243055555555555,0.0315315315315315,0.0534974582425563
001_20200915_164139(8),0.4982638888888889,0.3851351351351351,0.0243055555555555,0.0315315315315315,0.0533507625272331
001_20200915_164147(9),0.8975694444444444,0.6734234234234234,0.0243055555555555,0.0315315315315315,0.0648228031953522
001_20200915_164147(9),0.4965277777777778,0.4684684684684684,0.0243055555555555,0.0315315315315315,0.05600290486565
001_20200915_164147(9),0.8333333333333334,0.4436936936936937,0.0243055555555555,0.0315315315315315,0.0545127087872185
001_20200915_164147(9),0.5381944444444444,0.7387387387387387,0.0243055555555555,0.0315315315315315,0.0542919389978213
001_20200915_164147(9),0.4930555555555556,0.4144144144144144,0.0104166666666666,0.0135135135135135,0.0533893557422969
001_20200915_164147(9),0.4930555555555556,0.4279279279279279,0.0104166666666666,0.0135135135135135,0.0528671468587434
001_20200915_164147(9),0.8802083333333334,0.2792792792792792,0.0243055555555555,0.0315315315315315,0.0524037763253448
001_20200915_164147(9),0.5052083333333334,0.6103603603603603,0.0243055555555555,0.0315315315315315,0.0521328976034858
001_20200915_164147(9),0.9114583333333334,0.3288288288288288,0.0173611111111111,0.0225225225225225,0.0517003495613121
001_20200915_164147(9),0.9027777777777778,0.304054054054054,0.0243055555555555,0.0315315315315315,0.0509941902687
001_20200915_164147(9),0.4965277777777778,0.5067567567567568,0.0243055555555555,0.0315315315315315,0.0503834422657951
001_20200915_164151(3),0.8854166666666666,0.722972972972973,0.0243055555555555,0.0315315315315315,0.0669208424110384
001_20200915_164151(3),0.5208333333333334,0.7184684684684685,0.0243055555555555,0.0315315315315315,0.059238198983297
001_20200915_164151(3),0.5017361111111112,0.4391891891891892,0.0243055555555555,0.0315315315315315,0.0561408859840232
001_20200915_164151(3),0.8350694444444444,0.4864864864864865,0.0243055555555555,0.0315315315315315,0.0557298474945534
001_20200915_164151(3),0.4965277777777778,0.5833333333333334,0.0243055555555555,0.0315315315315315,0.0536811909949163
001_20200915_164151(3),0.4982638888888889,0.4662162162162162,0.0243055555555555,0.0315315315315315,0.0527596223674654
001_20200915_164151(3),0.8993055555555556,0.704954954954955,0.0243055555555555,0.0315315315315315,0.0514589687726943
001_20200915_164151(3),0.9236111111111112,0.3783783783783784,0.0173611111111111,0.0225225225225225,0.0510241837781943
001_20200915_164151(3),0.5,0.4009009009009009,0.0104166666666666,0.0135135135135135,0.0503734827264238
001_20200915_164155(7),0.5260416666666666,0.3198198198198198,0.0243055555555555,0.0315315315315315,0.0607821350762526
001_20200915_164155(7),0.5017361111111112,0.6801801801801802,0.0243055555555555,0.0315315315315315,0.0571292665214233
001_20200915_164155(7),0.4913194444444444,0.5855855855855856,0.0243055555555555,0.0315315315315315,0.0544763979665939
001_20200915_164155(7),0.4930555555555556,0.4639639639639639,0.0243055555555555,0.0315315315315315,0.0534045025417574
001_20200915_164155(7),0.4947916666666667,0.4481981981981981,0.0243055555555555,0.0315315315315315,0.0522650689905591
001_20200915_164155(7),0.9027777777777778,0.7207207207207207,0.0243055555555555,0.0315315315315315,0.0510777051561365
001_20200915_164155(7),0.5277777777777778,0.7207207207207207,0.0243055555555555,0.0315315315315315,0.0510152505446623
001_20200915_164155(7),0.8489583333333334,0.5247747747747747,0.0243055555555555,0.0315315315315315,0.0506855482933914
001_20200915_164159(6),0.5225694444444444,0.3378378378378378,0.0243055555555555,0.0315315315315315,0.0667538126361655
001_20200915_164159(6),0.4913194444444444,0.6036036036036037,0.0243055555555555,0.0315315315315315,0.058920116194626
001_20200915_164159(6),0.4930555555555556,0.4684684684684684,0.0243055555555555,0.0315315315315315,0.0578903413217139
001_20200915_164159(6),0.8454861111111112,0.545045045045045,0.0243055555555555,0.0315315315315315,0.0572331154684096
001_20200915_164159(6),0.9045138888888888,0.3310810810810811,0.0243055555555555,0.0315315315315315,0.0556506899055919
001_20200915_164159(6),0.9045138888888888,0.7252252252252253,0.0243055555555555,0.0315315315315315,0.0506615831517792
001_20200915_164159(6),0.4913194444444444,0.5112612612612613,0.0243055555555555,0.0315315315315315,0.0502585330428468
001_20200915_164202(8),0.8923611111111112,0.8063063063063063,0.0243055555555555,0.0315315315315315,0.0612657952069717
001_20200915_164202(8),0.5520833333333334,0.3400900900900901,0.0243055555555555,0.0315315315315315,0.0563398692810456
001_20200915_164202(8),0.8506944444444444,0.6283783783783784,0.0243055555555555,0.0315315315315315,0.0554386347131444
001_20200915_164202(8),0.5086805555555556,0.4639639639639639,0.0243055555555555,0.0315315315315315,0.0536833696441539
001_20200915_164202(8),0.9375,0.4572072072072072,0.0243055555555555,0.0315315315315315,0.0534865649963689
001_20200915_164202(8),0.8541666666666666,0.6036036036036037,0.0243055555555555,0.0315315315315315,0.0517937545388525
001_20200915_164202(8),0.4965277777777778,0.5968468468468469,0.0243055555555555,0.0315315315315315,0.0512694262890341
001_20200915_164202(8),0.5017361111111112,0.6959459459459459,0.0243055555555555,0.0315315315315315,0.0510929557007988
001_20200915_203430(3),0.5329861111111112,0.6306306306306306,0.0243055555555555,0.0315315315315315,0.0586296296296296
001_20200915_203430(3),0.4965277777777778,0.3603603603603603,0.0243055555555555,0.0315315315315315,0.0565395787944807
001_20200915_203430(3),0.8958333333333334,0.6171171171171171,0.0208333333333333,0.027027027027027,0.0557727356228487
001_20200915_203430(3),0.5121527777777778,0.5945945945945946,0.0243055555555555,0.0315315315315315,0.0555250544662308
001_20200915_203430(3),0.4965277777777778,0.3963963963963964,0.0243055555555555,0.0315315315315315,0.0526710239651415
001_20200915_203430(3),0.5190972222222222,0.240990990990991,0.0243055555555555,0.0315315315315315,0.0526448801742919
001_20200915_203430(3),0.4947916666666667,0.4684684684684684,0.0243055555555555,0.0315315315315315,0.0514103122730572
001_20200915_203430(3),0.8506944444444444,0.3851351351351351,0.0243055555555555,0.0315315315315315,0.0508874364560639
001_20200915_203430(3),0.9184027777777778,0.259009009009009,0.0243055555555555,0.0315315315315315,0.0504037763253448
001_20200915_203446(9),0.5052083333333334,0.3333333333333333,0.0243055555555555,0.0315315315315315,0.0661830065359477
001_20200915_203446(9),0.5451388888888888,0.7252252252252253,0.0243055555555555,0.0315315315315315,0.0610551924473493
001_20200915_203446(9),0.5173611111111112,0.6936936936936937,0.0243055555555555,0.0315315315315315,0.0555766158315178
001_20200915_203446(9),0.4895833333333333,0.4639639639639639,0.0243055555555555,0.0315315315315315,0.0555359477124182
001_20200915_203446(9),0.5,0.6531531531531531,0.0069444444444444,0.009009009009009,0.0544281045751633
001_20200915_203446(9),0.8420138888888888,0.4256756756756756,0.0243055555555555,0.0315315315315315,0.0540653594771242
001_20200915_203446(9),0.4982638888888889,0.6013513513513513,0.0243055555555555,0.0315315315315315,0.0527639796659404
001_20200915_203446(9),0.4826388888888889,0.4054054054054054,0.0069444444444444,0.009009009009009,0.0518839869281045
001_20200915_203446(9),0.84375,0.4504504504504504,0.0243055555555555,0.0315315315315315,0.0514291938997821
001_20200915_203446(9),0.8958333333333334,0.6531531531531531,0.0243055555555555,0.0315315315315315,0.0502701525054466
001_20200915_203451(3),0.5260416666666666,0.3400900900900901,0.0243055555555555,0.0315315315315315,0.0659862018881626
001_20200915_203451(3),0.8559027777777778,0.5157657657657657,0.0243055555555555,0.0315315315315315,0.0632977487291212
001_20200915_203451(3),0.5503472222222222,0.7387387387387387,0.0243055555555555,0.0315315315315315,0.0597291212781409
001_20200915_203451(3),0.5017361111111112,0.4707207207207207,0.0243055555555555,0.0315315315315315,0.0531532316630355
001_20200915_203451(3),0.5208333333333334,0.704954954954955,0.0243055555555555,0.0315315315315315,0.0528119099491648
001_20200915_203451(3),0.5850694444444444,0.7342342342342343,0.0243055555555555,0.0315315315315315,0.0519455337690632
001_20200915_203451(3),0.7013888888888888,0.7027027027027027,0.0243055555555555,0.0315315315315315,0.0508206245461147
001_20200915_203451(3),0.4982638888888889,0.4211711711711711,0.0069444444444444,0.009009009009009,0.0503316993464052
001_20200915_203455(9),0.5190972222222222,0.3558558558558558,0.0243055555555555,0.0315315315315315,0.0684320987654321
001_20200915_203455(9),0.5486111111111112,0.7522522522522522,0.0243055555555555,0.0315315315315315,0.0568002904865649
001_20200915_203455(9),0.8541666666666666,0.5202702702702703,0.0243055555555555,0.0315315315315315,0.0546354393609295
001_20200915_203455(9),0.5190972222222222,0.7184684684684685,0.0243055555555555,0.0315315315315315,0.0543384168482208
001_20200915_203455(9),0.7118055555555556,0.7094594594594594,0.0243055555555555,0.0315315315315315,0.0528162672476397
001_20200915_203455(9),0.7708333333333334,0.7117117117117117,0.0243055555555555,0.0315315315315315,0.0520973129992737
001_20200915_203500(5),0.515625,0.3828828828828828,0.0243055555555555,0.0315315315315315,0.0697690631808278
001_20200915_203500(5),0.546875,0.7792792792792793,0.0243055555555555,0.0315315315315315,0.0601938997821351
001_20200915_203500(5),0.4947916666666667,0.5157657657657657,0.0243055555555555,0.0315315315315315,0.0571583151779231
001_20200915_203500(5),0.8958333333333334,0.3378378378378378,0.0243055555555555,0.0315315315315315,0.0553943355119826
001_20200915_203500(5),0.8489583333333334,0.5518018018018018,0.0243055555555555,0.0315315315315315,0.0535395787944807
001_20200915_203500(5),0.9149305555555556,0.3783783783783784,0.0208333333333333,0.027027027027027,0.0519509948949994
001_20200915_203500(5),0.5,0.6531531531531531,0.0243055555555555,0.0315315315315315,0.0516804647785039
001_20200915_203500(5),0.5138888888888888,0.740990990990991,0.0243055555555555,0.0315315315315315,0.0510159767610748
001_20200915_203500(5),0.7083333333333334,0.7297297297297297,0.0243055555555555,0.0315315315315315,0.0503217138707334
001_20200915_203504(9),0.5086805555555556,0.4054054054054054,0.0243055555555555,0.0315315315315315,0.0755809731299927
001_20200915_203504(9),0.5642361111111112,0.795045045045045,0.0243055555555555,0.0315315315315315,0.0592360203340596
001_20200915_203504(9),0.5121527777777778,0.7319819819819819,0.0069444444444444,0.009009009009009,0.0557941176470587
001_20200915_203504(9),0.8489583333333334,0.481981981981982,0.0208333333333333,0.027027027027027,0.0545970385195498
001_20200915_203504(9),0.8489583333333334,0.509009009009009,0.0243055555555555,0.0315315315315315,0.0535032679738562
001_20200915_203504(9),0.4878472222222222,0.4842342342342342,0.0069444444444444,0.009009009009009,0.0518529411764705
001_20200915_203504(9),0.5104166666666666,0.6801801801801802,0.0243055555555555,0.0315315315315315,0.0516434277414669
001_20200915_203504(9),0.4947916666666667,0.5427927927927928,0.0243055555555555,0.0315315315315315,0.0515359477124183
001_20200916_122859(1),0.90625,0.668918918918919,0.0243055555555555,0.0315315315315315,0.0714226579520697
001_20200916_122859(1),0.5086805555555556,0.4504504504504504,0.0243055555555555,0.0315315315315315,0.0588518518518518
001_20200916_122859(1),0.84375,0.4369369369369369,0.0243055555555555,0.0315315315315315,0.0588474945533769
001_20200916_122859(1),0.5052083333333334,0.4031531531531531,0.0104166666666666,0.0135135135135135,0.0573462718420701
001_20200916_122859(1),0.546875,0.7207207207207207,0.0243055555555555,0.0315315315315315,0.0541888162672477
001_20200916_122859(1),0.5138888888888888,0.5900900900900901,0.0243055555555555,0.0315315315315315,0.0532222222222221
001_20200916_122859(1),0.9166666666666666,0.3018018018018018,0.0243055555555555,0.0315315315315315,0.050472040668119
001_20200916_122903(5),0.84375,0.4166666666666667,0.0243055555555555,0.0315315315315315,0.0672178649237473
001_20200916_122903(5),0.9166666666666666,0.6463963963963963,0.0243055555555555,0.0315315315315315,0.0670101670297748
001_20200916_122903(5),0.5121527777777778,0.4639639639639639,0.0243055555555555,0.0315315315315315,0.0610188816267247
001_20200916_122903(5),0.9201388888888888,0.2995495495495495,0.0173611111111111,0.0225225225225225,0.0579959256429845
001_20200916_122903(5),0.5625,0.7342342342342343,0.0243055555555555,0.0315315315315315,0.0562360203340595
001_20200916_122903(5),0.5069444444444444,0.4211711711711711,0.0104166666666666,0.0135135135135135,0.0548419367747098
001_20200916_122903(5),0.5225694444444444,0.6058558558558559,0.0243055555555555,0.0315315315315315,0.0535620915032679
001_20200916_122908(1),0.9201388888888888,0.6216216216216216,0.0243055555555555,0.0315315315315315,0.0643384168482208
001_20200916_122908(1),0.8454861111111112,0.3918918918918919,0.0243055555555555,0.0315315315315315,0.0615272331154684
001_20200916_122908(1),0.5138888888888888,0.4617117117117117,0.0243055555555555,0.0315315315315315,0.0571779230210602
001_20200916_122908(1),0.9184027777777778,0.2725225225225225,0.0173611111111111,0.0225225225225225,0.0568463473543687
001_20200916_122908(1),0.5260416666666666,0.5923423423423423,0.0243055555555555,0.0315315315315315,0.0563413217138707
001_20200916_122908(1),0.5086805555555556,0.4099099099099099,0.0104166666666666,0.0135135135135135,0.0560517540349473
001_20200916_122908(1),0.9097222222222222,0.2522522522522522,0.0243055555555555,0.0315315315315315,0.052511982570806
001_20200916_122908(1),0.5659722222222222,0.7207207207207207,0.0243055555555555,0.0315315315315315,0.0512345679012345
001_20200916_122912(6),0.5503472222222222,0.6734234234234234,0.0243055555555555,0.0315315315315315,0.0579498910675381
001_20200916_122912(6),0.5069444444444444,0.4301801801801801,0.0243055555555555,0.0315315315315315,0.0558271604938271
001_20200916_122912(6),0.5295138888888888,0.2792792792792792,0.0243055555555555,0.0315315315315315,0.0547552650689905
001_20200916_122912(6),0.5104166666666666,0.5382882882882883,0.0243055555555555,0.0315315315315315,0.0542992011619462
001_20200916_122912(6),0.9114583333333334,0.6418918918918919,0.0208333333333333,0.027027027027027,0.0531126725838264
001_20200916_122912(6),0.5277777777777778,0.6396396396396397,0.0243055555555555,0.0315315315315315,0.0529651416122003
001_20200916_122912(6),0.8628472222222222,0.4031531531531531,0.0243055555555555,0.0315315315315315,0.0528830791575889
001_20200916_122917(1),0.5,0.3108108108108108,0.0243055555555555,0.0315315315315315,0.0584814814814815
001_20200916_122917(1),0.5399305555555556,0.7027027027027027,0.0243055555555555,0.0315315315315315,0.0581917211328975
001_20200916_122917(1),0.484375,0.4639639639639639,0.0243055555555555,0.0315315315315315,0.0572883079157589
001_20200916_122917(1),0.484375,0.4391891891891892,0.0243055555555555,0.0315315315315315,0.0562498184458969
001_20200916_122917(1),0.8975694444444444,0.6306306306306306,0.0208333333333333,0.027027027027027,0.0557633087751866
001_20200916_122917(1),0.4930555555555556,0.5765765765765766,0.0243055555555555,0.0315315315315315,0.0542570806100217
001_20200916_122917(1),0.8385416666666666,0.4009009009009009,0.0243055555555555,0.0315315315315315,0.0533108206245461
001_20200916_122917(1),0.5121527777777778,0.668918918918919,0.0243055555555555,0.0315315315315315,0.0509571532316629
001_20200916_122917(1),0.8993055555555556,0.2725225225225225,0.0243055555555555,0.0315315315315315,0.050275236020334
001_20200916_122921(6),0.5052083333333334,0.3018018018018018,0.0243055555555555,0.0315315315315315,0.0606978939724038
001_20200916_122921(6),0.5399305555555556,0.6936936936936937,0.0243055555555555,0.0315315315315315,0.0585846042120551
001_20200916_122921(6),0.8975694444444444,0.6351351351351351,0.0208333333333333,0.027027027027027,0.0584615626329426
001_20200916_122921(6),0.4861111111111111,0.4324324324324324,0.0243055555555555,0.0315315315315315,0.0566485112563543
001_20200916_122921(6),0.4809027777777778,0.3783783783783784,0.0069444444444444,0.009009009009009,0.0550849673202613
001_20200916_122921(6),0.4878472222222222,0.4662162162162162,0.0243055555555555,0.0315315315315315,0.0546506899055919
001_20200916_122921(6),0.4947916666666667,0.5698198198198198,0.0243055555555555,0.0315315315315315,0.0528620188816266
001_20200916_122921(6),0.5121527777777778,0.6599099099099099,0.0243055555555555,0.0315315315315315,0.0525112563543935
001_20200916_122921(6),0.4826388888888889,0.3603603603603603,0.0069444444444444,0.009009009009009,0.0516960784313725
001_20200917_084022(3),0.5451388888888888,0.6756756756756757,0.0243055555555555,0.0315315315315315,0.0773028322440086
001_20200917_084022(3),0.9027777777777778,0.6373873873873874,0.0243055555555555,0.0315315315315315,0.065276688453159
001_20200917_084022(3),0.8420138888888888,0.3941441441441441,0.0243055555555555,0.0315315315315315,0.0619469862018881
001_20200917_084022(3),0.9253472222222222,0.3018018018018018,0.0173611111111111,0.0225225225225225,0.0592440833082544
001_20200917_084022(3),0.5121527777777778,0.3986486486486486,0.0243055555555555,0.0315315315315315,0.0569048656499637
001_20200917_084022(3),0.5104166666666666,0.4279279279279279,0.0243055555555555,0.0315315315315315,0.0525214233841685
001_20200917_084022(3),0.5138888888888888,0.5315315315315315,0.0243055555555555,0.0315315315315315,0.0525076252723311
001_20200917_084022(3),0.9166666666666666,0.2702702702702703,0.0243055555555555,0.0315315315315315,0.052313725490196
001_20200917_084022(3),0.5104166666666666,0.3513513513513513,0.0104166666666666,0.0135135135135135,0.0505849006269173
001_20200917_084025(3),0.5399305555555556,0.7027027027027027,0.0243055555555555,0.0315315315315315,0.0641328976034858
001_20200917_084025(3),0.8506944444444444,0.4662162162162162,0.0243055555555555,0.0315315315315315,0.0606978939724037
001_20200917_084025(3),0.5208333333333334,0.4279279279279279,0.0243055555555555,0.0315315315315315,0.0584981844589687
001_20200917_084025(3),0.9010416666666666,0.704954954954955,0.0243055555555555,0.0315315315315315,0.0578322440087146
001_20200917_084025(3),0.9097222222222222,0.3130630630630631,0.0243055555555555,0.0315315315315315,0.0532774146695715
001_20200917_084025(3),0.5208333333333334,0.3761261261261261,0.0104166666666666,0.0135135135135135,0.0519801253834867
001_20200917_084025(3),0.5173611111111112,0.4639639639639639,0.0243055555555555,0.0315315315315315,0.0519789397240378
001_20200917_084025(3),0.5173611111111112,0.5225225225225225,0.0243055555555555,0.0315315315315315,0.050954248366013
001_20200917_084031(1),0.5,0.4121621621621621,0.0243055555555555,0.0315315315315315,0.0608968772694263
001_20200917_084031(1),0.9027777777777778,0.5968468468468469,0.0243055555555555,0.0315315315315315,0.0588554829339142
001_20200917_084031(1),0.5069444444444444,0.5202702702702703,0.0243055555555555,0.0315315315315315,0.0572984749455337
001_20200917_084031(1),0.8524305555555556,0.3918918918918919,0.0243055555555555,0.0315315315315315,0.0539542483660131
001_20200917_084031(1),0.5190972222222222,0.2567567567567567,0.0243055555555555,0.0315315315315315,0.0534132171387073
001_20200917_084031(1),0.5538194444444444,0.6509009009009009,0.0243055555555555,0.0315315315315315,0.0525047204066811
001_20200917_084031(1),0.5243055555555556,0.6148648648648649,0.0243055555555555,0.0315315315315315,0.0522026143790849
001_20200917_084034(2),0.5034722222222222,0.4369369369369369,0.0243055555555555,0.0315315315315315,0.0665330428467683
001_20200917_084034(2),0.8420138888888888,0.5157657657657657,0.0243055555555555,0.0315315315315315,0.0554604212055192
001_20200917_084034(2),0.4913194444444444,0.5878378378378378,0.0243055555555555,0.0315315315315315,0.053513435003631
001_20200917_084034(2),0.5086805555555556,0.7117117117117117,0.0243055555555555,0.0315315315315315,0.0522563543936092
001_20200917_084034(2),0.4965277777777778,0.6193693693693694,0.0243055555555555,0.0315315315315315,0.0508257080610022
001_20200917_084037(3),0.4982638888888889,0.3288288288288288,0.0243055555555555,0.0315315315315315,0.0654880174291938
001_20200917_084037(3),0.484375,0.4752252252252252,0.0243055555555555,0.0315315315315315,0.0572607116920842
001_20200917_084037(3),0.5555555555555556,0.7207207207207207,0.0243055555555555,0.0315315315315315,0.057122730573711
001_20200917_084037(3),0.8975694444444444,0.6171171171171171,0.0243055555555555,0.0315315315315315,0.0561212781408859
001_20200917_084037(3),0.4965277777777778,0.5900900900900901,0.0243055555555555,0.0315315315315315,0.052193899782135
001_20200917_084037(3),0.8350694444444444,0.3941441441441441,0.0243055555555555,0.0315315315315315,0.0506201888162672
001_20200917_084040(4),0.9010416666666666,0.6531531531531531,0.0243055555555555,0.0315315315315315,0.0601931735657226
001_20200917_084040(4),0.5538194444444444,0.6846846846846847,0.0243055555555555,0.0315315315315315,0.0578010167029774
001_20200917_084040(4),0.5069444444444444,0.5427927927927928,0.0243055555555555,0.0315315315315315,0.0546245461147422
001_20200917_084040(4),0.5034722222222222,0.4279279279279279,0.0243055555555555,0.0315315315315315,0.0533464052287581
001_20200917_084040(4),0.8559027777777778,0.4459459459459459,0.0243055555555555,0.0315315315315315,0.0513602033405954
001_20200917_084040(4),0.5034722222222222,0.3355855855855856,0.0104166666666666,0.0135135135135135,0.0504575163398693
001_20200917_123309(3),0.5017361111111112,0.3671171171171171,0.0243055555555555,0.0315315315315315,0.0566107480029048
001_20200917_123309(3),0.4982638888888889,0.4684684684684684,0.0243055555555555,0.0315315315315315,0.0557523602033406
001_20200917_123309(3),0.4982638888888889,0.4391891891891892,0.0243055555555555,0.0315315315315315,0.0533827160493827
001_20200917_123309(3),0.5052083333333334,0.3333333333333333,0.0243055555555555,0.0315315315315315,0.0533304284676834
001_20200917_123309(3),0.8524305555555556,0.4076576576576576,0.0243055555555555,0.0315315315315315,0.052880174291939
001_20200917_123309(3),0.5243055555555556,0.6058558558558559,0.0243055555555555,0.0315315315315315,0.0519767610748003
001_20200917_123309(3),0.8819444444444444,0.6509009009009009,0.0243055555555555,0.0315315315315315,0.0514960058097312
001_20200917_123309(3),0.5069444444444444,0.5720720720720721,0.0243055555555555,0.0315315315315315,0.0509731299927378
001_20200917_123313(1),0.5208333333333334,0.3626126126126126,0.0243055555555555,0.0315315315315315,0.0644814814814814
001_20200917_123313(1),0.5052083333333334,0.5225225225225225,0.0243055555555555,0.0315315315315315,0.0568511256354394
001_20200917_123313(1),0.8559027777777778,0.4639639639639639,0.0243055555555555,0.0315315315315315,0.0567240377632534
001_20200917_123316(8),0.546875,0.6869369369369369,0.0243055555555555,0.0315315315315315,0.0697465504720406
001_20200917_123316(8),0.8524305555555556,0.4324324324324324,0.0243055555555555,0.0315315315315315,0.0677414669571532
001_20200917_123316(8),0.90625,0.6756756756756757,0.0243055555555555,0.0315315315315315,0.0676129266521423
001_20200917_123316(8),0.5243055555555556,0.4054054054054054,0.0243055555555555,0.0315315315315315,0.0589368191721132
001_20200917_123316(8),0.5208333333333334,0.5292792792792793,0.0243055555555555,0.0315315315315315,0.0540087145969498
001_20200917_123316(8),0.9375,0.3310810810810811,0.0173611111111111,0.0225225225225225,0.0508193084396293
001_20200917_123325(3),0.8385416666666666,0.4594594594594595,0.0243055555555555,0.0315315315315315,0.065081336238199
001_20200917_123325(3),0.9114583333333334,0.6824324324324325,0.0243055555555555,0.0315315315315315,0.0646078431372548
001_20200917_123325(3),0.5086805555555556,0.5112612612612613,0.0243055555555555,0.0315315315315315,0.0568228031953521
001_20200917_123325(3),0.9131944444444444,0.3333333333333333,0.0173611111111111,0.0225225225225225,0.0564506794453318
001_20200917_123325(3),0.5034722222222222,0.4549549549549549,0.0104166666666666,0.0135135135135135,0.055390156062425
001_20200917_123329(1),0.84375,0.4774774774774775,0.0243055555555555,0.0315315315315315,0.0677610748002904
001_20200917_123329(1),0.5329861111111112,0.7027027027027027,0.0243055555555555,0.0315315315315315,0.0666884531590414
001_20200917_123329(1),0.8940972222222222,0.7162162162162162,0.0243055555555555,0.0315315315315315,0.0656594045025417
001_20200917_123329(1),0.515625,0.4279279279279279,0.0243055555555555,0.0315315315315315,0.0558496732026144
001_20200917_123329(1),0.5104166666666666,0.5653153153153153,0.0243055555555555,0.0315315315315315,0.0535170660856935
001_20200917_123329(1),0.9288194444444444,0.3536036036036036,0.0208333333333333,0.027027027027027,0.0511298922922226
001_20200917_123329(1),0.5121527777777778,0.5247747747747747,0.0243055555555555,0.0315315315315315,0.0502912127814088
001_20200917_123329(1),0.5173611111111112,0.3738738738738739,0.0104166666666666,0.0135135135135135,0.0501487261571295
001_20200917_123340(7),0.8940972222222222,0.6936936936936937,0.0243055555555555,0.0315315315315315,0.072753086419753
001_20200917_123340(7),0.5364583333333334,0.6756756756756757,0.0243055555555555,0.0315315315315315,0.0720137981118372
001_20200917_123340(7),0.8472222222222222,0.4527027027027027,0.0243055555555555,0.0315315315315315,0.0570188816267247
001_20200917_123340(7),0.5208333333333334,0.3941441441441441,0.0243055555555555,0.0315315315315315,0.0558867102396513
001_20200917_123340(7),0.5138888888888888,0.536036036036036,0.0243055555555555,0.0315315315315315,0.0521909949164851
001_20200917_123340(7),0.5208333333333334,0.3513513513513513,0.0104166666666666,0.0135135135135135,0.0521175136721355
001_20200917_123340(7),0.9305555555555556,0.3310810810810811,0.0243055555555555,0.0315315315315315,0.0506129266521423
001_20200921_123501(8),0.8975694444444444,0.6171171171171171,0.0243055555555555,0.0315315315315315,0.0713674655047205
001_20200921_123501(8),0.8472222222222222,0.3603603603603603,0.0243055555555555,0.0315315315315315,0.0610893246187364
001_20200921_123501(8),0.5173611111111112,0.4954954954954955,0.0243055555555555,0.0315315315315315,0.0609360929557008
001_20200921_123501(8),0.5555555555555556,0.6351351351351351,0.0243055555555555,0.0315315315315315,0.0606535947712418
001_20200921_123501(8),0.9322916666666666,0.2702702702702703,0.0173611111111111,0.0225225225225225,0.05469592795796
001_20200921_123501(8),0.5138888888888888,0.3153153153153153,0.0104166666666666,0.0135135135135135,0.0530665599573162
001_20200921_123506(3),0.8836805555555556,0.6373873873873874,0.0243055555555555,0.0315315315315315,0.0703834422657951
001_20200921_123506(3),0.8697916666666666,0.6509009009009009,0.0069444444444444,0.009009009009009,0.0624885620915032
001_20200921_123506(3),0.8333333333333334,0.3896396396396396,0.0243055555555555,0.0315315315315315,0.0602120551924473
001_20200921_123506(3),0.5399305555555556,0.6463963963963963,0.0243055555555555,0.0315315315315315,0.0581517792302105
001_20200921_123506(3),0.5034722222222222,0.3153153153153153,0.0104166666666666,0.0135135135135135,0.0566906762705081
001_20200921_123506(3),0.5034722222222222,0.3648648648648648,0.0243055555555555,0.0315315315315315,0.0566746550472041
001_20200921_123506(3),0.5017361111111112,0.5,0.0243055555555555,0.0315315315315315,0.0566354393609295
001_20200921_123506(3),0.5052083333333334,0.3085585585585585,0.0104166666666666,0.0135135135135135,0.0533786848072562
001_20200921_123506(3),0.5017361111111112,0.3941441441441441,0.0243055555555555,0.0315315315315315,0.0530479302832244
001_20200921_123506(3),0.5017361111111112,0.322072072072072,0.0104166666666666,0.0135135135135135,0.0511191143123916
001_20200921_123506(3),0.5017361111111112,0.4572072072072072,0.0243055555555555,0.0315315315315315,0.0510050835148873
001_20200921_123510(8),0.8854166666666666,0.6238738738738738,0.0243055555555555,0.0315315315315315,0.079272331154684
001_20200921_123510(8),0.5399305555555556,0.6441441441441441,0.0243055555555555,0.0315315315315315,0.0626506899055917
001_20200921_123510(8),0.8333333333333334,0.3783783783783784,0.0243055555555555,0.0315315315315315,0.0583790849673202
001_20200921_123510(8),0.9184027777777778,0.277027027027027,0.0173611111111111,0.0225225225225225,0.0575825095878572
001_20200921_123510(8),0.5017361111111112,0.3603603603603603,0.0243055555555555,0.0315315315315315,0.0572955700798838
001_20200921_123510(8),0.5,0.4954954954954955,0.0243055555555555,0.0315315315315315,0.0568641975308642
001_20200921_123510(8),0.5,0.3153153153153153,0.0104166666666666,0.0135135135135135,0.0562264905962384
001_20200921_123510(8),0.5,0.3963963963963964,0.0243055555555555,0.0315315315315315,0.0516216412490922
001_20200921_123515(3),0.8958333333333334,0.6261261261261262,0.0243055555555555,0.0315315315315315,0.0750566448801743
001_20200921_123515(3),0.515625,0.4977477477477477,0.0243055555555555,0.0315315315315315,0.0618169934640522
001_20200921_123515(3),0.515625,0.3063063063063063,0.0104166666666666,0.0135135135135135,0.0597145524876617
001_20200921_123515(3),0.5520833333333334,0.6396396396396397,0.0243055555555555,0.0315315315315315,0.059483660130719
001_20200921_123515(3),0.8454861111111112,0.3806306306306306,0.0243055555555555,0.0315315315315315,0.0588206245461147
001_20200921_123515(3),0.5173611111111112,0.3513513513513513,0.0243055555555555,0.0315315315315315,0.0583260711692084
001_20200921_123515(3),0.9305555555555556,0.2725225225225225,0.0173611111111111,0.0225225225225225,0.0524324605875408
001_20200921_123515(3),0.5138888888888888,0.3941441441441441,0.0243055555555555,0.0315315315315315,0.0508278867102396
001_20200921_123524(3),0.8836805555555556,0.6351351351351351,0.0243055555555555,0.0315315315315315,0.0663899782135076
001_20200921_123524(3),0.8350694444444444,0.3896396396396396,0.0243055555555555,0.0315315315315315,0.0609600580973129
001_20200921_123524(3),0.5381944444444444,0.6396396396396397,0.0243055555555555,0.0315315315315315,0.0601612200435729
001_20200921_123524(3),0.5017361111111112,0.4909909909909909,0.0243055555555555,0.0315315315315315,0.058359477124183
001_20200921_123524(3),0.5034722222222222,0.3716216216216216,0.0243055555555555,0.0315315315315315,0.0565214233841685
001_20200921_123524(3),0.5017361111111112,0.4504504504504504,0.0243055555555555,0.0315315315315315,0.0520312273057371
001_20200921_123528(7),0.8923611111111112,0.6216216216216216,0.0243055555555555,0.0315315315315315,0.0714931009440813
001_20200921_123528(7),0.8402777777777778,0.3783783783783784,0.0243055555555555,0.0315315315315315,0.064035584604212
001_20200921_123528(7),0.5138888888888888,0.3423423423423423,0.0243055555555555,0.0315315315315315,0.0621212781408859
001_20200921_123528(7),0.5104166666666666,0.4909909909909909,0.0243055555555555,0.0315315315315315,0.0577719680464778
001_20200921_123528(7),0.5451388888888888,0.6283783783783784,0.0243055555555555,0.0315315315315315,0.0570617283950617
001_20200921_123528(7),0.5104166666666666,0.4436936936936937,0.0243055555555555,0.0315315315315315,0.0534371822803195
001_20200921_202521(5),0.8888888888888888,0.7117117117117117,0.0243055555555555,0.0315315315315315,0.0764284676833696
001_20200921_202521(5),0.5399305555555556,0.6734234234234234,0.0243055555555555,0.0315315315315315,0.0604299201161945
001_20200921_202521(5),0.8506944444444444,0.4662162162162162,0.0243055555555555,0.0315315315315315,0.0582621641249091
001_20200921_202521(5),0.5208333333333334,0.3873873873873873,0.0243055555555555,0.0315315315315315,0.0571663035584604
001_20200921_202521(5),0.9166666666666666,0.3198198198198198,0.0243055555555555,0.0315315315315315,0.056961510530138
001_20200921_202521(5),0.9357638888888888,0.3513513513513513,0.0243055555555555,0.0315315315315315,0.0515867828612927
001_20200921_202521(5),0.609375,0.6824324324324325,0.0243055555555555,0.0315315315315315,0.0515054466230936
001_20200921_202521(5),0.6336805555555556,0.6824324324324325,0.0243055555555555,0.0315315315315315,0.0511358024691358
001_20200921_202526(0),0.8854166666666666,0.2747747747747748,0.0173611111111111,0.0225225225225225,0.0644732273074518
001_20200921_202526(0),0.9045138888888888,0.6171171171171171,0.0243055555555555,0.0315315315315315,0.0626434277414669
001_20200921_202526(0),0.4930555555555556,0.527027027027027,0.0243055555555555,0.0315315315315315,0.0608605664488017
001_20200921_202526(0),0.4913194444444444,0.5045045045045045,0.0243055555555555,0.0315315315315315,0.0600522875816993
001_20200921_202526(0),0.8524305555555556,0.2319819819819819,0.0243055555555555,0.0315315315315315,0.0584872912127814
001_20200921_202526(0),0.8194444444444444,0.3963963963963964,0.0243055555555555,0.0315315315315315,0.0583783587509077
001_20200921_202526(0),0.4826388888888889,0.4639639639639639,0.0104166666666666,0.0135135135135135,0.0557249566493264
001_20200921_202526(0),0.5763888888888888,0.7702702702702703,0.0243055555555555,0.0315315315315315,0.0536158315177923
001_20200921_202526(0),0.4826388888888889,0.4774774774774775,0.0104166666666666,0.0135135135135135,0.0529071628651461
001_20200921_202526(0),0.8819444444444444,0.259009009009009,0.0173611111111111,0.0225225225225225,0.0503916167017771
001_20200921_202526(0),0.8315972222222222,0.4189189189189189,0.0069444444444444,0.009009009009009,0.0502696078431372
001_20200921_202526(0),0.5138888888888888,0.6509009009009009,0.0243055555555555,0.0315315315315315,0.0501474219317356
001_20200921_202530(4),0.8958333333333334,0.6981981981981982,0.0243055555555555,0.0315315315315315,0.0764553376906317
001_20200921_202530(4),0.5486111111111112,0.7162162162162162,0.0243055555555555,0.0315315315315315,0.0641176470588236
001_20200921_202530(4),0.84375,0.4594594594594595,0.0243055555555555,0.0315315315315315,0.0628576615831517
001_20200921_202530(4),0.5086805555555556,0.4414414414414414,0.0243055555555555,0.0315315315315315,0.057397966594045
001_20200921_202530(4),0.9010416666666666,0.304054054054054,0.0243055555555555,0.0315315315315315,0.0569295570079883
001_20200921_202530(4),0.9253472222222222,0.3400900900900901,0.0173611111111111,0.0225225225225225,0.0546974712750113
001_20200921_202530(4),0.5069444444444444,0.3963963963963964,0.0104166666666666,0.0135135135135135,0.0542403628117913
001_20200921_202530(4),0.5069444444444444,0.5675675675675675,0.0243055555555555,0.0315315315315315,0.0507240377632534
001_20200921_202530(4),0.5746527777777778,0.5022522522522522,0.0243055555555555,0.0315315315315315,0.0500835148874364
001_20200921_202534(9),0.5399305555555556,0.3085585585585585,0.0243055555555555,0.0315315315315315,0.0613246187363833
001_20200921_202534(9),0.5052083333333334,0.5653153153153153,0.0243055555555555,0.0315315315315315,0.0604996368917937
001_20200921_202534(9),0.8628472222222222,0.5045045045045045,0.0243055555555555,0.0315315315315315,0.0552694262890341
001_20200921_202534(9),0.5086805555555556,0.4346846846846847,0.0243055555555555,0.0315315315315315,0.0551176470588235
001_20200921_202534(9),0.9392361111111112,0.3513513513513513,0.0173611111111111,0.0225225225225225,0.0524368976240633
001_20200921_202534(9),0.5225694444444444,0.6711711711711712,0.0243055555555555,0.0315315315315315,0.0507044299201162
001_20200921_202539(4),0.5104166666666666,0.3626126126126126,0.0243055555555555,0.0315315315315315,0.0697835875090777
001_20200921_202539(4),0.4930555555555556,0.5,0.0243055555555555,0.0315315315315315,0.0574241103848947
001_20200921_202539(4),0.9114583333333334,0.3085585585585585,0.0173611111111111,0.0225225225225225,0.0558161832226003
001_20200921_202539(4),0.5277777777777778,0.722972972972973,0.0243055555555555,0.0315315315315315,0.0543986928104575
001_20200921_202539(4),0.9114583333333334,0.6756756756756757,0.0208333333333333,0.027027027027027,0.0531026414510577
001_20200921_202539(4),0.5034722222222222,0.6351351351351351,0.0243055555555555,0.0315315315315315,0.0529905591866376
001_20200921_202539(4),0.8506944444444444,0.4504504504504504,0.0243055555555555,0.0315315315315315,0.0526107480029048
001_20200921_202547(2),0.8524305555555556,0.7657657657657657,0.0243055555555555,0.0315315315315315,0.059708787218591
001_20200921_202547(2),0.9305555555555556,0.4369369369369369,0.0208333333333333,0.027027027027027,0.0563981707081253
001_20200921_202547(2),0.4774305555555556,0.4504504504504504,0.0243055555555555,0.0315315315315315,0.0528990559186637
001_20200921_202547(2),0.8315972222222222,0.5675675675675675,0.0243055555555555,0.0315315315315315,0.0527182280319534
001_20200921_202547(2),0.5017361111111112,0.3400900900900901,0.0243055555555555,0.0315315315315315,0.0508373275236019
002_20200622_203053(2),0.6022727272727273,0.3493975903614458,0.034090909090909,0.036144578313253,0.0767924304830413
002_20200622_203053(2),0.6022727272727273,0.4186746987951807,0.0397727272727272,0.0421686746987951,0.0700987654320988
002_20200622_203053(2),0.6079545454545454,0.4969879518072289,0.0397727272727272,0.0421686746987951,0.0653718228031954
002_20200622_203053(2),0.9261363636363636,0.6054216867469879,0.0397727272727272,0.0421686746987951,0.0605185185185185
002_20200622_203053(2),0.4971590909090909,0.6355421686746988,0.0397727272727272,0.0421686746987951,0.0581844589687727
002_20200622_203057(3),0.5795454545454546,0.4186746987951807,0.0397727272727272,0.0421686746987951,0.0740007262164125
002_20200622_203057(3),0.5738636363636364,0.3493975903614458,0.0397727272727272,0.0421686746987951,0.0728794480755265
002_20200622_203057(3),0.5880681818181818,0.4969879518072289,0.0397727272727272,0.0421686746987951,0.0643231663035584
002_20200622_203057(3),0.4886363636363636,0.6475903614457831,0.0397727272727272,0.0421686746987951,0.0610588235294117
002_20200622_203057(3),0.9147727272727272,0.572289156626506,0.0397727272727272,0.0421686746987951,0.0518554829339142
002_20200622_203057(3),0.9119318181818182,0.4518072289156626,0.0397727272727272,0.0421686746987951,0.0502527233115468
002_20200622_203101(3),0.59375,0.3554216867469879,0.0397727272727272,0.0421686746987951,0.0716100217864923
002_20200622_203101(3),0.59375,0.4246987951807229,0.0397727272727272,0.0421686746987951,0.0696688453159041
002_20200622_203101(3),0.5994318181818182,0.5060240963855421,0.0397727272727272,0.0421686746987951,0.0638002904865649
002_20200622_203101(3),0.4857954545454545,0.6445783132530121,0.0397727272727272,0.0421686746987951,0.0621082062454611
002_20200622_203101(3),0.9147727272727272,0.6234939759036144,0.0397727272727272,0.0421686746987951,0.0615708061002179
002_20200622_203105(4),0.5852272727272727,0.3855421686746988,0.0397727272727272,0.0421686746987951,0.0717785039941902
002_20200622_203105(4),0.59375,0.536144578313253,0.0397727272727272,0.0421686746987951,0.0692476397966593
002_20200622_203105(4),0.5852272727272727,0.4578313253012048,0.0397727272727272,0.0421686746987951,0.0673347857661583
002_20200622_203105(4),0.9119318181818182,0.6355421686746988,0.0397727272727272,0.0421686746987951,0.0587167755991286
002_20200622_203105(4),0.4829545454545454,0.6746987951807228,0.0397727272727272,0.0421686746987951,0.054840232389252
002_20200622_203105(4),0.9176136363636364,0.5240963855421686,0.0397727272727272,0.0421686746987951,0.0523493100944081
002_20200622_203109(3),0.5738636363636364,0.3644578313253012,0.0397727272727272,0.0421686746987951,0.0718845315904139
002_20200622_203109(3),0.5738636363636364,0.4367469879518072,0.0397727272727272,0.0421686746987951,0.0709658678286129
002_20200622_203109(3),0.5795454545454546,0.5180722891566265,0.0397727272727272,0.0421686746987951,0.0696383442265795
002_20200622_203109(3),0.8920454545454546,0.6295180722891566,0.0397727272727272,0.0421686746987951,0.0631844589687726
002_20200622_203109(3),0.4659090909090909,0.6536144578313253,0.0397727272727272,0.0421686746987951,0.0590050835148874
002_20200622_203109(3),0.8948863636363636,0.2680722891566265,0.0397727272727272,0.0421686746987951,0.0518489469862018
002_20200622_203121(4),0.5994318181818182,0.3674698795180723,0.0397727272727272,0.0421686746987951,0.0722788671023965
002_20200622_203121(4),0.6022727272727273,0.4367469879518072,0.0397727272727272,0.0421686746987951,0.0716499636891793
002_20200622_203121(4),0.6107954545454546,0.5180722891566265,0.0397727272727272,0.0421686746987951,0.0671975308641975
002_20200622_203121(4),0.5028409090909091,0.6566265060240963,0.0397727272727272,0.0421686746987951,0.0558416848220769
002_20200623_043056(0),0.8607594936708861,0.3433734939759036,0.0443037974683544,0.0421686746987951,0.1029331880900508
002_20200623_043056(0),0.4113924050632911,0.3283132530120481,0.0443037974683544,0.0421686746987951,0.0939026870007261
002_20200623_043056(0),0.870253164556962,0.7018072289156626,0.0443037974683544,0.0421686746987951,0.085316630355846
002_20200623_043056(0),0.7531645569620253,0.3313253012048193,0.0443037974683544,0.0421686746987951,0.0738438634713145
002_20200623_043056(0),0.9240506329113924,0.4487951807228915,0.0443037974683544,0.0421686746987951,0.0704931009440813
002_20200623_043056(0),0.4145569620253164,0.7198795180722891,0.0443037974683544,0.0421686746987951,0.0699448075526506
002_20200623_043056(0),0.4968354430379746,0.6144578313253012,0.0443037974683544,0.0421686746987951,0.0695715323166303
002_20200623_043056(0),0.5031645569620253,0.322289156626506,0.0443037974683544,0.0421686746987951,0.06659767610748
002_20200623_043056(0),0.4873417721518987,0.5210843373493976,0.0443037974683544,0.0421686746987951,0.0656456063907043
002_20200623_043056(0),0.6424050632911392,0.3253012048192771,0.0443037974683544,0.0421686746987951,0.0649789397240377
002_20200623_043056(0),0.3449367088607595,0.3493975903614458,0.0253164556962025,0.0240963855421686,0.0622518760590655
002_20200623_043056(0),0.360759493670886,0.4307228915662651,0.0443037974683544,0.0421686746987951,0.0605265068990559
002_20200623_043056(0),0.740506329113924,0.7198795180722891,0.0443037974683544,0.0421686746987951,0.0557799564270152
002_20200623_043056(0),0.3544303797468354,0.4759036144578313,0.0443037974683544,0.0421686746987951,0.055599128540305
002_20200623_043056(0),0.6867088607594937,0.7228915662650602,0.0443037974683544,0.0421686746987951,0.055474945533769
002_20200623_043056(0),0.3544303797468354,0.5843373493975904,0.0443037974683544,0.0421686746987951,0.0537211328976034
002_20200623_043100(6),0.8639240506329114,0.3373493975903614,0.0443037974683544,0.0421686746987951,0.0944066811909949
002_20200623_043100(6),0.4113924050632911,0.3343373493975903,0.0443037974683544,0.0421686746987951,0.0939622367465504
002_20200623_043100(6),0.8765822784810127,0.6987951807228916,0.0443037974683544,0.0421686746987951,0.0838489469862018
002_20200623_043100(6),0.9272151898734176,0.4397590361445783,0.0443037974683544,0.0421686746987951,0.0741663035584604
002_20200623_043100(6),0.6518987341772152,0.3283132530120481,0.0443037974683544,0.0421686746987951,0.0735061728395062
002_20200623_043100(6),0.75,0.3283132530120481,0.0443037974683544,0.0421686746987951,0.0728453159041393
002_20200623_043100(6),0.4936708860759494,0.5240963855421686,0.0443037974683544,0.0421686746987951,0.0713805374001452
002_20200623_043100(6),0.4272151898734177,0.7259036144578314,0.0443037974683544,0.0421686746987951,0.0700123456790123
002_20200623_043100(6),0.5,0.3253012048192771,0.0443037974683544,0.0421686746987951,0.0693667392883079
002_20200623_043100(6),0.5031645569620253,0.6174698795180723,0.0443037974683544,0.0421686746987951,0.0690501089324619
002_20200623_043100(6),0.6139240506329114,0.3253012048192771,0.0443037974683544,0.0421686746987951,0.0670798838053739
002_20200623_043100(6),0.360759493670886,0.4728915662650602,0.0443037974683544,0.0421686746987951,0.0617530864197531
002_20200623_043100(6),0.3481012658227848,0.3524096385542168,0.0253164556962025,0.0240963855421686,0.059114015976761
002_20200623_043100(6),0.3575949367088608,0.5662650602409639,0.0443037974683544,0.0421686746987951,0.0544030501089324
002_20200623_043100(6),0.75,0.7168674698795181,0.0443037974683544,0.0421686746987951,0.0539724037763253
002_20200623_043100(6),0.680379746835443,0.7198795180722891,0.0443037974683544,0.0421686746987951,0.0536122004357298
002_20200623_043100(6),0.3670886075949367,0.4277108433734939,0.0443037974683544,0.0421686746987951,0.0534625998547566
002_20200623_043100(6),0.8512658227848101,0.6174698795180723,0.0443037974683544,0.0421686746987951,0.0501263616557733
002_20200623_043105(0),0.4018987341772151,0.3313253012048193,0.0443037974683544,0.0421686746987951,0.0982846768336964
002_20200623_043105(0),0.8481012658227848,0.3403614457831325,0.0443037974683544,0.0421686746987951,0.0961641249092229
002_20200623_043105(0),0.8607594936708861,0.7018072289156626,0.0443037974683544,0.0421686746987951,0.0829193899782135
002_20200623_043105(0),0.7341772151898734,0.3313253012048193,0.0443037974683544,0.0421686746987951,0.0794110384894699
002_20200623_043105(0),0.4841772151898734,0.3253012048192771,0.0443037974683544,0.0421686746987951,0.0765352214960057
002_20200623_043105(0),0.6360759493670886,0.3283132530120481,0.0443037974683544,0.0421686746987951,0.0756753812636165
002_20200623_043105(0),0.9145569620253164,0.4487951807228915,0.0443037974683544,0.0421686746987951,0.0720457516339869
002_20200623_043105(0),0.490506329113924,0.6174698795180723,0.0443037974683544,0.0421686746987951,0.0715925925925925
002_20200623_043105(0),0.4113924050632911,0.7228915662650602,0.0443037974683544,0.0421686746987951,0.0713790849673203
002_20200623_043105(0),0.5886075949367089,0.3253012048192771,0.0443037974683544,0.0421686746987951,0.0707073347857661
002_20200623_043105(0),0.4778481012658228,0.5240963855421686,0.0443037974683544,0.0421686746987951,0.064841684822077
002_20200623_043105(0),0.3354430379746835,0.3493975903614458,0.0253164556962025,0.0240963855421686,0.0640401839748245
002_20200623_043105(0),0.3481012658227848,0.4728915662650602,0.0443037974683544,0.0421686746987951,0.0616078431372549
002_20200623_043105(0),0.3481012658227848,0.4487951807228915,0.0443037974683544,0.0421686746987951,0.0583558460421205
002_20200623_043105(0),0.3449367088607595,0.5632530120481928,0.0443037974683544,0.0421686746987951,0.0565700798838053
002_20200623_043105(0),0.6677215189873418,0.7228915662650602,0.0443037974683544,0.0421686746987951,0.0557610748002905
002_20200623_043105(0),0.7278481012658228,0.7198795180722891,0.0443037974683544,0.0421686746987951,0.054153957879448
002_20200623_043105(0),0.3544303797468354,0.4246987951807229,0.0443037974683544,0.0421686746987951,0.0537770515613652
002_20200623_043105(0),0.5664556962025317,0.7259036144578314,0.0443037974683544,0.0421686746987951,0.0519774872912127
002_20200623_043105(0),0.5917721518987342,0.7259036144578314,0.0443037974683544,0.0421686746987951,0.0516746550472041
002_20200623_043109(4),0.8512658227848101,0.3493975903614458,0.0443037974683544,0.0421686746987951,0.1017755991285402
002_20200623_043109(4),0.4018987341772151,0.3313253012048193,0.0443037974683544,0.0421686746987951,0.0971132897603486
002_20200623_043109(4),0.8575949367088608,0.7078313253012049,0.0443037974683544,0.0421686746987951,0.0827465504720406
002_20200623_043109(4),0.490506329113924,0.3283132530120481,0.0443037974683544,0.0421686746987951,0.0807952069716775
002_20200623_043109(4),0.9113924050632912,0.4608433734939759,0.0443037974683544,0.0421686746987951,0.0784502541757444
002_20200623_043109(4),0.7436708860759493,0.3373493975903614,0.0443037974683544,0.0421686746987951,0.0778496732026143
002_20200623_043109(4),0.6550632911392406,0.3313253012048193,0.0443037974683544,0.0421686746987951,0.0724560639070442
002_20200623_043109(4),0.569620253164557,0.3283132530120481,0.0443037974683544,0.0421686746987951,0.0703028322440086
002_20200623_043109(4),0.4082278481012658,0.7228915662650602,0.0443037974683544,0.0421686746987951,0.0687828612926651
002_20200623_043109(4),0.3354430379746835,0.3524096385542168,0.0253164556962025,0.0240963855421686,0.0640371580731057
002_20200623_043109(4),0.3481012658227848,0.4427710843373494,0.0443037974683544,0.0421686746987951,0.0603725490196078
002_20200623_043109(4),0.3449367088607595,0.463855421686747,0.0443037974683544,0.0421686746987951,0.0588736383442266
002_20200623_043109(4),0.3417721518987341,0.5662650602409639,0.0443037974683544,0.0421686746987951,0.0529949164851125
002_20200623_043109(4),0.5664556962025317,0.7289156626506024,0.0443037974683544,0.0421686746987951,0.0524066811909949
002_20200623_043109(4),0.7246835443037974,0.7228915662650602,0.0443037974683544,0.0421686746987951,0.0523529411764705
002_20200623_043109(4),0.6455696202531646,0.7259036144578314,0.0443037974683544,0.0421686746987951,0.0510566448801743
002_20200623_043109(4),0.6107594936708861,0.7289156626506024,0.0443037974683544,0.0421686746987951,0.05060348583878
002_20200623_043115(4),0.8322784810126582,0.3403614457831325,0.0443037974683544,0.0421686746987951,0.1056986201888163
002_20200623_043115(4),0.3829113924050633,0.3313253012048193,0.0443037974683544,0.0421686746987951,0.0971263616557734
002_20200623_043115(4),0.8449367088607594,0.6987951807228916,0.0443037974683544,0.0421686746987951,0.0848518518518518
002_20200623_043115(4),0.7278481012658228,0.3313253012048193,0.0443037974683544,0.0421686746987951,0.0803420479302832
002_20200623_043115(4),0.4683544303797468,0.3253012048192771,0.0443037974683544,0.0421686746987951,0.0762788671023965
002_20200623_043115(4),0.8955696202531646,0.4427710843373494,0.0443037974683544,0.0421686746987951,0.07520406681191
002_20200623_043115(4),0.6234177215189873,0.3283132530120481,0.0443037974683544,0.0421686746987951,0.0748039215686274
002_20200623_043115(4),0.6677215189873418,0.3283132530120481,0.0443037974683544,0.0421686746987951,0.0736768336964415
002_20200623_043115(4),0.4715189873417721,0.6174698795180723,0.0443037974683544,0.0421686746987951,0.0715649963689179
002_20200623_043115(4),0.3955696202531645,0.7228915662650602,0.0443037974683544,0.0421686746987951,0.0706608569353667
002_20200623_043115(4),0.4620253164556962,0.4518072289156626,0.0443037974683544,0.0421686746987951,0.0688148148148147
002_20200623_043115(4),0.4620253164556962,0.5271084337349398,0.0443037974683544,0.0421686746987951,0.0682265795206971
002_20200623_043115(4),0.3164556962025316,0.3524096385542168,0.0253164556962025,0.0240963855421686,0.0655743161462115
002_20200623_043115(4),0.3291139240506329,0.4698795180722891,0.0443037974683544,0.0421686746987951,0.0607153231663035
002_20200623_043115(4),0.3322784810126582,0.4397590361445783,0.0443037974683544,0.0421686746987951,0.059958605664488
002_20200623_043115(4),0.3291139240506329,0.5632530120481928,0.0443037974683544,0.0421686746987951,0.0570777051561365
002_20200623_043115(4),0.6740506329113924,0.7198795180722891,0.0443037974683544,0.0421686746987951,0.0538779956427014
002_20200623_043115(4),0.7215189873417721,0.7168674698795181,0.0443037974683544,0.0421686746987951,0.0530094408133623
002_20200623_043115(4),0.3291139240506329,0.5843373493975904,0.0443037974683544,0.0421686746987951,0.052915758896151
002_20200623_043115(4),0.5537974683544303,0.7259036144578314,0.0443037974683544,0.0421686746987951,0.0528903413217138
002_20200623_043115(4),0.5917721518987342,0.7259036144578314,0.0443037974683544,0.0421686746987951,0.0522098765432098
002_20200623_043120(0),0.8607594936708861,0.3373493975903614,0.0443037974683544,0.0421686746987951,0.1001735657225852
002_20200623_043120(0),0.4082278481012658,0.3313253012048193,0.0443037974683544,0.0421686746987951,0.0971343500363108
002_20200623_043120(0),0.8734177215189873,0.6957831325301205,0.0443037974683544,0.0421686746987951,0.09
002_20200623_043120(0),0.4810126582278481,0.3253012048192771,0.0443037974683544,0.0421686746987951,0.0783173565722585
002_20200623_043120(0),0.7468354430379747,0.3283132530120481,0.0443037974683544,0.0421686746987951,0.078199709513435
002_20200623_043120(0),0.5854430379746836,0.3253012048192771,0.0443037974683544,0.0421686746987951,0.0750748002904866
002_20200623_043120(0),0.4240506329113924,0.7228915662650602,0.0443037974683544,0.0421686746987951,0.0740682643427741
002_20200623_043120(0),0.6360759493670886,0.3253012048192771,0.0443037974683544,0.0421686746987951,0.0733144517066086
002_20200623_043120(0),0.9240506329113924,0.4427710843373494,0.0443037974683544,0.0421686746987951,0.0726252723311546
002_20200623_043120(0),0.5,0.6174698795180723,0.0443037974683544,0.0421686746987951,0.0698184458968772
002_20200623_043120(0),0.4873417721518987,0.4487951807228915,0.0443037974683544,0.0421686746987951,0.0679368191721132
002_20200623_043120(0),0.3417721518987341,0.3524096385542168,0.0253164556962025,0.0240963855421686,0.0666999515855725
002_20200623_043120(0),0.4873417721518987,0.5240963855421686,0.0443037974683544,0.0421686746987951,0.0657741466957153
002_20200623_043120(0),0.3575949367088608,0.4457831325301205,0.0443037974683544,0.0421686746987951,0.0600907770515613
002_20200623_043120(0),0.3544303797468354,0.466867469879518,0.0443037974683544,0.0421686746987951,0.058517792302106
002_20200623_043120(0),0.5917721518987342,0.7228915662650602,0.0443037974683544,0.0421686746987951,0.0558198983297022
002_20200623_043120(0),0.3544303797468354,0.5632530120481928,0.0443037974683544,0.0421686746987951,0.0555867828612926
002_20200623_043120(0),0.7436708860759493,0.7168674698795181,0.0443037974683544,0.0421686746987951,0.0517821350762527
002_20200623_163020(3),0.3670886075949367,0.3313253012048193,0.0443037974683544,0.0421686746987951,0.1005533769063181
002_20200623_163020(3),0.8417721518987342,0.2831325301204819,0.0443037974683544,0.0421686746987951,0.0931902687000725
002_20200623_163020(3),0.870253164556962,0.6445783132530121,0.0443037974683544,0.0421686746987951,0.0818336964415396
002_20200623_163020(3),0.879746835443038,0.2921686746987952,0.0126582278481012,0.0120481927710843,0.0812156862745098
002_20200623_163020(3),0.9018987341772152,0.4186746987951807,0.0443037974683544,0.0421686746987951,0.0690769789397239
002_20200623_163020(3),0.4018987341772151,0.7078313253012049,0.0443037974683544,0.0421686746987951,0.0683558460421205
002_20200623_163020(3),0.4968354430379746,0.4307228915662651,0.0443037974683544,0.0421686746987951,0.0666078431372549
002_20200623_163020(3),0.5158227848101266,0.5813253012048193,0.0443037974683544,0.0421686746987951,0.0657509077705156
002_20200623_163020(3),0.8924050632911392,0.6174698795180723,0.0443037974683544,0.0421686746987951,0.063599128540305
002_20200623_163020(3),0.5031645569620253,0.5,0.0443037974683544,0.0421686746987951,0.0603500363108206
002_20200623_163020(3),0.9018987341772152,0.4789156626506024,0.0443037974683544,0.0421686746987951,0.0550370370370371
002_20200623_163020(3),0.7848101265822784,0.6686746987951807,0.0443037974683544,0.0421686746987951,0.0549411764705882
002_20200623_163020(3),0.3417721518987341,0.5632530120481928,0.0443037974683544,0.0421686746987951,0.0549230210602759
002_20200623_163020(3),0.3322784810126582,0.4578313253012048,0.0443037974683544,0.0421686746987951,0.0542534495279593
002_20200623_163020(3),0.9018987341772152,0.3493975903614458,0.0189873417721519,0.0180722891566265,0.053391356542617
002_20200623_163020(3),0.5569620253164557,0.3012048192771084,0.0443037974683544,0.0421686746987951,0.0526238198983295
002_20200623_163020(3),0.759493670886076,0.6746987951807228,0.0443037974683544,0.0421686746987951,0.0521633986928104
002_20200623_163020(3),0.3449367088607595,0.5963855421686747,0.0443037974683544,0.0421686746987951,0.0513456790123456
002_20200623_163020(3),0.8924050632911392,0.3192771084337349,0.0189873417721519,0.0180722891566265,0.0512164865946378
002_20200623_163020(3),0.310126582278481,0.3524096385542168,0.0253164556962025,0.0240963855421686,0.0503903413217138
002_20200623_163023(3),0.3291139240506329,0.3463855421686747,0.0443037974683544,0.0421686746987951,0.093352214960058
002_20200623_163023(3),0.8734177215189873,0.536144578313253,0.0443037974683544,0.0421686746987951,0.0715497458242556
002_20200623_163023(3),0.4715189873417721,0.4096385542168674,0.0379746835443038,0.036144578313253,0.0692770574699307
002_20200623_163023(3),0.430379746835443,0.7078313253012049,0.0443037974683544,0.0421686746987951,0.0685330428467683
002_20200623_163023(3),0.5158227848101266,0.5512048192771084,0.0443037974683544,0.0421686746987951,0.0679760348583877
002_20200623_163023(3),0.490506329113924,0.4759036144578313,0.0443037974683544,0.0421686746987951,0.0658627450980392
002_20200623_163023(3),0.7816455696202531,0.1867469879518072,0.0443037974683544,0.0421686746987951,0.0604052287581699
002_20200623_163023(3),0.8924050632911392,0.4849397590361445,0.0443037974683544,0.0421686746987951,0.0583718228031953
002_20200623_163023(3),0.8607594936708861,0.2740963855421687,0.0443037974683544,0.0421686746987951,0.055835875090777
002_20200623_163023(3),0.3164556962025316,0.4759036144578313,0.0443037974683544,0.0421686746987951,0.0550639070442992
002_20200623_163023(3),0.8670886075949367,0.3102409638554217,0.0443037974683544,0.0421686746987951,0.0512897603485838
002_20200623_163026(3),0.3734177215189873,0.3012048192771084,0.0443037974683544,0.0421686746987951,0.0894713144517066
002_20200623_163026(3),0.3829113924050633,0.6716867469879518,0.0443037974683544,0.0421686746987951,0.078627450980392
002_20200623_163026(3),0.9050632911392406,0.4246987951807229,0.0443037974683544,0.0421686746987951,0.0763340595497458
002_20200623_163026(3),0.8575949367088608,0.6566265060240963,0.0443037974683544,0.0421686746987951,0.0761735657225853
002_20200623_163026(3),0.5,0.4698795180722891,0.0443037974683544,0.0421686746987951,0.069155410312273
002_20200623_163026(3),0.8955696202531646,0.3102409638554217,0.0189873417721519,0.0180722891566265,0.0686748032546352
002_20200623_163026(3),0.509493670886076,0.5512048192771084,0.0443037974683544,0.0421686746987951,0.0674923747276688
002_20200623_163026(3),0.8639240506329114,0.2981927710843373,0.0443037974683544,0.0421686746987951,0.0649680464778504
002_20200623_163026(3),0.879746835443038,0.6325301204819277,0.0443037974683544,0.0421686746987951,0.0641220043572984
002_20200623_163026(3),0.9018987341772152,0.4849397590361445,0.0443037974683544,0.0421686746987951,0.0614698620188816
002_20200623_163026(3),0.9113924050632912,0.3734939759036144,0.0189873417721519,0.0180722891566265,0.0611798052554355
002_20200623_163026(3),0.3354430379746835,0.4216867469879518,0.0443037974683544,0.0421686746987951,0.0582875816993464
002_20200623_163026(3),0.5,0.3975903614457831,0.0443037974683544,0.0421686746987951,0.0580573710965867
002_20200623_163026(3),0.6930379746835443,0.2801204819277108,0.0443037974683544,0.0421686746987951,0.0543602033405955
002_20200623_163026(3),0.9082278481012658,0.3524096385542168,0.0189873417721519,0.0180722891566265,0.0537314925970388
002_20200623_163026(3),0.3354430379746835,0.5542168674698795,0.0443037974683544,0.0421686746987951,0.0529360929557008
002_20200623_163026(3),0.7310126582278481,0.6746987951807228,0.0443037974683544,0.0421686746987951,0.0519164851125636
002_20200623_163026(3),0.7911392405063291,0.6686746987951807,0.0443037974683544,0.0421686746987951,0.0518598402323892
002_20200623_163026(3),0.6740506329113924,0.677710843373494,0.0443037974683544,0.0421686746987951,0.0513972403776325
002_20200623_163026(3),0.629746835443038,0.2801204819277108,0.0443037974683544,0.0421686746987951,0.0512098765432097
002_20200623_163026(3),0.9050632911392406,0.3403614457831325,0.0189873417721519,0.0180722891566265,0.0504741896758702
002_20200623_163026(3),0.3354430379746835,0.4698795180722891,0.0443037974683544,0.0421686746987951,0.050389251997095
002_20200623_163026(3),0.3196202531645569,0.3102409638554217,0.0253164556962025,0.0240963855421686,0.0501240619704672
002_20200623_163029(6),0.8639240506329114,0.3162650602409638,0.0443037974683544,0.0421686746987951,0.0984560639070443
002_20200623_163029(6),0.8354430379746836,0.6716867469879518,0.0443037974683544,0.0421686746987951,0.0964146695715323
002_20200623_163029(6),0.9145569620253164,0.4307228915662651,0.0443037974683544,0.0421686746987951,0.0784705882352941
002_20200623_163029(6),0.3860759493670886,0.6295180722891566,0.0443037974683544,0.0421686746987951,0.075432098765432
002_20200623_163029(6),0.4145569620253164,0.2439759036144578,0.0443037974683544,0.0421686746987951,0.0744451706608569
002_20200623_163029(6),0.4746835443037974,0.4307228915662651,0.0443037974683544,0.0421686746987951,0.0695700798838053
002_20200623_163029(6),0.4746835443037974,0.5271084337349398,0.0443037974683544,0.0421686746987951,0.0663877995642701
002_20200623_163029(6),0.6930379746835443,0.6686746987951807,0.0443037974683544,0.0421686746987951,0.0643747276688453
002_20200623_163029(6),0.6044303797468354,0.2620481927710843,0.0443037974683544,0.0421686746987951,0.0637734204793028
002_20200623_163029(6),0.4936708860759494,0.2469879518072289,0.0443037974683544,0.0421686746987951,0.0629549745824255
002_20200623_163029(6),0.5126582278481012,0.25,0.0443037974683544,0.0421686746987951,0.0628082788671024
002_20200623_163029(6),0.7341772151898734,0.286144578313253,0.0443037974683544,0.0421686746987951,0.0624422657952069
002_20200623_163029(6),0.7753164556962026,0.2951807228915662,0.0443037974683544,0.0421686746987951,0.0622657952069716
002_20200623_163029(6),0.689873417721519,0.2771084337349397,0.0443037974683544,0.0421686746987951,0.0612091503267973
002_20200623_163029(6),0.6234177215189873,0.2650602409638554,0.0443037974683544,0.0421686746987951,0.0611343500363107
002_20200623_163029(6),0.3544303797468354,0.3403614457831325,0.0443037974683544,0.0421686746987951,0.0604023238925199
002_20200623_163029(6),0.6613924050632911,0.2710843373493976,0.0443037974683544,0.0421686746987951,0.0599506172839505
002_20200623_163029(6),0.6424050632911392,0.2680722891566265,0.0443037974683544,0.0421686746987951,0.0592091503267973
002_20200623_163029(6),0.7088607594936709,0.2801204819277108,0.0443037974683544,0.0421686746987951,0.0585570079883805
002_20200623_163029(6),0.3481012658227848,0.253012048192771,0.0253164556962025,0.0240963855421686,0.0583000484144275
002_20200623_163029(6),0.3322784810126582,0.4819277108433735,0.0443037974683544,0.0421686746987951,0.0569259259259259
002_20200623_163029(6),0.4430379746835443,0.6445783132530121,0.0443037974683544,0.0421686746987951,0.0565751633986927
002_20200623_163029(6),0.5348101265822784,0.6536144578313253,0.0443037974683544,0.0421686746987951,0.0560929557007987
002_20200623_163029(6),0.5569620253164557,0.6566265060240963,0.0443037974683544,0.0421686746987951,0.0551227305737109
002_20200623_163029(6),0.8164556962025317,0.4909638554216867,0.0443037974683544,0.0421686746987951,0.0500827886710239
002_20200623_163032(5),0.8037974683544303,0.2771084337349397,0.0443037974683544,0.0421686746987951,0.0927058823529411
002_20200623_163032(5),0.360759493670886,0.4126506024096386,0.0443037974683544,0.0421686746987951,0.0864480755265069
002_20200623_163032(5),0.8924050632911392,0.6234939759036144,0.0443037974683544,0.0421686746987951,0.0796840958605664
002_20200623_163032(5),0.8860759493670886,0.3554216867469879,0.0443037974683544,0.0421686746987951,0.0771350762527232
002_20200623_163032(5),0.6550632911392406,0.3162650602409638,0.0443037974683544,0.0421686746987951,0.0717828612926652
002_20200623_163032(5),0.5158227848101266,0.6596385542168675,0.0443037974683544,0.0421686746987951,0.0711031227305737
002_20200623_163032(5),0.6740506329113924,0.3102409638554217,0.0443037974683544,0.0421686746987951,0.0707741466957153
002_20200623_163032(5),0.4683544303797468,0.5,0.0443037974683544,0.0421686746987951,0.0695010893246187
002_20200623_163032(5),0.4841772151898734,0.572289156626506,0.0443037974683544,0.0421686746987951,0.0678852578068264
002_20200623_163032(5),0.3037974683544304,0.4427710843373494,0.0253164556962025,0.0240963855421686,0.062215565238441
002_20200623_163032(5),0.8544303797468354,0.2891566265060241,0.0189873417721519,0.0180722891566265,0.0616006402561024
002_20200623_163032(5),0.4588607594936709,0.3704819277108434,0.0443037974683544,0.0421686746987951,0.0613456790123456
002_20200623_163032(5),0.4778481012658228,0.7801204819277109,0.0443037974683544,0.0421686746987951,0.0613413217138708
002_20200623_163032(5),0.5727848101265823,0.3373493975903614,0.0443037974683544,0.0421686746987951,0.0608344226579521
002_20200623_163032(5),0.4272151898734177,0.3795180722891566,0.0443037974683544,0.0421686746987951,0.0607429193899782
002_20200623_163032(5),0.5411392405063291,0.3463855421686747,0.0443037974683544,0.0421686746987951,0.0588830791575889
002_20200623_163032(5),0.5126582278481012,0.3554216867469879,0.0443037974683544,0.0421686746987951,0.0567755991285402
002_20200623_163032(5),0.3417721518987341,0.5451807228915663,0.0443037974683544,0.0421686746987951,0.055676107480029
002_20200623_163032(5),0.8322784810126582,0.6536144578313253,0.0443037974683544,0.0421686746987951,0.0552599854756717
002_20200623_163035(5),0.8734177215189873,0.3042168674698795,0.0443037974683544,0.0421686746987951,0.0970036310820624
002_20200623_163035(5),0.8544303797468354,0.6596385542168675,0.0443037974683544,0.0421686746987951,0.0939883805374001
002_20200623_163035(5),0.4208860759493671,0.25,0.0443037974683544,0.0421686746987951,0.0784553376906318
002_20200623_163035(5),0.4050632911392405,0.6385542168674698,0.0443037974683544,0.0421686746987951,0.0771663035584604
002_20200623_163035(5),0.9272151898734176,0.4186746987951807,0.0443037974683544,0.0421686746987951,0.0728293391430647
002_20200623_163035(5),0.4936708860759494,0.3614457831325301,0.0443037974683544,0.0421686746987951,0.0713834422657952
002_20200623_163035(5),0.490506329113924,0.5301204819277109,0.0443037974683544,0.0421686746987951,0.0685693536673928
002_20200623_163035(5),0.4841772151898734,0.4337349397590361,0.0443037974683544,0.0421686746987951,0.067436456063907
002_20200623_163035(5),0.7246835443037974,0.2740963855421687,0.0443037974683544,0.0421686746987951,0.0665722585330428
002_20200623_163035(5),0.7468354430379747,0.2771084337349397,0.0443037974683544,0.0421686746987951,0.0647559912854029
002_20200623_163035(5),0.4873417721518987,0.2469879518072289,0.0443037974683544,0.0421686746987951,0.0647007988380537
002_20200623_163035(5),0.6107594936708861,0.2590361445783132,0.0443037974683544,0.0421686746987951,0.0646289034132171
002_20200623_163035(5),0.5506329113924051,0.253012048192771,0.0443037974683544,0.0421686746987951,0.0640580973129992
002_20200623_163035(5),0.7120253164556962,0.6626506024096386,0.0443037974683544,0.0421686746987951,0.0636470588235294
002_20200623_163035(5),0.6867088607594937,0.2680722891566265,0.0443037974683544,0.0421686746987951,0.0625025417574437
002_20200623_163035(5),0.3481012658227848,0.4789156626506024,0.0443037974683544,0.0421686746987951,0.0623761801016702
002_20200623_163035(5),0.360759493670886,0.3554216867469879,0.0443037974683544,0.0421686746987951,0.0601205519244735
002_20200623_163035(5),0.3544303797468354,0.2620481927710843,0.0253164556962025,0.0240963855421686,0.0592743887678527
002_20200623_163035(5),0.5537974683544303,0.6536144578313253,0.0443037974683544,0.0421686746987951,0.0573660130718954
002_20200623_163035(5),0.3544303797468354,0.4156626506024096,0.0443037974683544,0.0421686746987951,0.050954248366013
002_20200623_163035(5),0.370253164556962,0.3313253012048193,0.0443037974683544,0.0421686746987951,0.0500472040668118
002_20200624_203111(4),0.8829113924050633,0.3373493975903614,0.0443037974683544,0.0421686746987951,0.0989949164851125
002_20200624_203111(4),0.4050632911392405,0.3403614457831325,0.0443037974683544,0.0421686746987951,0.0984008714596949
002_20200624_203111(4),0.8829113924050633,0.6987951807228916,0.0443037974683544,0.0421686746987951,0.0793159041394335
002_20200624_203111(4),0.8069620253164557,0.3283132530120481,0.0443037974683544,0.0421686746987951,0.0786129266521423
002_20200624_203111(4),0.930379746835443,0.463855421686747,0.0443037974683544,0.0421686746987951,0.0761365286855482
002_20200624_203111(4),0.9208860759493672,0.3554216867469879,0.0189873417721519,0.0180722891566265,0.0746151794050954
002_20200624_203111(4),0.4113924050632911,0.7168674698795181,0.0443037974683544,0.0421686746987951,0.07419535221496
002_20200624_203111(4),0.5284810126582279,0.4457831325301205,0.0443037974683544,0.0421686746987951,0.0647073347857661
002_20200624_203111(4),0.5348101265822784,0.5963855421686747,0.0443037974683544,0.0421686746987951,0.0638518518518518
002_20200624_203111(4),0.9050632911392406,0.6746987951807228,0.0443037974683544,0.0421686746987951,0.0636368917937545
002_20200624_203111(4),0.5284810126582279,0.5180722891566265,0.0443037974683544,0.0421686746987951,0.0632679738562091
002_20200624_203111(4),0.5854430379746836,0.3283132530120481,0.0443037974683544,0.0421686746987951,0.0623493100944081
002_20200624_203111(4),0.3639240506329114,0.466867469879518,0.0443037974683544,0.0421686746987951,0.0596325344952796
002_20200624_203111(4),0.3639240506329114,0.5632530120481928,0.0443037974683544,0.0421686746987951,0.0564153957879447
002_20200624_203111(4),0.9367088607594936,0.4156626506024096,0.0189873417721519,0.0180722891566265,0.0551287181539283
002_20200624_203111(4),0.9272151898734176,0.5481927710843374,0.0443037974683544,0.0421686746987951,0.0543376906318082
002_20200624_203111(4),0.3639240506329114,0.5993975903614458,0.0443037974683544,0.0421686746987951,0.051520697167756
002_20200624_203111(4),0.7626582278481012,0.7198795180722891,0.0443037974683544,0.0421686746987951,0.0511532316630355
002_20200624_203114(3),0.3417721518987341,0.3493975903614458,0.0443037974683544,0.0421686746987951,0.0967269426289033
002_20200624_203114(3),0.4208860759493671,0.7198795180722891,0.0443037974683544,0.0421686746987951,0.0805010893246187
002_20200624_203114(3),0.8069620253164557,0.2349397590361445,0.0443037974683544,0.0421686746987951,0.0784524328249818
002_20200624_203114(3),0.870253164556962,0.5873493975903614,0.0443037974683544,0.0421686746987951,0.0746172839506172
002_20200624_203114(3),0.4810126582278481,0.4186746987951807,0.0379746835443038,0.036144578313253,0.0724054414665274
002_20200624_203114(3),0.8765822784810127,0.3313253012048193,0.0443037974683544,0.0421686746987951,0.0697247639796659
002_20200624_203114(3),0.4968354430379746,0.4879518072289157,0.0443037974683544,0.0421686746987951,0.0684669571532316
002_20200624_203114(3),0.5126582278481012,0.5632530120481928,0.0443037974683544,0.0421686746987951,0.066556281771968
002_20200624_203114(3),0.8354430379746836,0.25,0.0443037974683544,0.0421686746987951,0.064753086419753
002_20200624_203114(3),0.7183544303797469,0.2469879518072289,0.0443037974683544,0.0421686746987951,0.0616884531590414
002_20200624_203114(3),0.3227848101265823,0.4759036144578313,0.0443037974683544,0.0421686746987951,0.0586673928830792
002_20200624_203114(3),0.8892405063291139,0.5481927710843374,0.0443037974683544,0.0421686746987951,0.0546071169208424
002_20200624_203114(3),0.7943037974683544,0.6204819277108434,0.0443037974683544,0.0421686746987951,0.0538598402323892
002_20200624_203114(3),0.7563291139240507,0.6325301204819277,0.0443037974683544,0.0421686746987951,0.0517472766884531
002_20200624_203114(3),0.8860759493670886,0.4186746987951807,0.0443037974683544,0.0421686746987951,0.0504248366013071
002_20200624_203114(3),0.3481012658227848,0.608433734939759,0.0443037974683544,0.0421686746987951,0.0500639070442992
002_20200624_203117(3),0.3417721518987341,0.322289156626506,0.0443037974683544,0.0421686746987951,0.1000225127087871
002_20200624_203117(3),0.4272151898734177,0.6867469879518072,0.0443037974683544,0.0421686746987951,0.0827966594045025
002_20200624_203117(3),0.8765822784810127,0.5421686746987951,0.0443037974683544,0.0421686746987951,0.0718082788671023
002_20200624_203117(3),0.5221518987341772,0.5271084337349398,0.0443037974683544,0.0421686746987951,0.0659803921568627
002_20200624_203117(3),0.8006329113924051,0.1897590361445783,0.0443037974683544,0.0421686746987951,0.065875816993464
002_20200624_203117(3),0.5,0.4487951807228915,0.0443037974683544,0.0421686746987951,0.064031227305737
002_20200624_203117(3),0.4810126582278481,0.3825301204819277,0.0379746835443038,0.036144578313253,0.0638131115365278
002_20200624_203117(3),0.8955696202531646,0.4849397590361445,0.0443037974683544,0.0421686746987951,0.060078431372549
002_20200624_203117(3),0.8734177215189873,0.2740963855421687,0.0443037974683544,0.0421686746987951,0.0593209876543209
002_20200624_203117(3),0.879746835443038,0.3132530120481928,0.0443037974683544,0.0421686746987951,0.0566564996368918
002_20200624_203117(3),0.8069620253164557,0.572289156626506,0.0443037974683544,0.0421686746987951,0.0558082788671024
002_20200624_203117(3),0.7721518987341772,0.5843373493975904,0.0443037974683544,0.0421686746987951,0.0539375453885258
002_20200624_203117(3),0.3291139240506329,0.463855421686747,0.0443037974683544,0.0421686746987951,0.0527966594045025
002_20200624_203117(3),0.3512658227848101,0.5662650602409639,0.0443037974683544,0.0421686746987951,0.0512519970951343
002_20200624_203117(3),0.8449367088607594,0.2018072289156626,0.0189873417721519,0.0180722891566265,0.0500300120048019
002_20200624_203120(3),0.370253164556962,0.322289156626506,0.0443037974683544,0.0421686746987951,0.1026310820624545
002_20200624_203120(3),0.4493670886075949,0.6897590361445783,0.0443037974683544,0.0421686746987951,0.0844103122730573
002_20200624_203120(3),0.8987341772151899,0.5542168674698795,0.0443037974683544,0.0421686746987951,0.0747480029048657
002_20200624_203120(3),0.8291139240506329,0.2018072289156626,0.0443037974683544,0.0421686746987951,0.0706158315177923
002_20200624_203120(3),0.5443037974683544,0.5331325301204819,0.0443037974683544,0.0421686746987951,0.0666993464052287
002_20200624_203120(3),0.9050632911392406,0.3162650602409638,0.0443037974683544,0.0421686746987951,0.0636158315177923
002_20200624_203120(3),0.509493670886076,0.3855421686746988,0.0443037974683544,0.0421686746987951,0.0611147421931735
002_20200624_203120(3),0.5221518987341772,0.4548192771084337,0.0443037974683544,0.0421686746987951,0.059912854030501
002_20200624_203120(3),0.7246835443037974,0.6114457831325302,0.0443037974683544,0.0421686746987951,0.0573827160493827
002_20200624_203120(3),0.8164556962025317,0.5873493975903614,0.0443037974683544,0.0421686746987951,0.0564291938997821
002_20200624_203120(3),0.7943037974683544,0.5933734939759037,0.0443037974683544,0.0421686746987951,0.0554901960784312
002_20200624_203120(3),0.9208860759493672,0.4939759036144578,0.0443037974683544,0.0421686746987951,0.0543435003631081
002_20200624_203120(3),0.8734177215189873,0.2138554216867469,0.0189873417721519,0.0180722891566265,0.053954248366013
002_20200624_203120(3),0.3544303797468354,0.463855421686747,0.0443037974683544,0.0421686746987951,0.0534923747276688
002_20200624_203120(3),0.8354430379746836,0.5813253012048193,0.0443037974683544,0.0421686746987951,0.0528562091503267
002_20200624_203120(3),0.6993670886075949,0.6174698795180723,0.0443037974683544,0.0421686746987951,0.0523783587509077
002_20200624_203120(3),0.9145569620253164,0.3704819277108434,0.0379746835443038,0.036144578313253,0.0523611836253239
002_20200624_203120(3),0.3734177215189873,0.5632530120481928,0.0443037974683544,0.0421686746987951,0.0513376906318082
002_20200624_203120(3),0.379746835443038,0.5843373493975904,0.0443037974683544,0.0421686746987951,0.0512716049382716
002_20200624_203123(3),0.3512658227848101,0.3463855421686747,0.0443037974683544,0.0421686746987951,0.0974829339143064
002_20200624_203123(3),0.819620253164557,0.2560240963855422,0.0443037974683544,0.0421686746987951,0.0973885257806826
002_20200624_203123(3),0.4145569620253164,0.7198795180722891,0.0443037974683544,0.0421686746987951,0.0832331154684095
002_20200624_203123(3),0.8670886075949367,0.6144578313253012,0.0443037974683544,0.0421686746987951,0.0775599128540304
002_20200624_203123(3),0.740506329113924,0.2620481927710843,0.0443037974683544,0.0421686746987951,0.071883079157589
002_20200624_203123(3),0.8860759493670886,0.3644578313253012,0.0443037974683544,0.0421686746987951,0.0691822803195352
002_20200624_203123(3),0.4841772151898734,0.4246987951807229,0.0379746835443038,0.036144578313253,0.0669457255288703
002_20200624_203123(3),0.8575949367088608,0.2650602409638554,0.0189873417721519,0.0180722891566265,0.06437575030012
002_20200624_203123(3),0.4968354430379746,0.4939759036144578,0.0443037974683544,0.0421686746987951,0.063835875090777
002_20200624_203123(3),0.5126582278481012,0.572289156626506,0.0443037974683544,0.0421686746987951,0.0638242556281771
002_20200624_203123(3),0.3291139240506329,0.4728915662650602,0.0443037974683544,0.0421686746987951,0.0601873638344226
002_20200624_203123(3),0.8765822784810127,0.3283132530120481,0.0443037974683544,0.0421686746987951,0.0571684822076978
002_20200624_203123(3),0.8892405063291139,0.572289156626506,0.0443037974683544,0.0421686746987951,0.0570965867828612
002_20200624_203123(3),0.8892405063291139,0.4277108433734939,0.0443037974683544,0.0421686746987951,0.0566724763979665
002_20200624_203123(3),0.3481012658227848,0.608433734939759,0.0443037974683544,0.0421686746987951,0.0501314451706608
002_20200624_203126(3),0.3639240506329114,0.3463855421686747,0.0443037974683544,0.0421686746987951,0.0953253449527958
002_20200624_203126(3),0.4525316455696203,0.713855421686747,0.0443037974683544,0.0421686746987951,0.0797596223674655
002_20200624_203126(3),0.8987341772151899,0.5632530120481928,0.0443037974683544,0.0421686746987951,0.0744996368917938
002_20200624_203126(3),0.8227848101265823,0.2138554216867469,0.0443037974683544,0.0421686746987951,0.0735236020334059
002_20200624_203126(3),0.5063291139240507,0.4126506024096386,0.0379746835443038,0.036144578313253,0.0685845467378272
002_20200624_203126(3),0.5221518987341772,0.4789156626506024,0.0443037974683544,0.0421686746987951,0.0682665214233841
002_20200624_203126(3),0.8987341772151899,0.3192771084337349,0.0443037974683544,0.0421686746987951,0.0675642701525054
002_20200624_203126(3),0.5411392405063291,0.5542168674698795,0.0443037974683544,0.0421686746987951,0.0664538852578068
002_20200624_203126(3),0.3481012658227848,0.4728915662650602,0.0443037974683544,0.0421686746987951,0.0555315904139433
002_20200624_203126(3),0.8639240506329114,0.2228915662650602,0.0189873417721519,0.0180722891566265,0.0530632252901159
002_20200624_203126(3),0.9082278481012658,0.3734939759036144,0.0379746835443038,0.036144578313253,0.05241158100321
002_20200624_203126(3),0.7373417721518988,0.2289156626506024,0.0443037974683544,0.0421686746987951,0.0511764705882353
002_20200624_203126(3),0.370253164556962,0.5753012048192772,0.0443037974683544,0.0421686746987951,0.0509803921568627
002_20200625_003116(4),0.5653409090909091,0.5993975903614458,0.0397727272727272,0.0421686746987951,0.0752585330428467
002_20200625_003116(4),0.5795454545454546,0.6927710843373494,0.0397727272727272,0.0421686746987951,0.0746187363834422
002_20200625_003116(4),0.8977272727272727,0.3885542168674699,0.0397727272727272,0.0421686746987951,0.0586151053013799
002_20200625_003116(4),0.4289772727272727,0.4246987951807229,0.0227272727272727,0.0240963855421686,0.0565692326313242
002_20200625_003116(4),0.4943181818181818,0.4006024096385542,0.0397727272727272,0.0421686746987951,0.0537233115468409
002_20200625_003120(7),0.5568181818181818,0.3493975903614458,0.0397727272727272,0.0421686746987951,0.0787552650689905
002_20200625_003120(7),0.5568181818181818,0.4246987951807229,0.0397727272727272,0.0421686746987951,0.0780275962236746
002_20200625_003120(7),0.5625,0.5210843373493976,0.0397727272727272,0.0421686746987951,0.0750079883805374
002_20200625_003120(7),0.8977272727272727,0.6265060240963856,0.0397727272727272,0.0421686746987951,0.0573834422657951
002_20200625_003120(7),0.90625,0.2740963855421687,0.0397727272727272,0.0421686746987951,0.0529302832244009
002_20200625_003120(7),0.4857954545454545,0.6325301204819277,0.0397727272727272,0.0421686746987951,0.0520653594771242
002_20200625_003125(4),0.5681818181818182,0.4216867469879518,0.0397727272727272,0.0421686746987951,0.0784742193173566
002_20200625_003125(4),0.5823863636363636,0.5903614457831325,0.0397727272727272,0.0421686746987951,0.0774567901234567
002_20200625_003125(4),0.5710227272727273,0.5,0.0397727272727272,0.0421686746987951,0.0729506172839506
002_20200625_003125(4),0.9204545454545454,0.6536144578313253,0.0397727272727272,0.0421686746987951,0.0570232389251997
002_20200625_003125(4),0.9090909090909092,0.3042168674698795,0.0397727272727272,0.0421686746987951,0.0538591140159767
002_20200625_003125(4),0.9602272727272728,0.394578313253012,0.0397727272727272,0.0421686746987951,0.0502164124909223
002_20200625_003130(0),0.5568181818181818,0.3493975903614458,0.0397727272727272,0.0421686746987951,0.0806920842411038
002_20200625_003130(0),0.5539772727272727,0.4246987951807229,0.0397727272727272,0.0421686746987951,0.0782941176470588
002_20200625_003130(0),0.5625,0.5210843373493976,0.0397727272727272,0.0421686746987951,0.0743587509077705
002_20200625_003130(0),0.8977272727272727,0.6144578313253012,0.0397727272727272,0.0421686746987951,0.0567523602033405
002_20200625_003130(0),0.9005681818181818,0.2620481927710843,0.0397727272727272,0.0421686746987951,0.0527327523602033
002_20200625_003130(0),0.4886363636363636,0.6355421686746988,0.0397727272727272,0.0421686746987951,0.0526209150326798
002_20200625_003134(4),0.5738636363636364,0.5843373493975904,0.0397727272727272,0.0421686746987951,0.080109658678286
002_20200625_003134(4),0.5653409090909091,0.4879518072289157,0.0397727272727272,0.0421686746987951,0.0758191721132897
002_20200625_003134(4),0.9090909090909092,0.322289156626506,0.0397727272727272,0.0421686746987951,0.0598496732026143
002_20200625_003134(4),0.9090909090909092,0.6746987951807228,0.0397727272727272,0.0421686746987951,0.0583921568627451
002_20200625_003134(4),0.4375,0.3192771084337349,0.0284090909090909,0.0301204819277108,0.0503705890069526
002_20200625_003134(4),0.8863636363636364,0.5933734939759037,0.0397727272727272,0.0421686746987951,0.0501176470588234
002_20200625_003139(0),0.5795454545454546,0.6746987951807228,0.0397727272727272,0.0421686746987951,0.0758380537400145
002_20200625_003139(0),0.5681818181818182,0.5813253012048193,0.0397727272727272,0.0421686746987951,0.0741771968046478
002_20200625_003139(0),0.5681818181818182,0.5060240963855421,0.0397727272727272,0.0421686746987951,0.0731379811183733
002_20200625_003139(0),0.90625,0.3825301204819277,0.0397727272727272,0.0421686746987951,0.0573369644153957
002_20200625_003139(0),0.4971590909090909,0.3825301204819277,0.0397727272727272,0.0421686746987951,0.052155410312273
002_20200629_082630(7),0.5397727272727273,0.4849397590361445,0.0397727272727272,0.0421686746987951,0.0761212781408859
002_20200629_082630(7),0.5625,0.5783132530120482,0.0397727272727272,0.0421686746987951,0.0728278867102396
002_20200629_082630(7),0.8494318181818182,0.2319277108433735,0.0397727272727272,0.0421686746987951,0.0594822076978939
002_20200629_082630(7),0.9176136363636364,0.3162650602409638,0.0397727272727272,0.0421686746987951,0.0536761074800289
002_20200629_082630(7),0.8409090909090909,0.322289156626506,0.0397727272727272,0.0421686746987951,0.0503986928104575
002_20200629_082639(2),0.5653409090909091,0.6746987951807228,0.0397727272727272,0.0421686746987951,0.073156862745098
002_20200629_082639(2),0.5625,0.5783132530120482,0.0397727272727272,0.0421686746987951,0.0714625998547567
002_20200629_082639(2),0.5085227272727273,0.3704819277108434,0.0397727272727272,0.0421686746987951,0.0582614379084968
002_20200629_082639(2),0.9630681818181818,0.5451807228915663,0.0397727272727272,0.0421686746987951,0.0547305737109658
002_20200629_082639(2),0.9005681818181818,0.7831325301204819,0.0397727272727272,0.0421686746987951,0.051720406681191
002_20200629_082642(2),0.5397727272727273,0.5090361445783133,0.0397727272727272,0.0421686746987951,0.0749070442992011
002_20200629_082642(2),0.5454545454545454,0.5813253012048193,0.0397727272727272,0.0421686746987951,0.0730203340595497
002_20200629_082642(2),0.5625,0.6716867469879518,0.0397727272727272,0.0421686746987951,0.0705831517792301
002_20200629_082642(2),0.8721590909090909,0.3463855421686747,0.0397727272727272,0.0421686746987951,0.0636259985475671
002_20200629_082642(2),0.4602272727272727,0.3915662650602409,0.0397727272727272,0.0421686746987951,0.0537458242556281
002_20200629_082642(2),0.9346590909090908,0.4457831325301205,0.0397727272727272,0.0421686746987951,0.0537254901960785
002_20200629_082642(2),0.8551136363636364,0.4548192771084337,0.0397727272727272,0.0421686746987951,0.0536543209876543
002_20200629_082642(2),0.5170454545454546,0.7831325301204819,0.0397727272727272,0.0421686746987951,0.0503638344226579
002_20200629_082645(4),0.5625,0.4367469879518072,0.0397727272727272,0.0421686746987951,0.0793957879448075
002_20200629_082645(4),0.5823863636363636,0.6024096385542169,0.0397727272727272,0.0421686746987951,0.0767109658678286
002_20200629_082645(4),0.5653409090909091,0.5120481927710844,0.0397727272727272,0.0421686746987951,0.0689927378358751
002_20200629_082645(4),0.8948863636363636,0.2921686746987952,0.0397727272727272,0.0421686746987951,0.062476397966594
002_20200629_082645(4),0.4857954545454545,0.3283132530120481,0.0397727272727272,0.0421686746987951,0.0539687726942628
002_20200629_082645(4),0.9573863636363636,0.3855421686746988,0.0397727272727272,0.0421686746987951,0.0529934640522875
002_20200629_082645(4),0.9261363636363636,0.6445783132530121,0.0397727272727272,0.0421686746987951,0.0517588961510529
002_20200629_082645(4),0.5284090909090909,0.7228915662650602,0.0397727272727272,0.0421686746987951,0.0501176470588235
002_20200629_082648(6),0.5681818181818182,0.5753012048192772,0.0397727272727272,0.0421686746987951,0.0787116920842411
002_20200629_082648(6),0.5482954545454546,0.4819277108433735,0.0397727272727272,0.0421686746987951,0.0761684822076978
002_20200629_082648(6),0.5426136363636364,0.4096385542168674,0.0397727272727272,0.0421686746987951,0.0760936819172113
002_20200629_082648(6),0.8778409090909091,0.2590361445783132,0.0397727272727272,0.0421686746987951,0.0609462599854757
002_20200629_082648(6),0.9346590909090908,0.3433734939759036,0.0397727272727272,0.0421686746987951,0.0513405954974581
002_20200629_082648(6),0.5142045454545454,0.6987951807228916,0.0397727272727272,0.0421686746987951,0.0504451706608568
002_20200629_082651(5),0.5795454545454546,0.4759036144578313,0.0397727272727272,0.0421686746987951,0.0805475671750182
002_20200629_082651(5),0.5738636363636364,0.6475903614457831,0.0397727272727272,0.0421686746987951,0.0768453159041394
002_20200629_082651(5),0.5738636363636364,0.5512048192771084,0.0397727272727272,0.0421686746987951,0.0760065359477124
002_20200629_082651(5),0.5255681818181818,0.3433734939759036,0.0397727272727272,0.0421686746987951,0.0574640522875817
002_20200629_082651(5),0.96875,0.5421686746987951,0.0397727272727272,0.0421686746987951,0.0540936819172113
002_20200629_082651(5),0.8948863636363636,0.5271084337349398,0.0397727272727272,0.0421686746987951,0.0508598402323892
002_20200629_082651(5),0.5,0.7409638554216867,0.0397727272727272,0.0421686746987951,0.0507182280319535
002_20200629_082651(5),0.9005681818181818,0.7771084337349398,0.0397727272727272,0.0421686746987951,0.0500261437908496
002_20200630_002731(0),0.5909090909090909,0.4698795180722891,0.0397727272727272,0.0421686746987951,0.0788307915758895
002_20200630_002731(0),0.59375,0.5512048192771084,0.0397727272727272,0.0421686746987951,0.0726114742193174
002_20200630_002731(0),0.59375,0.3975903614457831,0.0397727272727272,0.0421686746987951,0.0695482933914306
002_20200630_002731(0),0.9005681818181818,0.6837349397590361,0.0397727272727272,0.0421686746987951,0.0536986201888162
002_20200630_002731(0),0.9261363636363636,0.3283132530120481,0.0397727272727272,0.0421686746987951,0.0510450254175744
002_20200630_002735(3),0.5823863636363636,0.4698795180722891,0.0397727272727272,0.0421686746987951,0.0769506172839506
002_20200630_002735(3),0.5880681818181818,0.4006024096385542,0.034090909090909,0.036144578313253,0.0762341919016127
002_20200630_002735(3),0.5795454545454546,0.5512048192771084,0.0397727272727272,0.0421686746987951,0.0674669571532317
002_20200630_002735(3),0.8806818181818182,0.7078313253012049,0.0397727272727272,0.0421686746987951,0.0520159767610748
002_20200630_002739(8),0.5994318181818182,0.4608433734939759,0.0397727272727272,0.0421686746987951,0.0783921568627451
002_20200630_002739(8),0.6051136363636364,0.3885542168674699,0.0397727272727272,0.0421686746987951,0.0710893246187363
002_20200630_002739(8),0.59375,0.5421686746987951,0.0397727272727272,0.0421686746987951,0.0673006535947712
002_20200630_002739(8),0.8920454545454546,0.7108433734939759,0.0397727272727272,0.0421686746987951,0.0517066085693535
002_20200630_002744(3),0.5681818181818182,0.3463855421686747,0.0397727272727272,0.0421686746987951,0.0802745098039215
002_20200630_002744(3),0.5738636363636364,0.4216867469879518,0.0397727272727272,0.0421686746987951,0.0753747276688453
002_20200630_002744(3),0.5880681818181818,0.5150602409638554,0.0397727272727272,0.0421686746987951,0.0744553376906318
002_20200630_002744(3),0.9005681818181818,0.4759036144578313,0.0397727272727272,0.0421686746987951,0.0567145969498911
002_20200630_002744(3),0.9289772727272728,0.5692771084337349,0.0397727272727272,0.0421686746987951,0.0521132897603486
002_20200630_002744(3),0.5255681818181818,0.6385542168674698,0.0397727272727272,0.0421686746987951,0.0510849673202614
002_20200630_002748(7),0.5482954545454546,0.4698795180722891,0.0397727272727272,0.0421686746987951,0.0837196804647785
002_20200630_002748(7),0.5454545454545454,0.3975903614457831,0.0397727272727272,0.0421686746987951,0.0784763979665941
002_20200630_002748(7),0.5653409090909091,0.5662650602409639,0.0397727272727272,0.0421686746987951,0.0771546840958605
002_20200630_002748(7),0.90625,0.6174698795180723,0.0397727272727272,0.0421686746987951,0.0601452432824982
002_20200630_002748(7),0.8806818181818182,0.2650602409638554,0.0397727272727272,0.0421686746987951,0.0549898329702251
002_20200630_002748(7),0.8579545454545454,0.3524096385542168,0.0397727272727272,0.0421686746987951,0.05379593318809
002_20200630_002748(7),0.5,0.6837349397590361,0.0397727272727272,0.0421686746987951,0.0522287581699346
002_20200630_002748(7),0.8778409090909091,0.5301204819277109,0.0397727272727272,0.0421686746987951,0.0502846768336964
002_20200630_002753(4),0.5795454545454546,0.5240963855421686,0.0397727272727272,0.0421686746987951,0.0796826434277414
002_20200630_002753(4),0.5625,0.3554216867469879,0.0397727272727272,0.0421686746987951,0.076034132171387
002_20200630_002753(4),0.5653409090909091,0.4277108433734939,0.0397727272727272,0.0421686746987951,0.074199709513435
002_20200630_002753(4),0.9176136363636364,0.5933734939759037,0.0397727272727272,0.0421686746987951,0.058708787218591
002_20200630_002753(4),0.5142045454545454,0.6445783132530121,0.0397727272727272,0.0421686746987951,0.0544066811909949
002_20200630_123220(5),0.5823863636363636,0.7891566265060241,0.0397727272727272,0.0421686746987951,0.0782490922294844
002_20200630_123220(5),0.5596590909090909,0.6204819277108434,0.0397727272727272,0.0421686746987951,0.0782418300653594
002_20200630_123220(5),0.5653409090909091,0.6987951807228916,0.0397727272727272,0.0421686746987951,0.0694037763253449
002_20200630_123220(5),0.8835227272727273,0.4487951807228915,0.0397727272727272,0.0421686746987951,0.0524429920116195
002_20200630_123224(9),0.5795454545454546,0.4246987951807229,0.0397727272727272,0.0421686746987951,0.0796935366739288
002_20200630_123224(9),0.5823863636363636,0.5963855421686747,0.0397727272727272,0.0421686746987951,0.0787683369644153
002_20200630_123224(9),0.5767045454545454,0.5,0.0397727272727272,0.0421686746987951,0.0717777777777777
002_20200630_123224(9),0.9176136363636364,0.7018072289156626,0.0397727272727272,0.0421686746987951,0.0528126361655772
002_20200630_123224(9),0.8948863636363636,0.4457831325301205,0.0397727272727272,0.0421686746987951,0.0522069716775599
002_20200630_123224(9),0.5198863636363636,0.3042168674698795,0.0397727272727272,0.0421686746987951,0.0502817719680464
002_20200630_123229(5),0.5625,0.6807228915662651,0.0397727272727272,0.0421686746987951,0.0775686274509803
002_20200630_123229(5),0.5454545454545454,0.5873493975903614,0.0397727272727272,0.0421686746987951,0.0760145243282498
002_20200630_123229(5),0.5397727272727273,0.5120481927710844,0.0397727272727272,0.0421686746987951,0.0754088598402323
002_20200630_123229(5),0.8693181818181818,0.358433734939759,0.0397727272727272,0.0421686746987951,0.0526187363834421
002_20200630_123229(5),0.4034090909090909,0.4277108433734939,0.0284090909090909,0.0301204819277108,0.0522547862120054
002_20200630_123229(5),0.4630681818181818,0.3975903614457831,0.0397727272727272,0.0421686746987951,0.050151053013798
002_20200630_123234(0),0.5738636363636364,0.4728915662650602,0.0397727272727272,0.0421686746987951,0.0828547567175017
002_20200630_123234(0),0.5795454545454546,0.6445783132530121,0.0397727272727272,0.0421686746987951,0.0796383442265794
002_20200630_123234(0),0.5738636363636364,0.5481927710843374,0.0397727272727272,0.0421686746987951,0.0772556281771968
002_20200630_123234(0),0.96875,0.4759036144578313,0.034090909090909,0.036144578313253,0.0553968702865762
002_20200630_123234(0),0.5085227272727273,0.3493975903614458,0.0397727272727272,0.0421686746987951,0.0534509803921568
002_20200630_123234(0),0.4460227272727273,0.3704819277108434,0.0284090909090909,0.0301204819277108,0.0533096434165953
002_20200630_123234(0),0.8892045454545454,0.4759036144578313,0.0397727272727272,0.0421686746987951,0.0514168482207697
002_20200630_123238(5),0.5909090909090909,0.6144578313253012,0.0397727272727272,0.0421686746987951,0.0815185185185184
002_20200630_123238(5),0.5767045454545454,0.5210843373493976,0.0397727272727272,0.0421686746987951,0.0762142338416848
002_20200630_123238(5),0.5767045454545454,0.4427710843373494,0.0397727272727272,0.0421686746987951,0.0751517792302105
002_20200630_123238(5),0.9147727272727272,0.322289156626506,0.0397727272727272,0.0421686746987951,0.0564270152505446
002_20200630_123238(5),0.9318181818181818,0.6746987951807228,0.0397727272727272,0.0421686746987951,0.0549266521423383
002_20200630_123238(5),0.5056818181818182,0.3283132530120481,0.0397727272727272,0.0421686746987951,0.0514778503994189
002_20200630_123238(5),0.9034090909090908,0.5903614457831325,0.0397727272727272,0.0421686746987951,0.051313725490196
002_20200630_123238(5),0.9659090909090908,0.4156626506024096,0.0397727272727272,0.0421686746987951,0.0508039215686273
002_20200630_123243(0),0.5710227272727273,0.5271084337349398,0.0397727272727272,0.0421686746987951,0.0830726216412491
002_20200630_123243(0),0.5738636363636364,0.4518072289156626,0.0397727272727272,0.0421686746987951,0.0793137254901961
002_20200630_123243(0),0.5738636363636364,0.6234939759036144,0.0397727272727272,0.0421686746987951,0.0771053013798111
002_20200630_123243(0),0.5113636363636364,0.3283132530120481,0.0397727272727272,0.0421686746987951,0.0523071895424835
002_20200630_123243(0),0.9659090909090908,0.4789156626506024,0.0397727272727272,0.0421686746987951,0.0516310820624546
002_20200630_123243(0),0.9090909090909092,0.7259036144578314,0.0397727272727272,0.0421686746987951,0.0512628903413217
002_20200630_123243(0),0.8892045454545454,0.4728915662650602,0.0397727272727272,0.0421686746987951,0.0504139433551198
002_20200630_163223(6),0.5767045454545454,0.4759036144578313,0.034090909090909,0.036144578313253,0.0812965299532041
002_20200630_163223(6),0.5795454545454546,0.6234939759036144,0.0397727272727272,0.0421686746987951,0.070877269426289
002_20200630_163223(6),0.5767045454545454,0.5451807228915663,0.0397727272727272,0.0421686746987951,0.0687022512708787
002_20200630_163223(6),0.46875,0.358433734939759,0.0397727272727272,0.0421686746987951,0.055392156862745
002_20200630_163223(6),0.4147727272727273,0.3674698795180723,0.0227272727272727,0.0240963855421686,0.0502602275478091
002_20200630_163223(6),0.9034090909090908,0.6355421686746988,0.0397727272727272,0.0421686746987951,0.050037037037037
002_20200630_163227(9),0.5852272727272727,0.4337349397590361,0.034090909090909,0.036144578313253,0.0761540636964845
002_20200630_163227(9),0.5880681818181818,0.5843373493975904,0.0397727272727272,0.0421686746987951,0.0703326071169208
002_20200630_163227(9),0.5852272727272727,0.5060240963855421,0.0397727272727272,0.0421686746987951,0.0673587509077705
002_20200630_163227(9),0.4744318181818182,0.3253012048192771,0.0397727272727272,0.0421686746987951,0.0511554103122729
002_20200630_163232(4),0.5880681818181818,0.6355421686746988,0.0397727272727272,0.0421686746987951,0.0705671750181554
002_20200630_163232(4),0.5880681818181818,0.5572289156626506,0.0397727272727272,0.0421686746987951,0.0701220043572984
002_20200630_163232(4),0.5909090909090909,0.4879518072289157,0.034090909090909,0.036144578313253,0.0700748346675948
002_20200630_163232(4),0.4857954545454545,0.3644578313253012,0.0397727272727272,0.0421686746987951,0.057190994916485
002_20200630_163232(4),0.9090909090909092,0.6716867469879518,0.0397727272727272,0.0421686746987951,0.0524945533769063
002_20200630_163232(4),0.4346590909090909,0.3704819277108434,0.0227272727272727,0.0240963855421686,0.0519214475913822
002_20200630_163232(4),0.90625,0.5210843373493976,0.0397727272727272,0.0421686746987951,0.0501917211328975
002_20200630_163237(0),0.6022727272727273,0.4277108433734939,0.034090909090909,0.036144578313253,0.0730528725296824
002_20200630_163237(0),0.6051136363636364,0.5783132530120482,0.0397727272727272,0.0421686746987951,0.0705838779956426
002_20200630_163237(0),0.6022727272727273,0.4969879518072289,0.0397727272727272,0.0421686746987951,0.0677785039941902
002_20200630_163237(0),0.9147727272727272,0.6957831325301205,0.0397727272727272,0.0421686746987951,0.0529702251270879
002_20200630_163237(0),0.9261363636363636,0.5963855421686747,0.0397727272727272,0.0421686746987951,0.0513587509077704
002_20200630_163241(3),0.5909090909090909,0.5873493975903614,0.0397727272727272,0.0421686746987951,0.0751372549019608
002_20200630_163241(3),0.5852272727272727,0.4397590361445783,0.034090909090909,0.036144578313253,0.0701732122829407
002_20200630_163241(3),0.5852272727272727,0.5090361445783133,0.0397727272727272,0.0421686746987951,0.0673870733478577
002_20200630_163241(3),0.4744318181818182,0.3313253012048193,0.0397727272727272,0.0421686746987951,0.0522716049382716
002_20200630_163241(3),0.9119318181818182,0.6024096385542169,0.0397727272727272,0.0421686746987951,0.0522171387073348
002_20200630_163241(3),0.9005681818181818,0.7018072289156626,0.0397727272727272,0.0421686746987951,0.0521808278867103
002_20200630_163246(0),0.5994318181818182,0.5873493975903614,0.0397727272727272,0.0421686746987951,0.0704059549745824
002_20200630_163246(0),0.5823863636363636,0.4367469879518072,0.0397727272727272,0.0421686746987951,0.0690290486564996
002_20200630_163246(0),0.5880681818181818,0.5090361445783133,0.0397727272727272,0.0421686746987951,0.0663202614379084
002_20200630_163246(0),0.9147727272727272,0.6596385542168675,0.0397727272727272,0.0421686746987951,0.0579041394335511
002_20200630_163246(0),0.4630681818181818,0.3493975903614458,0.0397727272727272,0.0421686746987951,0.0527596223674654
002_20200701_163004(7),0.5511363636363636,0.4427710843373494,0.0397727272727272,0.0421686746987951,0.0752251270878722
002_20200701_163004(7),0.6022727272727273,0.5933734939759037,0.0397727272727272,0.0421686746987951,0.0745613652868555
002_20200701_163004(7),0.5710227272727273,0.5120481927710844,0.0397727272727272,0.0421686746987951,0.067118373275236
002_20200701_163017(3),0.5909090909090909,0.6596385542168675,0.0397727272727272,0.0421686746987951,0.0770094408133623
002_20200701_163017(3),0.5795454545454546,0.5632530120481928,0.0397727272727272,0.0421686746987951,0.0729440813362382
002_20200701_163017(3),0.5795454545454546,0.4909638554216867,0.0397727272727272,0.0421686746987951,0.072230936819172
002_20200701_163017(3),0.9119318181818182,0.3734939759036144,0.0397727272727272,0.0421686746987951,0.0620181554103122
002_20200701_163017(3),0.4488636363636363,0.3915662650602409,0.0227272727272727,0.0240963855421686,0.0592774146695715
002_20200701_163017(3),0.9232954545454546,0.7289156626506024,0.0397727272727272,0.0421686746987951,0.0525773420479302
002_20200701_163017(3),0.96875,0.4698795180722891,0.034090909090909,0.036144578313253,0.0515520458676567
002_20200701_163021(2),0.5738636363636364,0.5753012048192772,0.0397727272727272,0.0421686746987951,0.0750152505446623
002_20200701_163021(2),0.6107954545454546,0.6566265060240963,0.0397727272727272,0.0421686746987951,0.0734124909222947
002_20200701_163021(2),0.5511363636363636,0.5120481927710844,0.0397727272727272,0.0421686746987951,0.0701670297748729
002_20200701_163021(2),0.4034090909090909,0.4879518072289157,0.0227272727272727,0.0240963855421686,0.0540486564996368
002_20200701_163021(2),0.8210227272727273,0.2228915662650602,0.0397727272727272,0.0421686746987951,0.0534800290486565
002_20200701_163024(9),0.6051136363636364,0.6656626506024096,0.0397727272727272,0.0421686746987951,0.0762265795206971
002_20200701_163024(9),0.5710227272727273,0.5813253012048193,0.0397727272727272,0.0421686746987951,0.0752984749455338
002_20200701_163024(9),0.5539772727272727,0.5150602409638554,0.0397727272727272,0.0421686746987951,0.0711488743645606
002_20200701_163024(9),0.8409090909090909,0.2560240963855422,0.0397727272727272,0.0421686746987951,0.059554829339143
002_20200701_163024(9),0.40625,0.4759036144578313,0.0227272727272727,0.0240963855421686,0.0554345194868071
002_20200701_163029(1),0.5880681818181818,0.5933734939759037,0.0397727272727272,0.0421686746987951,0.0760835148874364
002_20200701_163029(1),0.5340909090909091,0.4427710843373494,0.0397727272727272,0.0421686746987951,0.0757973856209149
002_20200701_163029(1),0.5539772727272727,0.5120481927710844,0.0397727272727272,0.0421686746987951,0.0687044299201161
002_20200701_163029(1),0.8238636363636364,0.1927710843373494,0.0397727272727272,0.0421686746987951,0.0537494553376906
002_20200701_163033(0),0.5823863636363636,0.5903614457831325,0.0397727272727272,0.0421686746987951,0.0773514887436456
002_20200701_163033(0),0.5795454545454546,0.5180722891566265,0.0397727272727272,0.0421686746987951,0.0759549745824255
002_20200701_163033(0),0.5909090909090909,0.6837349397590361,0.0397727272727272,0.0421686746987951,0.0713311546840958
002_20200701_163033(0),0.9147727272727272,0.4006024096385542,0.0397727272727272,0.0421686746987951,0.0597668845315904
002_20200701_163033(0),0.4517045454545454,0.4126506024096386,0.0227272727272727,0.0240963855421686,0.0584906802227063
002_20200701_163033(0),0.96875,0.5120481927710844,0.0397727272727272,0.0421686746987951,0.0519317356572258
002_20200701_163033(0),0.5085227272727273,0.394578313253012,0.0397727272727272,0.0421686746987951,0.0507952069716775
002_20200701_163033(0),0.8920454545454546,0.5903614457831325,0.0397727272727272,0.0421686746987951,0.0504836601307189
002_20200701_203449(7),0.3955696202531645,0.3283132530120481,0.0443037974683544,0.0421686746987951,0.0949891067538126
002_20200701_203449(7),0.8354430379746836,0.7439759036144579,0.0443037974683544,0.0421686746987951,0.0832273057371096
002_20200701_203449(7),0.3670886075949367,0.7078313253012049,0.0443037974683544,0.0421686746987951,0.0777835875090777
002_20200701_203449(7),0.8734177215189873,0.3885542168674699,0.0443037974683544,0.0421686746987951,0.0762171387073348
002_20200701_203449(7),0.9113924050632912,0.4126506024096386,0.0189873417721519,0.0180722891566265,0.0717133520074695
002_20200701_203449(7),0.8639240506329114,0.7228915662650602,0.0443037974683544,0.0421686746987951,0.0690900508351488
002_20200701_203449(7),0.9113924050632912,0.4969879518072289,0.0443037974683544,0.0421686746987951,0.0680123456790123
002_20200701_203449(7),0.5031645569620253,0.5240963855421686,0.0443037974683544,0.0421686746987951,0.0667610748002904
002_20200701_203449(7),0.8069620253164557,0.3674698795180723,0.0443037974683544,0.0421686746987951,0.0661125635439361
002_20200701_203449(7),0.5,0.5993975903614458,0.0443037974683544,0.0421686746987951,0.0652498184458969
002_20200701_203449(7),0.5063291139240507,0.4548192771084337,0.0443037974683544,0.0421686746987951,0.0646412490922295
002_20200701_203449(7),0.9177215189873418,0.466867469879518,0.0189873417721519,0.0180722891566265,0.0634140322795785
002_20200701_203449(7),0.6677215189873418,0.3493975903614458,0.0443037974683544,0.0421686746987951,0.063229484386347
002_20200701_203449(7),0.7183544303797469,0.3554216867469879,0.0443037974683544,0.0421686746987951,0.0607276688453158
002_20200701_203449(7),0.5221518987341772,0.3313253012048193,0.0443037974683544,0.0421686746987951,0.0593885257806826
002_20200701_203449(7),0.9145569620253164,0.4277108433734939,0.0189873417721519,0.0180722891566265,0.0588482059490462
002_20200701_203449(7),0.9177215189873418,0.4518072289156626,0.0189873417721519,0.0180722891566265,0.0588208616780045
002_20200701_203449(7),0.3291139240506329,0.5753012048192772,0.0443037974683544,0.0421686746987951,0.0561851851851851
002_20200701_203449(7),0.8987341772151899,0.5843373493975904,0.0443037974683544,0.0421686746987951,0.0559847494553376
002_20200701_203449(7),0.3417721518987341,0.4337349397590361,0.0443037974683544,0.0421686746987951,0.05580174291939
002_20200701_203449(7),0.7626582278481012,0.75,0.0443037974683544,0.0421686746987951,0.0549339143064632
002_20200701_203449(7),0.8544303797468354,0.6536144578313253,0.0443037974683544,0.0421686746987951,0.0526608569353667
002_20200701_203449(7),0.3354430379746835,0.3343373493975903,0.0253164556962025,0.0240963855421686,0.0506505688695231
002_20200701_203449(7),0.3354430379746835,0.4728915662650602,0.0443037974683544,0.0421686746987951,0.0502788671023965
002_20200701_203454(3),0.8670886075949367,0.3313253012048193,0.0443037974683544,0.0421686746987951,0.1040900508351488
002_20200701_203454(3),0.3892405063291139,0.3795180722891566,0.0443037974683544,0.0421686746987951,0.0917654320987654
002_20200701_203454(3),0.8892405063291139,0.6927710843373494,0.0443037974683544,0.0421686746987951,0.0803529411764706
002_20200701_203454(3),0.9082278481012658,0.3433734939759036,0.0189873417721519,0.0180722891566265,0.0767947178871548
002_20200701_203454(3),0.5221518987341772,0.4759036144578313,0.0443037974683544,0.0421686746987951,0.0715766158315178
002_20200701_203454(3),0.7025316455696202,0.3343373493975903,0.0443037974683544,0.0421686746987951,0.0698380537400145
002_20200701_203454(3),0.5284810126582279,0.5451807228915663,0.0443037974683544,0.0421686746987951,0.0692106027596223
002_20200701_203454(3),0.9272151898734176,0.4337349397590361,0.0443037974683544,0.0421686746987951,0.0684546114742193
002_20200701_203454(3),0.4240506329113924,0.7530120481927711,0.0443037974683544,0.0421686746987951,0.0682069716775598
002_20200701_203454(3),0.930379746835443,0.4066265060240964,0.0189873417721519,0.0180722891566265,0.0672022142190209
002_20200701_203454(3),0.5379746835443038,0.6234939759036144,0.0443037974683544,0.0421686746987951,0.0650544662309368
002_20200701_203454(3),0.9145569620253164,0.6626506024096386,0.0443037974683544,0.0421686746987951,0.0628140885984022
002_20200701_203454(3),0.560126582278481,0.3463855421686747,0.0443037974683544,0.0421686746987951,0.0605737109658678
002_20200701_203454(3),0.9240506329113924,0.3825301204819277,0.0189873417721519,0.0180722891566265,0.0590189409096972
002_20200701_203454(3),0.3575949367088608,0.4849397590361445,0.0443037974683544,0.0421686746987951,0.0586078431372549
002_20200701_203454(3),0.9208860759493672,0.3734939759036144,0.0189873417721519,0.0180722891566265,0.0583660130718953
002_20200701_203454(3),0.9272151898734176,0.3915662650602409,0.0189873417721519,0.0180722891566265,0.0583299986661331
002_20200701_203454(3),0.9177215189873418,0.3644578313253012,0.0189873417721519,0.0180722891566265,0.0564465786314525
002_20200701_203454(3),0.3322784810126582,0.394578313253012,0.0253164556962025,0.0240963855421686,0.0537279109174534
002_20200701_203454(3),0.819620253164557,0.713855421686747,0.0443037974683544,0.0421686746987951,0.0514669571532317
002_20200701_203454(3),0.3670886075949367,0.6445783132530121,0.0443037974683544,0.0421686746987951,0.0504567901234568
002_20200701_203458(5),0.8670886075949367,0.3644578313253012,0.0443037974683544,0.0421686746987951,0.0947044299201162
002_20200701_203458(5),0.3829113924050633,0.3825301204819277,0.0443037974683544,0.0421686746987951,0.0900334059549745
002_20200701_203458(5),0.8734177215189873,0.7228915662650602,0.0443037974683544,0.0421686746987951,0.0790965867828613
002_20200701_203458(5),0.9177215189873418,0.4759036144578313,0.0443037974683544,0.0421686746987951,0.0763289760348583
002_20200701_203458(5),0.9050632911392406,0.3765060240963855,0.0189873417721519,0.0180722891566265,0.0736961451247166
002_20200701_203458(5),0.4018987341772151,0.7560240963855421,0.0443037974683544,0.0421686746987951,0.07059186637618
002_20200701_203458(5),0.5158227848101266,0.5602409638554217,0.0443037974683544,0.0421686746987951,0.0691111111111111
002_20200701_203458(5),0.509493670886076,0.4879518072289157,0.0443037974683544,0.0421686746987951,0.0678721859114016
002_20200701_203458(5),0.5221518987341772,0.6385542168674698,0.0443037974683544,0.0421686746987951,0.067241103848947
002_20200701_203458(5),0.9208860759493672,0.4277108433734939,0.0189873417721519,0.0180722891566265,0.0657296251834066
002_20200701_203458(5),0.5537974683544303,0.3614457831325301,0.0443037974683544,0.0421686746987951,0.0615315904139433
002_20200701_203458(5),0.9177215189873418,0.4156626506024096,0.0189873417721519,0.0180722891566265,0.0591316526610644
002_20200701_203458(5),0.9050632911392406,0.7018072289156626,0.0189873417721519,0.0180722891566265,0.0581452581032412
002_20200701_203458(5),0.3481012658227848,0.4849397590361445,0.0443037974683544,0.0421686746987951,0.0546659404502541
002_20200701_203458(5),0.3512658227848101,0.6475903614457831,0.0443037974683544,0.0421686746987951,0.0538997821350762
002_20200701_203458(5),0.9145569620253164,0.4036144578313253,0.0189873417721519,0.0180722891566265,0.0538388688808857
002_20200701_203458(5),0.6265822784810127,0.3554216867469879,0.0443037974683544,0.0421686746987951,0.0537734204793027
002_20200701_203458(5),0.7943037974683544,0.7409638554216867,0.0443037974683544,0.0421686746987951,0.0531655773420478
002_20200701_203458(5),0.3259493670886076,0.3975903614457831,0.0253164556962025,0.0240963855421686,0.0530137981118372
002_20200701_203458(5),0.9145569620253164,0.5632530120481928,0.0443037974683544,0.0421686746987951,0.050559186637618
002_20200701_203503(2),0.8607594936708861,0.3795180722891566,0.0443037974683544,0.0421686746987951,0.0912549019607843
002_20200701_203503(2),0.4145569620253164,0.3042168674698795,0.0443037974683544,0.0421686746987951,0.083908496732026
002_20200701_203503(2),0.8354430379746836,0.7319277108433735,0.0443037974683544,0.0421686746987951,0.0752875816993464
002_20200701_203503(2),0.9113924050632912,0.4879518072289157,0.0443037974683544,0.0421686746987951,0.0737530864197531
002_20200701_203503(2),0.4715189873417721,0.5963855421686747,0.0443037974683544,0.0421686746987951,0.0725896877269426
002_20200701_203503(2),0.4810126582278481,0.4246987951807229,0.0443037974683544,0.0421686746987951,0.0699440813362381
002_20200701_203503(2),0.7974683544303798,0.3614457831325301,0.0443037974683544,0.0421686746987951,0.0672273057371096
002_20200701_203503(2),0.7563291139240507,0.3524096385542168,0.0443037974683544,0.0421686746987951,0.0660334059549746
002_20200701_203503(2),0.6740506329113924,0.3373493975903614,0.0443037974683544,0.0421686746987951,0.0659012345679012
002_20200701_203503(2),0.6930379746835443,0.3403614457831325,0.0443037974683544,0.0421686746987951,0.065523602033406
002_20200701_203503(2),0.3860759493670886,0.6957831325301205,0.0443037974683544,0.0421686746987951,0.0654153957879448
002_20200701_203503(2),0.629746835443038,0.3283132530120481,0.0443037974683544,0.0421686746987951,0.0648068264342773
002_20200701_203503(2),0.6487341772151899,0.3313253012048193,0.0443037974683544,0.0421686746987951,0.0645257806826434
002_20200701_203503(2),0.4683544303797468,0.4969879518072289,0.0443037974683544,0.0421686746987951,0.0642672476397966
002_20200701_203503(2),0.5822784810126582,0.7228915662650602,0.0443037974683544,0.0421686746987951,0.0600965867828613
002_20200701_203503(2),0.3449367088607595,0.4216867469879518,0.0443037974683544,0.0421686746987951,0.058881626724764
002_20200701_203503(2),0.3481012658227848,0.3162650602409638,0.0253164556962025,0.0240963855421686,0.0566539578794481
002_20200701_203503(2),0.8164556962025317,0.6536144578313253,0.0443037974683544,0.0421686746987951,0.0533812636165577
002_20200701_203503(2),0.6550632911392406,0.7319277108433735,0.0443037974683544,0.0421686746987951,0.0526543209876542
002_20200701_203503(2),0.6993670886075949,0.7349397590361446,0.0443037974683544,0.0421686746987951,0.0506477850399418
002_20200701_203507(7),0.8512658227848101,0.3644578313253012,0.0443037974683544,0.0421686746987951,0.0969179375453885
002_20200701_203507(7),0.9018987341772152,0.4789156626506024,0.0443037974683544,0.0421686746987951,0.0818482207697894
002_20200701_203507(7),0.4050632911392405,0.2981927710843373,0.0443037974683544,0.0421686746987951,0.0811633986928104
002_20200701_203507(7),0.8259493670886076,0.7198795180722891,0.0443037974683544,0.0421686746987951,0.0774204793028322
002_20200701_203507(7),0.4651898734177215,0.5873493975903614,0.0443037974683544,0.0421686746987951,0.0729535221496005
002_20200701_203507(7),0.4683544303797468,0.4186746987951807,0.0443037974683544,0.0421686746987951,0.0725206971677559
002_20200701_203507(7),0.7436708860759493,0.3403614457831325,0.0443037974683544,0.0421686746987951,0.0686136528685547
002_20200701_203507(7),0.4620253164556962,0.4909638554216867,0.0443037974683544,0.0421686746987951,0.0670421205519244
002_20200701_203507(7),0.379746835443038,0.6897590361445783,0.0443037974683544,0.0421686746987951,0.0665642701525054
002_20200701_203507(7),0.7151898734177216,0.3343373493975903,0.0443037974683544,0.0421686746987951,0.0652091503267973
002_20200701_203507(7),0.6424050632911392,0.322289156626506,0.0443037974683544,0.0421686746987951,0.0651771968046478
002_20200701_203507(7),0.3354430379746835,0.3132530120481928,0.0253164556962025,0.0240963855421686,0.058536068748487
002_20200701_203507(7),0.3354430379746835,0.4156626506024096,0.0443037974683544,0.0421686746987951,0.0584342774146695
002_20200701_203507(7),0.5886075949367089,0.7168674698795181,0.0443037974683544,0.0421686746987951,0.0560871459694989
002_20200701_203507(7),0.680379746835443,0.7228915662650602,0.0443037974683544,0.0421686746987951,0.0554981844589688
002_20200701_203512(1),0.8670886075949367,0.3644578313253012,0.0443037974683544,0.0421686746987951,0.1019273783587509
002_20200701_203512(1),0.4208860759493671,0.3192771084337349,0.0443037974683544,0.0421686746987951,0.0945998547567174
002_20200701_203512(1),0.9240506329113924,0.4759036144578313,0.0443037974683544,0.0421686746987951,0.0793456790123457
002_20200701_203512(1),0.8544303797468354,0.7228915662650602,0.0443037974683544,0.0421686746987951,0.0768903413217138
002_20200701_203512(1),0.7658227848101266,0.3463855421686747,0.0443037974683544,0.0421686746987951,0.0702258533042846
002_20200701_203512(1),0.490506329113924,0.608433734939759,0.0443037974683544,0.0421686746987951,0.0690508351488743
002_20200701_203512(1),0.4873417721518987,0.4397590361445783,0.0443037974683544,0.0421686746987951,0.0690290486564996
002_20200701_203512(1),0.4145569620253164,0.7168674698795181,0.0443037974683544,0.0421686746987951,0.0676557734204793
002_20200701_203512(1),0.6613924050632911,0.3343373493975903,0.0443037974683544,0.0421686746987951,0.0669760348583878
002_20200701_203512(1),0.6867088607594937,0.3373493975903614,0.0443037974683544,0.0421686746987951,0.0660544662309368
002_20200701_203512(1),0.4841772151898734,0.5150602409638554,0.0443037974683544,0.0421686746987951,0.0650631808278866
002_20200701_203512(1),0.3575949367088608,0.4277108433734939,0.0443037974683544,0.0421686746987951,0.0619724037763253
002_20200701_203512(1),0.3512658227848101,0.3373493975903614,0.0253164556962025,0.0240963855421686,0.0615801258775115
002_20200701_203512(1),0.5917721518987342,0.3253012048192771,0.0443037974683544,0.0421686746987951,0.0610435729847495
002_20200701_203512(1),0.6518987341772152,0.7289156626506024,0.0443037974683544,0.0421686746987951,0.0606151053013797
002_20200701_203512(1),0.3544303797468354,0.4728915662650602,0.0443037974683544,0.0421686746987951,0.0559346405228757
002_20200701_203512(1),0.3449367088607595,0.5692771084337349,0.0443037974683544,0.0421686746987951,0.0518867102396513
002_20200702_002959(7),0.8639240506329114,0.3403614457831325,0.0443037974683544,0.0421686746987951,0.0967632534495279
002_20200702_002959(7),0.3892405063291139,0.3072289156626506,0.0443037974683544,0.0421686746987951,0.0825693536673928
002_20200702_002959(7),0.9050632911392406,0.466867469879518,0.0443037974683544,0.0421686746987951,0.0767022512708787
002_20200702_002959(7),0.8386075949367089,0.7018072289156626,0.0443037974683544,0.0421686746987951,0.075958605664488
002_20200702_002959(7),0.3765822784810126,0.677710843373494,0.0443037974683544,0.0421686746987951,0.0750827886710239
002_20200702_002959(7),0.9683544303797468,0.0,0.0443037974683544,0.0421686746987951,0.0724248366013071
002_20200702_002959(7),0.0284810126582278,0.0,0.0443037974683544,0.0421686746987951,0.0709477124183006
002_20200702_002959(7),0.5031645569620253,0.4849397590361445,0.0443037974683544,0.0421686746987951,0.0700544662309368
002_20200702_002959(7),0.9050632911392406,0.3644578313253012,0.0189873417721519,0.0180722891566265,0.0680252100840336
002_20200702_002959(7),0.5063291139240507,0.5632530120481928,0.0443037974683544,0.0421686746987951,0.0672904865649963
002_20200702_002959(7),0.8670886075949367,0.6746987951807228,0.0443037974683544,0.0421686746987951,0.0660631808278866
002_20200702_002959(7),0.5063291139240507,0.4156626506024096,0.0443037974683544,0.0421686746987951,0.065834422657952
002_20200702_002959(7),0.9145569620253164,0.4246987951807229,0.0189873417721519,0.0180722891566265,0.0654441776710684
002_20200702_002959(7),0.7531645569620253,0.3162650602409638,0.0443037974683544,0.0421686746987951,0.0624778503994189
002_20200702_002959(7),0.9113924050632912,0.4066265060240964,0.0189873417721519,0.0180722891566265,0.0613091903428037
002_20200702_002959(7),0.6518987341772152,0.3072289156626506,0.0443037974683544,0.0421686746987951,0.0611053013798111
002_20200702_002959(7),0.3449367088607595,0.4156626506024096,0.0443037974683544,0.0421686746987951,0.0599767610748002
002_20200702_002959(7),0.5727848101265823,0.3012048192771084,0.0443037974683544,0.0421686746987951,0.057316630355846
002_20200702_002959(7),0.490506329113924,0.2951807228915662,0.0443037974683544,0.0421686746987951,0.0567450980392156
002_20200702_002959(7),0.3354430379746835,0.5572289156626506,0.0443037974683544,0.0421686746987951,0.0535112563543935
002_20200702_002959(7),0.8259493670886076,0.0,0.0443037974683544,0.0421686746987951,0.0529614909026674
002_20200702_002959(7),0.9018987341772152,0.0,0.0443037974683544,0.0421686746987951,0.0527839604310193
002_20200702_002959(7),0.2721518987341772,0.0,0.0443037974683544,0.0421686746987951,0.0527283165518459
002_20200702_002959(7),0.3417721518987341,0.463855421686747,0.0443037974683544,0.0421686746987951,0.0526564996368917
002_20200702_002959(7),0.1867088607594936,0.0,0.0443037974683544,0.0421686746987951,0.0524774774774774
002_20200702_002959(7),0.3164556962025316,0.0,0.0443037974683544,0.0421686746987951,0.0524474474474473
002_20200702_002959(7),0.3354430379746835,0.3102409638554217,0.0253164556962025,0.0240963855421686,0.0524449285887193
002_20200702_002959(7),0.7658227848101266,0.0,0.0443037974683544,0.0421686746987951,0.0523697226638402
002_20200702_002959(7),0.5443037974683544,0.0,0.0443037974683544,0.0421686746987951,0.0523608903020667
002_20200702_002959(7),0.6265822784810127,0.0,0.0443037974683544,0.0421686746987951,0.052126832715068
002_20200702_003004(2),0.3829113924050633,0.3102409638554217,0.0443037974683544,0.0421686746987951,0.0898424110384895
002_20200702_003004(2),0.8575949367088608,0.2650602409638554,0.0443037974683544,0.0421686746987951,0.082838779956427
002_20200702_003004(2),0.8734177215189873,0.6234939759036144,0.0443037974683544,0.0421686746987951,0.0790486564996368
002_20200702_003004(2),0.4145569620253164,0.6807228915662651,0.0443037974683544,0.0421686746987951,0.0753522149600581
002_20200702_003004(2),0.9683544303797468,0.0,0.0443037974683544,0.0421686746987951,0.0737647058823529
002_20200702_003004(2),0.0284810126582278,0.0,0.0443037974683544,0.0421686746987951,0.0722222222222223
002_20200702_003004(2),0.8955696202531646,0.2771084337349397,0.0189873417721519,0.0180722891566265,0.0674309723889555
002_20200702_003004(2),0.5189873417721519,0.463855421686747,0.0443037974683544,0.0421686746987951,0.0673115468409586
002_20200702_003004(2),0.9145569620253164,0.3403614457831325,0.0189873417721519,0.0180722891566265,0.0664585834333733
002_20200702_003004(2),0.7626582278481012,0.2590361445783132,0.0443037974683544,0.0421686746987951,0.0654444444444444
002_20200702_003004(2),0.9113924050632912,0.3283132530120481,0.0189873417721519,0.0180722891566265,0.0651133786848073
002_20200702_003004(2),0.7056962025316456,0.2620481927710843,0.0443037974683544,0.0421686746987951,0.064476397966594
002_20200702_003004(2),0.5126582278481012,0.394578313253012,0.0443037974683544,0.0421686746987951,0.0637480029048656
002_20200702_003004(2),0.9113924050632912,0.3674698795180723,0.0443037974683544,0.0421686746987951,0.0620929557007988
002_20200702_003004(2),0.5253164556962026,0.5421686746987951,0.0443037974683544,0.0421686746987951,0.0620021786492375
002_20200702_003004(2),0.6582278481012658,0.2650602409638554,0.0443037974683544,0.0421686746987951,0.0608634713144516
002_20200702_003004(2),0.3512658227848101,0.4216867469879518,0.0443037974683544,0.0421686746987951,0.060229484386347
002_20200702_003004(2),0.8987341772151899,0.5903614457831325,0.0443037974683544,0.0421686746987951,0.0596782861292665
002_20200702_003004(2),0.9082278481012658,0.3162650602409638,0.0189873417721519,0.0180722891566265,0.0593690809657196
002_20200702_003004(2),0.360759493670886,0.5662650602409639,0.0443037974683544,0.0421686746987951,0.0575896877269426
002_20200702_003004(2),0.5727848101265823,0.2710843373493976,0.0443037974683544,0.0421686746987951,0.0542643427741466
002_20200702_003004(2),0.6107594936708861,0.0,0.0443037974683544,0.0421686746987951,0.0539268680445151
002_20200702_003004(2),0.4556962025316455,0.0,0.0443037974683544,0.0421686746987951,0.0538173467585231
002_20200702_003004(2),0.3544303797468354,0.4759036144578313,0.0443037974683544,0.0421686746987951,0.0532962962962962
002_20200702_003004(2),0.509493670886076,0.0,0.0443037974683544,0.0421686746987951,0.0532326444091149
002_20200702_003004(2),0.6645569620253164,0.0,0.0443037974683544,0.0421686746987951,0.0530347995053877
002_20200702_003004(2),0.5443037974683544,0.0,0.0443037974683544,0.0421686746987951,0.0529720897367956
002_20200702_003004(2),0.4873417721518987,0.2801204819277108,0.0443037974683544,0.0421686746987951,0.0528809005083515
002_20200702_003004(2),0.0949367088607595,0.0,0.0443037974683544,0.0421686746987951,0.052875816993464
002_20200702_003004(2),0.7531645569620253,0.0,0.0443037974683544,0.0421686746987951,0.0528237060590002
002_20200702_003008(7),0.3734177215189873,0.6686746987951807,0.0443037974683544,0.0421686746987951,0.0817610748002904
002_20200702_003008(7),0.3829113924050633,0.2951807228915662,0.0443037974683544,0.0421686746987951,0.0788467683369643
002_20200702_003008(7),0.8607594936708861,0.3283132530120481,0.0443037974683544,0.0421686746987951,0.0775127087872185
002_20200702_003008(7),0.8955696202531646,0.3433734939759036,0.0189873417721519,0.0180722891566265,0.0773342670401493
002_20200702_003008(7),0.8386075949367089,0.6837349397590361,0.0443037974683544,0.0421686746987951,0.0771082062454611
002_20200702_003008(7),0.5,0.4728915662650602,0.0443037974683544,0.0421686746987951,0.0737552650689905
002_20200702_003008(7),0.0284810126582278,0.0,0.0443037974683544,0.0421686746987951,0.0726862745098039
002_20200702_003008(7),0.9683544303797468,0.0,0.0443037974683544,0.0421686746987951,0.0719281045751634
002_20200702_003008(7),0.8987341772151899,0.4427710843373494,0.0443037974683544,0.0421686746987951,0.0703246187363834
002_20200702_003008(7),0.8607594936708861,0.6596385542168675,0.0443037974683544,0.0421686746987951,0.0702556281771967
002_20200702_003008(7),0.7753164556962026,0.3072289156626506,0.0443037974683544,0.0421686746987951,0.067838779956427
002_20200702_003008(7),0.5,0.5512048192771084,0.0443037974683544,0.0421686746987951,0.065753086419753
002_20200702_003008(7),0.9050632911392406,0.3975903614457831,0.0189873417721519,0.0180722891566265,0.0640089369080965
002_20200702_003008(7),0.5,0.4036144578313253,0.0443037974683544,0.0421686746987951,0.0615025417574437
002_20200702_003008(7),0.3386075949367088,0.4096385542168674,0.0443037974683544,0.0421686746987951,0.058634713144517
002_20200702_003008(7),0.3322784810126582,0.5512048192771084,0.0443037974683544,0.0421686746987951,0.0558562091503268
002_20200702_003008(7),0.9050632911392406,0.4156626506024096,0.0253164556962025,0.0240963855421686,0.0543966351972888
002_20200702_003008(7),0.4968354430379746,0.0,0.0443037974683544,0.0421686746987951,0.0533192015544956
002_20200702_003008(7),0.819620253164557,0.0,0.0443037974683544,0.0421686746987951,0.0530648295354177
002_20200702_003008(7),0.5759493670886076,0.2891566265060241,0.0443037974683544,0.0421686746987951,0.0529738562091502
002_20200702_003008(7),0.1518987341772152,0.0,0.0443037974683544,0.0421686746987951,0.0529394099982335
002_20200702_003008(7),0.3544303797468354,0.0,0.0443037974683544,0.0421686746987951,0.0528502031443208
002_20200702_003008(7),0.3164556962025316,0.0,0.0443037974683544,0.0421686746987951,0.0527574633456986
002_20200702_003008(7),0.4208860759493671,0.0,0.0443037974683544,0.0421686746987951,0.052676205617382
002_20200702_003008(7),0.2658227848101265,0.0,0.0443037974683544,0.0421686746987951,0.0525066242713301
002_20200702_003008(7),0.8765822784810127,0.0,0.0443037974683544,0.0421686746987951,0.0524960254372019
002_20200702_003008(7),0.7278481012658228,0.0,0.0443037974683544,0.0421686746987951,0.0522964140611198
002_20200702_003008(7),0.0727848101265822,0.0,0.0443037974683544,0.0421686746987951,0.0522372372372372
002_20200702_003008(7),0.9018987341772152,0.3734939759036144,0.0189873417721519,0.0180722891566265,0.0522035480859009
002_20200702_003008(7),0.2215189873417721,0.0,0.0443037974683544,0.0421686746987951,0.0516931637519872
002_20200702_003011(7),0.8512658227848101,0.2680722891566265,0.0443037974683544,0.0421686746987951,0.0866964415395788
002_20200702_003011(7),0.8164556962025317,0.6265060240963856,0.0443037974683544,0.0421686746987951,0.0767254901960784
002_20200702_003011(7),0.4683544303797468,0.4728915662650602,0.0443037974683544,0.0421686746987951,0.0765068990559186
002_20200702_003011(7),0.8987341772151899,0.3795180722891566,0.0443037974683544,0.0421686746987951,0.0747864923747277
002_20200702_003011(7),0.3765822784810126,0.5783132530120482,0.0443037974683544,0.0421686746987951,0.0745475671750182
002_20200702_003011(7),0.0284810126582278,0.0,0.0443037974683544,0.0421686746987951,0.0730784313725489
002_20200702_003011(7),0.9683544303797468,0.0,0.0443037974683544,0.0421686746987951,0.0719477124183007
002_20200702_003011(7),0.7563291139240507,0.2439759036144578,0.0443037974683544,0.0421686746987951,0.0683115468409585
002_20200702_003011(7),0.4746835443037974,0.3012048192771084,0.0443037974683544,0.0421686746987951,0.066920116194626
002_20200702_003011(7),0.4683544303797468,0.3734939759036144,0.0443037974683544,0.0421686746987951,0.0649796659404502
002_20200702_003011(7),0.3449367088607595,0.3132530120481928,0.0443037974683544,0.0421686746987951,0.0632955700798838
002_20200702_003011(7),0.6075949367088608,0.6144578313253012,0.0443037974683544,0.0421686746987951,0.060554829339143
002_20200702_003011(7),0.6867088607594937,0.6234939759036144,0.0443037974683544,0.0421686746987951,0.060238198983297
002_20200702_003011(7),0.4240506329113924,0.1897590361445783,0.0443037974683544,0.0421686746987951,0.0596434277414669
002_20200702_003011(7),0.7278481012658228,0.6265060240963856,0.0443037974683544,0.0421686746987951,0.0582091503267973
002_20200702_003011(7),0.3291139240506329,0.4246987951807229,0.0443037974683544,0.0421686746987951,0.0561532316630355
002_20200702_003011(7),0.5284810126582279,0.6054216867469879,0.0443037974683544,0.0421686746987951,0.0558721859114015
002_20200702_003011(7),0.2183544303797468,0.0,0.0443037974683544,0.0421686746987951,0.0533448154036389
002_20200702_003011(7),0.4525316455696203,0.0,0.0443037974683544,0.0421686746987951,0.0533280339162691
002_20200702_003011(7),0.509493670886076,0.0,0.0443037974683544,0.0421686746987951,0.0532547253135488
002_20200702_003011(7),0.1075949367088607,0.0,0.0443037974683544,0.0421686746987951,0.0529782723900371
002_20200702_003011(7),0.5949367088607594,0.0,0.0443037974683544,0.0421686746987951,0.0526276276276276
002_20200702_003011(7),0.8132911392405063,0.0,0.0443037974683544,0.0421686746987951,0.0524774774774774
002_20200702_003011(7),0.7753164556962026,0.0,0.0443037974683544,0.0421686746987951,0.0522001413177883
002_20200702_003011(7),0.370253164556962,0.0,0.0443037974683544,0.0421686746987951,0.0520791379614909
002_20200702_003011(7),0.6424050632911392,0.0,0.0443037974683544,0.0421686746987951,0.0519440028263557
002_20200702_003011(7),0.2626582278481013,0.0,0.0443037974683544,0.0421686746987951,0.0519024907260202
002_20200702_003011(7),0.1677215189873417,0.0,0.0443037974683544,0.0421686746987951,0.0516357534004592
002_20200702_003011(7),0.3196202531645569,0.0,0.0443037974683544,0.0421686746987951,0.0516286875110404
002_20200702_003011(7),0.740506329113924,0.0,0.0443037974683544,0.0421686746987951,0.0514626391096978
002_20200702_003016(3),0.8892405063291139,0.322289156626506,0.0443037974683544,0.0421686746987951,0.091159767610748
002_20200702_003016(3),0.930379746835443,0.4307228915662651,0.0443037974683544,0.0421686746987951,0.0808903413217138
002_20200702_003016(3),0.8481012658227848,0.6746987951807228,0.0443037974683544,0.0421686746987951,0.0748714596949891
002_20200702_003016(3),0.0284810126582278,0.0,0.0443037974683544,0.0421686746987951,0.073281045751634
002_20200702_003016(3),0.9683544303797468,0.0,0.0443037974683544,0.0421686746987951,0.0722418300653595
002_20200702_003016(3),0.4113924050632911,0.6204819277108434,0.0443037974683544,0.0421686746987951,0.0706252723311547
002_20200702_003016(3),0.5,0.4216867469879518,0.0443037974683544,0.0421686746987951,0.0685679012345679
002_20200702_003016(3),0.7974683544303798,0.2951807228915662,0.0443037974683544,0.0421686746987951,0.0682149600580972
002_20200702_003016(3),0.4556962025316455,0.2319277108433735,0.0443037974683544,0.0421686746987951,0.0673587509077705
002_20200702_003016(3),0.3860759493670886,0.3253012048192771,0.0443037974683544,0.0421686746987951,0.0666136528685548
002_20200702_003016(3),0.5063291139240507,0.3463855421686747,0.0443037974683544,0.0421686746987951,0.0665787944807553
002_20200702_003016(3),0.7151898734177216,0.6686746987951807,0.0443037974683544,0.0421686746987951,0.0663173565722584
002_20200702_003016(3),0.4968354430379746,0.5150602409638554,0.0443037974683544,0.0421686746987951,0.0628605664488017
002_20200702_003016(3),0.6677215189873418,0.6626506024096386,0.0443037974683544,0.0421686746987951,0.0621314451706608
002_20200702_003016(3),0.6930379746835443,0.2680722891566265,0.0443037974683544,0.0421686746987951,0.0603057371096587
002_20200702_003016(3),0.6107594936708861,0.6566265060240963,0.0443037974683544,0.0421686746987951,0.0583275236020333
002_20200702_003016(3),0.6455696202531646,0.2590361445783132,0.0443037974683544,0.0421686746987951,0.0569084967320262
002_20200702_003016(3),0.5063291139240507,0.641566265060241,0.0443037974683544,0.0421686746987951,0.0560450254175745
002_20200702_003016(3),0.3639240506329114,0.4397590361445783,0.0443037974683544,0.0421686746987951,0.0557436456063906
002_20200702_003016(3),0.5632911392405063,0.6506024096385542,0.0443037974683544,0.0421686746987951,0.0556485112563544
002_20200702_003016(3),0.3575949367088608,0.4789156626506024,0.0443037974683544,0.0421686746987951,0.0544662309368191
002_20200702_003016(3),0.379746835443038,0.25,0.0253164556962025,0.0240963855421686,0.053646211571048
002_20200702_003016(3),0.4683544303797468,0.0,0.0443037974683544,0.0421686746987951,0.0533262674439144
002_20200702_003016(3),0.7753164556962026,0.0,0.0443037974683544,0.0421686746987951,0.0531664016958134
002_20200702_003016(3),0.6139240506329114,0.0,0.0443037974683544,0.0421686746987951,0.0530789613142554
002_20200702_003016(3),0.9018987341772152,0.0,0.0443037974683544,0.0421686746987951,0.0530189012541953
002_20200702_003016(3),0.5822784810126582,0.0,0.0443037974683544,0.0421686746987951,0.0528828828828829
002_20200702_003016(3),0.360759493670886,0.0,0.0443037974683544,0.0421686746987951,0.0527133015368309
002_20200702_003016(3),0.8481012658227848,0.0,0.0443037974683544,0.0421686746987951,0.0526576576576576
002_20200702_003016(3),0.6835443037974683,0.0,0.0443037974683544,0.0421686746987951,0.0525808161102278
002_20200702_003020(8),0.870253164556962,0.3132530120481928,0.0443037974683544,0.0421686746987951,0.0941176470588235
002_20200702_003020(8),0.4367088607594936,0.2740963855421687,0.0443037974683544,0.0421686746987951,0.0859448075526506
002_20200702_003020(8),0.8670886075949367,0.6686746987951807,0.0443037974683544,0.0421686746987951,0.0849767610748001
002_20200702_003020(8),0.4272151898734177,0.6716867469879518,0.0443037974683544,0.0421686746987951,0.0745816993464052
002_20200702_003020(8),0.0284810126582278,0.0,0.0443037974683544,0.0421686746987951,0.0741241830065359
002_20200702_003020(8),0.9272151898734176,0.4216867469879518,0.0443037974683544,0.0421686746987951,0.0740421205519245
002_20200702_003020(8),0.9683544303797468,0.0,0.0443037974683544,0.0421686746987951,0.0734052287581699
002_20200702_003020(8),0.5031645569620253,0.5602409638554217,0.0443037974683544,0.0421686746987951,0.0710951343500363
002_20200702_003020(8),0.7626582278481012,0.2951807228915662,0.0443037974683544,0.0421686746987951,0.0699331880900508
002_20200702_003020(8),0.4968354430379746,0.466867469879518,0.0443037974683544,0.0421686746987951,0.0676441539578794
002_20200702_003020(8),0.5,0.3915662650602409,0.0443037974683544,0.0421686746987951,0.0672069716775599
002_20200702_003020(8),0.6708860759493671,0.286144578313253,0.0443037974683544,0.0421686746987951,0.0606172839506172
002_20200702_003020(8),0.6329113924050633,0.6807228915662651,0.0443037974683544,0.0421686746987951,0.0588264342774147
002_20200702_003020(8),0.3670886075949367,0.4036144578313253,0.0443037974683544,0.0421686746987951,0.0582890341321713
002_20200702_003020(8),0.6075949367088608,0.2801204819277108,0.0443037974683544,0.0421686746987951,0.0582432824981844
002_20200702_003020(8),0.360759493670886,0.3012048192771084,0.0253164556962025,0.0240963855421686,0.0574648995400629
002_20200702_003020(8),0.5759493670886076,0.6807228915662651,0.0443037974683544,0.0421686746987951,0.0561815541031227
002_20200702_003020(8),0.7246835443037974,0.6837349397590361,0.0443037974683544,0.0421686746987951,0.0555838779956426
002_20200702_003020(8),0.5569620253164557,0.0,0.0443037974683544,0.0421686746987951,0.054226285108638
002_20200702_003020(8),0.9145569620253164,0.0,0.0443037974683544,0.0421686746987951,0.0541750574103515
002_20200702_003020(8),0.1044303797468354,0.0,0.0443037974683544,0.0421686746987951,0.0540328563857975
002_20200702_003020(8),0.240506329113924,0.0,0.0443037974683544,0.0421686746987951,0.0539462992404168
002_20200702_003020(8),0.8892405063291139,0.6536144578313253,0.0126582278481012,0.0120481927710843,0.0538578431372549
002_20200702_003020(8),0.6518987341772152,0.0,0.0443037974683544,0.0421686746987951,0.0535956544780073
002_20200702_003020(8),0.1455696202531645,0.0,0.0443037974683544,0.0421686746987951,0.0535841724077018
002_20200702_003020(8),0.7658227848101266,0.0,0.0443037974683544,0.0421686746987951,0.0534861331920155
002_20200702_003020(8),0.8639240506329114,0.0,0.0443037974683544,0.0421686746987951,0.0533695460166048
002_20200702_003020(8),0.3544303797468354,0.0,0.0443037974683544,0.0421686746987951,0.0533130189012541
002_20200702_003020(8),0.2911392405063291,0.0,0.0443037974683544,0.0421686746987951,0.0530295000883236
002_20200702_003020(8),0.2025316455696202,0.0,0.0443037974683544,0.0421686746987951,0.0528298887122416
002_20200706_123239(6),0.4018987341772151,0.5632530120481928,0.0443037974683544,0.0421686746987951,0.0782505446623093
002_20200706_123239(6),0.8544303797468354,0.5903614457831325,0.0443037974683544,0.0421686746987951,0.0782323892519971
002_20200706_123239(6),0.9272151898734176,0.3313253012048193,0.0443037974683544,0.0421686746987951,0.0770806100217864
002_20200706_123239(6),0.8734177215189873,0.2289156626506024,0.0443037974683544,0.0421686746987951,0.0719092229484385
002_20200706_123239(6),0.4936708860759494,0.4487951807228915,0.0443037974683544,0.0421686746987951,0.0698148148148148
002_20200706_123239(6),0.490506329113924,0.3554216867469879,0.0443037974683544,0.0421686746987951,0.0659934640522875
002_20200706_123239(6),0.4936708860759494,0.2771084337349397,0.0443037974683544,0.0421686746987951,0.0644161220043573
002_20200706_123239(6),0.360759493670886,0.3162650602409638,0.0443037974683544,0.0421686746987951,0.0629825708061002
002_20200706_123239(6),0.7658227848101266,0.2078313253012048,0.0443037974683544,0.0421686746987951,0.0617697893972403
002_20200706_123239(6),0.3670886075949367,0.2710843373493976,0.0443037974683544,0.0421686746987951,0.0617080610021786
002_20200706_123239(6),0.7626582278481012,0.5933734939759037,0.0443037974683544,0.0421686746987951,0.0611844589687726
002_20200706_123239(6),0.3481012658227848,0.4277108433734939,0.0443037974683544,0.0421686746987951,0.0564110384894698
002_20200706_123239(6),0.5727848101265823,0.5843373493975904,0.0443037974683544,0.0421686746987951,0.0547567175018155
002_20200706_123239(6),0.439873417721519,0.1716867469879518,0.0443037974683544,0.0421686746987951,0.0547109658678285
002_20200706_123239(6),0.3512658227848101,0.3825301204819277,0.0443037974683544,0.0421686746987951,0.0530450254175744
002_20200706_123239(6),0.8386075949367089,0.4879518072289157,0.0443037974683544,0.0421686746987951,0.050757443718228
002_20200706_123239(6),0.6139240506329114,0.1867469879518072,0.0443037974683544,0.0421686746987951,0.0506434277414669
002_20200706_123239(6),0.9082278481012658,0.4728915662650602,0.0443037974683544,0.0421686746987951,0.0501895424836601
002_20200706_123239(6),0.9240506329113924,0.2650602409638554,0.0189873417721519,0.0180722891566265,0.0501540616246498
002_20200706_123242(9),0.8512658227848101,0.572289156626506,0.0443037974683544,0.0421686746987951,0.0802883079157588
002_20200706_123242(9),0.8987341772151899,0.3162650602409638,0.0443037974683544,0.0421686746987951,0.078318082788671
002_20200706_123242(9),0.4050632911392405,0.6144578313253012,0.0443037974683544,0.0421686746987951,0.0764967320261437
002_20200706_123242(9),0.4778481012658228,0.4879518072289157,0.0443037974683544,0.0421686746987951,0.0719019607843137
002_20200706_123242(9),0.8291139240506329,0.2108433734939759,0.0443037974683544,0.0421686746987951,0.0710036310820624
002_20200706_123242(9),0.4620253164556962,0.322289156626506,0.0443037974683544,0.0421686746987951,0.0697981118373275
002_20200706_123242(9),0.379746835443038,0.2289156626506024,0.0443037974683544,0.0421686746987951,0.0653500363108206
002_20200706_123242(9),0.3322784810126582,0.3313253012048193,0.0443037974683544,0.0421686746987951,0.0640806100217864
002_20200706_123242(9),0.7151898734177216,0.2078313253012048,0.0443037974683544,0.0421686746987951,0.0615039941902687
002_20200706_123242(9),0.6772151898734177,0.2048192771084337,0.0443037974683544,0.0421686746987951,0.0611082062454612
002_20200706_123242(9),0.7025316455696202,0.5963855421686747,0.0443037974683544,0.0421686746987951,0.059282498184459
002_20200706_123242(9),0.4620253164556962,0.394578313253012,0.0443037974683544,0.0421686746987951,0.0585599128540304
002_20200706_123242(9),0.3132911392405063,0.2560240963855422,0.0253164556962025,0.0240963855421686,0.0585481723553619
002_20200706_123242(9),0.6424050632911392,0.6024096385542169,0.0443037974683544,0.0421686746987951,0.0578707334785766
002_20200706_123242(9),0.3322784810126582,0.4819277108433735,0.0443037974683544,0.0421686746987951,0.0572614379084967
002_20200706_123242(9),0.5854430379746836,0.608433734939759,0.0443037974683544,0.0421686746987951,0.0550472040668119
002_20200706_123242(9),0.5632911392405063,0.6114457831325302,0.0443037974683544,0.0421686746987951,0.0532069716775599
002_20200706_123242(9),0.8259493670886076,0.4759036144578313,0.0443037974683544,0.0421686746987951,0.0522287581699346
002_20200706_123242(9),0.8765822784810127,0.5481927710843374,0.0126582278481012,0.0120481927710843,0.0517532679738562
002_20200706_123242(9),0.8860759493670886,0.25,0.0253164556962025,0.0240963855421686,0.051177075768579
002_20200706_123242(9),0.8955696202531646,0.4728915662650602,0.0443037974683544,0.0421686746987951,0.0510116194625998
002_20200706_123242(9),0.3291139240506329,0.4427710843373494,0.0443037974683544,0.0421686746987951,0.0508169934640523
002_20200706_123246(0),0.8892405063291139,0.322289156626506,0.0443037974683544,0.0421686746987951,0.0812200435729846
002_20200706_123246(0),0.3734177215189873,0.2650602409638554,0.0443037974683544,0.0421686746987951,0.0788140885984023
002_20200706_123246(0),0.4113924050632911,0.6536144578313253,0.0443037974683544,0.0421686746987951,0.077637618010167
002_20200706_123246(0),0.8544303797468354,0.5873493975903614,0.0443037974683544,0.0421686746987951,0.0763224400871459
002_20200706_123246(0),0.8227848101265823,0.2319277108433735,0.0443037974683544,0.0421686746987951,0.0710210602759622
002_20200706_123246(0),0.7436708860759493,0.2289156626506024,0.0443037974683544,0.0421686746987951,0.0682222222222222
002_20200706_123246(0),0.4556962025316455,0.3644578313253012,0.0443037974683544,0.0421686746987951,0.0677799564270152
002_20200706_123246(0),0.7088607594936709,0.2289156626506024,0.0443037974683544,0.0421686746987951,0.0677792302106028
002_20200706_123246(0),0.4620253164556962,0.4397590361445783,0.0443037974683544,0.0421686746987951,0.0666419753086419
002_20200706_123246(0),0.4778481012658228,0.5301204819277109,0.0443037974683544,0.0421686746987951,0.0649832970225126
002_20200706_123246(0),0.3512658227848101,0.3072289156626506,0.0443037974683544,0.0421686746987951,0.0612883079157589
002_20200706_123246(0),0.7088607594936709,0.6204819277108434,0.0443037974683544,0.0421686746987951,0.0588445896877269
002_20200706_123246(0),0.3259493670886076,0.4186746987951807,0.0443037974683544,0.0421686746987951,0.0585185185185185
002_20200706_123246(0),0.3259493670886076,0.3795180722891566,0.0443037974683544,0.0421686746987951,0.0566957153231662
002_20200706_123246(0),0.3037974683544304,0.3012048192771084,0.0253164556962025,0.0240963855421686,0.0565631808278867
002_20200706_123246(0),0.6518987341772152,0.6295180722891566,0.0443037974683544,0.0421686746987951,0.0563093681917212
002_20200706_123246(0),0.6107594936708861,0.6355421686746988,0.0443037974683544,0.0421686746987951,0.0552824981844589
002_20200706_123246(0),0.8734177215189873,0.2620481927710843,0.0253164556962025,0.0240963855421686,0.0552257322682159
002_20200706_123246(0),0.8924050632911392,0.4759036144578313,0.0443037974683544,0.0421686746987951,0.0541299927378359
002_20200706_123246(0),0.3291139240506329,0.4849397590361445,0.0443037974683544,0.0421686746987951,0.0527843137254902
002_20200706_123246(0),0.560126582278481,0.6445783132530121,0.0443037974683544,0.0421686746987951,0.0512193173565722
002_20200706_123251(3),0.8892405063291139,0.2710843373493976,0.0189873417721519,0.0180722891566265,0.0827904495131386
002_20200706_123251(3),0.8544303797468354,0.6174698795180723,0.0443037974683544,0.0421686746987951,0.0785177923021059
002_20200706_123251(3),0.8544303797468354,0.2590361445783132,0.0443037974683544,0.0421686746987951,0.075835875090777
002_20200706_123251(3),0.8955696202531646,0.3313253012048193,0.0443037974683544,0.0421686746987951,0.0740087145969498
002_20200706_123251(3),0.3670886075949367,0.2740963855421687,0.0443037974683544,0.0421686746987951,0.0696492374727668
002_20200706_123251(3),0.9018987341772152,0.3674698795180723,0.0443037974683544,0.0421686746987951,0.0692418300653594
002_20200706_123251(3),0.379746835443038,0.6445783132530121,0.0443037974683544,0.0421686746987951,0.0683754538852577
002_20200706_123251(3),0.4968354430379746,0.4367469879518072,0.0443037974683544,0.0421686746987951,0.0671670297748729
002_20200706_123251(3),0.4936708860759494,0.3704819277108434,0.0443037974683544,0.0421686746987951,0.06379593318809
002_20200706_123251(3),0.629746835443038,0.253012048192771,0.0443037974683544,0.0421686746987951,0.0632164124909223
002_20200706_123251(3),0.7658227848101266,0.2469879518072289,0.0443037974683544,0.0421686746987951,0.0622854030501089
002_20200706_123251(3),0.5031645569620253,0.5180722891566265,0.0443037974683544,0.0421686746987951,0.0618591140159767
002_20200706_123251(3),0.8829113924050633,0.5843373493975904,0.0443037974683544,0.0421686746987951,0.0610435729847494
002_20200706_123251(3),0.3322784810126582,0.4879518072289157,0.0443037974683544,0.0421686746987951,0.0609789397240377
002_20200706_123251(3),0.509493670886076,0.2590361445783132,0.0443037974683544,0.0421686746987951,0.0600072621641249
002_20200706_123251(3),0.8987341772151899,0.463855421686747,0.0443037974683544,0.0421686746987951,0.0598562091503267
002_20200706_123251(3),0.4430379746835443,0.2620481927710843,0.0443037974683544,0.0421686746987951,0.059238198983297
002_20200706_123251(3),0.3322784810126582,0.3765060240963855,0.0443037974683544,0.0421686746987951,0.0591060275962236
002_20200706_123251(3),0.3354430379746835,0.5421686746987951,0.0443037974683544,0.0421686746987951,0.0548540305010893
002_20200706_123251(3),0.3291139240506329,0.4246987951807229,0.0443037974683544,0.0421686746987951,0.0548264342774146
002_20200706_123254(7),0.3765822784810126,0.3102409638554217,0.0443037974683544,0.0421686746987951,0.0813456790123457
002_20200706_123254(7),0.9018987341772152,0.2680722891566265,0.0189873417721519,0.0180722891566265,0.075281445911698
002_20200706_123254(7),0.8829113924050633,0.6144578313253012,0.0443037974683544,0.0421686746987951,0.0746201888162672
002_20200706_123254(7),0.9177215189873418,0.3704819277108434,0.0443037974683544,0.0421686746987951,0.0730348583877996
002_20200706_123254(7),0.4113924050632911,0.6716867469879518,0.0443037974683544,0.0421686746987951,0.0678082788671023
002_20200706_123254(7),0.9208860759493672,0.4427710843373494,0.0443037974683544,0.0421686746987951,0.0669774872912127
002_20200706_123254(7),0.9145569620253164,0.3313253012048193,0.0443037974683544,0.0421686746987951,0.0647516339869281
002_20200706_123254(7),0.6772151898734177,0.2590361445783132,0.0443037974683544,0.0421686746987951,0.0632236746550472
002_20200706_123254(7),0.740506329113924,0.253012048192771,0.0443037974683544,0.0421686746987951,0.0629230210602759
002_20200706_123254(7),0.6360759493670886,0.2620481927710843,0.0443037974683544,0.0421686746987951,0.0624575163398693
002_20200706_123254(7),0.5253164556962026,0.2740963855421687,0.0443037974683544,0.0421686746987951,0.062435003631082
002_20200706_123254(7),0.9082278481012658,0.5813253012048193,0.0443037974683544,0.0421686746987951,0.0618315177923021
002_20200706_123254(7),0.5189873417721519,0.4608433734939759,0.0443037974683544,0.0421686746987951,0.0615468409586056
002_20200706_123254(7),0.5284810126582279,0.5391566265060241,0.0443037974683544,0.0421686746987951,0.0612919389978213
002_20200706_123254(7),0.5981012658227848,0.2650602409638554,0.0443037974683544,0.0421686746987951,0.0608903413217139
002_20200706_123254(7),0.3481012658227848,0.4246987951807229,0.0443037974683544,0.0421686746987951,0.0606630355846041
002_20200706_123254(7),0.5126582278481012,0.3885542168674699,0.0443037974683544,0.0421686746987951,0.0604328249818446
002_20200706_123254(7),0.870253164556962,0.2620481927710843,0.0443037974683544,0.0421686746987951,0.0566753812636166
002_20200706_123254(7),0.4746835443037974,0.2771084337349397,0.0443037974683544,0.0421686746987951,0.054840232389252
002_20200706_123254(7),0.3575949367088608,0.5602409638554217,0.0443037974683544,0.0421686746987951,0.0545918663761801
002_20200706_123254(7),0.7784810126582279,0.641566265060241,0.0443037974683544,0.0421686746987951,0.0538758169934639
002_20200706_123254(7),0.3512658227848101,0.4759036144578313,0.0443037974683544,0.0421686746987951,0.05319244734931
002_20200706_123254(7),0.7974683544303798,0.6385542168674698,0.0443037974683544,0.0421686746987951,0.0524386347131445
002_20200706_123258(0),0.8164556962025317,0.2891566265060241,0.0443037974683544,0.0421686746987951,0.0814030501089324
002_20200706_123258(0),0.3449367088607595,0.4066265060240964,0.0443037974683544,0.0421686746987951,0.0808954248366013
002_20200706_123258(0),0.4841772151898734,0.4849397590361445,0.0379746835443038,0.036144578313253,0.0723103269907568
002_20200706_123258(0),0.8765822784810127,0.641566265060241,0.0443037974683544,0.0421686746987951,0.0716114742193173
002_20200706_123258(0),0.6867088607594937,0.3072289156626506,0.0443037974683544,0.0421686746987951,0.067241103848947
002_20200706_123258(0),0.6075949367088608,0.3253012048192771,0.0443037974683544,0.0421686746987951,0.066760348583878
002_20200706_123258(0),0.5,0.5512048192771084,0.0443037974683544,0.0421686746987951,0.0659694989106753
002_20200706_123258(0),0.6582278481012658,0.3132530120481928,0.0443037974683544,0.0421686746987951,0.0655780682643427
002_20200706_123258(0),0.5822784810126582,0.3313253012048193,0.0443037974683544,0.0421686746987951,0.0653435003631081
002_20200706_123258(0),0.8829113924050633,0.3734939759036144,0.0443037974683544,0.0421686746987951,0.0646441539578794
002_20200706_123258(0),0.5189873417721519,0.6234939759036144,0.0443037974683544,0.0421686746987951,0.0639339143064633
002_20200706_123258(0),0.8892405063291139,0.4186746987951807,0.0443037974683544,0.0421686746987951,0.0632084241103848
002_20200706_123258(0),0.7436708860759493,0.2951807228915662,0.0443037974683544,0.0421686746987951,0.0632033405954973
002_20200706_123258(0),0.8544303797468354,0.2921686746987952,0.0189873417721519,0.0180722891566265,0.0623269307723088
002_20200706_123258(0),0.8987341772151899,0.6024096385542169,0.0443037974683544,0.0421686746987951,0.0607073347857661
002_20200706_123258(0),0.4113924050632911,0.7620481927710844,0.0443037974683544,0.0421686746987951,0.0604328249818446
002_20200706_123258(0),0.4177215189873418,0.3734939759036144,0.0443037974683544,0.0421686746987951,0.0598598402323892
002_20200706_123258(0),0.5348101265822784,0.3433734939759036,0.0443037974683544,0.0421686746987951,0.0598177196804647
002_20200706_123258(0),0.509493670886076,0.3493975903614458,0.0443037974683544,0.0421686746987951,0.0594350036310821
002_20200706_123258(0),0.8955696202531646,0.4728915662650602,0.0443037974683544,0.0421686746987951,0.0593587509077705
002_20200706_123258(0),0.439873417721519,0.3674698795180723,0.0443037974683544,0.0421686746987951,0.0586601307189542
002_20200706_123258(0),0.4651898734177215,0.3614457831325301,0.0443037974683544,0.0421686746987951,0.0583442265795206
002_20200706_123258(0),0.2879746835443038,0.4277108433734939,0.0253164556962025,0.0240963855421686,0.0515462357782619
002_20200706_123258(0),0.3259493670886076,0.5391566265060241,0.0443037974683544,0.0421686746987951,0.0507124183006535
002_20200706_123258(0),0.8670886075949367,0.3132530120481928,0.0189873417721519,0.0180722891566265,0.050108710150727
002_20200706_163436(9),0.5710227272727273,0.5602409638554217,0.034090909090909,0.036144578313253,0.079136331554318
002_20200706_163436(9),0.5852272727272727,0.6265060240963856,0.0397727272727272,0.0421686746987951,0.0717189542483659
002_20200706_163436(9),0.6022727272727273,0.7048192771084337,0.0397727272727272,0.0421686746987951,0.0675911401597675
002_20200706_163436(9),0.8778409090909091,0.3554216867469879,0.0397727272727272,0.0421686746987951,0.0628525780682642
002_20200706_163436(9),0.4488636363636363,0.4698795180722891,0.0397727272727272,0.0421686746987951,0.0581503267973856
002_20200706_163436(9),0.8835227272727273,0.466867469879518,0.0397727272727272,0.0421686746987951,0.0521989832970225
002_20200706_163440(2),0.5965909090909091,0.5451807228915663,0.034090909090909,0.036144578313253,0.0773199713810573
002_20200706_163440(2),0.5965909090909091,0.6144578313253012,0.0397727272727272,0.0421686746987951,0.0721670297748728
002_20200706_163440(2),0.5994318181818182,0.6927710843373494,0.0397727272727272,0.0421686746987951,0.0668061002178648
002_20200706_163440(2),0.4914772727272727,0.4216867469879518,0.0397727272727272,0.0421686746987951,0.0589005083514887
002_20200706_163443(1),0.5738636363636364,0.5090361445783133,0.034090909090909,0.036144578313253,0.0739412924933286
002_20200706_163443(1),0.5965909090909091,0.6506024096385542,0.0397727272727272,0.0421686746987951,0.0713267973856209
002_20200706_163443(1),0.5823863636363636,0.5753012048192772,0.0397727272727272,0.0421686746987951,0.0708838053740014
002_20200706_163443(1),0.8863636363636364,0.3343373493975903,0.0397727272727272,0.0421686746987951,0.059909949164851
002_20200706_163443(1),0.4545454545454545,0.4096385542168674,0.0397727272727272,0.0421686746987951,0.0562694262890341
002_20200706_163445(8),0.5284090909090909,0.5391566265060241,0.0397727272727272,0.0421686746987951,0.0789426289034132
002_20200706_163445(8),0.5397727272727273,0.6114457831325302,0.0397727272727272,0.0421686746987951,0.0718946986201888
002_20200706_163445(8),0.5625,0.6987951807228916,0.0397727272727272,0.0421686746987951,0.0702004357298475
002_20200706_163445(8),0.84375,0.3343373493975903,0.0397727272727272,0.0421686746987951,0.0632113289760349
002_20200706_163445(8),0.3835227272727273,0.4728915662650602,0.0284090909090909,0.0301204819277108,0.0528030495944935
002_20200706_163445(8),0.4431818181818182,0.4337349397590361,0.0397727272727272,0.0421686746987951,0.0510718954248366
002_20200706_163445(8),0.8380681818181818,0.4367469879518072,0.0397727272727272,0.0421686746987951,0.050236746550472
002_20200706_163448(8),0.5795454545454546,0.4096385542168674,0.0397727272727272,0.0421686746987951,0.0798983297022512
002_20200706_163448(8),0.5795454545454546,0.5783132530120482,0.0397727272727272,0.0421686746987951,0.0794865649963689
002_20200706_163448(8),0.5738636363636364,0.4819277108433735,0.0397727272727272,0.0421686746987951,0.0770007262164125
002_20200706_163448(8),0.9204545454545454,0.3343373493975903,0.0397727272727272,0.0421686746987951,0.0592156862745097
002_20200706_163448(8),0.9090909090909092,0.6927710843373494,0.0397727272727272,0.0421686746987951,0.0554299201161946
002_20200706_163451(8),0.5596590909090909,0.6265060240963856,0.0397727272727272,0.0421686746987951,0.0796114742193173
002_20200706_163451(8),0.5397727272727273,0.4608433734939759,0.0397727272727272,0.0421686746987951,0.0789702251270878
002_20200706_163451(8),0.5426136363636364,0.5331325301204819,0.0397727272727272,0.0421686746987951,0.0747073347857661
002_20200706_163451(8),0.875,0.3253012048192771,0.0397727272727272,0.0421686746987951,0.0649048656499637
002_20200706_163451(8),0.4034090909090909,0.3765060240963855,0.0284090909090909,0.0301204819277108,0.0541113966247655
002_20200706_163451(8),0.46875,0.3463855421686747,0.0397727272727272,0.0421686746987951,0.0538133623819898
002_20200706_163451(8),0.8636363636363636,0.4819277108433735,0.0227272727272727,0.0240963855421686,0.0521937787460663
002_20200706_163451(8),0.8977272727272727,0.6807228915662651,0.0397727272727272,0.0421686746987951,0.052084241103849
002_20200706_163451(8),0.8721590909090909,0.5963855421686747,0.0397727272727272,0.0421686746987951,0.0516492374727668
002_20200707_043323(4),0.5767045454545454,0.4578313253012048,0.034090909090909,0.036144578313253,0.0750976524732181
002_20200707_043323(4),0.5880681818181818,0.5240963855421686,0.0397727272727272,0.0421686746987951,0.0724669571532316
002_20200707_043323(4),0.6022727272727273,0.5993975903614458,0.0397727272727272,0.0421686746987951,0.0706550472040668
002_20200707_043323(4),0.4517045454545454,0.3734939759036144,0.0397727272727272,0.0421686746987951,0.052710239651416
002_20200707_043323(4),0.8835227272727273,0.2740963855421687,0.0397727272727272,0.0421686746987951,0.0510479302832243
002_20200707_043327(5),0.6022727272727273,0.4126506024096386,0.034090909090909,0.036144578313253,0.0723799406350311
002_20200707_043327(5),0.6022727272727273,0.4789156626506024,0.0397727272727272,0.0421686746987951,0.0710980392156863
002_20200707_043327(5),0.6051136363636364,0.5572289156626506,0.0397727272727272,0.0421686746987951,0.0696623093681917
002_20200707_043327(5),0.96875,0.3343373493975903,0.0170454545454545,0.0180722891566265,0.0523696145124716
002_20200707_043331(4),0.5823863636363636,0.5120481927710844,0.034090909090909,0.036144578313253,0.0759425639091928
002_20200707_043331(4),0.59375,0.6596385542168675,0.0397727272727272,0.0421686746987951,0.0735846042120551
002_20200707_043331(4),0.5852272727272727,0.5813253012048193,0.0397727272727272,0.0421686746987951,0.0709237472766884
002_20200707_043331(4),0.46875,0.3975903614457831,0.0397727272727272,0.0421686746987951,0.0572461873638343
002_20200707_043331(4),0.9090909090909092,0.3825301204819277,0.0397727272727272,0.0421686746987951,0.0535047204066811
002_20200707_083236(0),0.8449367088607594,0.6656626506024096,0.0443037974683544,0.0421686746987951,0.0904451706608569
002_20200707_083236(0),0.8575949367088608,0.3102409638554217,0.0443037974683544,0.0421686746987951,0.0852171387073348
002_20200707_083236(0),0.3924050632911392,0.6536144578313253,0.0443037974683544,0.0421686746987951,0.0757835875090776
002_20200707_083236(0),0.9145569620253164,0.4216867469879518,0.0443037974683544,0.0421686746987951,0.0749549745824255
002_20200707_083236(0),0.4145569620253164,0.2620481927710843,0.0443037974683544,0.0421686746987951,0.0747908496732026
002_20200707_083236(0),0.4810126582278481,0.5451807228915663,0.0443037974683544,0.0421686746987951,0.070440813362382
002_20200707_083236(0),0.4810126582278481,0.3734939759036144,0.0443037974683544,0.0421686746987951,0.0698779956427015
002_20200707_083236(0),0.4746835443037974,0.4487951807228915,0.0443037974683544,0.0421686746987951,0.0641227305737109
002_20200707_083236(0),0.75,0.286144578313253,0.0443037974683544,0.0421686746987951,0.0624952795933187
002_20200707_083236(0),0.3481012658227848,0.3704819277108434,0.0443037974683544,0.0421686746987951,0.0586412490922294
002_20200707_083236(0),0.6044303797468354,0.2680722891566265,0.0443037974683544,0.0421686746987951,0.0578111837327524
002_20200707_083236(0),0.3354430379746835,0.4819277108433735,0.0443037974683544,0.0421686746987951,0.0573892519970951
002_20200707_083236(0),0.7056962025316456,0.6746987951807228,0.0443037974683544,0.0421686746987951,0.0511779230210603
002_20200707_083236(0),0.3386075949367088,0.2771084337349397,0.0316455696202531,0.0301204819277108,0.0506524372834532
002_20200707_083236(0),0.3417721518987341,0.4186746987951807,0.0443037974683544,0.0421686746987951,0.0505286855482934
002_20200707_083240(0),0.8512658227848101,0.3463855421686747,0.0443037974683544,0.0421686746987951,0.0848104575163399
002_20200707_083240(0),0.9018987341772152,0.466867469879518,0.0443037974683544,0.0421686746987951,0.0847487291212781
002_20200707_083240(0),0.819620253164557,0.7078313253012049,0.0443037974683544,0.0421686746987951,0.080355119825708
002_20200707_083240(0),0.4177215189873418,0.2650602409638554,0.0443037974683544,0.0421686746987951,0.0785301379811183
002_20200707_083240(0),0.4651898734177215,0.5542168674698795,0.0443037974683544,0.0421686746987951,0.0755628177196804
002_20200707_083240(0),0.3734177215189873,0.6566265060240963,0.0443037974683544,0.0421686746987951,0.0736862745098038
002_20200707_083240(0),0.4746835443037974,0.3825301204819277,0.0443037974683544,0.0421686746987951,0.0668511256354393
002_20200707_083240(0),0.7468354430379747,0.3192771084337349,0.0443037974683544,0.0421686746987951,0.066473493100944
002_20200707_083240(0),0.4620253164556962,0.4608433734939759,0.0443037974683544,0.0421686746987951,0.0641343500363108
002_20200707_083240(0),0.7183544303797469,0.7048192771084337,0.0443037974683544,0.0421686746987951,0.0605693536673928
002_20200707_083240(0),0.3417721518987341,0.3704819277108434,0.0443037974683544,0.0421686746987951,0.0605381263616557
002_20200707_083240(0),0.6740506329113924,0.7018072289156626,0.0443037974683544,0.0421686746987951,0.05839070442992
002_20200707_083240(0),0.3227848101265823,0.4789156626506024,0.0443037974683544,0.0421686746987951,0.0559847494553376
002_20200707_083240(0),0.5822784810126582,0.286144578313253,0.0443037974683544,0.0421686746987951,0.0520842411038489
002_20200707_083240(0),0.3386075949367088,0.2740963855421687,0.0316455696202531,0.0301204819277108,0.0515946323432954
002_20200707_083246(1),0.8512658227848101,0.3343373493975903,0.0443037974683544,0.0421686746987951,0.0955039941902687
002_20200707_083246(1),0.8481012658227848,0.6957831325301205,0.0443037974683544,0.0421686746987951,0.086679012345679
002_20200707_083246(1),0.9113924050632912,0.4427710843373494,0.0443037974683544,0.0421686746987951,0.081835875090777
002_20200707_083246(1),0.3987341772151899,0.6927710843373494,0.0443037974683544,0.0421686746987951,0.0750551924473493
002_20200707_083246(1),0.4050632911392405,0.3012048192771084,0.0443037974683544,0.0421686746987951,0.0727073347857662
002_20200707_083246(1),0.4746835443037974,0.4879518072289157,0.0443037974683544,0.0421686746987951,0.0717915758896151
002_20200707_083246(1),0.7183544303797469,0.3162650602409638,0.0443037974683544,0.0421686746987951,0.0707291212781408
002_20200707_083246(1),0.4746835443037974,0.4126506024096386,0.0443037974683544,0.0421686746987951,0.0704771241830065
002_20200707_083246(1),0.4810126582278481,0.5843373493975904,0.0443037974683544,0.0421686746987951,0.0696521423384168
002_20200707_083246(1),0.3354430379746835,0.3192771084337349,0.0316455696202531,0.0301204819277108,0.0576220570872977
002_20200707_083246(1),0.3417721518987341,0.4216867469879518,0.0443037974683544,0.0421686746987951,0.0563456790123456
002_20200707_083246(1),0.5822784810126582,0.3042168674698795,0.0443037974683544,0.0421686746987951,0.0560406681190995
002_20200707_083246(1),0.6613924050632911,0.7048192771084337,0.0443037974683544,0.0421686746987951,0.0530472040668119
002_20200707_083246(1),0.5759493670886076,0.7048192771084337,0.0443037974683544,0.0421686746987951,0.0529876543209876
002_20200707_083246(1),0.3354430379746835,0.5602409638554217,0.0443037974683544,0.0421686746987951,0.0516644880174292
002_20200707_083250(0),0.370253164556962,0.3765060240963855,0.0443037974683544,0.0421686746987951,0.0904829339143064
002_20200707_083250(0),0.8386075949367089,0.2590361445783132,0.0443037974683544,0.0421686746987951,0.0736056644880174
002_20200707_083250(0),0.8987341772151899,0.6114457831325302,0.0443037974683544,0.0421686746987951,0.0723710965867828
002_20200707_083250(0),0.5063291139240507,0.4608433734939759,0.0379746835443038,0.036144578313253,0.0704253200293924
002_20200707_083250(0),0.5443037974683544,0.6024096385542169,0.0443037974683544,0.0421686746987951,0.0668155410312273
002_20200707_083250(0),0.9082278481012658,0.3674698795180723,0.0443037974683544,0.0421686746987951,0.0658707334785766
002_20200707_083250(0),0.9208860759493672,0.5692771084337349,0.0443037974683544,0.0421686746987951,0.0652628903413216
002_20200707_083250(0),0.9177215189873418,0.4307228915662651,0.0443037974683544,0.0421686746987951,0.0627400145243282
002_20200707_083250(0),0.5221518987341772,0.5271084337349398,0.0443037974683544,0.0421686746987951,0.0606615831517792
002_20200707_083250(0),0.439873417721519,0.7379518072289156,0.0443037974683544,0.0421686746987951,0.0604872912127814
002_20200707_083250(0),0.9050632911392406,0.3403614457831325,0.0443037974683544,0.0421686746987951,0.0594604212055191
002_20200707_083250(0),0.3132911392405063,0.4066265060240964,0.0253164556962025,0.0240963855421686,0.0504024449285887
002_20200707_083254(0),0.4525316455696203,0.2710843373493976,0.0443037974683544,0.0421686746987951,0.0781786492374727
002_20200707_083254(0),0.360759493670886,0.6385542168674698,0.0443037974683544,0.0421686746987951,0.0766397966594045
002_20200707_083254(0),0.8164556962025317,0.7771084337349398,0.0443037974683544,0.0421686746987951,0.0751343500363107
002_20200707_083254(0),0.930379746835443,0.5602409638554217,0.0443037974683544,0.0421686746987951,0.0734705882352941
002_20200707_083254(0),0.5253164556962026,0.4819277108433735,0.0443037974683544,0.0421686746987951,0.0695185185185185
002_20200707_083254(0),0.8512658227848101,0.7560240963855421,0.0443037974683544,0.0421686746987951,0.0683594771241829
002_20200707_083254(0),0.9430379746835444,0.4698795180722891,0.0189873417721519,0.0180722891566265,0.0669107643057222
002_20200707_083254(0),0.5126582278481012,0.5602409638554217,0.0443037974683544,0.0421686746987951,0.0662839506172839
002_20200707_083254(0),0.9113924050632912,0.4367469879518072,0.0443037974683544,0.0421686746987951,0.0657349310094407
002_20200707_083254(0),0.5379746835443038,0.4126506024096386,0.0443037974683544,0.0421686746987951,0.064078431372549
002_20200707_083254(0),0.3481012658227848,0.4819277108433735,0.0443037974683544,0.0421686746987951,0.0572185911401597
002_20200707_083254(0),0.9462025316455696,0.5060240963855421,0.0189873417721519,0.0180722891566265,0.0558763505402159
002_20200707_083254(0),0.9462025316455696,0.5210843373493976,0.0189873417721519,0.0180722891566265,0.0540102707749767
002_20200707_083258(1),0.8386075949367089,0.7228915662650602,0.0443037974683544,0.0421686746987951,0.0833769063180828
002_20200707_083258(1),0.370253164556962,0.6536144578313253,0.0443037974683544,0.0421686746987951,0.079671750181554
002_20200707_083258(1),0.8924050632911392,0.3704819277108434,0.0443037974683544,0.0421686746987951,0.0773129992737835
002_20200707_083258(1),0.5158227848101266,0.4759036144578313,0.0443037974683544,0.0421686746987951,0.0744495279593318
002_20200707_083258(1),0.4208860759493671,0.2801204819277108,0.0443037974683544,0.0421686746987951,0.0732018881626724
002_20200707_083258(1),0.9272151898734176,0.4879518072289157,0.0443037974683544,0.0421686746987951,0.0704531590413943
002_20200707_083258(1),0.5126582278481012,0.5572289156626506,0.0443037974683544,0.0421686746987951,0.0679549745824255
002_20200707_083258(1),0.9367088607594936,0.4608433734939759,0.0189873417721519,0.0180722891566265,0.0659630518874216
002_20200707_083258(1),0.5221518987341772,0.4066265060240964,0.0443037974683544,0.0421686746987951,0.065880174291939
002_20200707_083258(1),0.9335443037974684,0.4337349397590361,0.0189873417721519,0.0180722891566265,0.0655748966253167
002_20200707_083258(1),0.8670886075949367,0.7018072289156626,0.0443037974683544,0.0421686746987951,0.0654880174291938
002_20200707_083258(1),0.9272151898734176,0.3915662650602409,0.0189873417721519,0.0180722891566265,0.0633740162731759
002_20200707_083258(1),0.9367088607594936,0.4487951807228915,0.0189873417721519,0.0180722891566265,0.0627564359076963
002_20200707_083258(1),0.9335443037974684,0.4156626506024096,0.0189873417721519,0.0180722891566265,0.0617160197412297
002_20200707_083258(1),0.8291139240506329,0.3403614457831325,0.0443037974683544,0.0421686746987951,0.0594204793028322
002_20200707_083258(1),0.7183544303797469,0.3192771084337349,0.0443037974683544,0.0421686746987951,0.0582810457516339
002_20200707_083258(1),0.3449367088607595,0.4879518072289157,0.0443037974683544,0.0421686746987951,0.0566485112563543
002_20200707_083258(1),0.7563291139240507,0.7259036144578314,0.0443037974683544,0.0421686746987951,0.052634713144517
002_20200707_083258(1),0.7151898734177216,0.7228915662650602,0.0443037974683544,0.0421686746987951,0.0506310820624545
002_20200708_123746(2),0.5852272727272727,0.4457831325301205,0.0397727272727272,0.0421686746987951,0.0731735657225853
002_20200708_123746(2),0.59375,0.5963855421686747,0.0397727272727272,0.0421686746987951,0.073
002_20200708_123746(2),0.5852272727272727,0.5180722891566265,0.0397727272727272,0.0421686746987951,0.0672185911401598
002_20200708_123746(2),0.4715909090909091,0.3373493975903614,0.0397727272727272,0.0421686746987951,0.0515141612200436
002_20200708_123750(2),0.5880681818181818,0.641566265060241,0.0397727272727272,0.0421686746987951,0.0696492374727668
002_20200708_123750(2),0.5795454545454546,0.4909638554216867,0.034090909090909,0.036144578313253,0.0692047849711876
002_20200708_123750(2),0.5823863636363636,0.5602409638554217,0.0397727272727272,0.0421686746987951,0.0667901234567901
002_20200708_123750(2),0.46875,0.3765060240963855,0.0397727272727272,0.0421686746987951,0.0547044299201161
002_20200708_123754(3),0.5965909090909091,0.5301204819277109,0.0397727272727272,0.0421686746987951,0.0711815541031227
002_20200708_123754(3),0.5880681818181818,0.3795180722891566,0.0397727272727272,0.0421686746987951,0.0706209150326797
002_20200708_123754(3),0.5909090909090909,0.4487951807228915,0.0397727272727272,0.0421686746987951,0.0683013798111837
002_20200708_123754(3),0.4857954545454545,0.6626506024096386,0.0397727272727272,0.0421686746987951,0.0535591866376179
002_20200708_123800(1),0.5625,0.3704819277108434,0.0397727272727272,0.0421686746987951,0.0800413943355119
002_20200708_123800(1),0.5539772727272727,0.4457831325301205,0.0397727272727272,0.0421686746987951,0.0767087872185911
002_20200708_123800(1),0.5539772727272727,0.5391566265060241,0.0397727272727272,0.0421686746987951,0.0756935366739288
002_20200708_123800(1),0.8806818181818182,0.6867469879518072,0.0397727272727272,0.0421686746987951,0.0578649237472767
002_20200708_123800(1),0.9517045454545454,0.4518072289156626,0.0397727272727272,0.0421686746987951,0.0517763253449527
002_20200708_123804(2),0.5625,0.4698795180722891,0.0397727272727272,0.0421686746987951,0.083961510530138
002_20200708_123804(2),0.5681818181818182,0.6385542168674698,0.0397727272727272,0.0421686746987951,0.0776877269426288
002_20200708_123804(2),0.5596590909090909,0.5421686746987951,0.0397727272727272,0.0421686746987951,0.0766310820624546
002_20200708_123804(2),0.4971590909090909,0.3463855421686747,0.0397727272727272,0.0421686746987951,0.0541118373275236
002_20200708_123804(2),0.9147727272727272,0.7198795180722891,0.0397727272727272,0.0421686746987951,0.0521837327523602
002_20200708_123804(2),0.8778409090909091,0.4728915662650602,0.0397727272727272,0.0421686746987951,0.0518852578068263
002_20200708_123804(2),0.9545454545454546,0.4728915662650602,0.0397727272727272,0.0421686746987951,0.0512636165577342
002_20200708_123808(2),0.5568181818181818,0.4698795180722891,0.0397727272727272,0.0421686746987951,0.0842113289760348
002_20200708_123808(2),0.5710227272727273,0.6385542168674698,0.0397727272727272,0.0421686746987951,0.0786855482933914
002_20200708_123808(2),0.5596590909090909,0.5451807228915663,0.0397727272727272,0.0421686746987951,0.0764843863471314
002_20200708_123808(2),0.4857954545454545,0.3554216867469879,0.0397727272727272,0.0421686746987951,0.0540457516339869
002_20200708_123808(2),0.8721590909090909,0.5271084337349398,0.0397727272727272,0.0421686746987951,0.0538184458968772
002_20200708_123808(2),0.9232954545454546,0.6867469879518072,0.0397727272727272,0.0421686746987951,0.051034132171387
002_20200708_163937(6),0.8544303797468354,0.3102409638554217,0.0443037974683544,0.0421686746987951,0.0926913580246913
002_20200708_163937(6),0.8639240506329114,0.6686746987951807,0.0443037974683544,0.0421686746987951,0.0841670297748728
002_20200708_163937(6),0.9177215189873418,0.4186746987951807,0.0443037974683544,0.0421686746987951,0.0769063180827886
002_20200708_163937(6),0.4145569620253164,0.6867469879518072,0.0443037974683544,0.0421686746987951,0.073116920842411
002_20200708_163937(6),0.4082278481012658,0.2951807228915662,0.0443037974683544,0.0421686746987951,0.0720791575889615
002_20200708_163937(6),0.490506329113924,0.5753012048192772,0.0443037974683544,0.0421686746987951,0.0717966594045025
002_20200708_163937(6),0.7753164556962026,0.3012048192771084,0.0443037974683544,0.0421686746987951,0.0716267247639796
002_20200708_163937(6),0.740506329113924,0.2981927710843373,0.0443037974683544,0.0421686746987951,0.0696397966594045
002_20200708_163937(6),0.4810126582278481,0.4066265060240964,0.0443037974683544,0.0421686746987951,0.0682396514161219
002_20200708_163937(6),0.4810126582278481,0.4819277108433735,0.0443037974683544,0.0421686746987951,0.0676013071895424
002_20200708_163937(6),0.6518987341772152,0.2921686746987952,0.0443037974683544,0.0421686746987951,0.0623848946986201
002_20200708_163937(6),0.3481012658227848,0.4186746987951807,0.0443037974683544,0.0421686746987951,0.0572447349310093
002_20200708_163937(6),0.5822784810126582,0.6897590361445783,0.0443037974683544,0.0421686746987951,0.0545773420479302
002_20200708_163937(6),0.3386075949367088,0.3162650602409638,0.0316455696202531,0.0301204819277108,0.0530009800063276
002_20200708_163937(6),0.9335443037974684,0.4789156626506024,0.0126582278481012,0.0120481927710843,0.0514297385620915
002_20200708_163941(4),0.879746835443038,0.3403614457831325,0.0443037974683544,0.0421686746987951,0.0886296296296296
002_20200708_163941(4),0.8386075949367089,0.6987951807228916,0.0443037974683544,0.0421686746987951,0.084554829339143
002_20200708_163941(4),0.930379746835443,0.4698795180722891,0.0443037974683544,0.0421686746987951,0.0777262164124909
002_20200708_163941(4),0.3892405063291139,0.6174698795180723,0.0443037974683544,0.0421686746987951,0.0682512708787218
002_20200708_163941(4),0.4873417721518987,0.5210843373493976,0.0443037974683544,0.0421686746987951,0.066281045751634
002_20200708_163941(4),0.3765822784810126,0.3283132530120481,0.0443037974683544,0.0421686746987951,0.0658816267247639
002_20200708_163941(4),0.8259493670886076,0.322289156626506,0.0443037974683544,0.0421686746987951,0.0653631082062454
002_20200708_163941(4),0.490506329113924,0.4277108433734939,0.0443037974683544,0.0421686746987951,0.0648097312999273
002_20200708_163941(4),0.8037974683544303,0.3162650602409638,0.0443037974683544,0.0421686746987951,0.0642883079157588
002_20200708_163941(4),0.5063291139240507,0.3524096385542168,0.0443037974683544,0.0421686746987951,0.0642730573710965
002_20200708_163941(4),0.4556962025316455,0.2349397590361445,0.0443037974683544,0.0421686746987951,0.0619615105301379
002_20200708_163941(4),0.6329113924050633,0.2680722891566265,0.0443037974683544,0.0421686746987951,0.0578111837327523
002_20200708_163941(4),0.5253164556962026,0.2439759036144578,0.0443037974683544,0.0421686746987951,0.0573079157588961
002_20200708_163941(4),0.5474683544303798,0.25,0.0443037974683544,0.0421686746987951,0.0572222222222221
002_20200708_163941(4),0.6645569620253164,0.2771084337349397,0.0443037974683544,0.0421686746987951,0.0566354393609295
002_20200708_163941(4),0.3449367088607595,0.4789156626506024,0.0443037974683544,0.0421686746987951,0.0544146695715323
002_20200708_163941(4),0.7088607594936709,0.2891566265060241,0.0443037974683544,0.0421686746987951,0.054392156862745
002_20200708_163941(4),0.6867088607594937,0.2831325301204819,0.0443037974683544,0.0421686746987951,0.0533202614379084
002_20200708_163941(4),0.3512658227848101,0.4337349397590361,0.0443037974683544,0.0421686746987951,0.0521830065359477
002_20200708_163945(4),0.8164556962025317,0.3072289156626506,0.0443037974683544,0.0421686746987951,0.0942185911401597
002_20200708_163945(4),0.3734177215189873,0.3644578313253012,0.0443037974683544,0.0421686746987951,0.0877436456063906
002_20200708_163945(4),0.8924050632911392,0.4096385542168674,0.0443037974683544,0.0421686746987951,0.0820203340595497
002_20200708_163945(4),0.8670886075949367,0.6626506024096386,0.0443037974683544,0.0421686746987951,0.0808039215686274
002_20200708_163945(4),0.7025316455696202,0.3162650602409638,0.0443037974683544,0.0421686746987951,0.0773420479302832
002_20200708_163945(4),0.4620253164556962,0.4698795180722891,0.0443037974683544,0.0421686746987951,0.0736122004357298
002_20200708_163945(4),0.5886075949367089,0.3283132530120481,0.0443037974683544,0.0421686746987951,0.0698162672476398
002_20200708_163945(4),0.490506329113924,0.6355421686746988,0.0443037974683544,0.0421686746987951,0.0681256354393609
002_20200708_163945(4),0.5537974683544303,0.3313253012048193,0.0443037974683544,0.0421686746987951,0.0673848946986201
002_20200708_163945(4),0.4335443037974683,0.7530120481927711,0.0443037974683544,0.0421686746987951,0.0666397966594045
002_20200708_163945(4),0.4683544303797468,0.5451807228915663,0.0443037974683544,0.0421686746987951,0.0639876543209876
002_20200708_163945(4),0.3291139240506329,0.4819277108433735,0.0443037974683544,0.0421686746987951,0.0584299201161946
002_20200708_163945(4),0.7848101265822784,0.6897590361445783,0.0443037974683544,0.0421686746987951,0.0562258533042846
002_20200708_163945(4),0.3069620253164557,0.394578313253012,0.0253164556962025,0.0240963855421686,0.055013919147906
002_20200708_163945(4),0.5854430379746836,0.7319277108433735,0.0443037974683544,0.0421686746987951,0.052155410312273
002_20200708_163945(4),0.870253164556962,0.3283132530120481,0.0189873417721519,0.0180722891566265,0.050953714819261
002_20200708_163945(4),0.9018987341772152,0.5542168674698795,0.0443037974683544,0.0421686746987951,0.0506877269426289
002_20200708_163949(4),0.8734177215189873,0.3343373493975903,0.0443037974683544,0.0421686746987951,0.0956318082788671
002_20200708_163949(4),0.3955696202531645,0.3343373493975903,0.0443037974683544,0.0421686746987951,0.0915294117647059
002_20200708_163949(4),0.3987341772151899,0.7108433734939759,0.0443037974683544,0.0421686746987951,0.0746136528685548
002_20200708_163949(4),0.9145569620253164,0.3524096385542168,0.0189873417721519,0.0180722891566265,0.0732933173269307
002_20200708_163949(4),0.870253164556962,0.6987951807228916,0.0443037974683544,0.0421686746987951,0.0709077705156136
002_20200708_163949(4),0.9240506329113924,0.4728915662650602,0.0443037974683544,0.0421686746987951,0.0698184458968772
002_20200708_163949(4),0.8987341772151899,0.6686746987951807,0.0443037974683544,0.0421686746987951,0.0645795206971677
002_20200708_163949(4),0.5189873417721519,0.5120481927710844,0.0443037974683544,0.0421686746987951,0.060962962962963
002_20200708_163949(4),0.680379746835443,0.3192771084337349,0.0443037974683544,0.0421686746987951,0.0608707334785766
002_20200708_163949(4),0.5221518987341772,0.5933734939759037,0.0443037974683544,0.0421686746987951,0.0586666666666666
002_20200708_163949(4),0.5158227848101266,0.4397590361445783,0.0443037974683544,0.0421686746987951,0.0586325344952795
002_20200708_163949(4),0.9240506329113924,0.3795180722891566,0.0189873417721519,0.0180722891566265,0.056267173536081
002_20200708_163949(4),0.3512658227848101,0.466867469879518,0.0443037974683544,0.0421686746987951,0.0558460421205519
002_20200708_163949(4),0.3512658227848101,0.5602409638554217,0.0443037974683544,0.0421686746987951,0.0543616557734205
002_20200708_163949(4),0.3575949367088608,0.4277108433734939,0.0443037974683544,0.0421686746987951,0.0506085693536674
002_20200708_163949(4),0.879746835443038,0.5963855421686747,0.0443037974683544,0.0421686746987951,0.0504357298474945
002_20200708_163953(3),0.3955696202531645,0.322289156626506,0.0443037974683544,0.0421686746987951,0.0905831517792301
002_20200708_163953(3),0.870253164556962,0.3915662650602409,0.0443037974683544,0.0421686746987951,0.0833500363108206
002_20200708_163953(3),0.9113924050632912,0.4186746987951807,0.0189873417721519,0.0180722891566265,0.0832726423902894
002_20200708_163953(3),0.360759493670886,0.6957831325301205,0.0443037974683544,0.0421686746987951,0.0778750907770515
002_20200708_163953(3),0.4651898734177215,0.3192771084337349,0.0443037974683544,0.0421686746987951,0.0705911401597675
002_20200708_163953(3),0.8322784810126582,0.7469879518072289,0.0443037974683544,0.0421686746987951,0.0678692810457515
002_20200708_163953(3),0.8575949367088608,0.7289156626506024,0.0443037974683544,0.0421686746987951,0.0665984023238925
002_20200708_163953(3),0.4968354430379746,0.5963855421686747,0.0443037974683544,0.0421686746987951,0.0608242556281771
002_20200708_163953(3),0.5,0.5180722891566265,0.0443037974683544,0.0421686746987951,0.0597167755991285
002_20200708_163953(3),0.5727848101265823,0.3313253012048193,0.0443037974683544,0.0421686746987951,0.0580196078431373
002_20200708_163953(3),0.3417721518987341,0.4246987951807229,0.0443037974683544,0.0421686746987951,0.0572904865649963
002_20200708_163953(3),0.5031645569620253,0.4457831325301205,0.0443037974683544,0.0421686746987951,0.0562374727668845
002_20200708_163953(3),0.9113924050632912,0.5120481927710844,0.0443037974683544,0.0421686746987951,0.0555076252723311
002_20200708_163953(3),0.9177215189873418,0.4518072289156626,0.0189873417721519,0.0180722891566265,0.0551160464185674
002_20200708_163953(3),0.7120253164556962,0.3524096385542168,0.0443037974683544,0.0421686746987951,0.0533159041394334
002_20200708_163953(3),0.6392405063291139,0.3403614457831325,0.0443037974683544,0.0421686746987951,0.0528939724037763
002_20200708_163953(3),0.3259493670886076,0.5632530120481928,0.0443037974683544,0.0421686746987951,0.052880174291939
002_20200708_163953(3),0.7341772151898734,0.3554216867469879,0.0443037974683544,0.0421686746987951,0.052320987654321
002_20200708_163953(3),0.740506329113924,0.75,0.0443037974683544,0.0421686746987951,0.050716049382716
002_20200708_163957(5),0.3734177215189873,0.3162650602409638,0.0443037974683544,0.0421686746987951,0.091480755265069
002_20200708_163957(5),0.8512658227848101,0.2801204819277108,0.0443037974683544,0.0421686746987951,0.0847124183006536
002_20200708_163957(5),0.3987341772151899,0.6867469879518072,0.0443037974683544,0.0421686746987951,0.0775541031227305
002_20200708_163957(5),0.8670886075949367,0.6445783132530121,0.0443037974683544,0.0421686746987951,0.0735758896151052
002_20200708_163957(5),0.9113924050632912,0.4186746987951807,0.0443037974683544,0.0421686746987951,0.066911401597676
002_20200708_163957(5),0.8860759493670886,0.3072289156626506,0.0443037974683544,0.0421686746987951,0.0651575889615105
002_20200708_163957(5),0.509493670886076,0.4759036144578313,0.0443037974683544,0.0421686746987951,0.0643224400871459
002_20200708_163957(5),0.5031645569620253,0.4066265060240964,0.0379746835443038,0.036144578313253,0.0641113866651196
002_20200708_163957(5),0.5158227848101266,0.5542168674698795,0.0443037974683544,0.0421686746987951,0.0628061002178649
002_20200708_163957(5),0.8955696202531646,0.6114457831325302,0.0443037974683544,0.0421686746987951,0.0574408133623819
002_20200708_163957(5),0.6772151898734177,0.2771084337349397,0.0443037974683544,0.0421686746987951,0.0572440087145969
002_20200708_163957(5),0.3386075949367088,0.4246987951807229,0.0443037974683544,0.0421686746987951,0.0570297748729122
002_20200708_163957(5),0.9082278481012658,0.3283132530120481,0.0189873417721519,0.0180722891566265,0.0559303721488595
002_20200708_163957(5),0.9113924050632912,0.3403614457831325,0.0189873417721519,0.0180722891566265,0.0546938775510204
002_20200708_163957(5),0.3449367088607595,0.5662650602409639,0.0443037974683544,0.0421686746987951,0.0542846768336965
002_20200708_163957(5),0.3417721518987341,0.4759036144578313,0.0443037974683544,0.0421686746987951,0.0527262164124909
002_20200708_163957(5),0.9082278481012658,0.4759036144578313,0.0443037974683544,0.0421686746987951,0.0521902687000726
002_20200713_163753(9),0.8481012658227848,0.3433734939759036,0.0443037974683544,0.0421686746987951,0.0950668119099492
002_20200713_163753(9),0.4018987341772151,0.3283132530120481,0.0443037974683544,0.0421686746987951,0.0909847494553376
002_20200713_163753(9),0.8575949367088608,0.7048192771084337,0.0443037974683544,0.0421686746987951,0.0838627450980391
002_20200713_163753(9),0.9113924050632912,0.4518072289156626,0.0443037974683544,0.0421686746987951,0.0819281045751634
002_20200713_163753(9),0.4145569620253164,0.7228915662650602,0.0443037974683544,0.0421686746987951,0.0753304284676833
002_20200713_163753(9),0.5316455696202531,0.3253012048192771,0.0443037974683544,0.0421686746987951,0.0739186637618009
002_20200713_163753(9),0.7246835443037974,0.3313253012048193,0.0443037974683544,0.0421686746987951,0.0724829339143065
002_20200713_163753(9),0.4873417721518987,0.6144578313253012,0.0443037974683544,0.0421686746987951,0.0711575889615105
002_20200713_163753(9),0.4810126582278481,0.4457831325301205,0.0443037974683544,0.0421686746987951,0.0694546114742193
002_20200713_163753(9),0.5822784810126582,0.3253012048192771,0.0443037974683544,0.0421686746987951,0.0673013798111837
002_20200713_163753(9),0.4746835443037974,0.5180722891566265,0.0443037974683544,0.0421686746987951,0.0637211328976034
002_20200713_163753(9),0.3481012658227848,0.4307228915662651,0.0443037974683544,0.0421686746987951,0.0608286129266521
002_20200713_163753(9),0.7246835443037974,0.7168674698795181,0.0443037974683544,0.0421686746987951,0.0566485112563543
002_20200713_163753(9),0.3417721518987341,0.4759036144578313,0.0443037974683544,0.0421686746987951,0.0560522875816993
002_20200713_163753(9),0.3322784810126582,0.3493975903614458,0.0316455696202531,0.0301204819277108,0.0560164286100114
002_20200713_163753(9),0.5632911392405063,0.7228915662650602,0.0443037974683544,0.0421686746987951,0.0528503994190268
002_20200713_163753(9),0.3386075949367088,0.5602409638554217,0.0443037974683544,0.0421686746987951,0.050516339869281
002_20200713_163814(8),0.8575949367088608,0.3463855421686747,0.0443037974683544,0.0421686746987951,0.0941764705882352
002_20200713_163814(8),0.4113924050632911,0.322289156626506,0.0443037974683544,0.0421686746987951,0.0917872185911401
002_20200713_163814(8),0.8607594936708861,0.7078313253012049,0.0443037974683544,0.0421686746987951,0.0902469135802469
002_20200713_163814(8),0.9208860759493672,0.463855421686747,0.0443037974683544,0.0421686746987951,0.0799796659404502
002_20200713_163814(8),0.7373417721518988,0.3343373493975903,0.0443037974683544,0.0421686746987951,0.0780559186637618
002_20200713_163814(8),0.4145569620253164,0.7168674698795181,0.0443037974683544,0.0421686746987951,0.072753086419753
002_20200713_163814(8),0.5981012658227848,0.3253012048192771,0.0443037974683544,0.0421686746987951,0.0709179375453885
002_20200713_163814(8),0.490506329113924,0.608433734939759,0.0443037974683544,0.0421686746987951,0.070517792302106
002_20200713_163814(8),0.4873417721518987,0.4367469879518072,0.0443037974683544,0.0421686746987951,0.0667901234567901
002_20200713_163814(8),0.4841772151898734,0.5150602409638554,0.0443037974683544,0.0421686746987951,0.0662498184458968
002_20200713_163814(8),0.3544303797468354,0.4277108433734939,0.0443037974683544,0.0421686746987951,0.0629455337690631
002_20200713_163814(8),0.3417721518987341,0.3433734939759036,0.0316455696202531,0.0301204819277108,0.0555133072512751
002_20200713_163814(8),0.7246835443037974,0.7228915662650602,0.0443037974683544,0.0421686746987951,0.0545904139433551
002_20200713_163814(8),0.3449367088607595,0.5632530120481928,0.0443037974683544,0.0421686746987951,0.0518685548293391
002_20200713_163814(8),0.5886075949367089,0.7228915662650602,0.0443037974683544,0.0421686746987951,0.0515867828612926
002_20200713_163814(8),0.3481012658227848,0.4728915662650602,0.0443037974683544,0.0421686746987951,0.0514241103848947
002_20200713_163814(8),0.9082278481012658,0.608433734939759,0.0443037974683544,0.0421686746987951,0.0506412490922295
002_20200713_163819(2),0.8386075949367089,0.3253012048192771,0.0443037974683544,0.0421686746987951,0.1098968772694263
002_20200713_163819(2),0.3955696202531645,0.3253012048192771,0.0443037974683544,0.0421686746987951,0.0962200435729847
002_20200713_163819(2),0.8575949367088608,0.6837349397590361,0.0443037974683544,0.0421686746987951,0.0896158315177922
002_20200713_163819(2),0.9050632911392406,0.4277108433734939,0.0443037974683544,0.0421686746987951,0.0854495279593319
002_20200713_163819(2),0.7310126582278481,0.3192771084337349,0.0443037974683544,0.0421686746987951,0.0801546840958605
002_20200713_163819(2),0.4145569620253164,0.7198795180722891,0.0443037974683544,0.0421686746987951,0.0752055192447349
002_20200713_163819(2),0.4841772151898734,0.608433734939759,0.0443037974683544,0.0421686746987951,0.0686782861292665
002_20200713_163819(2),0.4715189873417721,0.5120481927710844,0.0443037974683544,0.0421686746987951,0.065670297748729
002_20200713_163819(2),0.5759493670886076,0.3162650602409638,0.0443037974683544,0.0421686746987951,0.0650145243282497
002_20200713_163819(2),0.4715189873417721,0.4367469879518072,0.0443037974683544,0.0421686746987951,0.0645076252723311
002_20200713_163819(2),0.3417721518987341,0.4307228915662651,0.0443037974683544,0.0421686746987951,0.0607567175018156
002_20200713_163819(2),0.3386075949367088,0.4698795180722891,0.0443037974683544,0.0421686746987951,0.0591808278867102
002_20200713_163819(2),0.7531645569620253,0.7018072289156626,0.0443037974683544,0.0421686746987951,0.0571270878721859
002_20200713_163819(2),0.3227848101265823,0.3524096385542168,0.0316455696202531,0.0301204819277108,0.0569067296340022
002_20200713_163819(2),0.3386075949367088,0.5632530120481928,0.0443037974683544,0.0421686746987951,0.0544248366013071
002_20200713_163823(7),0.8512658227848101,0.3463855421686747,0.0443037974683544,0.0421686746987951,0.1016448801742919
002_20200713_163823(7),0.4082278481012658,0.3313253012048193,0.0443037974683544,0.0421686746987951,0.0946724763979665
002_20200713_163823(7),0.8607594936708861,0.7078313253012049,0.0443037974683544,0.0421686746987951,0.0875039941902687
002_20200713_163823(7),0.9177215189873418,0.4608433734939759,0.0443037974683544,0.0421686746987951,0.0785344952795932
002_20200713_163823(7),0.4177215189873418,0.7259036144578314,0.0443037974683544,0.0421686746987951,0.0767952069716775
002_20200713_163823(7),0.759493670886076,0.3373493975903614,0.0443037974683544,0.0421686746987951,0.0756623093681917
002_20200713_163823(7),0.6867088607594937,0.3343373493975903,0.0443037974683544,0.0421686746987951,0.0706702977487291
002_20200713_163823(7),0.490506329113924,0.6174698795180723,0.0443037974683544,0.0421686746987951,0.0690508351488743
002_20200713_163823(7),0.4810126582278481,0.4487951807228915,0.0443037974683544,0.0421686746987951,0.0676710239651416
002_20200713_163823(7),0.5822784810126582,0.3283132530120481,0.0443037974683544,0.0421686746987951,0.0640820624546115
002_20200713_163823(7),0.4810126582278481,0.5210843373493976,0.0443037974683544,0.0421686746987951,0.0613427741466957
002_20200713_163823(7),0.740506329113924,0.7198795180722891,0.0443037974683544,0.0421686746987951,0.0606143790849672
002_20200713_163823(7),0.3481012658227848,0.4698795180722891,0.0443037974683544,0.0421686746987951,0.0597044299201161
002_20200713_163823(7),0.3512658227848101,0.4367469879518072,0.0443037974683544,0.0421686746987951,0.0591626724763979
002_20200713_163823(7),0.3354430379746835,0.3554216867469879,0.0316455696202531,0.0301204819277108,0.0568069927695596
002_20200713_163823(7),0.3449367088607595,0.5602409638554217,0.0443037974683544,0.0421686746987951,0.0518968772694263
002_20200713_163828(2),0.8354430379746836,0.3403614457831325,0.0443037974683544,0.0421686746987951,0.098079883805374
002_20200713_163828(2),0.3892405063291139,0.3283132530120481,0.0443037974683544,0.0421686746987951,0.095593318809005
002_20200713_163828(2),0.8449367088607594,0.7018072289156626,0.0443037974683544,0.0421686746987951,0.0894473493100944
002_20200713_163828(2),0.8987341772151899,0.4457831325301205,0.0443037974683544,0.0421686746987951,0.0823667392883079
002_20200713_163828(2),0.4018987341772151,0.7228915662650602,0.0443037974683544,0.0421686746987951,0.0752948438634713
002_20200713_163828(2),0.4746835443037974,0.6144578313253012,0.0443037974683544,0.0421686746987951,0.0719905591866376
002_20200713_163828(2),0.7341772151898734,0.3313253012048193,0.0443037974683544,0.0421686746987951,0.0713623819898329
002_20200713_163828(2),0.5569620253164557,0.3253012048192771,0.0443037974683544,0.0421686746987951,0.0663856209150326
002_20200713_163828(2),0.4651898734177215,0.5180722891566265,0.0443037974683544,0.0421686746987951,0.0657007988380537
002_20200713_163828(2),0.4620253164556962,0.4427710843373494,0.0443037974683544,0.0421686746987951,0.065316630355846
002_20200713_163828(2),0.6677215189873418,0.3283132530120481,0.0443037974683544,0.0421686746987951,0.0648097312999273
002_20200713_163828(2),0.3322784810126582,0.4367469879518072,0.0443037974683544,0.0421686746987951,0.0584117647058823
002_20200713_163828(2),0.3291139240506329,0.4759036144578313,0.0443037974683544,0.0421686746987951,0.0560283224400871
002_20200713_163828(2),0.7246835443037974,0.7168674698795181,0.0443037974683544,0.0421686746987951,0.0543311546840959
002_20200713_163828(2),0.3196202531645569,0.3524096385542168,0.0316455696202531,0.0301204819277108,0.052932302397543
002_20200713_163828(2),0.3259493670886076,0.5572289156626506,0.0443037974683544,0.0421686746987951,0.0508649237472767
002_20200713_163832(8),0.8386075949367089,0.3403614457831325,0.0443037974683544,0.0421686746987951,0.1056608569353667
002_20200713_163832(8),0.3955696202531645,0.3283132530120481,0.0443037974683544,0.0421686746987951,0.0946267247639796
002_20200713_163832(8),0.8512658227848101,0.6987951807228916,0.0443037974683544,0.0421686746987951,0.0918445896877269
002_20200713_163832(8),0.9018987341772152,0.4397590361445783,0.0443037974683544,0.0421686746987951,0.081035584604212
002_20200713_163832(8),0.4082278481012658,0.7228915662650602,0.0443037974683544,0.0421686746987951,0.0757458242556281
002_20200713_163832(8),0.6550632911392406,0.3283132530120481,0.0443037974683544,0.0421686746987951,0.070878721859114
002_20200713_163832(8),0.4683544303797468,0.4427710843373494,0.0443037974683544,0.0421686746987951,0.0698024691358024
002_20200713_163832(8),0.4778481012658228,0.6144578313253012,0.0443037974683544,0.0421686746987951,0.0684124909222948
002_20200713_163832(8),0.569620253164557,0.3253012048192771,0.0443037974683544,0.0421686746987951,0.0682244008714596
002_20200713_163832(8),0.4683544303797468,0.5180722891566265,0.0443037974683544,0.0421686746987951,0.0606797385620914
002_20200713_163832(8),0.3386075949367088,0.4367469879518072,0.0443037974683544,0.0421686746987951,0.0602236746550471
002_20200713_163832(8),0.3354430379746835,0.4759036144578313,0.0443037974683544,0.0421686746987951,0.059116920842411
002_20200713_163832(8),0.740506329113924,0.713855421686747,0.0443037974683544,0.0421686746987951,0.0571946259985475
002_20200713_163832(8),0.3227848101265823,0.3524096385542168,0.0316455696202531,0.0301204819277108,0.0558943136483243
002_20200713_163832(8),0.3322784810126582,0.5632530120481928,0.0443037974683544,0.0421686746987951,0.0531873638344227
002_20200721_163237(8),0.4744318181818182,0.6506024096385542,0.0397727272727272,0.0421686746987951,0.0717429193899781
002_20200721_163237(8),0.8352272727272727,0.3554216867469879,0.0397727272727272,0.0421686746987951,0.0668634713144516
002_20200721_163239(7),0.8579545454545454,0.5572289156626506,0.0397727272727272,0.0421686746987951,0.0708024691358024
002_20200721_163239(7),0.4971590909090909,0.8042168674698795,0.0397727272727272,0.0421686746987951,0.0527952069716776
002_20200721_163239(7),0.40625,0.4337349397590361,0.0284090909090909,0.0301204819277108,0.0513415283468759
002_20200721_163244(4),0.5056818181818182,0.4819277108433735,0.0397727272727272,0.0421686746987951,0.0635708061002178
002_20200721_163244(4),0.4886363636363636,0.2650602409638554,0.0397727272727272,0.0421686746987951,0.0568750907770515
002_20200721_163244(4),0.8721590909090909,0.713855421686747,0.0397727272727272,0.0421686746987951,0.0524756717501815
002_20200721_163244(4),0.9005681818181818,0.322289156626506,0.0397727272727272,0.0421686746987951,0.0520987654320987
002_20200721_163245(6),0.5,0.5481927710843374,0.0397727272727272,0.0421686746987951,0.0770275962236746
002_20200721_163245(6),0.8835227272727273,0.3132530120481928,0.0397727272727272,0.0421686746987951,0.0712258533042847
002_20200721_163248(8),0.5227272727272727,0.5301204819277109,0.0397727272727272,0.0421686746987951,0.0764153957879448
002_20200721_163248(8),0.8948863636363636,0.2921686746987952,0.034090909090909,0.036144578313253,0.0565289380051824
002_20200721_163248(8),0.4715909090909091,0.3162650602409638,0.0397727272727272,0.0421686746987951,0.0557734204793028
002_20200721_163248(8),0.9090909090909092,0.6837349397590361,0.0397727272727272,0.0421686746987951,0.0546339869281045
002_20200721_163249(9),0.5113636363636364,0.5933734939759037,0.0397727272727272,0.0421686746987951,0.0776920842411038
002_20200721_163249(9),0.9090909090909092,0.4006024096385542,0.0397727272727272,0.0421686746987951,0.061395061728395
002_20200721_163249(9),0.9715909090909092,0.4156626506024096,0.034090909090909,0.036144578313253,0.0507030252929574
002_20200721_163253(3),0.8721590909090909,0.5451807228915663,0.0397727272727272,0.0421686746987951,0.0753812636165577
002_20200721_163253(3),0.4801136363636363,0.7319277108433735,0.0397727272727272,0.0421686746987951,0.0671299927378358
002_20200721_163253(3),0.9119318181818182,0.3463855421686747,0.0397727272727272,0.0421686746987951,0.0594517066085693
002_20200721_163253(3),0.4176136363636363,0.7108433734939759,0.0397727272727272,0.0421686746987951,0.0502432824981844
002_20200721_163253(9),0.8607954545454546,0.5030120481927711,0.0397727272727272,0.0421686746987951,0.0657806826434277
002_20200721_163253(9),0.9090909090909092,0.7168674698795181,0.0397727272727272,0.0421686746987951,0.0546368917937544
002_20200721_163257(5),0.84375,0.4307228915662651,0.0397727272727272,0.0421686746987951,0.0690951343500362
002_20200721_163257(5),0.9034090909090908,0.6506024096385542,0.0397727272727272,0.0421686746987951,0.0590864197530864
002_20200721_163257(5),0.4829545454545454,0.7048192771084337,0.034090909090909,0.036144578313253,0.0564524355106934
002_20200721_163257(9),0.8579545454545454,0.5090361445783133,0.0397727272727272,0.0421686746987951,0.0763159041394335
002_20200721_163257(9),0.4630681818181818,0.6867469879518072,0.0397727272727272,0.0421686746987951,0.0608518518518519
002_20200721_163257(9),0.4034090909090909,0.6656626506024096,0.0397727272727272,0.0421686746987951,0.0542614379084967
002_20200721_163257(9),0.9034090909090908,0.3132530120481928,0.0397727272727272,0.0421686746987951,0.0508336964415396
002_20200721_163301(1),0.8465909090909091,0.4487951807228915,0.0397727272727272,0.0421686746987951,0.0699295570079883
002_20200721_163301(1),0.8835227272727273,0.6746987951807228,0.0397727272727272,0.0421686746987951,0.0635831517792302
002_20200721_163301(1),0.4630681818181818,0.6566265060240963,0.0397727272727272,0.0421686746987951,0.0555250544662309
002_20200721_163302(4),0.4772727272727273,0.786144578313253,0.0397727272727272,0.0421686746987951,0.0660994916485112
002_20200721_163302(4),0.8579545454545454,0.3192771084337349,0.0397727272727272,0.0421686746987951,0.0556920842411039
002_20200722_003343(8),0.5,0.5451807228915663,0.0397727272727272,0.0421686746987951,0.0723827160493827
002_20200722_003354(1),0.4886363636363636,0.5542168674698795,0.0397727272727272,0.0421686746987951,0.0772055192447349
002_20200727_091655(1),0.5170454545454546,0.5542168674698795,0.0397727272727272,0.0421686746987951,0.0802578068264342
002_20200727_091657(1),0.4943181818181818,0.2680722891566265,0.0397727272727272,0.0421686746987951,0.0732788671023965
002_20200727_091657(1),0.3778409090909091,0.1656626506024096,0.0113636363636363,0.0120481927710843,0.0528856209150327
002_20200727_091657(1),0.4460227272727273,0.5120481927710844,0.0397727272727272,0.0421686746987951,0.0521103848946985
002_20200727_091734(5),0.8639240506329114,0.3283132530120481,0.0443037974683544,0.0421686746987951,0.0778460421205518
002_20200727_091734(5),0.7879746835443038,0.7168674698795181,0.0443037974683544,0.0421686746987951,0.0772389251997095
002_20200727_091734(5),0.439873417721519,0.2259036144578313,0.0443037974683544,0.0421686746987951,0.0661561365286855
002_20200727_091734(5),0.3417721518987341,0.322289156626506,0.0443037974683544,0.0421686746987951,0.0648671023965141
002_20200727_091734(5),0.3196202531645569,0.5903614457831325,0.0443037974683544,0.0421686746987951,0.0627109658678286
002_20200727_091734(5),0.4177215189873418,0.4126506024096386,0.0443037974683544,0.0421686746987951,0.0623384168482207
002_20200727_091734(5),0.3164556962025316,0.4728915662650602,0.0443037974683544,0.0421686746987951,0.0517567175018155
002_20200727_091734(5),0.8607594936708861,0.7048192771084337,0.0379746835443038,0.036144578313253,0.0515456404455272
002_20200727_091737(7),0.8322784810126582,0.2831325301204819,0.0443037974683544,0.0421686746987951,0.0880646332607117
002_20200727_091737(7),0.4082278481012658,0.3012048192771084,0.0443037974683544,0.0421686746987951,0.0741488743645606
002_20200727_091737(7),0.4113924050632911,0.4789156626506024,0.0443037974683544,0.0421686746987951,0.069232389251997
002_20200727_091737(7),0.3639240506329114,0.6987951807228916,0.0443037974683544,0.0421686746987951,0.0663021060275961
002_20200727_091737(7),0.8512658227848101,0.6656626506024096,0.0443037974683544,0.0421686746987951,0.059992737835875
002_20200727_091737(7),0.3227848101265823,0.5843373493975904,0.0443037974683544,0.0421686746987951,0.0529760348583878
002_20200727_091737(7),0.3164556962025316,0.4277108433734939,0.0443037974683544,0.0421686746987951,0.0519375453885258
002_20200727_091737(7),0.3164556962025316,0.4698795180722891,0.0443037974683544,0.0421686746987951,0.0510922294843863
002_20200727_091737(7),0.7373417721518988,0.2771084337349397,0.0443037974683544,0.0421686746987951,0.0505453885257806
002_20200727_114123(5),0.3932038834951456,0.608433734939759,0.0339805825242718,0.0421686746987951,0.056193899782135
002_20200727_114123(5),0.4223300970873786,0.2560240963855422,0.0339805825242718,0.0421686746987951,0.0504132171387074
002_20200727_114126(2),0.0145631067961165,0.4548192771084337,0.0194174757281553,0.0240963855421686,0.0550922407435555
002_20200727_114220(2),0.0194174757281553,0.6054216867469879,0.029126213592233,0.036144578313253,0.0956806678617679
002_20200727_114220(2),0.0242718446601941,0.25,0.0339805825242718,0.0421686746987951,0.0955918663761801
002_20200727_114220(2),0.0145631067961165,0.3825301204819277,0.0194174757281553,0.0240963855421686,0.0548411612707098
002_20200727_114220(2),0.0145631067961165,0.4156626506024096,0.0194174757281553,0.0240963855421686,0.0539809607449067
002_20200727_114220(2),0.0169902912621359,0.466867469879518,0.0242718446601941,0.0301204819277108,0.0528073524850803
002_20200727_114220(2),0.0145631067961165,0.3403614457831325,0.0194174757281553,0.0240963855421686,0.0504523371220438
002_20200727_114822(4),0.0218446601941747,0.2319277108433735,0.0339805825242718,0.0421686746987951,0.0605409753645047
002_20200727_114822(4),0.0145631067961165,0.4186746987951807,0.0194174757281553,0.0240963855421686,0.0597479072019275
002_20200727_114822(4),0.0145631067961165,0.3855421686746988,0.0194174757281553,0.0240963855421686,0.058336007386015
002_20200727_114822(4),0.0145631067961165,0.4728915662650602,0.0194174757281553,0.0240963855421686,0.0564354596274341
002_20200727_114822(4),0.0145631067961165,0.5180722891566265,0.0194174757281553,0.0240963855421686,0.0560019816137766
002_20200727_114822(4),0.012135922330097,0.3253012048192771,0.0145631067961165,0.0180722891566265,0.0549692774305984
002_20200727_114822(4),0.012135922330097,0.3132530120481928,0.0145631067961165,0.0180722891566265,0.054506288496707
002_20200727_114822(4),0.012135922330097,0.4518072289156626,0.0145631067961165,0.0180722891566265,0.054433736111267
002_20200727_114822(4),0.0169902912621359,0.6295180722891566,0.0242718446601941,0.0301204819277108,0.0532121512608107
002_20200727_114822(4),0.012135922330097,0.3554216867469879,0.0145631067961165,0.0180722891566265,0.0518405493038336
002_20200727_114822(4),0.012135922330097,0.5662650602409639,0.0145631067961165,0.0180722891566265,0.0513177233510227
002_20200727_114822(4),0.012135922330097,0.2710843373493976,0.0145631067961165,0.0180722891566265,0.0503618269737802
002_20200727_114822(4),0.012135922330097,0.4909638554216867,0.0145631067961165,0.0180722891566265,0.0502309334948932
002_20200727_115040(1),0.0169902912621359,0.4186746987951807,0.0242718446601941,0.0301204819277108,0.0578933078348738
002_20200727_115040(1),0.0169902912621359,0.4759036144578313,0.0242718446601941,0.0301204819277108,0.0569839057072119
002_20200727_115040(1),0.0145631067961165,0.3825301204819277,0.0194174757281553,0.0240963855421686,0.0550348189807074
002_20200727_115040(1),0.0242718446601941,0.5783132530120482,0.0339805825242718,0.0421686746987951,0.054202614379085
002_20200727_120134(0),0.970873786407767,0.1626506024096385,0.0145631067961165,0.0180722891566265,0.0503808189942644
002_20200727_120322(1),0.0242718446601941,0.6174698795180723,0.0339805825242718,0.0421686746987951,0.0795337690631808
002_20200727_120322(1),0.0218446601941747,0.2379518072289156,0.0339805825242718,0.0421686746987951,0.0617422490363667
002_20200727_120322(1),0.0145631067961165,0.322289156626506,0.0194174757281553,0.0240963855421686,0.0511166281040121
002_20200727_120429(7),0.0145631067961165,0.322289156626506,0.0194174757281553,0.0240963855421686,0.0627349647869483
002_20200727_120429(7),0.012135922330097,0.3855421686746988,0.0145631067961165,0.0180722891566265,0.0599626766594488
002_20200727_120429(7),0.012135922330097,0.4156626506024096,0.0145631067961165,0.0180722891566265,0.0590292191643012
002_20200727_120429(7),0.0145631067961165,0.5180722891566265,0.0194174757281553,0.0240963855421686,0.0589372470205422
002_20200727_120429(7),0.012135922330097,0.4698795180722891,0.0145631067961165,0.0180722891566265,0.0583545567759814
002_20200727_120429(7),0.012135922330097,0.3704819277108434,0.0145631067961165,0.0180722891566265,0.0583014514216901
002_20200727_120429(7),0.0145631067961165,0.5391566265060241,0.0194174757281553,0.0240963855421686,0.0561978911576114
002_20200727_120429(7),0.012135922330097,0.4457831325301205,0.0145631067961165,0.0180722891566265,0.0551263496052627
002_20200727_120429(7),0.0145631067961165,0.286144578313253,0.0194174757281553,0.0240963855421686,0.0548344057691983
002_20200727_120429(7),0.0218446601941747,0.6174698795180723,0.0339805825242718,0.0421686746987951,0.0503958438076084
002_20200727_120523(7),0.0145631067961165,0.4246987951807229,0.0194174757281553,0.0240963855421686,0.063649209324844
002_20200727_120523(7),0.0145631067961165,0.4698795180722891,0.0194174757281553,0.0240963855421686,0.0620211334605618
002_20200727_120523(7),0.0145631067961165,0.5180722891566265,0.0194174757281553,0.0240963855421686,0.0593605917819324
002_20200727_120523(7),0.0145631067961165,0.536144578313253,0.0194174757281553,0.0240963855421686,0.0569668924130088
002_20200727_120523(7),0.012135922330097,0.3885542168674699,0.0145631067961165,0.0180722891566265,0.0568122576133257
002_20200727_120523(7),0.012135922330097,0.4457831325301205,0.0145631067961165,0.0180722891566265,0.0564509916115978
002_20200727_120523(7),0.012135922330097,0.3674698795180723,0.0145631067961165,0.0180722891566265,0.0563470247912249
002_20200727_120523(7),0.0194174757281553,0.2228915662650602,0.029126213592233,0.036144578313253,0.0559074017813849
002_20200727_120523(7),0.0145631067961165,0.5662650602409639,0.0194174757281553,0.0240963855421686,0.0558770048358132
002_20200727_120523(7),0.012135922330097,0.3403614457831325,0.0145631067961165,0.0180722891566265,0.0557725894095956
002_20200727_120523(7),0.012135922330097,0.3132530120481928,0.0145631067961165,0.0180722891566265,0.05537242934557
002_20200727_120523(7),0.012135922330097,0.2921686746987952,0.0145631067961165,0.0180722891566265,0.0532399875838185
002_20200727_120631(2),0.0169902912621359,0.6174698795180723,0.0242718446601941,0.0301204819277108,0.0573723923371548
002_20200727_120631(2),0.0145631067961165,0.3192771084337349,0.0194174757281553,0.0240963855421686,0.0564861258887706
002_20200727_120631(2),0.0169902912621359,0.2771084337349397,0.0242718446601941,0.0301204819277108,0.053120717391001
002_20200727_120631(2),0.0145631067961165,0.5512048192771084,0.0194174757281553,0.0240963855421686,0.0518282075965614
002_20200727_120835(5),0.012135922330097,0.2921686746987952,0.0145631067961165,0.0180722891566265,0.0714648476212914
002_20200727_120835(5),0.012135922330097,0.2801204819277108,0.0145631067961165,0.0180722891566265,0.0708298272580059
002_20200727_120835(5),0.0145631067961165,0.3192771084337349,0.0194174757281553,0.0240963855421686,0.0694882144646547
002_20200727_120835(5),0.012135922330097,0.5512048192771084,0.0145631067961165,0.0180722891566265,0.0642724379471414
002_20200727_120835(5),0.0169902912621359,0.3795180722891566,0.0242718446601941,0.0301204819277108,0.0637440023352124
002_20200727_120835(5),0.012135922330097,0.2560240963855422,0.0145631067961165,0.0180722891566265,0.0633128017562164
002_20200727_120835(5),0.0097087378640776,0.2439759036144578,0.0097087378640776,0.0120481927710843,0.0630403690888119
002_20200727_120835(5),0.0145631067961165,0.536144578313253,0.0194174757281553,0.0240963855421686,0.0597062482759397
002_20200727_120835(5),0.0169902912621359,0.466867469879518,0.0242718446601941,0.0301204819277108,0.0587344565104242
002_20200727_120835(5),0.0145631067961165,0.4186746987951807,0.0194174757281553,0.0240963855421686,0.0566730280972566
002_20200727_120835(5),0.012135922330097,0.4367469879518072,0.0145631067961165,0.0180722891566265,0.0503977291851319
002_20200727_120943(0),0.0242718446601941,0.608433734939759,0.0339805825242718,0.0421686746987951,0.0869070442992011
002_20200727_120943(0),0.0242718446601941,0.2349397590361445,0.0339805825242718,0.0421686746987951,0.0756485112563543
002_20200727_120943(0),0.0145631067961165,0.3795180722891566,0.0194174757281553,0.0240963855421686,0.0512483603834873
002_20200727_120943(0),0.0145631067961165,0.4216867469879518,0.0194174757281553,0.0240963855421686,0.0508801855511081
002_20200727_120943(0),0.012135922330097,0.5391566265060241,0.0145631067961165,0.0180722891566265,0.0500035528229983
002_20200727_121037(1),0.1189320388349514,0.608433734939759,0.0339805825242718,0.0421686746987951,0.0629310094408133
002_20200727_121037(1),0.0145631067961165,0.4819277108433735,0.0194174757281553,0.0240963855421686,0.0609402532187149
002_20200727_121037(1),0.0145631067961165,0.3795180722891566,0.0194174757281553,0.0240963855421686,0.0605934708077891
002_20200727_121037(1),0.0145631067961165,0.5210843373493976,0.0194174757281553,0.0240963855421686,0.0602016517201195
002_20200727_121037(1),0.012135922330097,0.3373493975903614,0.0145631067961165,0.0180722891566265,0.0573664980010696
002_20200727_121037(1),0.0145631067961165,0.3162650602409638,0.0194174757281553,0.0240963855421686,0.0572404902242263
002_20200727_121037(1),0.0145631067961165,0.4126506024096386,0.0194174757281553,0.0240963855421686,0.0572371124734705
002_20200727_121037(1),0.0145631067961165,0.5632530120481928,0.0194174757281553,0.0240963855421686,0.0568599303057426
002_20200727_121037(1),0.0218446601941747,0.6114457831325302,0.0339805825242718,0.0421686746987951,0.0547142617730852
002_20200727_121037(1),0.012135922330097,0.4578313253012048,0.0145631067961165,0.0180722891566265,0.053984958469369
002_20200727_121037(1),0.012135922330097,0.4367469879518072,0.0145631067961165,0.0180722891566265,0.0525346587233023
002_20200727_121037(1),0.0145631067961165,0.2650602409638554,0.0194174757281553,0.0240963855421686,0.0511943163713949
002_20200727_121037(1),0.9660194174757282,0.1626506024096385,0.0145631067961165,0.0180722891566265,0.0501013738828865
002_20200727_121131(2),0.0145631067961165,0.4608433734939759,0.0194174757281553,0.0240963855421686,0.0631053914531646
002_20200727_121131(2),0.0145631067961165,0.4186746987951807,0.0194174757281553,0.0240963855421686,0.0625064036524744
002_20200727_121131(2),0.0145631067961165,0.3192771084337349,0.0194174757281553,0.0240963855421686,0.0620740515557356
002_20200727_121131(2),0.0145631067961165,0.3734939759036144,0.0194174757281553,0.0240963855421686,0.0606317519830211
002_20200727_121131(2),0.0145631067961165,0.5150602409638554,0.0194174757281553,0.0240963855421686,0.0593211846897818
002_20200727_121131(2),0.012135922330097,0.3373493975903614,0.0145631067961165,0.0180722891566265,0.0581735497937492
002_20200727_121131(2),0.0218446601941747,0.6174698795180723,0.0339805825242718,0.0421686746987951,0.0574801407742584
002_20200727_121131(2),0.012135922330097,0.3915662650602409,0.0145631067961165,0.0180722891566265,0.0567067948674797
002_20200727_121131(2),0.0169902912621359,0.2259036144578313,0.0242718446601941,0.0301204819277108,0.051911043000748
002_20200727_121131(2),0.1504854368932038,0.6054216867469879,0.0339805825242718,0.0421686746987951,0.0513514887436456
002_20200727_121131(2),0.012135922330097,0.286144578313253,0.0145631067961165,0.0180722891566265,0.0501037798296889
002_20200727_121131(2),0.9635922330097088,0.1626506024096385,0.0145631067961165,0.0180722891566265,0.050046018407363
002_20200727_121144(7),0.0145631067961165,0.4819277108433735,0.0194174757281553,0.0240963855421686,0.0647604893234927
002_20200727_121144(7),0.0145631067961165,0.5180722891566265,0.0194174757281553,0.0240963855421686,0.0630873767824671
002_20200727_121144(7),0.2402912621359223,0.6144578313253012,0.0339805825242718,0.0421686746987951,0.0603369644153957
002_20200727_121144(7),0.012135922330097,0.4126506024096386,0.0145631067961165,0.0180722891566265,0.0587292861069661
002_20200727_121144(7),0.012135922330097,0.4367469879518072,0.0145631067961165,0.0180722891566265,0.0567367133769394
002_20200727_121144(7),0.012135922330097,0.3253012048192771,0.0145631067961165,0.0180722891566265,0.0564143414375095
002_20200727_121144(7),0.0218446601941747,0.6234939759036144,0.0339805825242718,0.0421686746987951,0.0561890397184514
002_20200727_121144(7),0.012135922330097,0.3855421686746988,0.0145631067961165,0.0180722891566265,0.0560343763673694
002_20200727_121144(7),0.012135922330097,0.358433734939759,0.0145631067961165,0.0180722891566265,0.0552437797548926
002_20200727_121144(7),0.0194174757281553,0.2319277108433735,0.029126213592233,0.036144578313253,0.0521567152017286
002_20200727_121238(7),0.0145631067961165,0.3825301204819277,0.0194174757281553,0.0240963855421686,0.064240315707104
002_20200727_121238(7),0.0145631067961165,0.4216867469879518,0.0194174757281553,0.0240963855421686,0.0628475564788073
002_20200727_121238(7),0.0145631067961165,0.4578313253012048,0.0194174757281553,0.0240963855421686,0.0617936982430066
002_20200727_121238(7),0.0145631067961165,0.3493975903614458,0.0194174757281553,0.0240963855421686,0.0595148423997793
002_20200727_121238(7),0.0145631067961165,0.3253012048192771,0.0194174757281553,0.0240963855421686,0.0592480000900732
002_20200727_121238(7),0.0145631067961165,0.5331325301204819,0.0194174757281553,0.0240963855421686,0.0581659939313078
002_20200727_121238(7),0.012135922330097,0.4879518072289157,0.0145631067961165,0.0180722891566265,0.0566963233891686
002_20200727_121238(7),0.012135922330097,0.4457831325301205,0.0145631067961165,0.0180722891566265,0.0550620248099239
002_20200727_121238(7),0.012135922330097,0.5120481927710844,0.0145631067961165,0.0180722891566265,0.0535182297217953
002_20200727_121332(7),0.0169902912621359,0.641566265060241,0.0242718446601941,0.0301204819277108,0.057791356923701
002_20200727_121332(7),0.0145631067961165,0.4819277108433735,0.0194174757281553,0.0240963855421686,0.0568216491305106
002_20200727_121332(7),0.012135922330097,0.3313253012048193,0.0145631067961165,0.0180722891566265,0.0565759013885928
002_20200727_121332(7),0.012135922330097,0.4548192771084337,0.0145631067961165,0.0180722891566265,0.0560934654235525
002_20200727_121332(7),0.0145631067961165,0.5180722891566265,0.0194174757281553,0.0240963855421686,0.0557520280578496
002_20200727_121332(7),0.012135922330097,0.3885542168674699,0.0145631067961165,0.0180722891566265,0.0551226097915801
002_20200727_121332(7),0.0169902912621359,0.2349397590361445,0.0242718446601941,0.0301204819277108,0.0549363021438666
002_20200727_121332(7),0.012135922330097,0.3132530120481928,0.0145631067961165,0.0180722891566265,0.0547089863982976
002_20200727_121332(7),0.012135922330097,0.4216867469879518,0.0145631067961165,0.0180722891566265,0.0539453164443347
002_20200727_121332(7),0.012135922330097,0.5843373493975904,0.0145631067961165,0.0180722891566265,0.0502586081161437
002_20200727_123224(5),0.8354430379746836,0.3042168674698795,0.0443037974683544,0.0421686746987951,0.0996688453159041
002_20200727_123224(5),0.379746835443038,0.3102409638554217,0.0443037974683544,0.0421686746987951,0.0785257806826433
002_20200727_123224(5),0.360759493670886,0.7048192771084337,0.0443037974683544,0.0421686746987951,0.0734931009440813
002_20200727_123224(5),0.8227848101265823,0.6987951807228916,0.0443037974683544,0.0421686746987951,0.0687276688453158
002_20200727_123224(5),0.4113924050632911,0.4969879518072289,0.0443037974683544,0.0421686746987951,0.0685802469135802
002_20200727_123224(5),0.8987341772151899,0.6656626506024096,0.0379746835443038,0.036144578313253,0.0600476901806087
002_20200727_123224(5),0.3227848101265823,0.4277108433734939,0.0443037974683544,0.0421686746987951,0.0543805374001452
002_20200727_123224(5),0.3291139240506329,0.5662650602409639,0.0443037974683544,0.0421686746987951,0.051350762527233
002_20200727_123224(5),0.8892405063291139,0.3343373493975903,0.0379746835443038,0.036144578313253,0.0502446146111303
002_20200727_123227(4),0.8354430379746836,0.286144578313253,0.0443037974683544,0.0421686746987951,0.0917087872185911
002_20200727_123227(4),0.370253164556962,0.7018072289156626,0.0443037974683544,0.0421686746987951,0.0757995642701524
002_20200727_123227(4),0.3765822784810126,0.3102409638554217,0.0443037974683544,0.0421686746987951,0.0718315177923021
002_20200727_123227(4),0.4177215189873418,0.4909638554216867,0.0443037974683544,0.0421686746987951,0.0699230210602759
002_20200727_123227(4),0.8322784810126582,0.6837349397590361,0.0443037974683544,0.0421686746987951,0.0638307915758895
002_20200727_123227(4),0.9050632911392406,0.6506024096385542,0.0379746835443038,0.036144578313253,0.0621578537726727
002_20200727_123227(4),0.3259493670886076,0.4307228915662651,0.0443037974683544,0.0421686746987951,0.0543514887436456
002_20200727_123227(4),0.3354430379746835,0.5692771084337349,0.0443037974683544,0.0421686746987951,0.0511147421931736
002_20200727_123300(5),0.587378640776699,0.5843373493975904,0.0339805825242718,0.0421686746987951,0.0786913580246914
002_20200727_123300(5),0.9101941747572816,0.3493975903614458,0.0339805825242718,0.0421686746987951,0.0543936092955701
002_20200727_123306(5),0.5679611650485437,0.5090361445783133,0.0339805825242718,0.0421686746987951,0.0728525780682644
002_20200727_123306(5),0.8883495145631068,0.2801204819277108,0.0339805825242718,0.0421686746987951,0.059716049382716
002_20200727_123318(9),0.012135922330097,0.3373493975903614,0.0145631067961165,0.0180722891566265,0.0687923767637896
002_20200727_123318(9),0.0169902912621359,0.4186746987951807,0.0242718446601941,0.0301204819277108,0.0611722637716899
002_20200727_123318(9),0.0145631067961165,0.3734939759036144,0.0194174757281553,0.0240963855421686,0.0594202653786177
002_20200727_123318(9),0.0169902912621359,0.4698795180722891,0.0242718446601941,0.0301204819277108,0.0580570731932421
002_20200728_163706(6),0.8322784810126582,0.3072289156626506,0.0443037974683544,0.0421686746987951,0.0957116920842411
002_20200728_163706(6),0.8512658227848101,0.6987951807228916,0.0443037974683544,0.0421686746987951,0.0828656499636891
002_20200728_163706(6),0.4177215189873418,0.3192771084337349,0.0443037974683544,0.0421686746987951,0.07859477124183
002_20200728_163706(6),0.4145569620253164,0.4939759036144578,0.0443037974683544,0.0421686746987951,0.0684153957879448
002_20200728_163706(6),0.3639240506329114,0.713855421686747,0.0443037974683544,0.0421686746987951,0.0603188090050834
002_20200728_163706(6),0.3196202531645569,0.463855421686747,0.0443037974683544,0.0421686746987951,0.0500856935366738
002_20200728_163710(5),0.8037974683544303,0.3132530120481928,0.0443037974683544,0.0421686746987951,0.087957153231663
002_20200728_163710(5),0.8227848101265823,0.7048192771084337,0.0443037974683544,0.0421686746987951,0.0841909949164851
002_20200728_163710(5),0.3924050632911392,0.322289156626506,0.0443037974683544,0.0421686746987951,0.0777806826434277
002_20200728_163710(5),0.3860759493670886,0.5030120481927711,0.0443037974683544,0.0421686746987951,0.0620958605664488
002_20200728_163710(5),0.3386075949367088,0.7198795180722891,0.0443037974683544,0.0421686746987951,0.0578511256354393
002_20200728_163710(5),0.2943037974683544,0.4728915662650602,0.0443037974683544,0.0421686746987951,0.0513507625272331
002_20200728_163710(5),0.2974683544303797,0.5933734939759037,0.0443037974683544,0.0421686746987951,0.0513464052287581
002_20200810_163043(1),0.8481012658227848,0.3192771084337349,0.0443037974683544,0.0421686746987951,0.0831031227305737
002_20200810_163043(1),0.4050632911392405,0.3313253012048193,0.0443037974683544,0.0421686746987951,0.0761568627450979
002_20200810_163043(1),0.430379746835443,0.5331325301204819,0.0443037974683544,0.0421686746987951,0.0696441539578794
002_20200810_163043(1),0.8449367088607594,0.713855421686747,0.0443037974683544,0.0421686746987951,0.0675555555555555
002_20200810_163043(1),0.3765822784810126,0.7228915662650602,0.0443037974683544,0.0421686746987951,0.0616572258533042
002_20200810_163043(1),0.3417721518987341,0.4728915662650602,0.0443037974683544,0.0421686746987951,0.0561002178649236
002_20200810_163043(1),0.9240506329113924,0.6867469879518072,0.0443037974683544,0.0421686746987951,0.0549230210602759
002_20200810_163043(1),0.3481012658227848,0.5993975903614458,0.0443037974683544,0.0421686746987951,0.0541002178649237
002_20200810_163043(1),0.9145569620253164,0.3403614457831325,0.0379746835443038,0.036144578313253,0.0534212205592296
002_20200810_163047(0),0.4050632911392405,0.3283132530120481,0.0443037974683544,0.0421686746987951,0.0820631808278867
002_20200810_163047(0),0.8481012658227848,0.3192771084337349,0.0443037974683544,0.0421686746987951,0.076276688453159
002_20200810_163047(0),0.430379746835443,0.5331325301204819,0.0443037974683544,0.0421686746987951,0.0689978213507625
002_20200810_163047(0),0.8417721518987342,0.713855421686747,0.0443037974683544,0.0421686746987951,0.067239651416122
002_20200810_163047(0),0.3765822784810126,0.7228915662650602,0.0443037974683544,0.0421686746987951,0.0629557007988381
002_20200810_163047(0),0.3386075949367088,0.4759036144578313,0.0443037974683544,0.0421686746987951,0.0571270878721858
002_20200810_163047(0),0.9208860759493672,0.6837349397590361,0.0443037974683544,0.0421686746987951,0.0558489469862019
002_20200810_163047(0),0.9113924050632912,0.3403614457831325,0.0379746835443038,0.036144578313253,0.0552178810380167
002_20200810_163047(0),0.3449367088607595,0.5903614457831325,0.0443037974683544,0.0421686746987951,0.0549244734931008
002_20200811_003007(9),0.3987341772151899,0.4246987951807229,0.0443037974683544,0.0421686746987951,0.0780167029774873
002_20200811_003007(9),0.3575949367088608,0.6475903614457831,0.0443037974683544,0.0421686746987951,0.0532854030501089
002_20200811_003029(6),0.4050632911392405,0.4728915662650602,0.0443037974683544,0.0421686746987951,0.0820334059549745
002_20200811_003029(6),0.8291139240506329,0.3132530120481928,0.0443037974683544,0.0421686746987951,0.0566354393609295
002_20200811_003029(6),0.8227848101265823,0.7078313253012049,0.0443037974683544,0.0421686746987951,0.0536928104575163
002_20200814_042920(3),0.4113924050632911,0.3885542168674699,0.0443037974683544,0.0421686746987951,0.0752106027596223
002_20200814_042920(3),0.7563291139240507,0.7379518072289156,0.0443037974683544,0.0421686746987951,0.0512687000726217
002_20200814_042924(9),0.4240506329113924,0.3975903614457831,0.0443037974683544,0.0421686746987951,0.0747908496732026
002_20200814_042924(9),0.810126582278481,0.6746987951807228,0.0443037974683544,0.0421686746987951,0.0545439360929557
002_20200821_150506(5),0.8291139240506329,0.3343373493975903,0.0443037974683544,0.0421686746987951,0.1009259259259259
002_20200821_150506(5),0.8512658227848101,0.7289156626506024,0.0443037974683544,0.0421686746987951,0.0809230210602759
002_20200821_150506(5),0.4177215189873418,0.3524096385542168,0.0443037974683544,0.0421686746987951,0.0745025417574437
002_20200821_150506(5),0.4145569620253164,0.536144578313253,0.0443037974683544,0.0421686746987951,0.0629963689179375
002_20200821_150506(5),0.5411392405063291,0.3373493975903614,0.0443037974683544,0.0421686746987951,0.0516434277414669
002_20200821_150506(5),0.3639240506329114,0.7409638554216867,0.0443037974683544,0.0421686746987951,0.0510145243282498
002_20200821_150506(5),0.3227848101265823,0.4789156626506024,0.0443037974683544,0.0421686746987951,0.0503660130718954
002_20200821_150510(6),0.8037974683544303,0.3072289156626506,0.0443037974683544,0.0421686746987951,0.0932868554829338
002_20200821_150510(6),0.360759493670886,0.3373493975903614,0.0443037974683544,0.0421686746987951,0.0832331154684095
002_20200821_150510(6),0.3924050632911392,0.5391566265060241,0.0443037974683544,0.0421686746987951,0.0700617283950617
002_20200821_150510(6),0.8164556962025317,0.6987951807228916,0.0443037974683544,0.0421686746987951,0.0631546840958606
002_20200821_150510(6),0.300632911392405,0.4759036144578313,0.0443037974683544,0.0421686746987951,0.0606274509803921
002_20200821_150510(6),0.8639240506329114,0.3343373493975903,0.0443037974683544,0.0421686746987951,0.0579622367465503
002_20200821_150510(6),0.3132911392405063,0.6054216867469879,0.0443037974683544,0.0421686746987951,0.054641975308642
002_20200821_150510(6),0.3164556962025316,0.6475903614457831,0.0443037974683544,0.0421686746987951,0.054273783587509
002_20200821_150510(6),0.3544303797468354,0.7349397590361446,0.0443037974683544,0.0421686746987951,0.0510944081336238
002_20200821_150510(6),0.300632911392405,0.4427710843373494,0.0443037974683544,0.0421686746987951,0.0507073347857661
002_20200901_083204(5),0.3955696202531645,0.2620481927710843,0.0443037974683544,0.0421686746987951,0.0926673928830791
002_20200901_083204(5),0.8987341772151899,0.3614457831325301,0.0443037974683544,0.0421686746987951,0.0893333333333333
002_20200901_083204(5),0.8354430379746836,0.7319277108433735,0.0443037974683544,0.0421686746987951,0.0781713870733478
002_20200901_083204(5),0.3481012658227848,0.3765060240963855,0.0443037974683544,0.0421686746987951,0.069673202614379
002_20200901_083204(5),0.3291139240506329,0.4849397590361445,0.0443037974683544,0.0421686746987951,0.0688983297022512
002_20200901_083204(5),0.3417721518987341,0.4186746987951807,0.0443037974683544,0.0421686746987951,0.0687312999273783
002_20200901_083204(5),0.3765822784810126,0.2921686746987952,0.0443037974683544,0.0421686746987951,0.0687262164124909
002_20200901_083204(5),0.9018987341772152,0.4819277108433735,0.0443037974683544,0.0421686746987951,0.0677487291212781
002_20200901_083204(5),0.7974683544303798,0.5090361445783133,0.0443037974683544,0.0421686746987951,0.0632926652142338
002_20200901_083204(5),0.360759493670886,0.6445783132530121,0.0443037974683544,0.0421686746987951,0.0569310094408133
002_20200901_083204(5),0.8164556962025317,0.3343373493975903,0.0443037974683544,0.0421686746987951,0.0533776325344953
002_20200901_083204(5),0.8417721518987342,0.3403614457831325,0.0443037974683544,0.0421686746987951,0.0517160493827161
002_20200901_083204(5),0.9208860759493672,0.3795180722891566,0.0189873417721519,0.0180722891566265,0.0513932239562491
002_20200901_083204(5),0.4556962025316455,0.4246987951807229,0.0443037974683544,0.0421686746987951,0.0513253449527959
002_20200901_083212(5),0.9018987341772152,0.3313253012048193,0.0443037974683544,0.0421686746987951,0.101272331154684
002_20200901_083212(5),0.3892405063291139,0.6807228915662651,0.0443037974683544,0.0421686746987951,0.0809665940450254
002_20200901_083212(5),0.8734177215189873,0.7018072289156626,0.0443037974683544,0.0421686746987951,0.0806543209876543
002_20200901_083212(5),0.4082278481012658,0.3102409638554217,0.0443037974683544,0.0421686746987951,0.0800472040668118
002_20200901_083212(5),0.3670886075949367,0.5542168674698795,0.0443037974683544,0.0421686746987951,0.0767814088598402
002_20200901_083212(5),0.370253164556962,0.4246987951807229,0.0443037974683544,0.0421686746987951,0.0741430646332606
002_20200901_083212(5),0.8069620253164557,0.4849397590361445,0.0443037974683544,0.0421686746987951,0.0658257080610021
002_20200901_083212(5),0.3670886075949367,0.3704819277108434,0.0126582278481012,0.0120481927710843,0.0512875816993464
002_20200901_203149(6),0.7879746835443038,0.4849397590361445,0.0443037974683544,0.0421686746987951,0.06719825708061
002_20200901_203149(6),0.8765822784810127,0.3283132530120481,0.0443037974683544,0.0421686746987951,0.0593413217138707
002_20200901_203149(6),0.8544303797468354,0.6987951807228916,0.0443037974683544,0.0421686746987951,0.053069716775599
002_20200901_203149(6),0.3734177215189873,0.6897590361445783,0.0443037974683544,0.0421686746987951,0.0506652142338417
002_20200901_203156(2),0.8069620253164557,0.3493975903614458,0.0443037974683544,0.0421686746987951,0.0723986928104575
002_20200901_203156(2),0.4145569620253164,0.6144578313253012,0.0443037974683544,0.0421686746987951,0.0579317356572258
002_20200901_203200(2),0.8006329113924051,0.5572289156626506,0.0443037974683544,0.0421686746987951,0.072921568627451
002_20200901_203200(2),0.8860759493670886,0.3885542168674699,0.0443037974683544,0.0421686746987951,0.0570217864923747
002_20200901_203200(2),0.8670886075949367,0.7620481927710844,0.0443037974683544,0.0421686746987951,0.0507690631808279
002_20200901_203204(5),0.7689873417721519,0.5060240963855421,0.0443037974683544,0.0421686746987951,0.0717254901960784
002_20200901_203204(5),0.8291139240506329,0.3253012048192771,0.0443037974683544,0.0421686746987951,0.0604313725490196
002_20200901_203208(8),0.7911392405063291,0.5301204819277109,0.0443037974683544,0.0421686746987951,0.0789288307915759
002_20200901_203208(8),0.8449367088607594,0.3463855421686747,0.0443037974683544,0.0421686746987951,0.0601038489469862
002_20200901_203213(2),0.8006329113924051,0.5481927710843374,0.0443037974683544,0.0421686746987951,0.0716499636891794
002_20200901_203213(2),0.9082278481012658,0.394578313253012,0.0443037974683544,0.0421686746987951,0.0520108932461872
002_20200905_083100(6),0.4018987341772151,0.6114457831325302,0.0443037974683544,0.0421686746987951,0.0539607843137254
002_20200905_083100(6),0.3734177215189873,0.3524096385542168,0.0443037974683544,0.0421686746987951,0.050915758896151
002_20200905_083104(6),0.3512658227848101,0.322289156626506,0.0443037974683544,0.0421686746987951,0.0513282498184458
002_20200905_083104(6),0.360759493670886,0.5783132530120482,0.0443037974683544,0.0421686746987951,0.0509114015976761
002_20200905_083104(6),0.8417721518987342,0.6114457831325302,0.0443037974683544,0.0421686746987951,0.0503013798111837
002_20200905_083104(6),0.3417721518987341,0.4578313253012048,0.0443037974683544,0.0421686746987951,0.0502374727668844
002_20200905_083116(7),0.810126582278481,0.4849397590361445,0.0443037974683544,0.0421686746987951,0.063236746550472
002_20200905_083120(6),0.810126582278481,0.4759036144578313,0.0443037974683544,0.0421686746987951,0.0732868554829339
002_20200905_083124(7),0.8069620253164557,0.4548192771084337,0.0443037974683544,0.0421686746987951,0.0761103848946986
002_20200905_083134(7),0.7911392405063291,0.4789156626506024,0.0443037974683544,0.0421686746987951,0.0759578794480755
002_20200905_123051(5),0.8259493670886076,0.4427710843373494,0.0443037974683544,0.0421686746987951,0.0627247639796659
002_20200905_123051(5),0.8987341772151899,0.6385542168674698,0.0443037974683544,0.0421686746987951,0.0504132171387073
002_20200905_123055(5),0.7911392405063291,0.466867469879518,0.0443037974683544,0.0421686746987951,0.0701067538126361
002_20200905_123055(5),0.8386075949367089,0.6656626506024096,0.0443037974683544,0.0421686746987951,0.0527501815541031
002_20200905_123059(6),0.8006329113924051,0.4548192771084337,0.0443037974683544,0.0421686746987951,0.0704495279593318
002_20200905_123059(6),0.8512658227848101,0.6566265060240963,0.0443037974683544,0.0421686746987951,0.0587574437182279
002_20200905_123103(4),0.7879746835443038,0.4518072289156626,0.0443037974683544,0.0421686746987951,0.0742730573710965
002_20200905_123103(4),0.8291139240506329,0.6807228915662651,0.0443037974683544,0.0421686746987951,0.0592047930283224
002_20200905_123107(5),0.7784810126582279,0.4337349397590361,0.0443037974683544,0.0421686746987951,0.0775896877269426
002_20200905_123107(5),0.8449367088607594,0.6596385542168675,0.0443037974683544,0.0421686746987951,0.0569259259259259
002_20200905_123107(5),0.3639240506329114,0.6475903614457831,0.0443037974683544,0.0421686746987951,0.0562178649237472
002_20200905_123111(6),0.8069620253164557,0.3734939759036144,0.0443037974683544,0.0421686746987951,0.0762316630355846
002_20200905_123111(6),0.3955696202531645,0.6054216867469879,0.0443037974683544,0.0421686746987951,0.0562861292665214
002_20200905_123111(6),0.8765822784810127,0.6024096385542169,0.0443037974683544,0.0421686746987951,0.054754538852578
002_20200905_123111(6),0.3670886075949367,0.4759036144578313,0.0443037974683544,0.0421686746987951,0.0502919389978213
002_20200908_003259(2),0.3639240506329114,0.5662650602409639,0.0443037974683544,0.0421686746987951,0.0522730573710966
002_20200908_003259(2),0.8481012658227848,0.6174698795180723,0.0443037974683544,0.0421686746987951,0.0517051561365286
002_20200908_003259(2),0.3481012658227848,0.4427710843373494,0.0443037974683544,0.0421686746987951,0.0510588235294118
002_20200908_003303(8),0.8006329113924051,0.3855421686746988,0.0443037974683544,0.0421686746987951,0.0774705882352941
002_20200908_003303(8),0.379746835443038,0.6144578313253012,0.0443037974683544,0.0421686746987951,0.0575853304284677
002_20200908_003303(8),0.870253164556962,0.6204819277108434,0.0443037974683544,0.0421686746987951,0.0561096586782861
002_20200908_003308(2),0.7689873417721519,0.4277108433734939,0.0443037974683544,0.0421686746987951,0.0735424836601307
002_20200908_003308(2),0.8354430379746836,0.6596385542168675,0.0443037974683544,0.0421686746987951,0.0609295570079883
002_20200908_003308(2),0.3417721518987341,0.6265060240963856,0.0443037974683544,0.0421686746987951,0.0536071169208424
002_20200908_003312(9),0.8037974683544303,0.4156626506024096,0.0443037974683544,0.0421686746987951,0.0750777051561365
002_20200908_003321(8),0.8164556962025317,0.4186746987951807,0.0443037974683544,0.0421686746987951,0.0748925199709513
002_20200908_003321(8),0.3449367088607595,0.4759036144578313,0.0443037974683544,0.0421686746987951,0.0501830065359477
002_20200908_003330(9),0.7943037974683544,0.463855421686747,0.0443037974683544,0.0421686746987951,0.0701771968046477
002_20200912_163052(9),0.7816455696202531,0.4518072289156626,0.0443037974683544,0.0421686746987951,0.0766325344952796
002_20200912_163052(9),0.8607594936708861,0.6716867469879518,0.0443037974683544,0.0421686746987951,0.059640522875817
002_20200912_163052(9),0.3734177215189873,0.6807228915662651,0.0443037974683544,0.0421686746987951,0.0579673202614379
002_20200912_163058(9),0.8006329113924051,0.5391566265060241,0.0443037974683544,0.0421686746987951,0.0730232389251996
002_20200912_163058(9),0.870253164556962,0.75,0.0443037974683544,0.0421686746987951,0.0545984023238925
002_20200912_163058(9),0.8829113924050633,0.3795180722891566,0.0443037974683544,0.0421686746987951,0.0521423384168482
002_20200912_163058(9),0.4082278481012658,0.3644578313253012,0.0443037974683544,0.0421686746987951,0.050435003631082
002_20200912_163101(7),0.8607594936708861,0.7349397590361446,0.0443037974683544,0.0421686746987951,0.0548496732026144
002_20200912_163101(7),0.3765822784810126,0.7560240963855421,0.0443037974683544,0.0421686746987951,0.0547581699346405
002_20200912_163101(7),0.3829113924050633,0.3765060240963855,0.0443037974683544,0.0421686746987951,0.0519397240377632
002_20200912_163101(7),0.8607594936708861,0.3644578313253012,0.0443037974683544,0.0421686746987951,0.0516100217864924
002_20200912_163104(6),0.7943037974683544,0.5632530120481928,0.0443037974683544,0.0421686746987951,0.0763057371096586
002_20200912_163104(6),0.3860759493670886,0.4307228915662651,0.0443037974683544,0.0421686746987951,0.0522447349310094
002_20200912_163104(6),0.8765822784810127,0.7650602409638554,0.0443037974683544,0.0421686746987951,0.0503783587509077
002_20200912_163113(5),0.3860759493670886,0.6957831325301205,0.0443037974683544,0.0421686746987951,0.056905591866376
002_20200912_163116(5),0.4208860759493671,0.7319277108433735,0.0443037974683544,0.0421686746987951,0.0571285403050109
002_20200912_163116(5),0.360759493670886,0.4698795180722891,0.0443037974683544,0.0421686746987951,0.0537436456063906
002_20200912_163116(5),0.8544303797468354,0.2740963855421687,0.0443037974683544,0.0421686746987951,0.0516971677559912
002_20200915_083044(8),0.3734177215189873,0.3373493975903614,0.0443037974683544,0.0421686746987951,0.1014669571532317
002_20200915_083044(8),0.8860759493670886,0.3343373493975903,0.0443037974683544,0.0421686746987951,0.0762955700798838
002_20200915_083044(8),0.3417721518987341,0.4759036144578313,0.0443037974683544,0.0421686746987951,0.0734175744371823
002_20200915_083044(8),0.3481012658227848,0.5903614457831325,0.0443037974683544,0.0421686746987951,0.0715090777051561
002_20200915_083044(8),0.9018987341772152,0.4277108433734939,0.0443037974683544,0.0421686746987951,0.0696071169208424
002_20200915_083044(8),0.4018987341772151,0.7198795180722891,0.0443037974683544,0.0421686746987951,0.0693202614379085
002_20200915_083044(8),0.8892405063291139,0.6746987951807228,0.0443037974683544,0.0421686746987951,0.0679310094408133
002_20200915_083044(8),0.8386075949367089,0.3042168674698795,0.0443037974683544,0.0421686746987951,0.0675744371822803
002_20200915_083044(8),0.3512658227848101,0.4277108433734939,0.0443037974683544,0.0421686746987951,0.064320987654321
002_20200915_083044(8),0.8037974683544303,0.4909638554216867,0.0443037974683544,0.0421686746987951,0.0621169208424109
002_20200915_083044(8),0.370253164556962,0.6867469879518072,0.0443037974683544,0.0421686746987951,0.0605301379811182
002_20200915_083044(8),0.9018987341772152,0.4819277108433735,0.0443037974683544,0.0421686746987951,0.0544655047204067
002_20200915_083047(9),0.3924050632911392,0.2951807228915662,0.0443037974683544,0.0421686746987951,0.0844502541757443
002_20200915_083047(9),0.3449367088607595,0.5451807228915663,0.0443037974683544,0.0421686746987951,0.0733260711692084
002_20200915_083047(9),0.3481012658227848,0.4698795180722891,0.0443037974683544,0.0421686746987951,0.0726514161220043
002_20200915_083047(9),0.3481012658227848,0.4277108433734939,0.0443037974683544,0.0421686746987951,0.0718242556281772
002_20200915_083047(9),0.8765822784810127,0.6927710843373494,0.0443037974683544,0.0421686746987951,0.0718119099491648
002_20200915_083047(9),0.3860759493670886,0.6746987951807228,0.0443037974683544,0.0421686746987951,0.0685010893246187
002_20200915_083047(9),0.9113924050632912,0.4578313253012048,0.0443037974683544,0.0421686746987951,0.0646492374727668
002_20200915_083047(9),0.8639240506329114,0.3162650602409638,0.0443037974683544,0.0421686746987951,0.0631721132897603
002_20200915_083047(9),0.810126582278481,0.4909638554216867,0.0443037974683544,0.0421686746987951,0.0631307189542483
002_20200915_083047(9),0.8955696202531646,0.3283132530120481,0.0443037974683544,0.0421686746987951,0.062114015976761
002_20200915_083047(9),0.3575949367088608,0.6385542168674698,0.0443037974683544,0.0421686746987951,0.0616550472040668
002_20200915_083050(8),0.7373417721518988,0.8795180722891566,0.0443037974683544,0.0421686746987951,0.0913994190268699
002_20200915_083050(8),0.4778481012658228,0.2590361445783132,0.0443037974683544,0.0421686746987951,0.0830777051561365
002_20200915_083050(8),0.3069620253164557,0.5813253012048193,0.0443037974683544,0.0421686746987951,0.0716165577342047
002_20200915_083050(8),0.8987341772151899,0.5813253012048193,0.0443037974683544,0.0421686746987951,0.0704015976761074
002_20200915_083050(8),0.3354430379746835,0.4337349397590361,0.0443037974683544,0.0421686746987951,0.069911401597676
002_20200915_083050(8),0.3892405063291139,0.3403614457831325,0.0443037974683544,0.0421686746987951,0.0640196078431372
002_20200915_083050(8),0.7531645569620253,0.6897590361445783,0.0443037974683544,0.0421686746987951,0.0633340595497458
002_20200915_083050(8),0.300632911392405,0.5421686746987951,0.0443037974683544,0.0421686746987951,0.0612846768336963
002_20200915_083053(9),0.3765822784810126,0.7108433734939759,0.0443037974683544,0.0421686746987951,0.0936071169208424
002_20200915_083053(9),0.870253164556962,0.3524096385542168,0.0443037974683544,0.0421686746987951,0.0865715323166303
002_20200915_083053(9),0.3955696202531645,0.3313253012048193,0.0443037974683544,0.0421686746987951,0.0853660130718954
002_20200915_083053(9),0.8512658227848101,0.7228915662650602,0.0443037974683544,0.0421686746987951,0.0826063907044298
002_20200915_083053(9),0.3544303797468354,0.4367469879518072,0.0443037974683544,0.0421686746987951,0.0770689905591866
002_20200915_083053(9),0.3481012658227848,0.4728915662650602,0.0443037974683544,0.0421686746987951,0.0756862745098039
002_20200915_083053(9),0.3449367088607595,0.572289156626506,0.0443037974683544,0.0421686746987951,0.0655526506899056
002_20200915_083053(9),0.5443037974683544,0.3253012048192771,0.0443037974683544,0.0421686746987951,0.058158315177923
002_20200915_083053(9),0.3481012658227848,0.3915662650602409,0.0126582278481012,0.0120481927710843,0.0572369281045751
002_20200915_083053(9),0.3449367088607595,0.4006024096385542,0.0126582278481012,0.0120481927710843,0.0556176470588235
002_20200915_083053(9),0.5063291139240507,0.7259036144578314,0.0443037974683544,0.0421686746987951,0.0514923747276688
002_20200915_083056(9),0.7911392405063291,0.8132530120481928,0.0443037974683544,0.0421686746987951,0.0853623819898329
002_20200915_083056(9),0.3291139240506329,0.6566265060240963,0.0443037974683544,0.0421686746987951,0.0833776325344952
002_20200915_083056(9),0.8860759493670886,0.4608433734939759,0.0443037974683544,0.0421686746987951,0.0721539578794481
002_20200915_083056(9),0.3575949367088608,0.4186746987951807,0.0443037974683544,0.0421686746987951,0.0710065359477124
002_20200915_083056(9),0.439873417721519,0.3012048192771084,0.0443037974683544,0.0421686746987951,0.0682273057371096
002_20200915_083056(9),0.3417721518987341,0.4819277108433735,0.0443037974683544,0.0421686746987951,0.0678024691358024
002_20200915_083056(9),0.3670886075949367,0.394578313253012,0.0443037974683544,0.0421686746987951,0.0658046477850399
002_20200915_083056(9),0.3291139240506329,0.5301204819277109,0.0443037974683544,0.0421686746987951,0.0645083514887435
002_20200915_083056(9),0.3322784810126582,0.5090361445783133,0.0443037974683544,0.0421686746987951,0.062272331154684
002_20200915_083056(9),0.4018987341772151,0.3253012048192771,0.0443037974683544,0.0421686746987951,0.0610493827160493
002_20200915_083056(9),0.9113924050632912,0.5060240963855421,0.0253164556962025,0.0240963855421686,0.0556856693294601
002_20200915_083059(9),0.8607594936708861,0.7379518072289156,0.0443037974683544,0.0421686746987951,0.0912389251997094
002_20200915_083059(9),0.3829113924050633,0.7168674698795181,0.0443037974683544,0.0421686746987951,0.0899244734931009
002_20200915_083059(9),0.4113924050632911,0.3373493975903614,0.0443037974683544,0.0421686746987951,0.086318082788671
002_20200915_083059(9),0.8829113924050633,0.3674698795180723,0.0443037974683544,0.0421686746987951,0.0834212055192447
002_20200915_083059(9),0.360759493670886,0.4698795180722891,0.0443037974683544,0.0421686746987951,0.0759615105301379
002_20200915_083059(9),0.3639240506329114,0.4518072289156626,0.0443037974683544,0.0421686746987951,0.0745185185185185
002_20200915_083059(9),0.3575949367088608,0.5813253012048193,0.0443037974683544,0.0421686746987951,0.074279593318809
002_20200915_083059(9),0.7943037974683544,0.5301204819277109,0.0443037974683544,0.0421686746987951,0.0606913580246913
002_20200915_083059(9),0.9177215189873418,0.4156626506024096,0.0253164556962025,0.0240963855421686,0.0584150326797386
002_20200915_083059(9),0.3575949367088608,0.4096385542168674,0.0126582278481012,0.0120481927710843,0.0542140522875817
002_20200916_043144(0),0.3987341772151899,0.3192771084337349,0.0443037974683544,0.0421686746987951,0.1092033405954975
002_20200916_043144(0),0.360759493670886,0.4728915662650602,0.0443037974683544,0.0421686746987951,0.0821626724763979
002_20200916_043144(0),0.3639240506329114,0.4367469879518072,0.0443037974683544,0.0421686746987951,0.0788809005083515
002_20200916_043144(0),0.8924050632911392,0.6987951807228916,0.0443037974683544,0.0421686746987951,0.0787015250544662
002_20200916_043144(0),0.360759493670886,0.5753012048192772,0.0443037974683544,0.0421686746987951,0.0778896151053013
002_20200916_043144(0),0.9050632911392406,0.3403614457831325,0.0443037974683544,0.0421686746987951,0.0668010167029775
002_20200916_043144(0),0.870253164556962,0.3192771084337349,0.0443037974683544,0.0421686746987951,0.0653246187363834
002_20200916_043144(0),0.9208860759493672,0.463855421686747,0.0443037974683544,0.0421686746987951,0.0639593318809005
002_20200916_043144(0),0.3765822784810126,0.6686746987951807,0.0443037974683544,0.0421686746987951,0.0633093681917211
002_20200916_043144(0),0.8227848101265823,0.5120481927710844,0.0443037974683544,0.0421686746987951,0.06280174291939
002_20200916_043144(0),0.4082278481012658,0.7048192771084337,0.0443037974683544,0.0421686746987951,0.0626172839506172
002_20200916_043144(0),0.8322784810126582,0.7168674698795181,0.0443037974683544,0.0421686746987951,0.0538264342774146
002_20200916_043146(9),0.3639240506329114,0.3373493975903614,0.0443037974683544,0.0421686746987951,0.1102621641249092
002_20200916_043146(9),0.3291139240506329,0.4759036144578313,0.0443037974683544,0.0421686746987951,0.0808126361655773
002_20200916_043146(9),0.8670886075949367,0.6987951807228916,0.0443037974683544,0.0421686746987951,0.0738075526506898
002_20200916_043146(9),0.3291139240506329,0.5873493975903614,0.0443037974683544,0.0421686746987951,0.0725737109658678
002_20200916_043146(9),0.8670886075949367,0.3343373493975903,0.0443037974683544,0.0421686746987951,0.0641249092229485
002_20200916_043146(9),0.3829113924050633,0.7198795180722891,0.0443037974683544,0.0421686746987951,0.0611692084241103
002_20200916_043146(9),0.8892405063291139,0.466867469879518,0.0443037974683544,0.0421686746987951,0.0611038489469861
002_20200916_043146(9),0.7911392405063291,0.5150602409638554,0.0443037974683544,0.0421686746987951,0.0584655047204066
002_20200916_043146(9),0.3512658227848101,0.6867469879518072,0.0443037974683544,0.0421686746987951,0.0577690631808279
002_20200916_043150(0),0.3765822784810126,0.3283132530120481,0.0443037974683544,0.0421686746987951,0.1105279593318808
002_20200916_043150(0),0.3417721518987341,0.4759036144578313,0.0443037974683544,0.0421686746987951,0.0852280319535221
002_20200916_043150(0),0.3449367088607595,0.5843373493975904,0.0443037974683544,0.0421686746987951,0.0785054466230936
002_20200916_043150(0),0.8829113924050633,0.6837349397590361,0.0443037974683544,0.0421686746987951,0.0720951343500363
002_20200916_043150(0),0.8829113924050633,0.3313253012048193,0.0443037974683544,0.0421686746987951,0.0676840958605664
002_20200916_043150(0),0.8037974683544303,0.4849397590361445,0.0443037974683544,0.0421686746987951,0.066681917211329
002_20200916_043150(0),0.3987341772151899,0.713855421686747,0.0443037974683544,0.0421686746987951,0.0626383442265794
002_20200916_043150(0),0.9018987341772152,0.4367469879518072,0.0443037974683544,0.0421686746987951,0.0584901960784313
002_20200916_043150(0),0.3670886075949367,0.6807228915662651,0.0443037974683544,0.0421686746987951,0.0563965141612199
002_20200916_043152(7),0.3734177215189873,0.3192771084337349,0.0443037974683544,0.0421686746987951,0.1026644880174291
002_20200916_043152(7),0.3354430379746835,0.4728915662650602,0.0443037974683544,0.0421686746987951,0.0809869281045751
002_20200916_043152(7),0.3386075949367088,0.4367469879518072,0.0443037974683544,0.0421686746987951,0.080109658678286
002_20200916_043152(7),0.8670886075949367,0.6987951807228916,0.0443037974683544,0.0421686746987951,0.0778663761801015
002_20200916_043152(7),0.3322784810126582,0.5662650602409639,0.0443037974683544,0.0421686746987951,0.0769760348583877
002_20200916_043152(7),0.7974683544303798,0.4909638554216867,0.0443037974683544,0.0421686746987951,0.0667806826434277
002_20200916_043152(7),0.879746835443038,0.3403614457831325,0.0443037974683544,0.0421686746987951,0.062076978939724
002_20200916_043152(7),0.3829113924050633,0.7018072289156626,0.0443037974683544,0.0421686746987951,0.062042846768337
002_20200916_043152(7),0.3512658227848101,0.6656626506024096,0.0443037974683544,0.0421686746987951,0.0596906318082788
002_20200916_043152(7),0.8955696202531646,0.463855421686747,0.0443037974683544,0.0421686746987951,0.0583311546840958
002_20200916_043155(6),0.4018987341772151,0.322289156626506,0.0443037974683544,0.0421686746987951,0.1072193173565723
002_20200916_043155(6),0.360759493670886,0.5692771084337349,0.0443037974683544,0.0421686746987951,0.079480755265069
002_20200916_043155(6),0.8955696202531646,0.6987951807228916,0.0443037974683544,0.0421686746987951,0.0789934640522876
002_20200916_043155(6),0.3639240506329114,0.4427710843373494,0.0443037974683544,0.0421686746987951,0.0764204793028322
002_20200916_043155(6),0.360759493670886,0.4728915662650602,0.0443037974683544,0.0421686746987951,0.0757276688453159
002_20200916_043155(6),0.8227848101265823,0.4909638554216867,0.0443037974683544,0.0421686746987951,0.066118373275236
002_20200916_043155(6),0.9082278481012658,0.3463855421686747,0.0443037974683544,0.0421686746987951,0.0636826434277414
002_20200916_043155(6),0.4082278481012658,0.7048192771084337,0.0443037974683544,0.0421686746987951,0.06239941902687
002_20200916_043155(6),0.379746835443038,0.6686746987951807,0.0443037974683544,0.0421686746987951,0.060436456063907
002_20200916_043155(6),0.9240506329113924,0.466867469879518,0.0443037974683544,0.0421686746987951,0.0551670297748729
002_20200916_043158(6),0.3892405063291139,0.3253012048192771,0.0443037974683544,0.0421686746987951,0.1028053740014524
002_20200916_043158(6),0.3544303797468354,0.4427710843373494,0.0443037974683544,0.0421686746987951,0.0803594771241829
002_20200916_043158(6),0.3512658227848101,0.4759036144578313,0.0443037974683544,0.0421686746987951,0.0802469135802469
002_20200916_043158(6),0.3512658227848101,0.572289156626506,0.0443037974683544,0.0421686746987951,0.0785127087872186
002_20200916_043158(6),0.8892405063291139,0.6927710843373494,0.0443037974683544,0.0421686746987951,0.0739092229484386
002_20200916_043158(6),0.8132911392405063,0.4849397590361445,0.0443037974683544,0.0421686746987951,0.0707254901960784
002_20200916_043158(6),0.8955696202531646,0.3433734939759036,0.0443037974683544,0.0421686746987951,0.0602607116920842
002_20200916_043158(6),0.8607594936708861,0.3162650602409638,0.0443037974683544,0.0421686746987951,0.0574030501089324
002_20200916_043158(6),0.3734177215189873,0.6716867469879518,0.0443037974683544,0.0421686746987951,0.0510174291938997
002_20200916_043158(6),0.3481012658227848,0.3765060240963855,0.0126582278481012,0.0120481927710843,0.0505081699346405
002_20200916_083057(9),0.4462025316455696,0.8012048192771084,0.0443037974683544,0.0421686746987951,0.0851764705882352
002_20200916_083057(9),0.8639240506329114,0.3192771084337349,0.0443037974683544,0.0421686746987951,0.0824284676833696
002_20200916_083057(9),0.379746835443038,0.4307228915662651,0.0443037974683544,0.0421686746987951,0.0814015976761075
002_20200916_083057(9),0.9050632911392406,0.6686746987951807,0.0443037974683544,0.0421686746987951,0.0784444444444444
002_20200916_083057(9),0.3639240506329114,0.5542168674698795,0.0443037974683544,0.0421686746987951,0.0760501089324618
002_20200916_083057(9),0.3639240506329114,0.4698795180722891,0.0443037974683544,0.0421686746987951,0.0759259259259259
002_20200916_083057(9),0.7943037974683544,0.4789156626506024,0.0443037974683544,0.0421686746987951,0.0672854030501089
002_20200916_083057(9),0.3860759493670886,0.6716867469879518,0.0443037974683544,0.0421686746987951,0.0651561365286854
002_20200916_083057(9),0.3481012658227848,0.5090361445783133,0.0126582278481012,0.0120481927710843,0.0629820261437908
002_20200916_083057(9),0.8512658227848101,0.2921686746987952,0.0126582278481012,0.0120481927710843,0.0605539215686274
002_20200916_083102(3),0.4050632911392405,0.7590361445783133,0.0443037974683544,0.0421686746987951,0.0929876543209875
002_20200916_083102(3),0.879746835443038,0.6837349397590361,0.0443037974683544,0.0421686746987951,0.0851190994916485
002_20200916_083102(3),0.8481012658227848,0.3192771084337349,0.0443037974683544,0.0421686746987951,0.078673202614379
002_20200916_083102(3),0.3481012658227848,0.4939759036144578,0.0443037974683544,0.0421686746987951,0.0764989106753812
002_20200916_083102(3),0.3765822784810126,0.3825301204819277,0.0443037974683544,0.0421686746987951,0.0733013798111837
002_20200916_083102(3),0.3544303797468354,0.4216867469879518,0.0443037974683544,0.0421686746987951,0.0727109658678285
002_20200916_083102(3),0.3481012658227848,0.5421686746987951,0.0443037974683544,0.0421686746987951,0.0704829339143065
002_20200916_083102(3),0.360759493670886,0.641566265060241,0.0443037974683544,0.0421686746987951,0.0682679738562091
002_20200916_083102(3),0.3354430379746835,0.4578313253012048,0.0126582278481012,0.0120481927710843,0.0680098039215686
002_20200916_083102(3),0.7816455696202531,0.4819277108433735,0.0443037974683544,0.0421686746987951,0.0669259259259259
002_20200916_083102(3),0.509493670886076,0.3493975903614458,0.0443037974683544,0.0421686746987951,0.0501888162672476
002_20200916_083106(8),0.8639240506329114,0.7168674698795181,0.0443037974683544,0.0421686746987951,0.1040413943355119
002_20200916_083106(8),0.3829113924050633,0.677710843373494,0.0443037974683544,0.0421686746987951,0.0887741466957153
002_20200916_083106(8),0.3734177215189873,0.4216867469879518,0.0443037974683544,0.0421686746987951,0.0787828612926652
002_20200916_083106(8),0.3639240506329114,0.5512048192771084,0.0443037974683544,0.0421686746987951,0.0777494553376906
002_20200916_083106(8),0.8924050632911392,0.3493975903614458,0.0443037974683544,0.0421686746987951,0.0769651416122003
002_20200916_083106(8),0.370253164556962,0.3734939759036144,0.0126582278481012,0.0120481927710843,0.0673627450980392
002_20200916_083106(8),0.4208860759493671,0.3072289156626506,0.0443037974683544,0.0421686746987951,0.0650196078431371
002_20200916_083106(8),0.620253164556962,0.3102409638554217,0.0443037974683544,0.0421686746987951,0.0508104575163399
002_20200916_083111(3),0.4208860759493671,0.2680722891566265,0.0443037974683544,0.0421686746987951,0.0936042120551925
002_20200916_083111(3),0.3386075949367088,0.4849397590361445,0.0443037974683544,0.0421686746987951,0.0790871459694989
002_20200916_083111(3),0.8354430379746836,0.7590361445783133,0.0443037974683544,0.0421686746987951,0.0747770515613652
002_20200916_083111(3),0.360759493670886,0.3795180722891566,0.0443037974683544,0.0421686746987951,0.0742687000726217
002_20200916_083111(3),0.3512658227848101,0.4216867469879518,0.0443037974683544,0.0421686746987951,0.0721023965141611
002_20200916_083111(3),0.3892405063291139,0.3072289156626506,0.0443037974683544,0.0421686746987951,0.0709985475671749
002_20200916_083111(3),0.9113924050632912,0.4216867469879518,0.0443037974683544,0.0421686746987951,0.0692948438634712
002_20200916_083111(3),0.7974683544303798,0.5542168674698795,0.0443037974683544,0.0421686746987951,0.0681307189542483
002_20200916_083111(3),0.3544303797468354,0.641566265060241,0.0443037974683544,0.0421686746987951,0.0651859114015976
002_20200916_083111(3),0.3670886075949367,0.322289156626506,0.0126582278481012,0.0120481927710843,0.0576013071895424
002_20200916_083111(3),0.3354430379746835,0.6054216867469879,0.0443037974683544,0.0421686746987951,0.0556325344952795
002_20200916_083115(8),0.4177215189873418,0.2710843373493976,0.0443037974683544,0.0421686746987951,0.0923100944081336
002_20200916_083115(8),0.3354430379746835,0.4849397590361445,0.0443037974683544,0.0421686746987951,0.0812381989832969
002_20200916_083115(8),0.8291139240506329,0.7620481927710844,0.0443037974683544,0.0421686746987951,0.0793761801016702
002_20200916_083115(8),0.3575949367088608,0.3825301204819277,0.0443037974683544,0.0421686746987951,0.0756659404502541
002_20200916_083115(8),0.3481012658227848,0.4186746987951807,0.0443037974683544,0.0421686746987951,0.0734241103848946
002_20200916_083115(8),0.9050632911392406,0.4216867469879518,0.0443037974683544,0.0421686746987951,0.0672890341321714
002_20200916_083115(8),0.7943037974683544,0.5542168674698795,0.0443037974683544,0.0421686746987951,0.0670435729847494
002_20200916_083115(8),0.3892405063291139,0.3042168674698795,0.0443037974683544,0.0421686746987951,0.0657930283224401
002_20200916_083115(8),0.3512658227848101,0.6445783132530121,0.0443037974683544,0.0421686746987951,0.0649564270152504
002_20200916_083115(8),0.3639240506329114,0.322289156626506,0.0126582278481012,0.0120481927710843,0.0630294117647058
002_20200916_083115(8),0.360759493670886,0.3283132530120481,0.0126582278481012,0.0120481927710843,0.0592761437908496
002_20200916_083115(8),0.3322784810126582,0.608433734939759,0.0443037974683544,0.0421686746987951,0.0568968772694262
002_20200916_083115(8),0.379746835443038,0.2801204819277108,0.0126582278481012,0.0120481927710843,0.0554183006535947
002_20200916_083115(8),0.3575949367088608,0.3373493975903614,0.0126582278481012,0.0120481927710843,0.0501633986928104
002_20200916_083120(2),0.4113924050632911,0.2921686746987952,0.0443037974683544,0.0421686746987951,0.0852273057371097
002_20200916_083120(2),0.3639240506329114,0.4216867469879518,0.0443037974683544,0.0421686746987951,0.0842047930283224
002_20200916_083120(2),0.870253164556962,0.7228915662650602,0.0443037974683544,0.0421686746987951,0.0820021786492374
002_20200916_083120(2),0.3924050632911392,0.3192771084337349,0.0443037974683544,0.0421686746987951,0.0802883079157588
002_20200916_083120(2),0.3544303797468354,0.5451807228915663,0.0443037974683544,0.0421686746987951,0.0766949891067537
002_20200916_083120(2),0.360759493670886,0.466867469879518,0.0443037974683544,0.0421686746987951,0.0760559186637617
002_20200916_083120(2),0.3829113924050633,0.6686746987951807,0.0443037974683544,0.0421686746987951,0.0686318082788671
002_20200916_083120(2),0.370253164556962,0.3343373493975903,0.0126582278481012,0.0120481927710843,0.0607777777777777
002_20200916_083120(2),0.9113924050632912,0.3704819277108434,0.0443037974683544,0.0421686746987951,0.0602265795206971
002_20200916_083120(2),0.3639240506329114,0.6385542168674698,0.0443037974683544,0.0421686746987951,0.0600958605664488
002_20200916_083120(2),0.3670886075949367,0.3433734939759036,0.0126582278481012,0.0120481927710843,0.0597810457516339
002_20200916_083120(2),0.8164556962025317,0.5120481927710844,0.0443037974683544,0.0421686746987951,0.059716049382716
002_20200916_083120(2),0.8860759493670886,0.3463855421686747,0.0443037974683544,0.0421686746987951,0.0567908496732026
002_20200916_083120(2),0.9145569620253164,0.3463855421686747,0.0189873417721519,0.0180722891566265,0.0559503801520608
002_20200916_083120(2),0.3639240506329114,0.3524096385542168,0.0126582278481012,0.0120481927710843,0.0525179738562092
002_20200916_122640(9),0.3892405063291139,0.7409638554216867,0.0443037974683544,0.0421686746987951,0.0932505446623094
002_20200916_122640(9),0.3417721518987341,0.4789156626506024,0.0443037974683544,0.0421686746987951,0.0835337690631807
002_20200916_122640(9),0.8639240506329114,0.6897590361445783,0.0443037974683544,0.0421686746987951,0.0814132171387073
002_20200916_122640(9),0.8449367088607594,0.3192771084337349,0.0443037974683544,0.0421686746987951,0.0777095134350036
002_20200916_122640(9),0.3734177215189873,0.3614457831325301,0.0443037974683544,0.0421686746987951,0.0760021786492374
002_20200916_122640(9),0.8670886075949367,0.3373493975903614,0.0443037974683544,0.0421686746987951,0.0740130718954248
002_20200916_122640(9),0.3512658227848101,0.4066265060240964,0.0443037974683544,0.0421686746987951,0.0737073347857661
002_20200916_122640(9),0.3481012658227848,0.5813253012048193,0.0443037974683544,0.0421686746987951,0.0706063907044298
002_20200916_122640(9),0.3322784810126582,0.4277108433734939,0.0126582278481012,0.0120481927710843,0.0698954248366013
002_20200916_122640(9),0.3481012658227848,0.6144578313253012,0.0443037974683544,0.0421686746987951,0.0674575163398692
002_20200916_122640(9),0.7753164556962026,0.4819277108433735,0.0443037974683544,0.0421686746987951,0.0659774872912127
002_20200916_122640(9),0.3291139240506329,0.4397590361445783,0.0126582278481012,0.0120481927710843,0.0557418300653594
002_20200916_122645(5),0.8512658227848101,0.6957831325301205,0.0443037974683544,0.0421686746987951,0.0929724037763253
002_20200916_122645(5),0.3734177215189873,0.6445783132530121,0.0443037974683544,0.0421686746987951,0.0912512708787218
002_20200916_122645(5),0.3575949367088608,0.4789156626506024,0.0443037974683544,0.0421686746987951,0.0785301379811183
002_20200916_122645(5),0.3670886075949367,0.3795180722891566,0.0443037974683544,0.0421686746987951,0.0739092229484386
002_20200916_122645(5),0.3860759493670886,0.3162650602409638,0.0443037974683544,0.0421686746987951,0.0724262890341321
002_20200916_122645(5),0.9082278481012658,0.3493975903614458,0.0443037974683544,0.0421686746987951,0.0717342047930283
002_20200916_122645(5),0.8892405063291139,0.3283132530120481,0.0443037974683544,0.0421686746987951,0.0712650689905591
002_20200916_122645(5),0.7943037974683544,0.4728915662650602,0.0443037974683544,0.0421686746987951,0.0706768336964415
002_20200916_122645(5),0.360759493670886,0.4156626506024096,0.0443037974683544,0.0421686746987951,0.0702389251997095
002_20200916_122645(5),0.3639240506329114,0.3403614457831325,0.0126582278481012,0.0120481927710843,0.0621879084967319
002_20200916_122645(5),0.360759493670886,0.5512048192771084,0.0443037974683544,0.0421686746987951,0.0583572984749454
002_20200916_122645(5),0.4177215189873418,0.2710843373493976,0.0443037974683544,0.0421686746987951,0.0572483660130718
002_20200916_122650(1)__m2,0.3544303797468354,0.6566265060240963,0.0443037974683544,0.0421686746987951,0.0917378358750908
002_20200916_122650(1)__m2,0.8354430379746836,0.6897590361445783,0.0443037974683544,0.0421686746987951,0.0909600580973129
002_20200916_122650(1)__m2,0.879746835443038,0.3403614457831325,0.0443037974683544,0.0421686746987951,0.0792759622367465
002_20200916_122650(1)__m2,0.3386075949367088,0.4186746987951807,0.0443037974683544,0.0421686746987951,0.0770791575889614
002_20200916_122650(1)__m2,0.3449367088607595,0.3855421686746988,0.0443037974683544,0.0421686746987951,0.0749063180827887
002_20200916_122650(1)__m2,0.3354430379746835,0.4819277108433735,0.0443037974683544,0.0421686746987951,0.0746848220769789
002_20200916_122650(1)__m2,0.3354430379746835,0.5421686746987951,0.0443037974683544,0.0421686746987951,0.0738685548293391
002_20200916_122650(1)__m2,0.3639240506329114,0.3192771084337349,0.0443037974683544,0.0421686746987951,0.0697218591140159
002_20200916_122650(1)__m2,0.8670886075949367,0.3253012048192771,0.0443037974683544,0.0421686746987951,0.0675526506899056
002_20200916_122650(1)__m2,0.8955696202531646,0.3644578313253012,0.0253164556962025,0.0240963855421686,0.0586056644880174
002_20200916_122650(1)__m2,0.3892405063291139,0.2831325301204819,0.0443037974683544,0.0421686746987951,0.0545432098765432
002_20200916_122650(1)__m2,0.3354430379746835,0.3554216867469879,0.0126582278481012,0.0120481927710843,0.0523594771241829
002_20200916_122654(5),0.3544303797468354,0.3674698795180723,0.0443037974683544,0.0421686746987951,0.0810435729847493
002_20200916_122654(5),0.3987341772151899,0.2469879518072289,0.0443037974683544,0.0421686746987951,0.0802890341321714
002_20200916_122654(5),0.3417721518987341,0.4849397590361445,0.0443037974683544,0.0421686746987951,0.0800660856935367
002_20200916_122654(5),0.870253164556962,0.6686746987951807,0.0443037974683544,0.0421686746987951,0.0745054466230937
002_20200916_122654(5),0.3734177215189873,0.6234939759036144,0.0443037974683544,0.0421686746987951,0.0709767610748002
002_20200916_122654(5),0.3481012658227848,0.4186746987951807,0.0443037974683544,0.0421686746987951,0.0696586782861293
002_20200916_122654(5),0.9113924050632912,0.3313253012048193,0.0443037974683544,0.0421686746987951,0.0678474945533769
002_20200916_122654(5),0.810126582278481,0.4487951807228915,0.0443037974683544,0.0421686746987951,0.0654175744371822
002_20200916_122654(5),0.9113924050632912,0.4277108433734939,0.0443037974683544,0.0421686746987951,0.0575018155410311
002_20200916_122654(5),0.3512658227848101,0.5903614457831325,0.0443037974683544,0.0421686746987951,0.0567712418300653
002_20200916_122654(5),0.3639240506329114,0.2620481927710843,0.0126582278481012,0.0120481927710843,0.0566895424836601
002_20200916_122654(5),0.3575949367088608,0.286144578313253,0.0126582278481012,0.0120481927710843,0.0548872549019608
002_20200916_122654(5),0.7974683544303798,0.6807228915662651,0.0443037974683544,0.0421686746987951,0.0542047930283224
002_20200916_122654(5),0.3512658227848101,0.3072289156626506,0.0126582278481012,0.0120481927710843,0.0529722222222221
002_20200916_122659(0),0.3227848101265823,0.4728915662650602,0.0443037974683544,0.0421686746987951,0.0819615105301379
002_20200916_122659(0),0.3259493670886076,0.4337349397590361,0.0443037974683544,0.0421686746987951,0.0786811909949164
002_20200916_122659(0),0.3386075949367088,0.3373493975903614,0.0443037974683544,0.0421686746987951,0.0779201161946259
002_20200916_122659(0),0.370253164556962,0.25,0.0443037974683544,0.0421686746987951,0.0738685548293391
002_20200916_122659(0),0.8955696202531646,0.3343373493975903,0.0443037974683544,0.0421686746987951,0.0725787944807553
002_20200916_122659(0),0.3449367088607595,0.5963855421686747,0.0443037974683544,0.0421686746987951,0.0712549019607842
002_20200916_122659(0),0.8417721518987342,0.6716867469879518,0.0443037974683544,0.0421686746987951,0.0711786492374727
002_20200916_122659(0),0.3892405063291139,0.2259036144578313,0.0443037974683544,0.0421686746987951,0.0707654320987653
002_20200916_122659(0),0.7911392405063291,0.4548192771084337,0.0443037974683544,0.0421686746987951,0.0659869281045751
002_20200916_122659(0),0.3259493670886076,0.5602409638554217,0.0443037974683544,0.0421686746987951,0.0628503994190267
002_20200916_122659(0),0.8955696202531646,0.4307228915662651,0.0443037974683544,0.0421686746987951,0.0585330428467683
002_20200916_122659(0),0.3449367088607595,0.2680722891566265,0.0126582278481012,0.0120481927710843,0.057312091503268
002_20200916_122659(0),0.3417721518987341,0.2740963855421687,0.0126582278481012,0.0120481927710843,0.0544411764705882
002_20200916_122659(0),0.3481012658227848,0.2560240963855422,0.0126582278481012,0.0120481927710843,0.0525065359477123
002_20200916_122703(5),0.3829113924050633,0.2560240963855422,0.0443037974683544,0.0421686746987951,0.0879266521423384
002_20200916_122703(5),0.3164556962025316,0.4849397590361445,0.0443037974683544,0.0421686746987951,0.0818024691358025
002_20200916_122703(5),0.3322784810126582,0.3734939759036144,0.0443037974683544,0.0421686746987951,0.0781822803195352
002_20200916_122703(5),0.3259493670886076,0.4156626506024096,0.0443037974683544,0.0421686746987951,0.0732127814088598
002_20200916_122703(5),0.8386075949367089,0.6987951807228916,0.0443037974683544,0.0421686746987951,0.0729840232389252
002_20200916_122703(5),0.3449367088607595,0.6325301204819277,0.0443037974683544,0.0421686746987951,0.0713892519970951
002_20200916_122703(5),0.7848101265822784,0.4789156626506024,0.0443037974683544,0.0421686746987951,0.071159767610748
002_20200916_122703(5),0.8892405063291139,0.3614457831325301,0.0443037974683544,0.0421686746987951,0.0665831517792302
002_20200916_122703(5),0.3227848101265823,0.5963855421686747,0.0443037974683544,0.0421686746987951,0.0608554829339143
002_20200916_122703(5),0.8860759493670886,0.4698795180722891,0.0443037974683544,0.0421686746987951,0.0569658678286129
002_20200916_122703(5),0.3322784810126582,0.3132530120481928,0.0126582278481012,0.0120481927710843,0.0567826797385621
002_20200916_122703(5),0.3386075949367088,0.2921686746987952,0.0126582278481012,0.0120481927710843,0.054001633986928
002_20200916_122703(5),0.3354430379746835,0.3042168674698795,0.0126582278481012,0.0120481927710843,0.0517875816993464
002_20200916_122703(5),0.8829113924050633,0.322289156626506,0.0189873417721519,0.0180722891566265,0.0517426970788315
002_20200916_122703(5),0.3481012658227848,0.2680722891566265,0.0126582278481012,0.0120481927710843,0.0516519607843136
002_20200918_083026(0),0.3670886075949367,0.608433734939759,0.0443037974683544,0.0421686746987951,0.0902120551924473
002_20200918_083026(0),0.8417721518987342,0.6506024096385542,0.0443037974683544,0.0421686746987951,0.0868525780682643
002_20200918_083026(0),0.3481012658227848,0.4789156626506024,0.0443037974683544,0.0421686746987951,0.0836049382716049
002_20200918_083026(0),0.360759493670886,0.3403614457831325,0.0443037974683544,0.0421686746987951,0.0804800290486565
002_20200918_083026(0),0.8987341772151899,0.3072289156626506,0.0443037974683544,0.0421686746987951,0.0739607843137255
002_20200918_083026(0),0.3544303797468354,0.3614457831325301,0.0443037974683544,0.0421686746987951,0.0722672476397966
002_20200918_083026(0),0.3481012658227848,0.4367469879518072,0.0443037974683544,0.0421686746987951,0.0703137254901961
002_20200918_083026(0),0.870253164556962,0.2740963855421687,0.0443037974683544,0.0421686746987951,0.0662229484386346
002_20200918_083026(0),0.4651898734177215,0.6234939759036144,0.0443037974683544,0.0421686746987951,0.062318082788671
002_20200918_083026(0),0.3892405063291139,0.2590361445783132,0.0443037974683544,0.0421686746987951,0.0505766158315178
002_20200918_083029(4),0.4018987341772151,0.7018072289156626,0.0443037974683544,0.0421686746987951,0.0976216412490921
002_20200918_083029(4),0.8765822784810127,0.6867469879518072,0.0443037974683544,0.0421686746987951,0.0938191721132897
002_20200918_083029(4),0.370253164556962,0.4337349397590361,0.0443037974683544,0.0421686746987951,0.082714596949891
002_20200918_083029(4),0.3670886075949367,0.4759036144578313,0.0443037974683544,0.0421686746987951,0.0798162672476398
002_20200918_083029(4),0.4050632911392405,0.3253012048192771,0.0443037974683544,0.0421686746987951,0.0770653594771241
002_20200918_083029(4),0.8765822784810127,0.3162650602409638,0.0443037974683544,0.0421686746987951,0.0765446623093681
002_20200918_083029(4),0.9018987341772152,0.3373493975903614,0.0443037974683544,0.0421686746987951,0.0763616557734204
002_20200918_083029(4),0.7974683544303798,0.4789156626506024,0.0443037974683544,0.0421686746987951,0.0696434277414669
002_20200918_083029(4),0.3670886075949367,0.5602409638554217,0.0443037974683544,0.0421686746987951,0.0694204793028322
002_20200918_083029(4),0.360759493670886,0.3915662650602409,0.0126582278481012,0.0120481927710843,0.0584493464052287
002_20200918_083029(4),0.4873417721518987,0.7078313253012049,0.0443037974683544,0.0421686746987951,0.0579324618736383
002_20200918_083033(4),0.8132911392405063,0.8102409638554217,0.0443037974683544,0.0421686746987951,0.0934684095860565
002_20200918_083033(4),0.3417721518987341,0.7078313253012049,0.0443037974683544,0.0421686746987951,0.08359186637618
002_20200918_083033(4),0.4177215189873418,0.3403614457831325,0.0443037974683544,0.0421686746987951,0.078032679738562
002_20200918_083033(4),0.3354430379746835,0.5542168674698795,0.0443037974683544,0.0421686746987951,0.0737814088598401
002_20200918_083033(4),0.3575949367088608,0.4397590361445783,0.0443037974683544,0.0421686746987951,0.0725686274509803
002_20200918_083033(4),0.3481012658227848,0.4759036144578313,0.0443037974683544,0.0421686746987951,0.0724262890341322
002_20200918_083033(4),0.870253164556962,0.4427710843373494,0.0443037974683544,0.0421686746987951,0.0718424110384895
002_20200918_083033(4),0.8987341772151899,0.4759036144578313,0.0443037974683544,0.0421686746987951,0.0664400871459695
002_20200918_083033(4),0.3575949367088608,0.3975903614457831,0.0126582278481012,0.0120481927710843,0.0585996732026143
002_20200918_083033(4),0.430379746835443,0.7379518072289156,0.0443037974683544,0.0421686746987951,0.0505366739288307
002_20200918_083037(6),0.4240506329113924,0.3072289156626506,0.0443037974683544,0.0421686746987951,0.0917647058823529
002_20200918_083037(6),0.3449367088607595,0.5481927710843374,0.0443037974683544,0.0421686746987951,0.075837327523602
002_20200918_083037(6),0.3670886075949367,0.4246987951807229,0.0443037974683544,0.0421686746987951,0.0756252723311547
002_20200918_083037(6),0.8481012658227848,0.7831325301204819,0.0443037974683544,0.0421686746987951,0.0748271604938272
002_20200918_083037(6),0.9177215189873418,0.4367469879518072,0.0443037974683544,0.0421686746987951,0.070964415395788
002_20200918_083037(6),0.3575949367088608,0.4728915662650602,0.0443037974683544,0.0421686746987951,0.0671256354393608
002_20200918_083037(6),0.810126582278481,0.5873493975903614,0.0443037974683544,0.0421686746987951,0.0649535221496006
002_20200918_083037(6),0.3449367088607595,0.6385542168674698,0.0443037974683544,0.0421686746987951,0.0614386347131446
002_20200918_083037(6),0.9208860759493672,0.5512048192771084,0.0443037974683544,0.0421686746987951,0.0603769063180827
002_20200918_083037(6),0.370253164556962,0.6837349397590361,0.0443037974683544,0.0421686746987951,0.0558307915758895
002_20200918_083037(6),0.379746835443038,0.3433734939759036,0.0126582278481012,0.0120481927710843,0.055516339869281
002_20200918_083037(6),0.3765822784810126,0.3493975903614458,0.0126582278481012,0.0120481927710843,0.0522303921568627
002_20200918_083041(4),0.3955696202531645,0.3102409638554217,0.0443037974683544,0.0421686746987951,0.0959295570079883
002_20200918_083041(4),0.3417721518987341,0.5602409638554217,0.0443037974683544,0.0421686746987951,0.0796535947712417
002_20200918_083041(4),0.3512658227848101,0.4307228915662651,0.0443037974683544,0.0421686746987951,0.0789694989106754
002_20200918_083041(4),0.8639240506329114,0.7259036144578314,0.0443037974683544,0.0421686746987951,0.0781924473493101
002_20200918_083041(4),0.3449367088607595,0.4759036144578313,0.0443037974683544,0.0421686746987951,0.0701604938271604
002_20200918_083041(4),0.8987341772151899,0.3734939759036144,0.0443037974683544,0.0421686746987951,0.0670559186637618
002_20200918_083041(4),0.8069620253164557,0.536144578313253,0.0443037974683544,0.0421686746987951,0.0662701525054466
002_20200918_083041(4),0.3512658227848101,0.6536144578313253,0.0443037974683544,0.0421686746987951,0.0649048656499636
002_20200918_083041(4),0.9113924050632912,0.4789156626506024,0.0443037974683544,0.0421686746987951,0.0630225127087872
002_20200918_083041(4),0.379746835443038,0.6927710843373494,0.0443037974683544,0.0421686746987951,0.0617465504720407
002_20200918_083041(4),0.3544303797468354,0.3493975903614458,0.0126582278481012,0.0120481927710843,0.0545228758169934
002_20200918_083041(4),0.3481012658227848,0.3704819277108434,0.0126582278481012,0.0120481927710843,0.0511176470588235
002_20200918_083045(4),0.4050632911392405,0.3343373493975903,0.0443037974683544,0.0421686746987951,0.102711692084241
002_20200918_083045(4),0.3639240506329114,0.4759036144578313,0.0443037974683544,0.0421686746987951,0.0818445896877269
002_20200918_083045(4),0.8924050632911392,0.713855421686747,0.0443037974683544,0.0421686746987951,0.0771009440813361
002_20200918_083045(4),0.360759493670886,0.5843373493975904,0.0443037974683544,0.0421686746987951,0.074273783587509
002_20200918_083045(4),0.9082278481012658,0.3614457831325301,0.0443037974683544,0.0421686746987951,0.0669150326797385
002_20200918_083045(4),0.4113924050632911,0.7198795180722891,0.0443037974683544,0.0421686746987951,0.0658380537400145
002_20200918_083045(4),0.3765822784810126,0.6807228915662651,0.0443037974683544,0.0421686746987951,0.0633616557734205
002_20200918_083045(4),0.8227848101265823,0.5210843373493976,0.0443037974683544,0.0421686746987951,0.0612970225127087
002_20200918_083045(4),0.9272151898734176,0.4728915662650602,0.0443037974683544,0.0421686746987951,0.0561096586782861
002_20200918_083045(4),0.490506329113924,0.7259036144578314,0.0443037974683544,0.0421686746987951,0.0520762527233116
002_20200921_111920(1),0.8765822784810127,0.6506024096385542,0.0443037974683544,0.0421686746987951,0.0924517066085693
002_20200921_111920(1),0.3860759493670886,0.6867469879518072,0.0443037974683544,0.0421686746987951,0.0872657952069717
002_20200921_111920(1),0.8860759493670886,0.3042168674698795,0.0443037974683544,0.0421686746987951,0.0842621641249092
002_20200921_111920(1),0.3449367088607595,0.4246987951807229,0.0443037974683544,0.0421686746987951,0.0829092229484385
002_20200921_111920(1),0.8607594936708861,0.2801204819277108,0.0443037974683544,0.0421686746987951,0.0796092955700799
002_20200921_111920(1),0.3449367088607595,0.466867469879518,0.0443037974683544,0.0421686746987951,0.0792563543936093
002_20200921_111920(1),0.3734177215189873,0.3162650602409638,0.0443037974683544,0.0421686746987951,0.0762120551924473
002_20200921_111920(1),0.3481012658227848,0.5602409638554217,0.0443037974683544,0.0421686746987951,0.0687966594045024
002_20200921_111920(1),0.3354430379746835,0.3795180722891566,0.0126582278481012,0.0120481927710843,0.0641274509803921
002_20200921_111920(1),0.7879746835443038,0.4367469879518072,0.0443037974683544,0.0421686746987951,0.0627516339869281
002_20200921_111920(1),0.8955696202531646,0.6325301204819277,0.0126582278481012,0.0120481927710843,0.0544918300653594
002_20200921_111920(1),0.7436708860759493,0.2771084337349397,0.0443037974683544,0.0421686746987951,0.0534357298474945
002_20200921_111923(3),0.4145569620253164,0.6385542168674698,0.0443037974683544,0.0421686746987951,0.0913238925199709
002_20200921_111923(3),0.3544303797468354,0.3795180722891566,0.0443037974683544,0.0421686746987951,0.0817683369644154
002_20200921_111923(3),0.360759493670886,0.3102409638554217,0.0443037974683544,0.0421686746987951,0.0801539578794481
002_20200921_111923(3),0.3544303797468354,0.4126506024096386,0.0443037974683544,0.0421686746987951,0.0786492374727669
002_20200921_111923(3),0.8955696202531646,0.5572289156626506,0.0443037974683544,0.0421686746987951,0.0776187363834422
002_20200921_111923(3),0.3639240506329114,0.4789156626506024,0.0443037974683544,0.0421686746987951,0.0771909949164851
002_20200921_111923(3),0.8765822784810127,0.2018072289156626,0.0443037974683544,0.0421686746987951,0.0763289760348583
002_20200921_111923(3),0.3765822784810126,0.2710843373493976,0.0443037974683544,0.0421686746987951,0.0722824981844589
002_20200921_111923(3),0.3417721518987341,0.3373493975903614,0.0126582278481012,0.0120481927710843,0.0691143790849673
002_20200921_111923(3),0.7974683544303798,0.3373493975903614,0.0443037974683544,0.0421686746987951,0.0624960058097312
002_20200921_111923(3),0.8987341772151899,0.2228915662650602,0.0253164556962025,0.0240963855421686,0.0597555071411281
002_20200921_111926(6),0.4177215189873418,0.6626506024096386,0.0443037974683544,0.0421686746987951,0.0932091503267974
002_20200921_111926(6),0.879746835443038,0.2259036144578313,0.0443037974683544,0.0421686746987951,0.0762977487291213
002_20200921_111926(6),0.9018987341772152,0.5813253012048193,0.0443037974683544,0.0421686746987951,0.0747138707334785
002_20200921_111926(6),0.3575949367088608,0.4186746987951807,0.0443037974683544,0.0421686746987951,0.0746136528685548
002_20200921_111926(6),0.3765822784810126,0.5512048192771084,0.0443037974683544,0.0421686746987951,0.0712868554829338
002_20200921_111926(6),0.3670886075949367,0.4879518072289157,0.0443037974683544,0.0421686746987951,0.0675867828612926
002_20200921_111926(6),0.379746835443038,0.2981927710843373,0.0443037974683544,0.0421686746987951,0.0668518518518517
002_20200921_111926(6),0.8006329113924051,0.3674698795180723,0.0443037974683544,0.0421686746987951,0.0608424110384894
002_20200921_111926(6),0.75,0.2259036144578313,0.0443037974683544,0.0421686746987951,0.0577400145243282
002_20200921_111926(6),0.7911392405063291,0.2198795180722891,0.0443037974683544,0.0421686746987951,0.0539876543209876
002_20200921_111926(6),0.4968354430379746,0.2620481927710843,0.0443037974683544,0.0421686746987951,0.053684822076979
002_20200921_111926(6),0.9208860759493672,0.5572289156626506,0.0126582278481012,0.0120481927710843,0.0520718954248366
002_20200921_111930(0),0.3955696202531645,0.6927710843373494,0.0443037974683544,0.0421686746987951,0.0949063180827887
002_20200921_111930(0),0.3291139240506329,0.4728915662650602,0.0443037974683544,0.0421686746987951,0.0851176470588235
002_20200921_111930(0),0.3259493670886076,0.4367469879518072,0.0443037974683544,0.0421686746987951,0.0825911401597675
002_20200921_111930(0),0.8386075949367089,0.2319277108433735,0.0443037974683544,0.0421686746987951,0.0799411764705882
002_20200921_111930(0),0.3449367088607595,0.3253012048192771,0.0443037974683544,0.0421686746987951,0.0797567175018155
002_20200921_111930(0),0.8734177215189873,0.5843373493975904,0.0443037974683544,0.0421686746987951,0.0707276688453158
002_20200921_111930(0),0.3449367088607595,0.572289156626506,0.0443037974683544,0.0421686746987951,0.0687581699346405
002_20200921_111930(0),0.7658227848101266,0.3765060240963855,0.0443037974683544,0.0421686746987951,0.0631604938271605
002_20200921_111930(0),0.8924050632911392,0.5602409638554217,0.0126582278481012,0.0120481927710843,0.0523120915032679
002_20200921_111930(0),0.689873417721519,0.2409638554216867,0.0443037974683544,0.0421686746987951,0.0503834422657951
002_20200921_111933(1),0.3987341772151899,0.6746987951807228,0.0443037974683544,0.0421686746987951,0.0943856209150327
002_20200921_111933(1),0.3259493670886076,0.4216867469879518,0.0443037974683544,0.0421686746987951,0.0836470588235293
002_20200921_111933(1),0.3291139240506329,0.4608433734939759,0.0443037974683544,0.0421686746987951,0.0759607843137255
002_20200921_111933(1),0.8734177215189873,0.5632530120481928,0.0443037974683544,0.0421686746987951,0.0735112563543936
002_20200921_111933(1),0.3481012658227848,0.5572289156626506,0.0443037974683544,0.0421686746987951,0.0731801016702977
002_20200921_111933(1),0.3386075949367088,0.3132530120481928,0.0443037974683544,0.0421686746987951,0.0718641975308642
002_20200921_111933(1),0.8354430379746836,0.2078313253012048,0.0443037974683544,0.0421686746987951,0.0696550472040668
002_20200921_111933(1),0.8639240506329114,0.2319277108433735,0.0253164556962025,0.0240963855421686,0.0654835390946501
002_20200921_111933(1),0.7658227848101266,0.3524096385542168,0.0443037974683544,0.0421686746987951,0.0619578794480754
002_20200921_111936(2),0.4113924050632911,0.7168674698795181,0.0443037974683544,0.0421686746987951,0.094313725490196
002_20200921_111936(2),0.3259493670886076,0.4728915662650602,0.0443037974683544,0.0421686746987951,0.0874233841684822
002_20200921_111936(2),0.8291139240506329,0.2259036144578313,0.0443037974683544,0.0421686746987951,0.0800050835148874
002_20200921_111936(2),0.3386075949367088,0.3493975903614458,0.0443037974683544,0.0421686746987951,0.0758736383442266
002_20200921_111936(2),0.879746835443038,0.5753012048192772,0.0443037974683544,0.0421686746987951,0.0693710965867828
002_20200921_111936(2),0.310126582278481,0.4307228915662651,0.0126582278481012,0.0120481927710843,0.0653807189542484
002_20200921_111936(2),0.3544303797468354,0.6024096385542169,0.0443037974683544,0.0421686746987951,0.0640137981118373
002_20200921_111936(2),0.3449367088607595,0.5662650602409639,0.0443037974683544,0.0421686746987951,0.0624270152505446
002_20200921_111936(2),0.7626582278481012,0.3734939759036144,0.0443037974683544,0.0421686746987951,0.0595541031227305
002_20200921_111936(2),0.8544303797468354,0.253012048192771,0.0316455696202531,0.0301204819277108,0.055092560440154
002_20200922_083752(7),0.3987341772151899,0.3734939759036144,0.0443037974683544,0.0421686746987951,0.0506877269426289
002_20200922_083758(7),0.7879746835443038,0.4246987951807229,0.0443037974683544,0.0421686746987951,0.0759324618736383
002_20200922_083758(7),0.4462025316455696,0.5271084337349398,0.0443037974683544,0.0421686746987951,0.0525010893246187
002_20200922_083758(7),0.3512658227848101,0.4759036144578313,0.0443037974683544,0.0421686746987951,0.050961510530138
002_20200922_083758(7),0.4367088607594936,0.7349397590361446,0.0443037974683544,0.0421686746987951,0.0508082788671024
002_20200922_083801(7),0.8069620253164557,0.572289156626506,0.0443037974683544,0.0421686746987951,0.0740994916485112
002_20200922_083801(7),0.4018987341772151,0.4277108433734939,0.0443037974683544,0.0421686746987951,0.0521793754538852
002_20200922_083807(4),0.3829113924050633,0.394578313253012,0.0443037974683544,0.0421686746987951,0.0529477124183006
002_20200922_083810(4),0.4050632911392405,0.358433734939759,0.0443037974683544,0.0421686746987951,0.0500050835148874
