설정,모델,이미지,호기,라벨출처,원본 최고신뢰도,가짜정상 최고신뢰도
mean_half6,Faster R-CNN R50-FPN,001_20200623_203217(4).png,3,official,0.9981,0.0
mean_half6,Faster R-CNN R50-FPN,001_20200623_203222(0).png,3,official,0.9977,0.0
mean_half6,Faster R-CNN R50-FPN,001_20200623_203226(3).png,3,official,0.9979,0.0073
mean_half6,Faster R-CNN R50-FPN,001_20200623_203230(9).png,3,official,0.9981,0.0
mean_half6,Faster R-CNN R50-FPN,001_20200623_203235(3).png,3,official,0.998,0.0
mean_half6,Faster R-CNN R50-FPN,001_20200623_203247(5).png,3,official,0.9977,0.0
mean_half6,Faster R-CNN R50-FPN,001_20200625_043323(7).png,3,official,0.9975,0.002
mean_half6,Faster R-CNN R50-FPN,001_20200625_043328(3).png,3,official,0.9978,0.0
mean_half6,Faster R-CNN R50-FPN,001_20200625_043337(3).png,3,official,0.9978,0.0
mean_half6,Faster R-CNN R50-FPN,001_20200625_043341(7).png,3,official,0.9981,0.0431
mean_half6,Faster R-CNN R50-FPN,001_20200625_043346(2).png,3,official,0.9981,0.0
mean_half6,Faster R-CNN R50-FPN,001_20200625_043359(8).png,3,official,0.998,0.0
mean_half6,Faster R-CNN R50-FPN,001_20200630_043538(1).png,3,team,0.9981,0.0
mean_half6,Faster R-CNN R50-FPN,001_20200630_043544(2).png,3,team,0.9975,0.6703
mean_half6,Faster R-CNN R50-FPN,001_20200630_043548(7).png,3,team,0.9981,0.0
mean_half6,Faster R-CNN R50-FPN,001_20200630_043600(9).png,3,team,0.9979,0.0
mean_half6,Faster R-CNN R50-FPN,001_20200630_043605(5).png,3,team,0.9976,0.0
mean_half6,Faster R-CNN R50-FPN,001_20200630_083235(6).png,3,team,0.9977,0.0
mean_half6,Faster R-CNN R50-FPN,001_20200630_083322(2).png,3,team,0.998,0.0
mean_half6,Faster R-CNN R50-FPN,001_20200630_083331(2).png,3,team,0.9976,0.0
mean_half6,Faster R-CNN R50-FPN,001_20200630_083350(7).png,3,team,0.9981,0.0
mean_half6,Faster R-CNN R50-FPN,001_20200630_083355(1).png,3,team,0.9976,0.0
mean_half6,Faster R-CNN R50-FPN,001_20200630_083405(7).png,3,team,0.9982,0.0
mean_half6,Faster R-CNN R50-FPN,001_20200630_163111(8).png,3,team,0.9978,0.0
mean_half6,Faster R-CNN R50-FPN,001_20200630_163116(2).png,3,team,0.9981,0.0
mean_half6,Faster R-CNN R50-FPN,001_20200630_163120(7).png,3,team,0.9977,0.2287
mean_half6,Faster R-CNN R50-FPN,001_20200630_163125(2).png,3,team,0.9979,0.0
mean_half6,Faster R-CNN R50-FPN,001_20200630_163129(8).png,3,team,0.9976,0.0
mean_half6,Faster R-CNN R50-FPN,001_20200630_163134(2).png,3,team,0.9979,0.0014
mean_half6,Faster R-CNN R50-FPN,001_20200630_163147(8).png,3,team,0.9977,0.0
mean_half6,Faster R-CNN R50-FPN,001_20200701_123507(7).png,3,team,0.9978,0.0
mean_half6,Faster R-CNN R50-FPN,001_20200701_123511(0).png,3,team,0.9979,0.0014
mean_half6,Faster R-CNN R50-FPN,001_20200701_123514(1).png,3,team,0.9981,0.0053
mean_half6,Faster R-CNN R50-FPN,001_20200701_123517(3).png,3,team,0.9978,0.0
mean_half6,Faster R-CNN R50-FPN,001_20200701_123520(6).png,3,team,0.998,0.0
mean_half6,Faster R-CNN R50-FPN,001_20200701_123523(9).png,3,team,0.9973,0.0
mean_half6,Faster R-CNN R50-FPN,001_20200708_163845(3).png,3,team,0.9981,0.1454
mean_half6,Faster R-CNN R50-FPN,001_20200708_163848(2).png,3,team,0.9979,0.0
mean_half6,Faster R-CNN R50-FPN,001_20200708_163851(0).png,3,team,0.9983,0.0
mean_half6,Faster R-CNN R50-FPN,001_20200708_163853(5).png,3,team,0.9976,0.0
mean_half6,Faster R-CNN R50-FPN,001_20200708_163856(2).png,3,team,0.9975,0.0
mean_half6,Faster R-CNN R50-FPN,001_20200708_163858(9).png,3,team,0.9974,0.0081
mean_half6,Faster R-CNN R50-FPN,001_20200708_203804(5).png,3,team,0.998,0.0
mean_half6,Faster R-CNN R50-FPN,001_20200708_203844(8).png,3,team,0.9979,0.0
mean_half6,Faster R-CNN R50-FPN,001_20200708_203917(6).png,3,team,0.9981,0.0
mean_half6,Faster R-CNN R50-FPN,001_20200713_202630(0).png,3,team,0.9976,0.0022
mean_half6,Faster R-CNN R50-FPN,001_20200713_202634(5).png,3,team,0.9976,0.0
mean_half6,Faster R-CNN R50-FPN,001_20200713_202639(1).png,3,team,0.9979,0.0837
mean_half6,Faster R-CNN R50-FPN,001_20200713_202643(6).png,3,team,0.9975,0.0
mean_half6,Faster R-CNN R50-FPN,001_20200713_202648(2).png,3,team,0.9981,0.0
mean_half6,Faster R-CNN R50-FPN,001_20200713_202652(6).png,3,team,0.9982,0.0
mean_half6,Faster R-CNN R50-FPN,001_20200714_042943(8).png,3,team,0.9979,0.0
mean_half6,Faster R-CNN R50-FPN,001_20200714_042948(4).png,3,team,0.9983,0.0
mean_half6,Faster R-CNN R50-FPN,001_20200714_042957(3).png,3,team,0.9979,0.0
mean_half6,Faster R-CNN R50-FPN,001_20200714_043001(8).png,3,team,0.9977,0.0
mean_half6,Faster R-CNN R50-FPN,001_20200714_043006(2).png,3,team,0.9974,0.0
mean_half6,Faster R-CNN R50-FPN,001_20200714_043010(8).png,3,team,0.9982,0.0
mean_half6,Faster R-CNN R50-FPN,001_20200715_083509(3).png,3,team,0.9977,0.0
mean_half6,Faster R-CNN R50-FPN,001_20200715_083513(8).png,3,team,0.9979,0.0
mean_half6,Faster R-CNN R50-FPN,001_20200715_083518(2).png,3,team,0.9978,0.0
mean_half6,Faster R-CNN R50-FPN,001_20200715_083522(7).png,3,team,0.9979,0.0
mean_half6,Faster R-CNN R50-FPN,001_20200715_083527(3).png,3,team,0.9979,0.0
mean_half6,Faster R-CNN R50-FPN,001_20200715_083531(8).png,3,team,0.9982,0.0
mean_half6,Faster R-CNN R50-FPN,001_20200722_083525(2).png,3,team,0.9978,0.0
mean_half6,Faster R-CNN R50-FPN,001_20200722_083529(6).png,3,team,0.998,0.0
mean_half6,Faster R-CNN R50-FPN,001_20200728_163910(5).png,3,official,0.9973,0.0233
mean_half6,Faster R-CNN R50-FPN,001_20200728_163913(6).png,3,official,0.997,0.0235
mean_half6,Faster R-CNN R50-FPN,001_20200814_033012(7).png,3,official,0.9976,0.0
mean_half6,Faster R-CNN R50-FPN,001_20200814_033016(6).png,3,official,0.998,0.0
mean_half6,Faster R-CNN R50-FPN,001_20200814_043321(6).png,3,official,0.9977,0.0
mean_half6,Faster R-CNN R50-FPN,001_20200814_043345(8).png,3,team,0.998,0.0
mean_half6,Faster R-CNN R50-FPN,001_20200818_123634(4).png,3,official,0.9973,0.0
mean_half6,Faster R-CNN R50-FPN,001_20200818_123638(1).png,3,team,0.9972,0.0
mean_half6,Faster R-CNN R50-FPN,001_20200831_083711(6).png,3,official,0.9977,0.0243
mean_half6,Faster R-CNN R50-FPN,001_20200831_083714(8).png,3,official,0.9979,0.0
mean_half6,Faster R-CNN R50-FPN,001_20200905_003911(9).png,3,team,0.9974,0.0874
mean_half6,Faster R-CNN R50-FPN,001_20200905_003914(9).png,3,team,0.9981,0.0
mean_half6,Faster R-CNN R50-FPN,001_20200905_003918(2).png,3,team,0.9983,0.0
mean_half6,Faster R-CNN R50-FPN,001_20200905_003921(2).png,3,team,0.9976,0.0
mean_half6,Faster R-CNN R50-FPN,001_20200905_003924(3).png,3,team,0.9982,0.2452
mean_half6,Faster R-CNN R50-FPN,001_20200905_003927(3).png,3,team,0.9977,0.0
mean_half6,Faster R-CNN R50-FPN,001_20200905_083552(0).png,3,team,0.9971,0.0
mean_half6,Faster R-CNN R50-FPN,001_20200905_083555(2).png,3,team,0.9975,0.0
mean_half6,Faster R-CNN R50-FPN,001_20200905_083558(2).png,3,team,0.9963,0.0
mean_half6,Faster R-CNN R50-FPN,001_20200905_083603(0).png,3,team,0.9982,0.0
mean_half6,Faster R-CNN R50-FPN,001_20200905_083606(6).png,3,team,0.9976,0.0
mean_half6,Faster R-CNN R50-FPN,001_20200905_083609(7).png,3,team,0.9975,0.0243
mean_half6,Faster R-CNN R50-FPN,001_20200914_083101(5).png,3,team,0.9978,0.0
mean_half6,Faster R-CNN R50-FPN,001_20200914_083105(1).png,3,team,0.9967,0.0
mean_half6,Faster R-CNN R50-FPN,001_20200914_083108(8).png,3,team,0.9971,0.0
mean_half6,Faster R-CNN R50-FPN,001_20200914_083111(5).png,3,team,0.9979,0.0
mean_half6,Faster R-CNN R50-FPN,001_20200914_083114(5).png,3,team,0.9978,0.0
mean_half6,Faster R-CNN R50-FPN,001_20200914_083117(5).png,3,team,0.9982,0.0
mean_half6,Faster R-CNN R50-FPN,001_20200915_003734(8).png,3,team,0.9973,0.0
mean_half6,Faster R-CNN R50-FPN,001_20200915_003737(5).png,3,team,0.9977,0.0
mean_half6,Faster R-CNN R50-FPN,001_20200915_003740(4).png,3,team,0.9971,0.0
mean_half6,Faster R-CNN R50-FPN,001_20200915_003743(5).png,3,team,0.9982,0.0
mean_half6,Faster R-CNN R50-FPN,001_20200915_003746(5).png,3,team,0.9979,0.0
mean_half6,Faster R-CNN R50-FPN,001_20200915_003749(6).png,3,team,0.998,0.0
mean_half6,Faster R-CNN R50-FPN,001_20200918_004019(6).png,3,team,0.9981,0.0
mean_half6,Faster R-CNN R50-FPN,001_20200918_004022(5).png,3,team,0.9979,0.0
mean_half6,Faster R-CNN R50-FPN,001_20200918_004025(8).png,3,team,0.9977,0.0
mean_half6,Faster R-CNN R50-FPN,001_20200918_004029(0).png,3,team,0.9981,0.0
mean_half6,Faster R-CNN R50-FPN,001_20200918_004032(2).png,3,team,0.998,0.0
mean_half6,Faster R-CNN R50-FPN,001_20200918_004036(3).png,3,team,0.998,0.0
mean_half6,Faster R-CNN R50-FPN,001_20200918_043556(8).png,3,team,0.998,0.0
mean_half6,Faster R-CNN R50-FPN,001_20200918_043559(9).png,3,team,0.9973,0.0059
mean_half6,Faster R-CNN R50-FPN,001_20200918_043602(9).png,3,team,0.9981,0.0
mean_half6,Faster R-CNN R50-FPN,001_20200918_043606(0).png,3,team,0.9975,0.0
mean_half6,Faster R-CNN R50-FPN,001_20200918_043609(2).png,3,team,0.9973,0.0
mean_half6,Faster R-CNN R50-FPN,001_20200918_043612(4).png,3,team,0.9979,0.0
mean_half6,Faster R-CNN R50-FPN,001_20200918_083036(8).png,3,team,0.9984,0.0
mean_half6,Faster R-CNN R50-FPN,001_20200918_083039(9).png,3,team,0.9979,0.0
mean_half6,Faster R-CNN R50-FPN,001_20200918_083042(8).png,3,team,0.9979,0.0
mean_half6,Faster R-CNN R50-FPN,001_20200918_083045(5).png,3,team,0.9974,0.0
mean_half6,Faster R-CNN R50-FPN,001_20200918_083048(5).png,3,team,0.9978,0.0
mean_half6,Faster R-CNN R50-FPN,001_20200918_083051(4).png,3,team,0.9983,0.0
mean_half6,Faster R-CNN R50-FPN,001_20200921_163325(1).png,3,team,0.9978,0.0
mean_half6,Faster R-CNN R50-FPN,001_20200921_163329(4).png,3,team,0.9979,0.0
mean_half6,Faster R-CNN R50-FPN,001_20200921_163333(8).png,3,team,0.9983,0.0
mean_half6,Faster R-CNN R50-FPN,001_20200921_163338(1).png,3,team,0.9977,0.0
mean_half6,Faster R-CNN R50-FPN,001_20200921_163342(6).png,3,team,0.9985,0.0
mean_half6,Faster R-CNN R50-FPN,001_20200921_163346(9).png,3,team,0.9981,0.0
mean_half6,Faster R-CNN R50-FPN,001_20200922_003308(2).png,3,team,0.997,0.0
mean_half6,Faster R-CNN R50-FPN,001_20200922_003312(7).png,3,team,0.9982,0.0
mean_half6,Faster R-CNN R50-FPN,001_20200922_003317(2).png,3,team,0.9976,0.0
mean_half6,Faster R-CNN R50-FPN,001_20200922_003321(7).png,3,team,0.9984,0.0
mean_half6,Faster R-CNN R50-FPN,001_20200922_003326(6).png,3,team,0.9976,0.0
mean_half6,Faster R-CNN R50-FPN,001_20200922_003330(7).png,3,team,0.9975,0.0
mean_half6,Faster R-CNN R50-FPN,002_20200623_043039(3).png,1,official,0.9974,0.0
mean_half6,Faster R-CNN R50-FPN,002_20200623_043043(2).png,1,official,0.9976,0.0
mean_half6,Faster R-CNN R50-FPN,002_20200623_043047(2).png,1,official,0.9979,0.0
mean_half6,Faster R-CNN R50-FPN,002_20200623_043051(3).png,1,official,0.9973,0.0177
mean_half6,Faster R-CNN R50-FPN,002_20200623_043055(3).png,1,official,0.998,0.0
mean_half6,Faster R-CNN R50-FPN,002_20200623_043059(4).png,1,official,0.9979,0.9295
mean_half6,Faster R-CNN R50-FPN,002_20200623_203040(4).png,1,official,0.998,0.0178
mean_half6,Faster R-CNN R50-FPN,002_20200623_203044(0).png,1,official,0.9977,0.0177
mean_half6,Faster R-CNN R50-FPN,002_20200623_203047(7).png,1,official,0.9979,0.0177
mean_half6,Faster R-CNN R50-FPN,002_20200623_203051(2).png,1,official,0.9975,0.0177
mean_half6,Faster R-CNN R50-FPN,002_20200623_203054(7).png,1,official,0.9979,0.0177
mean_half6,Faster R-CNN R50-FPN,002_20200623_203058(3).png,1,official,0.9977,0.0
mean_half6,Faster R-CNN R50-FPN,002_20200624_003115(6).png,2,official,0.9976,0.0
mean_half6,Faster R-CNN R50-FPN,002_20200624_003118(6).png,2,official,0.9981,0.0
mean_half6,Faster R-CNN R50-FPN,002_20200624_003123(0).png,2,official,0.9979,0.0
mean_half6,Faster R-CNN R50-FPN,002_20200624_003127(5).png,2,official,0.9982,0.0018
mean_half6,Faster R-CNN R50-FPN,002_20200624_003132(0).png,2,official,0.9984,0.0
mean_half6,Faster R-CNN R50-FPN,002_20200624_003136(5).png,2,official,0.9982,0.0
mean_half6,Faster R-CNN R50-FPN,002_20200624_043136(9).png,2,official,0.9983,0.0
mean_half6,Faster R-CNN R50-FPN,002_20200624_043141(4).png,2,official,0.9979,0.0907
mean_half6,Faster R-CNN R50-FPN,002_20200624_043145(8).png,2,official,0.9978,0.0179
mean_half6,Faster R-CNN R50-FPN,002_20200624_043150(3).png,2,official,0.9978,0.0
mean_half6,Faster R-CNN R50-FPN,002_20200624_043154(8).png,2,official,0.9981,0.0
mean_half6,Faster R-CNN R50-FPN,002_20200624_043159(4).png,2,official,0.9979,0.0
mean_half6,Faster R-CNN R50-FPN,002_20200624_083045(5).png,1,official,0.9978,0.0
mean_half6,Faster R-CNN R50-FPN,002_20200624_083049(6).png,1,official,0.9977,0.0
mean_half6,Faster R-CNN R50-FPN,002_20200624_083053(3).png,1,official,0.9979,0.0
mean_half6,Faster R-CNN R50-FPN,002_20200624_083057(4).png,1,official,0.9978,0.986
mean_half6,Faster R-CNN R50-FPN,002_20200624_083101(4).png,1,official,0.9975,0.0
mean_half6,Faster R-CNN R50-FPN,002_20200624_083105(5).png,1,official,0.9979,0.9957
mean_half6,Faster R-CNN R50-FPN,002_20200624_123122(6).png,1,official,0.9979,0.0178
mean_half6,Faster R-CNN R50-FPN,002_20200624_123126(4).png,1,official,0.9979,0.0177
mean_half6,Faster R-CNN R50-FPN,002_20200624_123129(9).png,1,official,0.9973,0.0
mean_half6,Faster R-CNN R50-FPN,002_20200624_123133(0).png,1,official,0.9975,0.0178
mean_half6,Faster R-CNN R50-FPN,002_20200624_123136(5).png,1,official,0.9977,0.0177
mean_half6,Faster R-CNN R50-FPN,002_20200624_123143(7).png,1,official,0.9976,0.0
mean_half6,Faster R-CNN R50-FPN,002_20200630_163105(7).png,2,team,0.9981,0.0
mean_half6,Faster R-CNN R50-FPN,002_20200630_163108(9).png,2,team,0.9978,0.0
mean_half6,Faster R-CNN R50-FPN,002_20200630_163112(5).png,2,team,0.9978,0.0974
mean_half6,Faster R-CNN R50-FPN,002_20200630_163116(0).png,2,team,0.9979,0.0871
mean_half6,Faster R-CNN R50-FPN,002_20200630_163119(5).png,2,team,0.9982,0.0
mean_half6,Faster R-CNN R50-FPN,002_20200630_163122(8).png,2,team,0.9983,0.0
mean_half6,Faster R-CNN R50-FPN,002_20200701_083102(9).png,2,team,0.9984,0.0919
mean_half6,Faster R-CNN R50-FPN,002_20200701_083105(7).png,2,team,0.9982,0.0
mean_half6,Faster R-CNN R50-FPN,002_20200701_083108(8).png,2,team,0.9978,0.0
mean_half6,Faster R-CNN R50-FPN,002_20200701_083111(8).png,2,team,0.9976,0.0883
mean_half6,Faster R-CNN R50-FPN,002_20200701_083114(8).png,2,team,0.9981,0.0018
mean_half6,Faster R-CNN R50-FPN,002_20200701_083117(8).png,2,team,0.9977,0.0
mean_half6,Faster R-CNN R50-FPN,002_20200701_163100(6).png,2,team,0.9982,0.0
mean_half6,Faster R-CNN R50-FPN,002_20200701_163104(5).png,2,team,0.9981,0.0
mean_half6,Faster R-CNN R50-FPN,002_20200701_163108(4).png,2,team,0.9981,0.1175
mean_half6,Faster R-CNN R50-FPN,002_20200701_163112(3).png,2,team,0.998,0.1105
mean_half6,Faster R-CNN R50-FPN,002_20200701_163116(3).png,2,team,0.9978,0.0316
mean_half6,Faster R-CNN R50-FPN,002_20200701_163120(4).png,2,team,0.998,0.0
mean_half6,Faster R-CNN R50-FPN,002_20200701_203037(6).png,1,team,0.9982,0.0
mean_half6,Faster R-CNN R50-FPN,002_20200701_203040(8).png,1,team,0.9974,0.0178
mean_half6,Faster R-CNN R50-FPN,002_20200701_203043(9).png,1,team,0.9978,0.0
mean_half6,Faster R-CNN R50-FPN,002_20200701_203046(9).png,1,team,0.9975,0.0
mean_half6,Faster R-CNN R50-FPN,002_20200701_203050(0).png,1,team,0.9973,0.0
mean_half6,Faster R-CNN R50-FPN,002_20200701_203053(0).png,1,team,0.9973,0.0
mean_half6,Faster R-CNN R50-FPN,002_20200713_091056(8).png,2,team,0.998,0.0012
mean_half6,Faster R-CNN R50-FPN,002_20200713_091100(5).png,2,team,0.9981,0.0
mean_half6,Faster R-CNN R50-FPN,002_20200713_091103(8).png,2,team,0.9977,0.0012
mean_half6,Faster R-CNN R50-FPN,002_20200713_091106(9).png,2,team,0.9979,0.0954
mean_half6,Faster R-CNN R50-FPN,002_20200713_091109(9).png,2,team,0.9979,0.021
mean_half6,Faster R-CNN R50-FPN,002_20200713_091112(5).png,2,team,0.9984,0.108
mean_half6,Faster R-CNN R50-FPN,002_20200713_123358(8).png,2,team,0.9985,0.0012
mean_half6,Faster R-CNN R50-FPN,002_20200713_123403(4).png,2,team,0.9977,0.0011
mean_half6,Faster R-CNN R50-FPN,002_20200713_123408(0).png,2,team,0.9975,0.0999
mean_half6,Faster R-CNN R50-FPN,002_20200713_123412(4).png,2,team,0.9981,0.0012
mean_half6,Faster R-CNN R50-FPN,002_20200713_123416(9).png,2,team,0.9979,0.0011
mean_half6,Faster R-CNN R50-FPN,002_20200713_123421(4).png,2,team,0.998,0.0012
mean_half6,Faster R-CNN R50-FPN,002_20200713_202718(1).png,2,team,0.9981,0.0445
mean_half6,Faster R-CNN R50-FPN,002_20200713_202722(5).png,2,team,0.9983,0.0
mean_half6,Faster R-CNN R50-FPN,002_20200713_202726(9).png,2,team,0.998,0.0015
mean_half6,Faster R-CNN R50-FPN,002_20200713_202731(4).png,2,team,0.9986,0.0
mean_half6,Faster R-CNN R50-FPN,002_20200713_202735(9).png,2,team,0.9986,0.0
mean_half6,Faster R-CNN R50-FPN,002_20200713_202743(4).png,2,team,0.9984,0.0
mean_half6,Faster R-CNN R50-FPN,002_20200714_123109(8).png,1,official,0.9973,0.0
mean_half6,Faster R-CNN R50-FPN,002_20200714_123113(1).png,1,official,0.9973,0.0177
mean_half6,Faster R-CNN R50-FPN,002_20200714_123117(3).png,1,official,0.9977,0.0177
mean_half6,Faster R-CNN R50-FPN,002_20200714_123120(4).png,1,official,0.9971,0.0177
mean_half6,Faster R-CNN R50-FPN,002_20200714_123123(5).png,1,official,0.9976,0.0071
mean_half6,Faster R-CNN R50-FPN,002_20200714_123126(4).png,1,official,0.9975,0.0
mean_half6,Faster R-CNN R50-FPN,002_20200721_163536(6).png,2,team,0.9981,0.0191
mean_half6,Faster R-CNN R50-FPN,002_20200721_163539(9).png,2,team,0.9985,0.0
mean_half6,Faster R-CNN R50-FPN,002_20200721_163543(2).png,2,team,0.9981,0.0192
mean_half6,Faster R-CNN R50-FPN,002_20200721_163548(0).png,2,team,0.9981,0.0
mean_half6,Faster R-CNN R50-FPN,002_20200721_163551(3).png,2,team,0.9984,0.0
mean_half6,Faster R-CNN R50-FPN,002_20200721_163554(6).png,2,team,0.9982,0.0012
mean_half6,Faster R-CNN R50-FPN,002_20200722_043432(7).png,1,team,0.9983,0.0
mean_half6,Faster R-CNN R50-FPN,002_20200722_043437(0).png,1,team,0.9978,0.0
mean_half6,Faster R-CNN R50-FPN,002_20200722_131101(2).png,2,team,0.9984,0.0
mean_half6,Faster R-CNN R50-FPN,002_20200722_131105(7).png,2,team,0.998,0.0
mean_half6,Faster R-CNN R50-FPN,002_20200723_043256(5).png,1,team,0.9978,0.0
mean_half6,Faster R-CNN R50-FPN,002_20200723_043258(3).png,1,team,0.9984,0.0177
mean_half6,Faster R-CNN R50-FPN,002_20200723_123129(3).png,1,team,0.9982,0.0177
mean_half6,Faster R-CNN R50-FPN,002_20200723_123133(9).png,1,team,0.998,0.1059
mean_half6,Faster R-CNN R50-FPN,002_20200723_203129(9).png,1,team,0.9975,0.0177
mean_half6,Faster R-CNN R50-FPN,002_20200723_203134(3).png,1,team,0.998,0.0
mean_half6,Faster R-CNN R50-FPN,002_20200724_003201(9).png,1,team,0.9971,0.0
mean_half6,Faster R-CNN R50-FPN,002_20200724_003206(4).png,1,team,0.9972,0.0
mean_half6,Faster R-CNN R50-FPN,002_20200727_204612(5).png,1,team,0.9979,0.0
mean_half6,Faster R-CNN R50-FPN,002_20200727_204634(7).png,1,team,0.9976,0.0
mean_half6,Faster R-CNN R50-FPN,002_20200728_043429(7).png,2,team,0.9983,0.0011
mean_half6,Faster R-CNN R50-FPN,002_20200728_043435(6).png,2,team,0.9982,0.0247
mean_half6,Faster R-CNN R50-FPN,002_20200728_123102(5).png,2,team,0.9982,0.0244
mean_half6,Faster R-CNN R50-FPN,002_20200728_123106(5).png,2,team,0.9979,0.0011
mean_half6,Faster R-CNN R50-FPN,002_20200814_083411(8).png,2,team,0.9978,0.0
mean_half6,Faster R-CNN R50-FPN,002_20200814_083414(7).png,2,team,0.9983,0.0
mean_half6,Faster R-CNN R50-FPN,002_20200819_124217(5).png,2,team,0.9973,0.0
mean_half6,Faster R-CNN R50-FPN,002_20200819_124225(2).png,2,team,0.9983,0.0124
mean_half6,Faster R-CNN R50-FPN,002_20200831_163123(9).png,1,team,0.9984,0.001
mean_half6,Faster R-CNN R50-FPN,002_20200831_163130(0).png,1,team,0.9979,0.0
mean_half6,Faster R-CNN R50-FPN,002_20200901_043133(6).png,2,official,0.9983,0.0
mean_half6,Faster R-CNN R50-FPN,002_20200901_043136(6).png,2,official,0.9983,0.0
mean_half6,Faster R-CNN R50-FPN,002_20200901_043139(6).png,2,official,0.9984,0.0
mean_half6,Faster R-CNN R50-FPN,002_20200901_043142(6).png,2,official,0.9982,0.0
mean_half6,Faster R-CNN R50-FPN,002_20200901_043145(5).png,2,official,0.9977,0.0
mean_half6,Faster R-CNN R50-FPN,002_20200901_043148(6).png,2,official,0.9984,0.0
mean_half6,Faster R-CNN R50-FPN,002_20200901_191340(2).png,2,official,0.9985,0.0
mean_half6,Faster R-CNN R50-FPN,002_20200901_191343(2).png,2,official,0.9979,0.0
mean_half6,Faster R-CNN R50-FPN,002_20200901_191346(1).png,2,official,0.9982,0.0
mean_half6,Faster R-CNN R50-FPN,002_20200901_191348(8).png,2,official,0.9978,0.0
mean_half6,Faster R-CNN R50-FPN,002_20200901_191351(5).png,2,official,0.9984,0.0
mean_half6,Faster R-CNN R50-FPN,002_20200901_191354(2).png,2,team,0.9985,0.0
mean_half6,Faster R-CNN R50-FPN,002_20200902_003149(5).png,2,team,0.998,0.0
mean_half6,Faster R-CNN R50-FPN,002_20200902_003152(5).png,2,team,0.9986,0.0
mean_half6,Faster R-CNN R50-FPN,002_20200902_003155(5).png,2,team,0.9982,0.0
mean_half6,Faster R-CNN R50-FPN,002_20200902_003158(2).png,2,team,0.9986,0.0
mean_half6,Faster R-CNN R50-FPN,002_20200902_003200(9).png,2,team,0.9984,0.0
mean_half6,Faster R-CNN R50-FPN,002_20200902_003203(7).png,2,team,0.9982,0.0
mean_half6,Faster R-CNN R50-FPN,002_20200902_043107(7).png,1,team,0.9975,0.0
mean_half6,Faster R-CNN R50-FPN,002_20200902_043112(1).png,1,team,0.9976,0.0
mean_half6,Faster R-CNN R50-FPN,002_20200902_043116(4).png,1,team,0.9981,0.0093
mean_half6,Faster R-CNN R50-FPN,002_20200902_043120(6).png,1,team,0.9981,0.0
mean_half6,Faster R-CNN R50-FPN,002_20200902_043124(9).png,1,team,0.9983,0.0
mean_half6,Faster R-CNN R50-FPN,002_20200902_043129(2).png,1,team,0.9969,0.004
mean_half6,Faster R-CNN R50-FPN,002_20200902_082641(4).png,2,team,0.9984,0.0
mean_half6,Faster R-CNN R50-FPN,002_20200902_082645(7).png,2,team,0.998,0.0
mean_half6,Faster R-CNN R50-FPN,002_20200902_082650(0).png,2,team,0.9983,0.0147
mean_half6,Faster R-CNN R50-FPN,002_20200902_082654(4).png,2,team,0.9983,0.0
mean_half6,Faster R-CNN R50-FPN,002_20200902_082658(4).png,2,team,0.9984,0.0
mean_half6,Faster R-CNN R50-FPN,002_20200902_082702(8).png,2,team,0.9979,0.0
mean_half6,Faster R-CNN R50-FPN,002_20200905_123055(0).png,2,official,0.9983,0.0012
mean_half6,Faster R-CNN R50-FPN,002_20200905_123058(4).png,2,official,0.9985,0.0011
mean_half6,Faster R-CNN R50-FPN,002_20200905_123102(0).png,2,official,0.9982,0.0
mean_half6,Faster R-CNN R50-FPN,002_20200905_123105(0).png,2,official,0.9983,0.0011
mean_half6,Faster R-CNN R50-FPN,002_20200905_123108(4).png,2,official,0.9985,0.0887
mean_half6,Faster R-CNN R50-FPN,002_20200905_123112(0).png,2,official,0.9982,0.0011
mean_half6,Faster R-CNN R50-FPN,002_20200906_003059(0).png,1,official,0.9976,0.0
mean_half6,Faster R-CNN R50-FPN,002_20200906_003114(8).png,1,official,0.9976,0.0
mean_half6,Faster R-CNN R50-FPN,002_20200906_003118(7).png,1,official,0.9981,0.0
mean_half6,Faster R-CNN R50-FPN,002_20200906_003122(7).png,1,official,0.9981,0.0
mean_half6,Faster R-CNN R50-FPN,002_20200906_003126(8).png,1,official,0.9982,0.0
mean_half6,Faster R-CNN R50-FPN,002_20200906_003132(7).png,1,official,0.998,0.0
mean_half6,Faster R-CNN R50-FPN,002_20200908_043119(7).png,2,team,0.9984,0.0
mean_half6,Faster R-CNN R50-FPN,002_20200908_043124(3).png,2,team,0.9983,0.0011
mean_half6,Faster R-CNN R50-FPN,002_20200908_043128(8).png,2,team,0.9981,0.0012
mean_half6,Faster R-CNN R50-FPN,002_20200908_043133(4).png,2,team,0.9979,0.0011
mean_half6,Faster R-CNN R50-FPN,002_20200908_043137(8).png,2,team,0.9983,0.0
mean_half6,Faster R-CNN R50-FPN,002_20200908_043142(4).png,2,team,0.9986,0.0011
mean_half6,Faster R-CNN R50-FPN,002_20200912_021405(0).png,1,team,0.998,0.0
mean_half6,Faster R-CNN R50-FPN,002_20200912_021411(6).png,1,team,0.9986,0.0
mean_half6,Faster R-CNN R50-FPN,002_20200912_021417(8).png,1,team,0.9983,0.0
mean_half6,Faster R-CNN R50-FPN,002_20200912_021420(7).png,1,team,0.9984,0.023
mean_half6,Faster R-CNN R50-FPN,002_20200912_021423(8).png,1,team,0.9983,0.0
mean_half6,Faster R-CNN R50-FPN,002_20200912_021430(0).png,1,team,0.9982,0.0
mean_half6,Faster R-CNN R50-FPN,002_20200912_123204(6).png,1,team,0.9983,0.0
mean_half6,Faster R-CNN R50-FPN,002_20200912_123207(7).png,1,team,0.9984,0.0183
mean_half6,Faster R-CNN R50-FPN,002_20200912_123210(6).png,1,team,0.9986,0.0053
mean_half6,Faster R-CNN R50-FPN,002_20200912_123216(4).png,1,team,0.9978,0.0
mean_half6,Faster R-CNN R50-FPN,002_20200912_123219(3).png,1,team,0.9986,0.0
mean_half6,Faster R-CNN R50-FPN,002_20200912_123222(2).png,1,team,0.9977,0.0
mean_half6,Faster R-CNN R50-FPN,002_20200914_203029(2).png,2,team,0.9988,0.0893
mean_half6,Faster R-CNN R50-FPN,002_20200914_203032(1).png,2,team,0.9981,0.0012
mean_half6,Faster R-CNN R50-FPN,002_20200914_203035(2).png,2,team,0.9981,0.0885
mean_half6,Faster R-CNN R50-FPN,002_20200914_203038(1).png,2,team,0.9978,0.0903
mean_half6,Faster R-CNN R50-FPN,002_20200914_203041(1).png,2,team,0.998,0.0012
mean_half6,Faster R-CNN R50-FPN,002_20200914_203045(7).png,2,team,0.9982,0.0012
mean_half6,Faster R-CNN R50-FPN,002_20200915_003458(4).png,1,team,0.9978,0.0
mean_half6,Faster R-CNN R50-FPN,002_20200915_003505(7).png,1,team,0.9978,0.0
mean_half6,Faster R-CNN R50-FPN,002_20200915_003510(7).png,1,team,0.9977,0.0
mean_half6,Faster R-CNN R50-FPN,002_20200915_003515(6).png,1,team,0.9984,0.0
mean_half6,Faster R-CNN R50-FPN,002_20200915_003523(1).png,1,team,0.9981,0.0
mean_half6,Faster R-CNN R50-FPN,002_20200915_003532(1).png,1,team,0.9986,0.0
mean_half6,Faster R-CNN R50-FPN,002_20200915_163129(0).png,1,team,0.998,0.0
mean_half6,Faster R-CNN R50-FPN,002_20200915_163133(5).png,1,team,0.9984,0.0
mean_half6,Faster R-CNN R50-FPN,002_20200915_163144(0).png,1,team,0.9981,0.0
mean_half6,Faster R-CNN R50-FPN,002_20200915_163154(5).png,1,team,0.9981,0.0
mean_half6,Faster R-CNN R50-FPN,002_20200915_163158(9).png,1,team,0.9986,0.0
mean_half6,Faster R-CNN R50-FPN,002_20200915_163203(4).png,1,team,0.9985,0.0
mean_half6,Faster R-CNN R50-FPN,002_20200915_203209(5).png,1,team,0.9982,0.0
mean_half6,Faster R-CNN R50-FPN,002_20200915_203212(5).png,1,team,0.9983,0.0
mean_half6,Faster R-CNN R50-FPN,002_20200915_203215(5).png,1,team,0.9982,0.0
mean_half6,Faster R-CNN R50-FPN,002_20200915_203218(5).png,1,team,0.9982,0.0
mean_half6,Faster R-CNN R50-FPN,002_20200915_203224(4).png,1,team,0.9982,0.0
mean_half6,Faster R-CNN R50-FPN,002_20200915_203229(1).png,1,team,0.998,0.0
mean_half6,Faster R-CNN R50-FPN,002_20200917_003224(9).png,2,team,0.9982,0.0
mean_half6,Faster R-CNN R50-FPN,002_20200917_003228(7).png,2,team,0.9979,0.001
mean_half6,Faster R-CNN R50-FPN,002_20200917_003234(6).png,2,team,0.9983,0.0
mean_half6,Faster R-CNN R50-FPN,002_20200917_003238(7).png,2,team,0.9985,0.0
mean_half6,Faster R-CNN R50-FPN,002_20200917_003242(7).png,2,team,0.9982,0.0
mean_half6,Faster R-CNN R50-FPN,002_20200917_003246(7).png,2,team,0.9981,0.0
mean_half6,Faster R-CNN R50-FPN,002_20200917_083653(7).png,1,team,0.9985,0.0
mean_half6,Faster R-CNN R50-FPN,002_20200917_083659(5).png,1,team,0.9973,0.0
mean_half6,Faster R-CNN R50-FPN,002_20200917_083703(5).png,1,team,0.9982,0.0
mean_half6,Faster R-CNN R50-FPN,002_20200917_083707(4).png,1,team,0.9985,0.0
mean_half6,Faster R-CNN R50-FPN,002_20200917_083711(6).png,1,team,0.9983,0.0
mean_half6,Faster R-CNN R50-FPN,002_20200917_083721(4).png,1,team,0.998,0.0
mean_half6,Faster R-CNN R50-FPN,002_20200918_043323(0).png,2,team,0.9981,0.0
mean_half6,Faster R-CNN R50-FPN,002_20200918_043326(6).png,2,team,0.9981,0.0
mean_half6,Faster R-CNN R50-FPN,002_20200918_043330(5).png,2,team,0.9981,0.0
mean_half6,Faster R-CNN R50-FPN,002_20200918_043334(3).png,2,team,0.9982,0.0
mean_half6,Faster R-CNN R50-FPN,002_20200918_043338(2)__m2.png,2,team,0.9983,0.0
mean_half6,Faster R-CNN R50-FPN,002_20200918_043342(2).png,2,team,0.9983,0.0067
mean_half6,Faster R-CNN R50-FPN,002_20200918_123306(7).png,1,team,0.9982,0.0
mean_half6,Faster R-CNN R50-FPN,002_20200918_123310(6).png,1,team,0.9984,0.0
mean_half6,Faster R-CNN R50-FPN,002_20200918_123314(6).png,1,team,0.998,0.0
mean_half6,Faster R-CNN R50-FPN,002_20200918_123318(7).png,1,team,0.9978,0.0
mean_half6,Faster R-CNN R50-FPN,002_20200918_123322(5).png,1,team,0.9981,0.0
mean_half6,Faster R-CNN R50-FPN,002_20200918_123331(0).png,1,team,0.9978,0.0
mean_half6,Faster R-CNN R50-FPN,002_20200921_163038(3).png,2,team,0.9981,0.0
mean_half6,Faster R-CNN R50-FPN,002_20200921_163042(3).png,2,team,0.9982,0.0011
mean_half6,Faster R-CNN R50-FPN,002_20200921_163045(4).png,2,team,0.9982,0.0942
mean_half6,Faster R-CNN R50-FPN,002_20200921_163049(6).png,2,team,0.998,0.0
mean_half6,Faster R-CNN R50-FPN,002_20200921_163052(5).png,2,team,0.9984,0.0014
mean_half6,Faster R-CNN R50-FPN,002_20200921_163055(5).png,2,team,0.9984,0.0916
mean_half6,Faster R-CNN R50-FPN,002_20200921_202239(4).png,2,team,0.9982,0.0
mean_half6,Faster R-CNN R50-FPN,002_20200921_202244(0).png,2,team,0.9983,0.0011
mean_half6,Faster R-CNN R50-FPN,002_20200921_202248(6).png,2,team,0.9977,0.0011
mean_half6,Faster R-CNN R50-FPN,002_20200921_202253(0).png,2,team,0.9984,0.0
mean_half6,Faster R-CNN R50-FPN,002_20200921_202257(4).png,2,team,0.9984,0.0
mean_half6,Faster R-CNN R50-FPN,002_20200921_202303(6).png,2,team,0.9983,0.0987
mean_half6,Faster R-CNN R50-FPN,002_20200922_043105(7).png,1,team,0.9984,0.0086
mean_half6,Faster R-CNN R50-FPN,002_20200922_043110(2).png,1,team,0.998,0.0
mean_half6,Faster R-CNN R50-FPN,002_20200922_043114(8).png,1,team,0.9984,0.0
mean_half6,Faster R-CNN R50-FPN,002_20200922_043119(3).png,1,team,0.9981,0.0022
mean_half6,Faster R-CNN R50-FPN,002_20200922_043123(8).png,1,team,0.9979,0.0
mean_half6,Faster R-CNN R50-FPN,002_20200922_043128(2).png,1,team,0.9982,0.0
mean_half6,YOLOv3-tiny,001_20200623_203217(4).png,3,official,0.4607,0.0029
mean_half6,YOLOv3-tiny,001_20200623_203222(0).png,3,official,0.5006,0.0
mean_half6,YOLOv3-tiny,001_20200623_203226(3).png,3,official,0.4913,0.0738
mean_half6,YOLOv3-tiny,001_20200623_203230(9).png,3,official,0.4909,0.0023
mean_half6,YOLOv3-tiny,001_20200623_203235(3).png,3,official,0.4714,0.0071
mean_half6,YOLOv3-tiny,001_20200623_203247(5).png,3,official,0.4834,0.0
mean_half6,YOLOv3-tiny,001_20200625_043323(7).png,3,official,0.4841,0.0
mean_half6,YOLOv3-tiny,001_20200625_043328(3).png,3,official,0.516,0.0
mean_half6,YOLOv3-tiny,001_20200625_043337(3).png,3,official,0.5096,0.0011
mean_half6,YOLOv3-tiny,001_20200625_043341(7).png,3,official,0.5245,0.0012
mean_half6,YOLOv3-tiny,001_20200625_043346(2).png,3,official,0.4963,0.0
mean_half6,YOLOv3-tiny,001_20200625_043359(8).png,3,official,0.4962,0.003
mean_half6,YOLOv3-tiny,001_20200630_043538(1).png,3,team,0.3486,0.0
mean_half6,YOLOv3-tiny,001_20200630_043544(2).png,3,team,0.4207,0.0245
mean_half6,YOLOv3-tiny,001_20200630_043548(7).png,3,team,0.4533,0.002
mean_half6,YOLOv3-tiny,001_20200630_043600(9).png,3,team,0.4275,0.0
mean_half6,YOLOv3-tiny,001_20200630_043605(5).png,3,team,0.4025,0.0058
mean_half6,YOLOv3-tiny,001_20200630_083235(6).png,3,team,0.4838,0.0018
mean_half6,YOLOv3-tiny,001_20200630_083322(2).png,3,team,0.4493,0.0074
mean_half6,YOLOv3-tiny,001_20200630_083331(2).png,3,team,0.4542,0.0061
mean_half6,YOLOv3-tiny,001_20200630_083350(7).png,3,team,0.4753,0.0032
mean_half6,YOLOv3-tiny,001_20200630_083355(1).png,3,team,0.4258,0.0204
mean_half6,YOLOv3-tiny,001_20200630_083405(7).png,3,team,0.4325,0.0011
mean_half6,YOLOv3-tiny,001_20200630_163111(8).png,3,team,0.4647,0.0
mean_half6,YOLOv3-tiny,001_20200630_163116(2).png,3,team,0.4134,0.0014
mean_half6,YOLOv3-tiny,001_20200630_163120(7).png,3,team,0.4213,0.0036
mean_half6,YOLOv3-tiny,001_20200630_163125(2).png,3,team,0.479,0.0
mean_half6,YOLOv3-tiny,001_20200630_163129(8).png,3,team,0.4107,0.0036
mean_half6,YOLOv3-tiny,001_20200630_163134(2).png,3,team,0.4282,0.0
mean_half6,YOLOv3-tiny,001_20200630_163147(8).png,3,team,0.4716,0.0011
mean_half6,YOLOv3-tiny,001_20200701_123507(7).png,3,team,0.4233,0.0015
mean_half6,YOLOv3-tiny,001_20200701_123511(0).png,3,team,0.4924,0.0
mean_half6,YOLOv3-tiny,001_20200701_123514(1).png,3,team,0.503,0.0
mean_half6,YOLOv3-tiny,001_20200701_123517(3).png,3,team,0.3631,0.0
mean_half6,YOLOv3-tiny,001_20200701_123520(6).png,3,team,0.4556,0.0
mean_half6,YOLOv3-tiny,001_20200701_123523(9).png,3,team,0.4559,0.0
mean_half6,YOLOv3-tiny,001_20200708_163845(3).png,3,team,0.4588,0.0855
mean_half6,YOLOv3-tiny,001_20200708_163848(2).png,3,team,0.4551,0.0
mean_half6,YOLOv3-tiny,001_20200708_163851(0).png,3,team,0.4537,0.0
mean_half6,YOLOv3-tiny,001_20200708_163853(5).png,3,team,0.4183,0.0012
mean_half6,YOLOv3-tiny,001_20200708_163856(2).png,3,team,0.4551,0.0027
mean_half6,YOLOv3-tiny,001_20200708_163858(9).png,3,team,0.4507,0.0
mean_half6,YOLOv3-tiny,001_20200708_203804(5).png,3,team,0.462,0.0
mean_half6,YOLOv3-tiny,001_20200708_203844(8).png,3,team,0.4732,0.0
mean_half6,YOLOv3-tiny,001_20200708_203917(6).png,3,team,0.4843,0.0
mean_half6,YOLOv3-tiny,001_20200713_202630(0).png,3,team,0.5091,0.0093
mean_half6,YOLOv3-tiny,001_20200713_202634(5).png,3,team,0.5177,0.0016
mean_half6,YOLOv3-tiny,001_20200713_202639(1).png,3,team,0.4341,0.0235
mean_half6,YOLOv3-tiny,001_20200713_202643(6).png,3,team,0.4595,0.0
mean_half6,YOLOv3-tiny,001_20200713_202648(2).png,3,team,0.4683,0.0
mean_half6,YOLOv3-tiny,001_20200713_202652(6).png,3,team,0.4775,0.0
mean_half6,YOLOv3-tiny,001_20200714_042943(8).png,3,team,0.4983,0.0
mean_half6,YOLOv3-tiny,001_20200714_042948(4).png,3,team,0.5194,0.0
mean_half6,YOLOv3-tiny,001_20200714_042957(3).png,3,team,0.4493,0.0
mean_half6,YOLOv3-tiny,001_20200714_043001(8).png,3,team,0.452,0.0021
mean_half6,YOLOv3-tiny,001_20200714_043006(2).png,3,team,0.4677,0.001
mean_half6,YOLOv3-tiny,001_20200714_043010(8).png,3,team,0.5315,0.0
mean_half6,YOLOv3-tiny,001_20200715_083509(3).png,3,team,0.4587,0.0
mean_half6,YOLOv3-tiny,001_20200715_083513(8).png,3,team,0.441,0.0
mean_half6,YOLOv3-tiny,001_20200715_083518(2).png,3,team,0.476,0.0
mean_half6,YOLOv3-tiny,001_20200715_083522(7).png,3,team,0.473,0.0
mean_half6,YOLOv3-tiny,001_20200715_083527(3).png,3,team,0.4863,0.0379
mean_half6,YOLOv3-tiny,001_20200715_083531(8).png,3,team,0.4096,0.0164
mean_half6,YOLOv3-tiny,001_20200722_083525(2).png,3,team,0.412,0.0
mean_half6,YOLOv3-tiny,001_20200722_083529(6).png,3,team,0.4523,0.0011
mean_half6,YOLOv3-tiny,001_20200728_163910(5).png,3,official,0.3516,0.0013
mean_half6,YOLOv3-tiny,001_20200728_163913(6).png,3,official,0.4158,0.003
mean_half6,YOLOv3-tiny,001_20200814_033012(7).png,3,official,0.5109,0.0
mean_half6,YOLOv3-tiny,001_20200814_033016(6).png,3,official,0.4695,0.0033
mean_half6,YOLOv3-tiny,001_20200814_043321(6).png,3,official,0.1469,0.0
mean_half6,YOLOv3-tiny,001_20200814_043345(8).png,3,team,0.4743,0.001
mean_half6,YOLOv3-tiny,001_20200818_123634(4).png,3,official,0.2416,0.0
mean_half6,YOLOv3-tiny,001_20200818_123638(1).png,3,team,0.4362,0.0
mean_half6,YOLOv3-tiny,001_20200831_083711(6).png,3,official,0.4481,0.0
mean_half6,YOLOv3-tiny,001_20200831_083714(8).png,3,official,0.4511,0.0
mean_half6,YOLOv3-tiny,001_20200905_003911(9).png,3,team,0.287,0.0
mean_half6,YOLOv3-tiny,001_20200905_003914(9).png,3,team,0.4732,0.001
mean_half6,YOLOv3-tiny,001_20200905_003918(2).png,3,team,0.4653,0.0
mean_half6,YOLOv3-tiny,001_20200905_003921(2).png,3,team,0.2867,0.0
mean_half6,YOLOv3-tiny,001_20200905_003924(3).png,3,team,0.4254,0.0
mean_half6,YOLOv3-tiny,001_20200905_003927(3).png,3,team,0.3842,0.0024
mean_half6,YOLOv3-tiny,001_20200905_083552(0).png,3,team,0.3904,0.0
mean_half6,YOLOv3-tiny,001_20200905_083555(2).png,3,team,0.4319,0.0
mean_half6,YOLOv3-tiny,001_20200905_083558(2).png,3,team,0.397,0.0
mean_half6,YOLOv3-tiny,001_20200905_083603(0).png,3,team,0.4381,0.0
mean_half6,YOLOv3-tiny,001_20200905_083606(6).png,3,team,0.4616,0.0
mean_half6,YOLOv3-tiny,001_20200905_083609(7).png,3,team,0.2933,0.0
mean_half6,YOLOv3-tiny,001_20200914_083101(5).png,3,team,0.4488,0.0
mean_half6,YOLOv3-tiny,001_20200914_083105(1).png,3,team,0.4296,0.0
mean_half6,YOLOv3-tiny,001_20200914_083108(8).png,3,team,0.2738,0.0
mean_half6,YOLOv3-tiny,001_20200914_083111(5).png,3,team,0.4722,0.0023
mean_half6,YOLOv3-tiny,001_20200914_083114(5).png,3,team,0.4172,0.0
mean_half6,YOLOv3-tiny,001_20200914_083117(5).png,3,team,0.3611,0.0015
mean_half6,YOLOv3-tiny,001_20200915_003734(8).png,3,team,0.3757,0.0
mean_half6,YOLOv3-tiny,001_20200915_003737(5).png,3,team,0.4605,0.0
mean_half6,YOLOv3-tiny,001_20200915_003740(4).png,3,team,0.3701,0.0028
mean_half6,YOLOv3-tiny,001_20200915_003743(5).png,3,team,0.4764,0.001
mean_half6,YOLOv3-tiny,001_20200915_003746(5).png,3,team,0.3816,0.0
mean_half6,YOLOv3-tiny,001_20200915_003749(6).png,3,team,0.4394,0.0
mean_half6,YOLOv3-tiny,001_20200918_004019(6).png,3,team,0.454,0.0
mean_half6,YOLOv3-tiny,001_20200918_004022(5).png,3,team,0.4848,0.0
mean_half6,YOLOv3-tiny,001_20200918_004025(8).png,3,team,0.4082,0.0
mean_half6,YOLOv3-tiny,001_20200918_004029(0).png,3,team,0.2445,0.0
mean_half6,YOLOv3-tiny,001_20200918_004032(2).png,3,team,0.4502,0.0
mean_half6,YOLOv3-tiny,001_20200918_004036(3).png,3,team,0.3887,0.0
mean_half6,YOLOv3-tiny,001_20200918_043556(8).png,3,team,0.326,0.0018
mean_half6,YOLOv3-tiny,001_20200918_043559(9).png,3,team,0.3858,0.0
mean_half6,YOLOv3-tiny,001_20200918_043602(9).png,3,team,0.4441,0.0
mean_half6,YOLOv3-tiny,001_20200918_043606(0).png,3,team,0.4784,0.0
mean_half6,YOLOv3-tiny,001_20200918_043609(2).png,3,team,0.4569,0.0
mean_half6,YOLOv3-tiny,001_20200918_043612(4).png,3,team,0.4809,0.002
mean_half6,YOLOv3-tiny,001_20200918_083036(8).png,3,team,0.4815,0.0
mean_half6,YOLOv3-tiny,001_20200918_083039(9).png,3,team,0.4804,0.0
mean_half6,YOLOv3-tiny,001_20200918_083042(8).png,3,team,0.4978,0.0
mean_half6,YOLOv3-tiny,001_20200918_083045(5).png,3,team,0.2525,0.0
mean_half6,YOLOv3-tiny,001_20200918_083048(5).png,3,team,0.4219,0.0
mean_half6,YOLOv3-tiny,001_20200918_083051(4).png,3,team,0.4407,0.0
mean_half6,YOLOv3-tiny,001_20200921_163325(1).png,3,team,0.4298,0.0
mean_half6,YOLOv3-tiny,001_20200921_163329(4).png,3,team,0.461,0.0
mean_half6,YOLOv3-tiny,001_20200921_163333(8).png,3,team,0.4585,0.0
mean_half6,YOLOv3-tiny,001_20200921_163338(1).png,3,team,0.3152,0.0
mean_half6,YOLOv3-tiny,001_20200921_163342(6).png,3,team,0.509,0.0
mean_half6,YOLOv3-tiny,001_20200921_163346(9).png,3,team,0.3541,0.0
mean_half6,YOLOv3-tiny,001_20200922_003308(2).png,3,team,0.4504,0.0
mean_half6,YOLOv3-tiny,001_20200922_003312(7).png,3,team,0.3486,0.0
mean_half6,YOLOv3-tiny,001_20200922_003317(2).png,3,team,0.4222,0.0
mean_half6,YOLOv3-tiny,001_20200922_003321(7).png,3,team,0.4946,0.0
mean_half6,YOLOv3-tiny,001_20200922_003326(6).png,3,team,0.4899,0.0
mean_half6,YOLOv3-tiny,001_20200922_003330(7).png,3,team,0.4009,0.0
mean_half6,YOLOv3-tiny,002_20200623_043039(3).png,1,official,0.4764,0.0
mean_half6,YOLOv3-tiny,002_20200623_043043(2).png,1,official,0.4359,0.0
mean_half6,YOLOv3-tiny,002_20200623_043047(2).png,1,official,0.5019,0.0
mean_half6,YOLOv3-tiny,002_20200623_043051(3).png,1,official,0.5098,0.0011
mean_half6,YOLOv3-tiny,002_20200623_043055(3).png,1,official,0.4658,0.0015
mean_half6,YOLOv3-tiny,002_20200623_043059(4).png,1,official,0.513,0.0048
mean_half6,YOLOv3-tiny,002_20200623_203040(4).png,1,official,0.4294,0.0
mean_half6,YOLOv3-tiny,002_20200623_203044(0).png,1,official,0.4876,0.0
mean_half6,YOLOv3-tiny,002_20200623_203047(7).png,1,official,0.4844,0.0
mean_half6,YOLOv3-tiny,002_20200623_203051(2).png,1,official,0.4956,0.0
mean_half6,YOLOv3-tiny,002_20200623_203054(7).png,1,official,0.3146,0.0
mean_half6,YOLOv3-tiny,002_20200623_203058(3).png,1,official,0.4614,0.0
mean_half6,YOLOv3-tiny,002_20200624_003115(6).png,2,official,0.4381,0.0
mean_half6,YOLOv3-tiny,002_20200624_003118(6).png,2,official,0.4678,0.0
mean_half6,YOLOv3-tiny,002_20200624_003123(0).png,2,official,0.472,0.0
mean_half6,YOLOv3-tiny,002_20200624_003127(5).png,2,official,0.4715,0.0
mean_half6,YOLOv3-tiny,002_20200624_003132(0).png,2,official,0.4397,0.0
mean_half6,YOLOv3-tiny,002_20200624_003136(5).png,2,official,0.4526,0.0
mean_half6,YOLOv3-tiny,002_20200624_043136(9).png,2,official,0.4723,0.0
mean_half6,YOLOv3-tiny,002_20200624_043141(4).png,2,official,0.496,0.0
mean_half6,YOLOv3-tiny,002_20200624_043145(8).png,2,official,0.4425,0.0
mean_half6,YOLOv3-tiny,002_20200624_043150(3).png,2,official,0.4472,0.0
mean_half6,YOLOv3-tiny,002_20200624_043154(8).png,2,official,0.4856,0.0
mean_half6,YOLOv3-tiny,002_20200624_043159(4).png,2,official,0.4785,0.0
mean_half6,YOLOv3-tiny,002_20200624_083045(5).png,1,official,0.4839,0.0
mean_half6,YOLOv3-tiny,002_20200624_083049(6).png,1,official,0.4644,0.0
mean_half6,YOLOv3-tiny,002_20200624_083053(3).png,1,official,0.5215,0.0
mean_half6,YOLOv3-tiny,002_20200624_083057(4).png,1,official,0.3908,0.0357
mean_half6,YOLOv3-tiny,002_20200624_083101(4).png,1,official,0.4794,0.0
mean_half6,YOLOv3-tiny,002_20200624_083105(5).png,1,official,0.4988,0.1455
mean_half6,YOLOv3-tiny,002_20200624_123122(6).png,1,official,0.4869,0.0
mean_half6,YOLOv3-tiny,002_20200624_123126(4).png,1,official,0.4757,0.0
mean_half6,YOLOv3-tiny,002_20200624_123129(9).png,1,official,0.5169,0.0
mean_half6,YOLOv3-tiny,002_20200624_123133(0).png,1,official,0.5174,0.0
mean_half6,YOLOv3-tiny,002_20200624_123136(5).png,1,official,0.4649,0.0
mean_half6,YOLOv3-tiny,002_20200624_123143(7).png,1,official,0.4906,0.0
mean_half6,YOLOv3-tiny,002_20200630_163105(7).png,2,team,0.4819,0.0
mean_half6,YOLOv3-tiny,002_20200630_163108(9).png,2,team,0.3456,0.0023
mean_half6,YOLOv3-tiny,002_20200630_163112(5).png,2,team,0.4433,0.0
mean_half6,YOLOv3-tiny,002_20200630_163116(0).png,2,team,0.479,0.0
mean_half6,YOLOv3-tiny,002_20200630_163119(5).png,2,team,0.4548,0.0
mean_half6,YOLOv3-tiny,002_20200630_163122(8).png,2,team,0.4793,0.0
mean_half6,YOLOv3-tiny,002_20200701_083102(9).png,2,team,0.4685,0.0
mean_half6,YOLOv3-tiny,002_20200701_083105(7).png,2,team,0.4876,0.0
mean_half6,YOLOv3-tiny,002_20200701_083108(8).png,2,team,0.4622,0.0
mean_half6,YOLOv3-tiny,002_20200701_083111(8).png,2,team,0.4514,0.0
mean_half6,YOLOv3-tiny,002_20200701_083114(8).png,2,team,0.4624,0.0
mean_half6,YOLOv3-tiny,002_20200701_083117(8).png,2,team,0.4391,0.0
mean_half6,YOLOv3-tiny,002_20200701_163100(6).png,2,team,0.4831,0.0
mean_half6,YOLOv3-tiny,002_20200701_163104(5).png,2,team,0.4584,0.0
mean_half6,YOLOv3-tiny,002_20200701_163108(4).png,2,team,0.4778,0.0
mean_half6,YOLOv3-tiny,002_20200701_163112(3).png,2,team,0.5074,0.0
mean_half6,YOLOv3-tiny,002_20200701_163116(3).png,2,team,0.4556,0.0013
mean_half6,YOLOv3-tiny,002_20200701_163120(4).png,2,team,0.4154,0.0
mean_half6,YOLOv3-tiny,002_20200701_203037(6).png,1,team,0.4033,0.0
mean_half6,YOLOv3-tiny,002_20200701_203040(8).png,1,team,0.4845,0.0
mean_half6,YOLOv3-tiny,002_20200701_203043(9).png,1,team,0.4769,0.0
mean_half6,YOLOv3-tiny,002_20200701_203046(9).png,1,team,0.4636,0.0
mean_half6,YOLOv3-tiny,002_20200701_203050(0).png,1,team,0.4826,0.0
mean_half6,YOLOv3-tiny,002_20200701_203053(0).png,1,team,0.4662,0.0
mean_half6,YOLOv3-tiny,002_20200713_091056(8).png,2,team,0.4528,0.0
mean_half6,YOLOv3-tiny,002_20200713_091100(5).png,2,team,0.439,0.0
mean_half6,YOLOv3-tiny,002_20200713_091103(8).png,2,team,0.414,0.0
mean_half6,YOLOv3-tiny,002_20200713_091106(9).png,2,team,0.3831,0.0039
mean_half6,YOLOv3-tiny,002_20200713_091109(9).png,2,team,0.4893,0.0
mean_half6,YOLOv3-tiny,002_20200713_091112(5).png,2,team,0.4237,0.0
mean_half6,YOLOv3-tiny,002_20200713_123358(8).png,2,team,0.4595,0.0
mean_half6,YOLOv3-tiny,002_20200713_123403(4).png,2,team,0.3677,0.0
mean_half6,YOLOv3-tiny,002_20200713_123408(0).png,2,team,0.4384,0.0
mean_half6,YOLOv3-tiny,002_20200713_123412(4).png,2,team,0.4366,0.0
mean_half6,YOLOv3-tiny,002_20200713_123416(9).png,2,team,0.4691,0.0
mean_half6,YOLOv3-tiny,002_20200713_123421(4).png,2,team,0.4706,0.0
mean_half6,YOLOv3-tiny,002_20200713_202718(1).png,2,team,0.4737,0.0094
mean_half6,YOLOv3-tiny,002_20200713_202722(5).png,2,team,0.4329,0.0
mean_half6,YOLOv3-tiny,002_20200713_202726(9).png,2,team,0.4784,0.0
mean_half6,YOLOv3-tiny,002_20200713_202731(4).png,2,team,0.4858,0.0015
mean_half6,YOLOv3-tiny,002_20200713_202735(9).png,2,team,0.4508,0.0
mean_half6,YOLOv3-tiny,002_20200713_202743(4).png,2,team,0.4844,0.0
mean_half6,YOLOv3-tiny,002_20200714_123109(8).png,1,official,0.4905,0.0
mean_half6,YOLOv3-tiny,002_20200714_123113(1).png,1,official,0.4465,0.0
mean_half6,YOLOv3-tiny,002_20200714_123117(3).png,1,official,0.4815,0.0
mean_half6,YOLOv3-tiny,002_20200714_123120(4).png,1,official,0.5109,0.0
mean_half6,YOLOv3-tiny,002_20200714_123123(5).png,1,official,0.485,0.0
mean_half6,YOLOv3-tiny,002_20200714_123126(4).png,1,official,0.4934,0.0
mean_half6,YOLOv3-tiny,002_20200721_163536(6).png,2,team,0.3839,0.0
mean_half6,YOLOv3-tiny,002_20200721_163539(9).png,2,team,0.2942,0.0
mean_half6,YOLOv3-tiny,002_20200721_163543(2).png,2,team,0.4317,0.0
mean_half6,YOLOv3-tiny,002_20200721_163548(0).png,2,team,0.411,0.0
mean_half6,YOLOv3-tiny,002_20200721_163551(3).png,2,team,0.4448,0.0
mean_half6,YOLOv3-tiny,002_20200721_163554(6).png,2,team,0.4425,0.0
mean_half6,YOLOv3-tiny,002_20200722_043432(7).png,1,team,0.5141,0.0
mean_half6,YOLOv3-tiny,002_20200722_043437(0).png,1,team,0.3682,0.0
mean_half6,YOLOv3-tiny,002_20200722_131101(2).png,2,team,0.3932,0.0
mean_half6,YOLOv3-tiny,002_20200722_131105(7).png,2,team,0.2457,0.0
mean_half6,YOLOv3-tiny,002_20200723_043256(5).png,1,team,0.3656,0.0
mean_half6,YOLOv3-tiny,002_20200723_043258(3).png,1,team,0.383,0.0
mean_half6,YOLOv3-tiny,002_20200723_123129(3).png,1,team,0.4272,0.0
mean_half6,YOLOv3-tiny,002_20200723_123133(9).png,1,team,0.4532,0.0
mean_half6,YOLOv3-tiny,002_20200723_203129(9).png,1,team,0.3262,0.0
mean_half6,YOLOv3-tiny,002_20200723_203134(3).png,1,team,0.307,0.0
mean_half6,YOLOv3-tiny,002_20200724_003201(9).png,1,team,0.3679,0.0
mean_half6,YOLOv3-tiny,002_20200724_003206(4).png,1,team,0.4001,0.0
mean_half6,YOLOv3-tiny,002_20200727_204612(5).png,1,team,0.415,0.0021
mean_half6,YOLOv3-tiny,002_20200727_204634(7).png,1,team,0.1669,0.0
mean_half6,YOLOv3-tiny,002_20200728_043429(7).png,2,team,0.4249,0.0
mean_half6,YOLOv3-tiny,002_20200728_043435(6).png,2,team,0.4822,0.0
mean_half6,YOLOv3-tiny,002_20200728_123102(5).png,2,team,0.4127,0.0
mean_half6,YOLOv3-tiny,002_20200728_123106(5).png,2,team,0.3991,0.0
mean_half6,YOLOv3-tiny,002_20200814_083411(8).png,2,team,0.2275,0.0
mean_half6,YOLOv3-tiny,002_20200814_083414(7).png,2,team,0.4236,0.0
mean_half6,YOLOv3-tiny,002_20200819_124217(5).png,2,team,0.2708,0.0
mean_half6,YOLOv3-tiny,002_20200819_124225(2).png,2,team,0.3757,0.0
mean_half6,YOLOv3-tiny,002_20200831_163123(9).png,1,team,0.4563,0.0
mean_half6,YOLOv3-tiny,002_20200831_163130(0).png,1,team,0.4173,0.0
mean_half6,YOLOv3-tiny,002_20200901_043133(6).png,2,official,0.4256,0.0
mean_half6,YOLOv3-tiny,002_20200901_043136(6).png,2,official,0.4094,0.0
mean_half6,YOLOv3-tiny,002_20200901_043139(6).png,2,official,0.4989,0.0
mean_half6,YOLOv3-tiny,002_20200901_043142(6).png,2,official,0.4258,0.0
mean_half6,YOLOv3-tiny,002_20200901_043145(5).png,2,official,0.4371,0.0
mean_half6,YOLOv3-tiny,002_20200901_043148(6).png,2,official,0.4808,0.0
mean_half6,YOLOv3-tiny,002_20200901_191340(2).png,2,official,0.4044,0.0
mean_half6,YOLOv3-tiny,002_20200901_191343(2).png,2,official,0.2491,0.0
mean_half6,YOLOv3-tiny,002_20200901_191346(1).png,2,official,0.4397,0.0
mean_half6,YOLOv3-tiny,002_20200901_191348(8).png,2,official,0.4425,0.0
mean_half6,YOLOv3-tiny,002_20200901_191351(5).png,2,official,0.4797,0.0
mean_half6,YOLOv3-tiny,002_20200901_191354(2).png,2,team,0.4283,0.0
mean_half6,YOLOv3-tiny,002_20200902_003149(5).png,2,team,0.3838,0.0
mean_half6,YOLOv3-tiny,002_20200902_003152(5).png,2,team,0.4977,0.0
mean_half6,YOLOv3-tiny,002_20200902_003155(5).png,2,team,0.3926,0.0
mean_half6,YOLOv3-tiny,002_20200902_003158(2).png,2,team,0.3576,0.0
mean_half6,YOLOv3-tiny,002_20200902_003200(9).png,2,team,0.4617,0.0
mean_half6,YOLOv3-tiny,002_20200902_003203(7).png,2,team,0.4561,0.0
mean_half6,YOLOv3-tiny,002_20200902_043107(7).png,1,team,0.4035,0.0
mean_half6,YOLOv3-tiny,002_20200902_043112(1).png,1,team,0.4348,0.0
mean_half6,YOLOv3-tiny,002_20200902_043116(4).png,1,team,0.3552,0.0
mean_half6,YOLOv3-tiny,002_20200902_043120(6).png,1,team,0.4639,0.0
mean_half6,YOLOv3-tiny,002_20200902_043124(9).png,1,team,0.3287,0.0
mean_half6,YOLOv3-tiny,002_20200902_043129(2).png,1,team,0.3394,0.0
mean_half6,YOLOv3-tiny,002_20200902_082641(4).png,2,team,0.3946,0.0
mean_half6,YOLOv3-tiny,002_20200902_082645(7).png,2,team,0.4811,0.0
mean_half6,YOLOv3-tiny,002_20200902_082650(0).png,2,team,0.4727,0.0
mean_half6,YOLOv3-tiny,002_20200902_082654(4).png,2,team,0.3766,0.0
mean_half6,YOLOv3-tiny,002_20200902_082658(4).png,2,team,0.4393,0.0
mean_half6,YOLOv3-tiny,002_20200902_082702(8).png,2,team,0.4648,0.0
mean_half6,YOLOv3-tiny,002_20200905_123055(0).png,2,official,0.4206,0.0
mean_half6,YOLOv3-tiny,002_20200905_123058(4).png,2,official,0.395,0.0
mean_half6,YOLOv3-tiny,002_20200905_123102(0).png,2,official,0.2849,0.0
mean_half6,YOLOv3-tiny,002_20200905_123105(0).png,2,official,0.3036,0.0
mean_half6,YOLOv3-tiny,002_20200905_123108(4).png,2,official,0.4415,0.0
mean_half6,YOLOv3-tiny,002_20200905_123112(0).png,2,official,0.4396,0.0
mean_half6,YOLOv3-tiny,002_20200906_003059(0).png,1,official,0.4359,0.0
mean_half6,YOLOv3-tiny,002_20200906_003114(8).png,1,official,0.1706,0.0
mean_half6,YOLOv3-tiny,002_20200906_003118(7).png,1,official,0.2748,0.0
mean_half6,YOLOv3-tiny,002_20200906_003122(7).png,1,official,0.4793,0.0
mean_half6,YOLOv3-tiny,002_20200906_003126(8).png,1,official,0.3745,0.0
mean_half6,YOLOv3-tiny,002_20200906_003132(7).png,1,official,0.3716,0.0
mean_half6,YOLOv3-tiny,002_20200908_043119(7).png,2,team,0.4377,0.0
mean_half6,YOLOv3-tiny,002_20200908_043124(3).png,2,team,0.4578,0.0
mean_half6,YOLOv3-tiny,002_20200908_043128(8).png,2,team,0.4063,0.0
mean_half6,YOLOv3-tiny,002_20200908_043133(4).png,2,team,0.3691,0.0
mean_half6,YOLOv3-tiny,002_20200908_043137(8).png,2,team,0.4563,0.001
mean_half6,YOLOv3-tiny,002_20200908_043142(4).png,2,team,0.4734,0.0
mean_half6,YOLOv3-tiny,002_20200912_021405(0).png,1,team,0.4505,0.0019
mean_half6,YOLOv3-tiny,002_20200912_021411(6).png,1,team,0.4736,0.0
mean_half6,YOLOv3-tiny,002_20200912_021417(8).png,1,team,0.4127,0.0
mean_half6,YOLOv3-tiny,002_20200912_021420(7).png,1,team,0.495,0.0
mean_half6,YOLOv3-tiny,002_20200912_021423(8).png,1,team,0.4749,0.0
mean_half6,YOLOv3-tiny,002_20200912_021430(0).png,1,team,0.4044,0.0
mean_half6,YOLOv3-tiny,002_20200912_123204(6).png,1,team,0.3545,0.0
mean_half6,YOLOv3-tiny,002_20200912_123207(7).png,1,team,0.476,0.0
mean_half6,YOLOv3-tiny,002_20200912_123210(6).png,1,team,0.4728,0.0
mean_half6,YOLOv3-tiny,002_20200912_123216(4).png,1,team,0.306,0.0
mean_half6,YOLOv3-tiny,002_20200912_123219(3).png,1,team,0.4064,0.0
mean_half6,YOLOv3-tiny,002_20200912_123222(2).png,1,team,0.3741,0.0
mean_half6,YOLOv3-tiny,002_20200914_203029(2).png,2,team,0.4936,0.0
mean_half6,YOLOv3-tiny,002_20200914_203032(1).png,2,team,0.4904,0.0
mean_half6,YOLOv3-tiny,002_20200914_203035(2).png,2,team,0.3253,0.0
mean_half6,YOLOv3-tiny,002_20200914_203038(1).png,2,team,0.3691,0.0
mean_half6,YOLOv3-tiny,002_20200914_203041(1).png,2,team,0.4565,0.0
mean_half6,YOLOv3-tiny,002_20200914_203045(7).png,2,team,0.4808,0.0
mean_half6,YOLOv3-tiny,002_20200915_003458(4).png,1,team,0.3863,0.0
mean_half6,YOLOv3-tiny,002_20200915_003505(7).png,1,team,0.4216,0.0
mean_half6,YOLOv3-tiny,002_20200915_003510(7).png,1,team,0.4465,0.0
mean_half6,YOLOv3-tiny,002_20200915_003515(6).png,1,team,0.4508,0.0
mean_half6,YOLOv3-tiny,002_20200915_003523(1).png,1,team,0.4299,0.0018
mean_half6,YOLOv3-tiny,002_20200915_003532(1).png,1,team,0.4584,0.0
mean_half6,YOLOv3-tiny,002_20200915_163129(0).png,1,team,0.459,0.0
mean_half6,YOLOv3-tiny,002_20200915_163133(5).png,1,team,0.4942,0.0
mean_half6,YOLOv3-tiny,002_20200915_163144(0).png,1,team,0.3855,0.0
mean_half6,YOLOv3-tiny,002_20200915_163154(5).png,1,team,0.4304,0.0
mean_half6,YOLOv3-tiny,002_20200915_163158(9).png,1,team,0.4106,0.0
mean_half6,YOLOv3-tiny,002_20200915_163203(4).png,1,team,0.4829,0.0025
mean_half6,YOLOv3-tiny,002_20200915_203209(5).png,1,team,0.4848,0.0
mean_half6,YOLOv3-tiny,002_20200915_203212(5).png,1,team,0.4663,0.0
mean_half6,YOLOv3-tiny,002_20200915_203215(5).png,1,team,0.4678,0.0
mean_half6,YOLOv3-tiny,002_20200915_203218(5).png,1,team,0.3242,0.0
mean_half6,YOLOv3-tiny,002_20200915_203224(4).png,1,team,0.4442,0.0
mean_half6,YOLOv3-tiny,002_20200915_203229(1).png,1,team,0.3891,0.0
mean_half6,YOLOv3-tiny,002_20200917_003224(9).png,2,team,0.4065,0.0
mean_half6,YOLOv3-tiny,002_20200917_003228(7).png,2,team,0.4789,0.0
mean_half6,YOLOv3-tiny,002_20200917_003234(6).png,2,team,0.4692,0.0
mean_half6,YOLOv3-tiny,002_20200917_003238(7).png,2,team,0.4986,0.0
mean_half6,YOLOv3-tiny,002_20200917_003242(7).png,2,team,0.4315,0.0
mean_half6,YOLOv3-tiny,002_20200917_003246(7).png,2,team,0.3697,0.0
mean_half6,YOLOv3-tiny,002_20200917_083653(7).png,1,team,0.4429,0.0
mean_half6,YOLOv3-tiny,002_20200917_083659(5).png,1,team,0.4123,0.0
mean_half6,YOLOv3-tiny,002_20200917_083703(5).png,1,team,0.3512,0.0
mean_half6,YOLOv3-tiny,002_20200917_083707(4).png,1,team,0.4873,0.0
mean_half6,YOLOv3-tiny,002_20200917_083711(6).png,1,team,0.4122,0.0
mean_half6,YOLOv3-tiny,002_20200917_083721(4).png,1,team,0.4797,0.0
mean_half6,YOLOv3-tiny,002_20200918_043323(0).png,2,team,0.451,0.0
mean_half6,YOLOv3-tiny,002_20200918_043326(6).png,2,team,0.4879,0.0
mean_half6,YOLOv3-tiny,002_20200918_043330(5).png,2,team,0.4647,0.0
mean_half6,YOLOv3-tiny,002_20200918_043334(3).png,2,team,0.5135,0.0
mean_half6,YOLOv3-tiny,002_20200918_043338(2)__m2.png,2,team,0.4814,0.0
mean_half6,YOLOv3-tiny,002_20200918_043342(2).png,2,team,0.4566,0.0021
mean_half6,YOLOv3-tiny,002_20200918_123306(7).png,1,team,0.4187,0.0
mean_half6,YOLOv3-tiny,002_20200918_123310(6).png,1,team,0.3813,0.0
mean_half6,YOLOv3-tiny,002_20200918_123314(6).png,1,team,0.3576,0.0
mean_half6,YOLOv3-tiny,002_20200918_123318(7).png,1,team,0.4188,0.0
mean_half6,YOLOv3-tiny,002_20200918_123322(5).png,1,team,0.4453,0.0
mean_half6,YOLOv3-tiny,002_20200918_123331(0).png,1,team,0.2778,0.0
mean_half6,YOLOv3-tiny,002_20200921_163038(3).png,2,team,0.4229,0.0
mean_half6,YOLOv3-tiny,002_20200921_163042(3).png,2,team,0.3392,0.0
mean_half6,YOLOv3-tiny,002_20200921_163045(4).png,2,team,0.4521,0.0
mean_half6,YOLOv3-tiny,002_20200921_163049(6).png,2,team,0.4634,0.0
mean_half6,YOLOv3-tiny,002_20200921_163052(5).png,2,team,0.4682,0.0
mean_half6,YOLOv3-tiny,002_20200921_163055(5).png,2,team,0.4651,0.0
mean_half6,YOLOv3-tiny,002_20200921_202239(4).png,2,team,0.438,0.0
mean_half6,YOLOv3-tiny,002_20200921_202244(0).png,2,team,0.4893,0.0
mean_half6,YOLOv3-tiny,002_20200921_202248(6).png,2,team,0.1965,0.0
mean_half6,YOLOv3-tiny,002_20200921_202253(0).png,2,team,0.432,0.0
mean_half6,YOLOv3-tiny,002_20200921_202257(4).png,2,team,0.4603,0.0
mean_half6,YOLOv3-tiny,002_20200921_202303(6).png,2,team,0.4133,0.0
mean_half6,YOLOv3-tiny,002_20200922_043105(7).png,1,team,0.337,0.0
mean_half6,YOLOv3-tiny,002_20200922_043110(2).png,1,team,0.3983,0.0
mean_half6,YOLOv3-tiny,002_20200922_043114(8).png,1,team,0.3774,0.0
mean_half6,YOLOv3-tiny,002_20200922_043119(3).png,1,team,0.3807,0.0
mean_half6,YOLOv3-tiny,002_20200922_043123(8).png,1,team,0.377,0.0
mean_half6,YOLOv3-tiny,002_20200922_043128(2).png,1,team,0.449,0.0
mean_half6,Faster R-CNN MobileNetV3-FPN,001_20200623_203217(4).png,3,official,0.997,0.2564
mean_half6,Faster R-CNN MobileNetV3-FPN,001_20200623_203222(0).png,3,official,0.9926,0.0816
mean_half6,Faster R-CNN MobileNetV3-FPN,001_20200623_203226(3).png,3,official,0.992,0.3186
mean_half6,Faster R-CNN MobileNetV3-FPN,001_20200623_203230(9).png,3,official,0.9972,0.1724
mean_half6,Faster R-CNN MobileNetV3-FPN,001_20200623_203235(3).png,3,official,0.9963,0.8723
mean_half6,Faster R-CNN MobileNetV3-FPN,001_20200623_203247(5).png,3,official,0.9943,0.0385
mean_half6,Faster R-CNN MobileNetV3-FPN,001_20200625_043323(7).png,3,official,0.9943,0.1032
mean_half6,Faster R-CNN MobileNetV3-FPN,001_20200625_043328(3).png,3,official,0.9956,0.3812
mean_half6,Faster R-CNN MobileNetV3-FPN,001_20200625_043337(3).png,3,official,0.9964,0.4255
mean_half6,Faster R-CNN MobileNetV3-FPN,001_20200625_043341(7).png,3,official,0.997,0.1404
mean_half6,Faster R-CNN MobileNetV3-FPN,001_20200625_043346(2).png,3,official,0.9929,0.7151
mean_half6,Faster R-CNN MobileNetV3-FPN,001_20200625_043359(8).png,3,official,0.9986,0.1407
mean_half6,Faster R-CNN MobileNetV3-FPN,001_20200630_043538(1).png,3,team,0.9915,0.5492
mean_half6,Faster R-CNN MobileNetV3-FPN,001_20200630_043544(2).png,3,team,0.9947,0.4862
mean_half6,Faster R-CNN MobileNetV3-FPN,001_20200630_043548(7).png,3,team,0.9964,0.1724
mean_half6,Faster R-CNN MobileNetV3-FPN,001_20200630_043600(9).png,3,team,0.9937,0.8501
mean_half6,Faster R-CNN MobileNetV3-FPN,001_20200630_043605(5).png,3,team,0.9853,0.0069
mean_half6,Faster R-CNN MobileNetV3-FPN,001_20200630_083235(6).png,3,team,0.9977,0.7188
mean_half6,Faster R-CNN MobileNetV3-FPN,001_20200630_083322(2).png,3,team,0.9946,0.1989
mean_half6,Faster R-CNN MobileNetV3-FPN,001_20200630_083331(2).png,3,team,0.9947,0.0782
mean_half6,Faster R-CNN MobileNetV3-FPN,001_20200630_083350(7).png,3,team,0.9962,0.213
mean_half6,Faster R-CNN MobileNetV3-FPN,001_20200630_083355(1).png,3,team,0.9953,0.601
mean_half6,Faster R-CNN MobileNetV3-FPN,001_20200630_083405(7).png,3,team,0.9961,0.8981
mean_half6,Faster R-CNN MobileNetV3-FPN,001_20200630_163111(8).png,3,team,0.9935,0.048
mean_half6,Faster R-CNN MobileNetV3-FPN,001_20200630_163116(2).png,3,team,0.9933,0.0052
mean_half6,Faster R-CNN MobileNetV3-FPN,001_20200630_163120(7).png,3,team,0.9909,0.211
mean_half6,Faster R-CNN MobileNetV3-FPN,001_20200630_163125(2).png,3,team,0.9965,0.3241
mean_half6,Faster R-CNN MobileNetV3-FPN,001_20200630_163129(8).png,3,team,0.9945,0.0289
mean_half6,Faster R-CNN MobileNetV3-FPN,001_20200630_163134(2).png,3,team,0.9957,0.003
mean_half6,Faster R-CNN MobileNetV3-FPN,001_20200630_163147(8).png,3,team,0.9915,0.456
mean_half6,Faster R-CNN MobileNetV3-FPN,001_20200701_123507(7).png,3,team,0.9937,0.5252
mean_half6,Faster R-CNN MobileNetV3-FPN,001_20200701_123511(0).png,3,team,0.9962,0.416
mean_half6,Faster R-CNN MobileNetV3-FPN,001_20200701_123514(1).png,3,team,0.9965,0.4443
mean_half6,Faster R-CNN MobileNetV3-FPN,001_20200701_123517(3).png,3,team,0.995,0.0021
mean_half6,Faster R-CNN MobileNetV3-FPN,001_20200701_123520(6).png,3,team,0.9982,0.5612
mean_half6,Faster R-CNN MobileNetV3-FPN,001_20200701_123523(9).png,3,team,0.9933,0.0539
mean_half6,Faster R-CNN MobileNetV3-FPN,001_20200708_163845(3).png,3,team,0.9943,0.0497
mean_half6,Faster R-CNN MobileNetV3-FPN,001_20200708_163848(2).png,3,team,0.9935,0.7036
mean_half6,Faster R-CNN MobileNetV3-FPN,001_20200708_163851(0).png,3,team,0.9957,0.9716
mean_half6,Faster R-CNN MobileNetV3-FPN,001_20200708_163853(5).png,3,team,0.9972,0.2361
mean_half6,Faster R-CNN MobileNetV3-FPN,001_20200708_163856(2).png,3,team,0.9956,0.0085
mean_half6,Faster R-CNN MobileNetV3-FPN,001_20200708_163858(9).png,3,team,0.9944,0.3419
mean_half6,Faster R-CNN MobileNetV3-FPN,001_20200708_203804(5).png,3,team,0.9969,0.0374
mean_half6,Faster R-CNN MobileNetV3-FPN,001_20200708_203844(8).png,3,team,0.9948,0.0964
mean_half6,Faster R-CNN MobileNetV3-FPN,001_20200708_203917(6).png,3,team,0.996,0.0103
mean_half6,Faster R-CNN MobileNetV3-FPN,001_20200713_202630(0).png,3,team,0.9959,0.082
mean_half6,Faster R-CNN MobileNetV3-FPN,001_20200713_202634(5).png,3,team,0.9976,0.2051
mean_half6,Faster R-CNN MobileNetV3-FPN,001_20200713_202639(1).png,3,team,0.9968,0.8569
mean_half6,Faster R-CNN MobileNetV3-FPN,001_20200713_202643(6).png,3,team,0.9941,0.0965
mean_half6,Faster R-CNN MobileNetV3-FPN,001_20200713_202648(2).png,3,team,0.9941,0.05
mean_half6,Faster R-CNN MobileNetV3-FPN,001_20200713_202652(6).png,3,team,0.9949,0.0675
mean_half6,Faster R-CNN MobileNetV3-FPN,001_20200714_042943(8).png,3,team,0.9965,0.3512
mean_half6,Faster R-CNN MobileNetV3-FPN,001_20200714_042948(4).png,3,team,0.9946,0.5311
mean_half6,Faster R-CNN MobileNetV3-FPN,001_20200714_042957(3).png,3,team,0.9938,0.0777
mean_half6,Faster R-CNN MobileNetV3-FPN,001_20200714_043001(8).png,3,team,0.9956,0.0497
mean_half6,Faster R-CNN MobileNetV3-FPN,001_20200714_043006(2).png,3,team,0.9966,0.3488
mean_half6,Faster R-CNN MobileNetV3-FPN,001_20200714_043010(8).png,3,team,0.9952,0.5586
mean_half6,Faster R-CNN MobileNetV3-FPN,001_20200715_083509(3).png,3,team,0.9935,0.1305
mean_half6,Faster R-CNN MobileNetV3-FPN,001_20200715_083513(8).png,3,team,0.9955,0.3044
mean_half6,Faster R-CNN MobileNetV3-FPN,001_20200715_083518(2).png,3,team,0.9969,0.0839
mean_half6,Faster R-CNN MobileNetV3-FPN,001_20200715_083522(7).png,3,team,0.9985,0.0089
mean_half6,Faster R-CNN MobileNetV3-FPN,001_20200715_083527(3).png,3,team,0.9947,0.2811
mean_half6,Faster R-CNN MobileNetV3-FPN,001_20200715_083531(8).png,3,team,0.9937,0.0921
mean_half6,Faster R-CNN MobileNetV3-FPN,001_20200722_083525(2).png,3,team,0.9945,0.0
mean_half6,Faster R-CNN MobileNetV3-FPN,001_20200722_083529(6).png,3,team,0.977,0.005
mean_half6,Faster R-CNN MobileNetV3-FPN,001_20200728_163910(5).png,3,official,0.9921,0.0
mean_half6,Faster R-CNN MobileNetV3-FPN,001_20200728_163913(6).png,3,official,0.9883,0.0062
mean_half6,Faster R-CNN MobileNetV3-FPN,001_20200814_033012(7).png,3,official,0.9913,0.0
mean_half6,Faster R-CNN MobileNetV3-FPN,001_20200814_033016(6).png,3,official,0.9952,0.0
mean_half6,Faster R-CNN MobileNetV3-FPN,001_20200814_043321(6).png,3,official,0.9944,0.0016
mean_half6,Faster R-CNN MobileNetV3-FPN,001_20200814_043345(8).png,3,team,0.9854,0.0
mean_half6,Faster R-CNN MobileNetV3-FPN,001_20200818_123634(4).png,3,official,0.9804,0.0
mean_half6,Faster R-CNN MobileNetV3-FPN,001_20200818_123638(1).png,3,team,0.9902,0.0
mean_half6,Faster R-CNN MobileNetV3-FPN,001_20200831_083711(6).png,3,official,0.9944,0.0
mean_half6,Faster R-CNN MobileNetV3-FPN,001_20200831_083714(8).png,3,official,0.9982,0.0
mean_half6,Faster R-CNN MobileNetV3-FPN,001_20200905_003911(9).png,3,team,0.9879,0.0
mean_half6,Faster R-CNN MobileNetV3-FPN,001_20200905_003914(9).png,3,team,0.9884,0.0
mean_half6,Faster R-CNN MobileNetV3-FPN,001_20200905_003918(2).png,3,team,0.9962,0.0
mean_half6,Faster R-CNN MobileNetV3-FPN,001_20200905_003921(2).png,3,team,0.9971,0.0201
mean_half6,Faster R-CNN MobileNetV3-FPN,001_20200905_003924(3).png,3,team,0.9973,0.9559
mean_half6,Faster R-CNN MobileNetV3-FPN,001_20200905_003927(3).png,3,team,0.9941,0.2504
mean_half6,Faster R-CNN MobileNetV3-FPN,001_20200905_083552(0).png,3,team,0.9903,0.0
mean_half6,Faster R-CNN MobileNetV3-FPN,001_20200905_083555(2).png,3,team,0.9975,0.0
mean_half6,Faster R-CNN MobileNetV3-FPN,001_20200905_083558(2).png,3,team,0.9975,0.0
mean_half6,Faster R-CNN MobileNetV3-FPN,001_20200905_083603(0).png,3,team,0.9976,0.0042
mean_half6,Faster R-CNN MobileNetV3-FPN,001_20200905_083606(6).png,3,team,0.9905,0.0
mean_half6,Faster R-CNN MobileNetV3-FPN,001_20200905_083609(7).png,3,team,0.9961,0.0079
mean_half6,Faster R-CNN MobileNetV3-FPN,001_20200914_083101(5).png,3,team,0.9961,0.0
mean_half6,Faster R-CNN MobileNetV3-FPN,001_20200914_083105(1).png,3,team,0.9943,0.0
mean_half6,Faster R-CNN MobileNetV3-FPN,001_20200914_083108(8).png,3,team,0.987,0.0198
mean_half6,Faster R-CNN MobileNetV3-FPN,001_20200914_083111(5).png,3,team,0.9902,0.0
mean_half6,Faster R-CNN MobileNetV3-FPN,001_20200914_083114(5).png,3,team,0.996,0.0
mean_half6,Faster R-CNN MobileNetV3-FPN,001_20200914_083117(5).png,3,team,0.9965,0.0
mean_half6,Faster R-CNN MobileNetV3-FPN,001_20200915_003734(8).png,3,team,0.9937,0.0045
mean_half6,Faster R-CNN MobileNetV3-FPN,001_20200915_003737(5).png,3,team,0.9978,0.0
mean_half6,Faster R-CNN MobileNetV3-FPN,001_20200915_003740(4).png,3,team,0.9638,0.0
mean_half6,Faster R-CNN MobileNetV3-FPN,001_20200915_003743(5).png,3,team,0.9964,0.0144
mean_half6,Faster R-CNN MobileNetV3-FPN,001_20200915_003746(5).png,3,team,0.9967,0.0
mean_half6,Faster R-CNN MobileNetV3-FPN,001_20200915_003749(6).png,3,team,0.9883,0.0
mean_half6,Faster R-CNN MobileNetV3-FPN,001_20200918_004019(6).png,3,team,0.9943,0.0661
mean_half6,Faster R-CNN MobileNetV3-FPN,001_20200918_004022(5).png,3,team,0.996,0.0
mean_half6,Faster R-CNN MobileNetV3-FPN,001_20200918_004025(8).png,3,team,0.9918,0.2273
mean_half6,Faster R-CNN MobileNetV3-FPN,001_20200918_004029(0).png,3,team,0.9982,0.0
mean_half6,Faster R-CNN MobileNetV3-FPN,001_20200918_004032(2).png,3,team,0.9835,0.0
mean_half6,Faster R-CNN MobileNetV3-FPN,001_20200918_004036(3).png,3,team,0.9977,0.0
mean_half6,Faster R-CNN MobileNetV3-FPN,001_20200918_043556(8).png,3,team,0.9968,0.0
mean_half6,Faster R-CNN MobileNetV3-FPN,001_20200918_043559(9).png,3,team,0.9936,0.0512
mean_half6,Faster R-CNN MobileNetV3-FPN,001_20200918_043602(9).png,3,team,0.9975,0.0254
mean_half6,Faster R-CNN MobileNetV3-FPN,001_20200918_043606(0).png,3,team,0.9779,0.0
mean_half6,Faster R-CNN MobileNetV3-FPN,001_20200918_043609(2).png,3,team,0.9964,0.0
mean_half6,Faster R-CNN MobileNetV3-FPN,001_20200918_043612(4).png,3,team,0.9986,0.0112
mean_half6,Faster R-CNN MobileNetV3-FPN,001_20200918_083036(8).png,3,team,0.9931,0.0
mean_half6,Faster R-CNN MobileNetV3-FPN,001_20200918_083039(9).png,3,team,0.9954,0.0
mean_half6,Faster R-CNN MobileNetV3-FPN,001_20200918_083042(8).png,3,team,0.9871,0.0203
mean_half6,Faster R-CNN MobileNetV3-FPN,001_20200918_083045(5).png,3,team,0.9979,0.6542
mean_half6,Faster R-CNN MobileNetV3-FPN,001_20200918_083048(5).png,3,team,0.9977,0.0
mean_half6,Faster R-CNN MobileNetV3-FPN,001_20200918_083051(4).png,3,team,0.9971,0.0031
mean_half6,Faster R-CNN MobileNetV3-FPN,001_20200921_163325(1).png,3,team,0.9942,0.0015
mean_half6,Faster R-CNN MobileNetV3-FPN,001_20200921_163329(4).png,3,team,0.9971,0.0
mean_half6,Faster R-CNN MobileNetV3-FPN,001_20200921_163333(8).png,3,team,0.9967,0.0
mean_half6,Faster R-CNN MobileNetV3-FPN,001_20200921_163338(1).png,3,team,0.9982,0.0018
mean_half6,Faster R-CNN MobileNetV3-FPN,001_20200921_163342(6).png,3,team,0.9982,0.0
mean_half6,Faster R-CNN MobileNetV3-FPN,001_20200921_163346(9).png,3,team,0.9981,0.0
mean_half6,Faster R-CNN MobileNetV3-FPN,001_20200922_003308(2).png,3,team,0.9975,0.0
mean_half6,Faster R-CNN MobileNetV3-FPN,001_20200922_003312(7).png,3,team,0.9989,0.0024
mean_half6,Faster R-CNN MobileNetV3-FPN,001_20200922_003317(2).png,3,team,0.995,0.0
mean_half6,Faster R-CNN MobileNetV3-FPN,001_20200922_003321(7).png,3,team,0.9957,0.0
mean_half6,Faster R-CNN MobileNetV3-FPN,001_20200922_003326(6).png,3,team,0.9973,0.0
mean_half6,Faster R-CNN MobileNetV3-FPN,001_20200922_003330(7).png,3,team,0.9906,0.0406
mean_half6,Faster R-CNN MobileNetV3-FPN,002_20200623_043039(3).png,1,official,0.9949,0.0
mean_half6,Faster R-CNN MobileNetV3-FPN,002_20200623_043043(2).png,1,official,0.9957,0.0
mean_half6,Faster R-CNN MobileNetV3-FPN,002_20200623_043047(2).png,1,official,0.997,0.0014
mean_half6,Faster R-CNN MobileNetV3-FPN,002_20200623_043051(3).png,1,official,0.9957,0.0218
mean_half6,Faster R-CNN MobileNetV3-FPN,002_20200623_043055(3).png,1,official,0.9961,0.0
mean_half6,Faster R-CNN MobileNetV3-FPN,002_20200623_043059(4).png,1,official,0.9947,0.0046
mean_half6,Faster R-CNN MobileNetV3-FPN,002_20200623_203040(4).png,1,official,0.9939,0.0021
mean_half6,Faster R-CNN MobileNetV3-FPN,002_20200623_203044(0).png,1,official,0.995,0.0
mean_half6,Faster R-CNN MobileNetV3-FPN,002_20200623_203047(7).png,1,official,0.995,0.0
mean_half6,Faster R-CNN MobileNetV3-FPN,002_20200623_203051(2).png,1,official,0.9958,0.0
mean_half6,Faster R-CNN MobileNetV3-FPN,002_20200623_203054(7).png,1,official,0.9979,0.0698
mean_half6,Faster R-CNN MobileNetV3-FPN,002_20200623_203058(3).png,1,official,0.9967,0.0011
mean_half6,Faster R-CNN MobileNetV3-FPN,002_20200624_003115(6).png,2,official,0.9926,0.0058
mean_half6,Faster R-CNN MobileNetV3-FPN,002_20200624_003118(6).png,2,official,0.9971,0.1423
mean_half6,Faster R-CNN MobileNetV3-FPN,002_20200624_003123(0).png,2,official,0.9952,0.0261
mean_half6,Faster R-CNN MobileNetV3-FPN,002_20200624_003127(5).png,2,official,0.9941,0.0121
mean_half6,Faster R-CNN MobileNetV3-FPN,002_20200624_003132(0).png,2,official,0.9909,0.0018
mean_half6,Faster R-CNN MobileNetV3-FPN,002_20200624_003136(5).png,2,official,0.9911,0.0
mean_half6,Faster R-CNN MobileNetV3-FPN,002_20200624_043136(9).png,2,official,0.9954,0.0136
mean_half6,Faster R-CNN MobileNetV3-FPN,002_20200624_043141(4).png,2,official,0.9943,0.0198
mean_half6,Faster R-CNN MobileNetV3-FPN,002_20200624_043145(8).png,2,official,0.9926,0.0171
mean_half6,Faster R-CNN MobileNetV3-FPN,002_20200624_043150(3).png,2,official,0.9951,0.0094
mean_half6,Faster R-CNN MobileNetV3-FPN,002_20200624_043154(8).png,2,official,0.9958,0.0389
mean_half6,Faster R-CNN MobileNetV3-FPN,002_20200624_043159(4).png,2,official,0.9938,0.0287
mean_half6,Faster R-CNN MobileNetV3-FPN,002_20200624_083045(5).png,1,official,0.9939,0.0
mean_half6,Faster R-CNN MobileNetV3-FPN,002_20200624_083049(6).png,1,official,0.9928,0.0
mean_half6,Faster R-CNN MobileNetV3-FPN,002_20200624_083053(3).png,1,official,0.9964,0.0108
mean_half6,Faster R-CNN MobileNetV3-FPN,002_20200624_083057(4).png,1,official,0.9906,0.7667
mean_half6,Faster R-CNN MobileNetV3-FPN,002_20200624_083101(4).png,1,official,0.9927,0.0
mean_half6,Faster R-CNN MobileNetV3-FPN,002_20200624_083105(5).png,1,official,0.9945,0.9819
mean_half6,Faster R-CNN MobileNetV3-FPN,002_20200624_123122(6).png,1,official,0.997,0.0641
mean_half6,Faster R-CNN MobileNetV3-FPN,002_20200624_123126(4).png,1,official,0.9961,0.0
mean_half6,Faster R-CNN MobileNetV3-FPN,002_20200624_123129(9).png,1,official,0.9971,0.0027
mean_half6,Faster R-CNN MobileNetV3-FPN,002_20200624_123133(0).png,1,official,0.9909,0.0
mean_half6,Faster R-CNN MobileNetV3-FPN,002_20200624_123136(5).png,1,official,0.9712,0.0
mean_half6,Faster R-CNN MobileNetV3-FPN,002_20200624_123143(7).png,1,official,0.9894,0.0
mean_half6,Faster R-CNN MobileNetV3-FPN,002_20200630_163105(7).png,2,team,0.9943,0.0011
mean_half6,Faster R-CNN MobileNetV3-FPN,002_20200630_163108(9).png,2,team,0.9952,0.1494
mean_half6,Faster R-CNN MobileNetV3-FPN,002_20200630_163112(5).png,2,team,0.9883,0.0
mean_half6,Faster R-CNN MobileNetV3-FPN,002_20200630_163116(0).png,2,team,0.9968,0.006
mean_half6,Faster R-CNN MobileNetV3-FPN,002_20200630_163119(5).png,2,team,0.9974,0.0308
mean_half6,Faster R-CNN MobileNetV3-FPN,002_20200630_163122(8).png,2,team,0.9927,0.007
mean_half6,Faster R-CNN MobileNetV3-FPN,002_20200701_083102(9).png,2,team,0.9962,0.0
mean_half6,Faster R-CNN MobileNetV3-FPN,002_20200701_083105(7).png,2,team,0.9982,0.0014
mean_half6,Faster R-CNN MobileNetV3-FPN,002_20200701_083108(8).png,2,team,0.9942,0.1341
mean_half6,Faster R-CNN MobileNetV3-FPN,002_20200701_083111(8).png,2,team,0.9954,0.0017
mean_half6,Faster R-CNN MobileNetV3-FPN,002_20200701_083114(8).png,2,team,0.9963,0.048
mean_half6,Faster R-CNN MobileNetV3-FPN,002_20200701_083117(8).png,2,team,0.9952,0.0738
mean_half6,Faster R-CNN MobileNetV3-FPN,002_20200701_163100(6).png,2,team,0.9931,0.0059
mean_half6,Faster R-CNN MobileNetV3-FPN,002_20200701_163104(5).png,2,team,0.9913,0.0
mean_half6,Faster R-CNN MobileNetV3-FPN,002_20200701_163108(4).png,2,team,0.9961,0.3015
mean_half6,Faster R-CNN MobileNetV3-FPN,002_20200701_163112(3).png,2,team,0.9876,0.12
mean_half6,Faster R-CNN MobileNetV3-FPN,002_20200701_163116(3).png,2,team,0.9866,0.0
mean_half6,Faster R-CNN MobileNetV3-FPN,002_20200701_163120(4).png,2,team,0.9929,0.0
mean_half6,Faster R-CNN MobileNetV3-FPN,002_20200701_203037(6).png,1,team,0.995,0.0
mean_half6,Faster R-CNN MobileNetV3-FPN,002_20200701_203040(8).png,1,team,0.9942,0.0111
mean_half6,Faster R-CNN MobileNetV3-FPN,002_20200701_203043(9).png,1,team,0.9977,0.0251
mean_half6,Faster R-CNN MobileNetV3-FPN,002_20200701_203046(9).png,1,team,0.9929,0.0
mean_half6,Faster R-CNN MobileNetV3-FPN,002_20200701_203050(0).png,1,team,0.9919,0.0
mean_half6,Faster R-CNN MobileNetV3-FPN,002_20200701_203053(0).png,1,team,0.995,0.0038
mean_half6,Faster R-CNN MobileNetV3-FPN,002_20200713_091056(8).png,2,team,0.9956,0.5175
mean_half6,Faster R-CNN MobileNetV3-FPN,002_20200713_091100(5).png,2,team,0.9956,0.0
mean_half6,Faster R-CNN MobileNetV3-FPN,002_20200713_091103(8).png,2,team,0.9938,0.0013
mean_half6,Faster R-CNN MobileNetV3-FPN,002_20200713_091106(9).png,2,team,0.9963,0.0885
mean_half6,Faster R-CNN MobileNetV3-FPN,002_20200713_091109(9).png,2,team,0.9905,0.0038
mean_half6,Faster R-CNN MobileNetV3-FPN,002_20200713_091112(5).png,2,team,0.996,0.0031
mean_half6,Faster R-CNN MobileNetV3-FPN,002_20200713_123358(8).png,2,team,0.9897,0.0011
mean_half6,Faster R-CNN MobileNetV3-FPN,002_20200713_123403(4).png,2,team,0.9943,0.0
mean_half6,Faster R-CNN MobileNetV3-FPN,002_20200713_123408(0).png,2,team,0.9919,0.0031
mean_half6,Faster R-CNN MobileNetV3-FPN,002_20200713_123412(4).png,2,team,0.9932,0.0068
mean_half6,Faster R-CNN MobileNetV3-FPN,002_20200713_123416(9).png,2,team,0.994,0.1683
mean_half6,Faster R-CNN MobileNetV3-FPN,002_20200713_123421(4).png,2,team,0.9947,0.1342
mean_half6,Faster R-CNN MobileNetV3-FPN,002_20200713_202718(1).png,2,team,0.993,0.0
mean_half6,Faster R-CNN MobileNetV3-FPN,002_20200713_202722(5).png,2,team,0.995,0.01
mean_half6,Faster R-CNN MobileNetV3-FPN,002_20200713_202726(9).png,2,team,0.9969,0.0272
mean_half6,Faster R-CNN MobileNetV3-FPN,002_20200713_202731(4).png,2,team,0.9951,0.0
mean_half6,Faster R-CNN MobileNetV3-FPN,002_20200713_202735(9).png,2,team,0.9923,0.0
mean_half6,Faster R-CNN MobileNetV3-FPN,002_20200713_202743(4).png,2,team,0.9961,0.1246
mean_half6,Faster R-CNN MobileNetV3-FPN,002_20200714_123109(8).png,1,official,0.9947,0.0
mean_half6,Faster R-CNN MobileNetV3-FPN,002_20200714_123113(1).png,1,official,0.9937,0.0269
mean_half6,Faster R-CNN MobileNetV3-FPN,002_20200714_123117(3).png,1,official,0.9968,0.0
mean_half6,Faster R-CNN MobileNetV3-FPN,002_20200714_123120(4).png,1,official,0.9962,0.0
mean_half6,Faster R-CNN MobileNetV3-FPN,002_20200714_123123(5).png,1,official,0.9974,0.1104
mean_half6,Faster R-CNN MobileNetV3-FPN,002_20200714_123126(4).png,1,official,0.9962,0.0
mean_half6,Faster R-CNN MobileNetV3-FPN,002_20200721_163536(6).png,2,team,0.9954,0.0
mean_half6,Faster R-CNN MobileNetV3-FPN,002_20200721_163539(9).png,2,team,0.9938,0.0
mean_half6,Faster R-CNN MobileNetV3-FPN,002_20200721_163543(2).png,2,team,0.9965,0.0
mean_half6,Faster R-CNN MobileNetV3-FPN,002_20200721_163548(0).png,2,team,0.9972,0.072
mean_half6,Faster R-CNN MobileNetV3-FPN,002_20200721_163551(3).png,2,team,0.9959,0.0
mean_half6,Faster R-CNN MobileNetV3-FPN,002_20200721_163554(6).png,2,team,0.9978,0.0
mean_half6,Faster R-CNN MobileNetV3-FPN,002_20200722_043432(7).png,1,team,0.9982,0.0
mean_half6,Faster R-CNN MobileNetV3-FPN,002_20200722_043437(0).png,1,team,0.9986,0.0
mean_half6,Faster R-CNN MobileNetV3-FPN,002_20200722_131101(2).png,2,team,0.9945,0.0
mean_half6,Faster R-CNN MobileNetV3-FPN,002_20200722_131105(7).png,2,team,0.9956,0.0
mean_half6,Faster R-CNN MobileNetV3-FPN,002_20200723_043256(5).png,1,team,0.9939,0.0
mean_half6,Faster R-CNN MobileNetV3-FPN,002_20200723_043258(3).png,1,team,0.9982,0.0
mean_half6,Faster R-CNN MobileNetV3-FPN,002_20200723_123129(3).png,1,team,0.9929,0.0
mean_half6,Faster R-CNN MobileNetV3-FPN,002_20200723_123133(9).png,1,team,0.9982,0.0
mean_half6,Faster R-CNN MobileNetV3-FPN,002_20200723_203129(9).png,1,team,0.9941,0.0
mean_half6,Faster R-CNN MobileNetV3-FPN,002_20200723_203134(3).png,1,team,0.9969,0.0
mean_half6,Faster R-CNN MobileNetV3-FPN,002_20200724_003201(9).png,1,team,0.9976,0.0
mean_half6,Faster R-CNN MobileNetV3-FPN,002_20200724_003206(4).png,1,team,0.9971,0.0
mean_half6,Faster R-CNN MobileNetV3-FPN,002_20200727_204612(5).png,1,team,0.9989,0.0
mean_half6,Faster R-CNN MobileNetV3-FPN,002_20200727_204634(7).png,1,team,0.9966,0.0
mean_half6,Faster R-CNN MobileNetV3-FPN,002_20200728_043429(7).png,2,team,0.998,0.0
mean_half6,Faster R-CNN MobileNetV3-FPN,002_20200728_043435(6).png,2,team,0.9976,0.0
mean_half6,Faster R-CNN MobileNetV3-FPN,002_20200728_123102(5).png,2,team,0.9954,0.0
mean_half6,Faster R-CNN MobileNetV3-FPN,002_20200728_123106(5).png,2,team,0.9982,0.0
mean_half6,Faster R-CNN MobileNetV3-FPN,002_20200814_083411(8).png,2,team,0.9977,0.0
mean_half6,Faster R-CNN MobileNetV3-FPN,002_20200814_083414(7).png,2,team,0.9982,0.0
mean_half6,Faster R-CNN MobileNetV3-FPN,002_20200819_124217(5).png,2,team,0.9966,0.0
mean_half6,Faster R-CNN MobileNetV3-FPN,002_20200819_124225(2).png,2,team,0.9977,0.0
mean_half6,Faster R-CNN MobileNetV3-FPN,002_20200831_163123(9).png,1,team,0.9993,0.0
mean_half6,Faster R-CNN MobileNetV3-FPN,002_20200831_163130(0).png,1,team,0.9985,0.0017
mean_half6,Faster R-CNN MobileNetV3-FPN,002_20200901_043133(6).png,2,official,0.9994,0.0
mean_half6,Faster R-CNN MobileNetV3-FPN,002_20200901_043136(6).png,2,official,0.9972,0.0
mean_half6,Faster R-CNN MobileNetV3-FPN,002_20200901_043139(6).png,2,official,0.9986,0.0
mean_half6,Faster R-CNN MobileNetV3-FPN,002_20200901_043142(6).png,2,official,0.9988,0.0
mean_half6,Faster R-CNN MobileNetV3-FPN,002_20200901_043145(5).png,2,official,0.9993,0.0
mean_half6,Faster R-CNN MobileNetV3-FPN,002_20200901_043148(6).png,2,official,0.9992,0.0
mean_half6,Faster R-CNN MobileNetV3-FPN,002_20200901_191340(2).png,2,official,0.999,0.0
mean_half6,Faster R-CNN MobileNetV3-FPN,002_20200901_191343(2).png,2,official,0.9982,0.0
mean_half6,Faster R-CNN MobileNetV3-FPN,002_20200901_191346(1).png,2,official,0.996,0.0
mean_half6,Faster R-CNN MobileNetV3-FPN,002_20200901_191348(8).png,2,official,0.9987,0.0
mean_half6,Faster R-CNN MobileNetV3-FPN,002_20200901_191351(5).png,2,official,0.998,0.0
mean_half6,Faster R-CNN MobileNetV3-FPN,002_20200901_191354(2).png,2,team,0.9983,0.0
mean_half6,Faster R-CNN MobileNetV3-FPN,002_20200902_003149(5).png,2,team,0.9981,0.0
mean_half6,Faster R-CNN MobileNetV3-FPN,002_20200902_003152(5).png,2,team,0.9975,0.0
mean_half6,Faster R-CNN MobileNetV3-FPN,002_20200902_003155(5).png,2,team,0.9987,0.0
mean_half6,Faster R-CNN MobileNetV3-FPN,002_20200902_003158(2).png,2,team,0.9988,0.0
mean_half6,Faster R-CNN MobileNetV3-FPN,002_20200902_003200(9).png,2,team,0.999,0.0
mean_half6,Faster R-CNN MobileNetV3-FPN,002_20200902_003203(7).png,2,team,0.9989,0.0
mean_half6,Faster R-CNN MobileNetV3-FPN,002_20200902_043107(7).png,1,team,0.998,0.0
mean_half6,Faster R-CNN MobileNetV3-FPN,002_20200902_043112(1).png,1,team,0.9994,0.0
mean_half6,Faster R-CNN MobileNetV3-FPN,002_20200902_043116(4).png,1,team,0.9995,0.0
mean_half6,Faster R-CNN MobileNetV3-FPN,002_20200902_043120(6).png,1,team,0.9989,0.0
mean_half6,Faster R-CNN MobileNetV3-FPN,002_20200902_043124(9).png,1,team,0.9992,0.0
mean_half6,Faster R-CNN MobileNetV3-FPN,002_20200902_043129(2).png,1,team,0.9982,0.0
mean_half6,Faster R-CNN MobileNetV3-FPN,002_20200902_082641(4).png,2,team,0.9976,0.0
mean_half6,Faster R-CNN MobileNetV3-FPN,002_20200902_082645(7).png,2,team,0.9979,0.0022
mean_half6,Faster R-CNN MobileNetV3-FPN,002_20200902_082650(0).png,2,team,0.9979,0.0816
mean_half6,Faster R-CNN MobileNetV3-FPN,002_20200902_082654(4).png,2,team,0.9978,0.0
mean_half6,Faster R-CNN MobileNetV3-FPN,002_20200902_082658(4).png,2,team,0.9987,0.0
mean_half6,Faster R-CNN MobileNetV3-FPN,002_20200902_082702(8).png,2,team,0.9993,0.0
mean_half6,Faster R-CNN MobileNetV3-FPN,002_20200905_123055(0).png,2,official,0.9979,0.0029
mean_half6,Faster R-CNN MobileNetV3-FPN,002_20200905_123058(4).png,2,official,0.9985,0.0
mean_half6,Faster R-CNN MobileNetV3-FPN,002_20200905_123102(0).png,2,official,0.9982,0.0017
mean_half6,Faster R-CNN MobileNetV3-FPN,002_20200905_123105(0).png,2,official,0.9989,0.0
mean_half6,Faster R-CNN MobileNetV3-FPN,002_20200905_123108(4).png,2,official,0.9981,0.0
mean_half6,Faster R-CNN MobileNetV3-FPN,002_20200905_123112(0).png,2,official,0.9991,0.0
mean_half6,Faster R-CNN MobileNetV3-FPN,002_20200906_003059(0).png,1,official,0.9995,0.0174
mean_half6,Faster R-CNN MobileNetV3-FPN,002_20200906_003114(8).png,1,official,0.999,0.0023
mean_half6,Faster R-CNN MobileNetV3-FPN,002_20200906_003118(7).png,1,official,0.9986,0.0
mean_half6,Faster R-CNN MobileNetV3-FPN,002_20200906_003122(7).png,1,official,0.9988,0.0
mean_half6,Faster R-CNN MobileNetV3-FPN,002_20200906_003126(8).png,1,official,0.9992,0.0
mean_half6,Faster R-CNN MobileNetV3-FPN,002_20200906_003132(7).png,1,official,0.9961,0.0
mean_half6,Faster R-CNN MobileNetV3-FPN,002_20200908_043119(7).png,2,team,0.998,0.0
mean_half6,Faster R-CNN MobileNetV3-FPN,002_20200908_043124(3).png,2,team,0.9988,0.0
mean_half6,Faster R-CNN MobileNetV3-FPN,002_20200908_043128(8).png,2,team,0.9989,0.0
mean_half6,Faster R-CNN MobileNetV3-FPN,002_20200908_043133(4).png,2,team,0.9975,0.0
mean_half6,Faster R-CNN MobileNetV3-FPN,002_20200908_043137(8).png,2,team,0.9982,0.2604
mean_half6,Faster R-CNN MobileNetV3-FPN,002_20200908_043142(4).png,2,team,0.9972,0.0
mean_half6,Faster R-CNN MobileNetV3-FPN,002_20200912_021405(0).png,1,team,0.9989,0.0
mean_half6,Faster R-CNN MobileNetV3-FPN,002_20200912_021411(6).png,1,team,0.9981,0.0
mean_half6,Faster R-CNN MobileNetV3-FPN,002_20200912_021417(8).png,1,team,0.9972,0.0
mean_half6,Faster R-CNN MobileNetV3-FPN,002_20200912_021420(7).png,1,team,0.9995,0.0
mean_half6,Faster R-CNN MobileNetV3-FPN,002_20200912_021423(8).png,1,team,0.9986,0.0
mean_half6,Faster R-CNN MobileNetV3-FPN,002_20200912_021430(0).png,1,team,0.9993,0.0
mean_half6,Faster R-CNN MobileNetV3-FPN,002_20200912_123204(6).png,1,team,0.9993,0.0
mean_half6,Faster R-CNN MobileNetV3-FPN,002_20200912_123207(7).png,1,team,0.9992,0.0
mean_half6,Faster R-CNN MobileNetV3-FPN,002_20200912_123210(6).png,1,team,0.9993,0.0
mean_half6,Faster R-CNN MobileNetV3-FPN,002_20200912_123216(4).png,1,team,0.9988,0.0
mean_half6,Faster R-CNN MobileNetV3-FPN,002_20200912_123219(3).png,1,team,0.9994,0.0
mean_half6,Faster R-CNN MobileNetV3-FPN,002_20200912_123222(2).png,1,team,0.9982,0.0
mean_half6,Faster R-CNN MobileNetV3-FPN,002_20200914_203029(2).png,2,team,0.9985,0.0
mean_half6,Faster R-CNN MobileNetV3-FPN,002_20200914_203032(1).png,2,team,0.9986,0.0
mean_half6,Faster R-CNN MobileNetV3-FPN,002_20200914_203035(2).png,2,team,0.9952,0.0
mean_half6,Faster R-CNN MobileNetV3-FPN,002_20200914_203038(1).png,2,team,0.9946,0.0
mean_half6,Faster R-CNN MobileNetV3-FPN,002_20200914_203041(1).png,2,team,0.9988,0.0
mean_half6,Faster R-CNN MobileNetV3-FPN,002_20200914_203045(7).png,2,team,0.999,0.0
mean_half6,Faster R-CNN MobileNetV3-FPN,002_20200915_003458(4).png,1,team,0.9994,0.0
mean_half6,Faster R-CNN MobileNetV3-FPN,002_20200915_003505(7).png,1,team,0.999,0.0
mean_half6,Faster R-CNN MobileNetV3-FPN,002_20200915_003510(7).png,1,team,0.999,0.0
mean_half6,Faster R-CNN MobileNetV3-FPN,002_20200915_003515(6).png,1,team,0.9979,0.0
mean_half6,Faster R-CNN MobileNetV3-FPN,002_20200915_003523(1).png,1,team,0.999,0.0
mean_half6,Faster R-CNN MobileNetV3-FPN,002_20200915_003532(1).png,1,team,0.9987,0.0
mean_half6,Faster R-CNN MobileNetV3-FPN,002_20200915_163129(0).png,1,team,0.9987,0.0126
mean_half6,Faster R-CNN MobileNetV3-FPN,002_20200915_163133(5).png,1,team,0.9987,0.0
mean_half6,Faster R-CNN MobileNetV3-FPN,002_20200915_163144(0).png,1,team,0.9988,0.002
mean_half6,Faster R-CNN MobileNetV3-FPN,002_20200915_163154(5).png,1,team,0.9996,0.0
mean_half6,Faster R-CNN MobileNetV3-FPN,002_20200915_163158(9).png,1,team,0.9992,0.0
mean_half6,Faster R-CNN MobileNetV3-FPN,002_20200915_163203(4).png,1,team,0.9979,0.0
mean_half6,Faster R-CNN MobileNetV3-FPN,002_20200915_203209(5).png,1,team,0.9985,0.0
mean_half6,Faster R-CNN MobileNetV3-FPN,002_20200915_203212(5).png,1,team,0.9991,0.0076
mean_half6,Faster R-CNN MobileNetV3-FPN,002_20200915_203215(5).png,1,team,0.999,0.0
mean_half6,Faster R-CNN MobileNetV3-FPN,002_20200915_203218(5).png,1,team,0.9985,0.0
mean_half6,Faster R-CNN MobileNetV3-FPN,002_20200915_203224(4).png,1,team,0.9994,0.0
mean_half6,Faster R-CNN MobileNetV3-FPN,002_20200915_203229(1).png,1,team,0.998,0.0
mean_half6,Faster R-CNN MobileNetV3-FPN,002_20200917_003224(9).png,2,team,0.9983,0.0
mean_half6,Faster R-CNN MobileNetV3-FPN,002_20200917_003228(7).png,2,team,0.9985,0.0
mean_half6,Faster R-CNN MobileNetV3-FPN,002_20200917_003234(6).png,2,team,0.9989,0.0
mean_half6,Faster R-CNN MobileNetV3-FPN,002_20200917_003238(7).png,2,team,0.9987,0.0
mean_half6,Faster R-CNN MobileNetV3-FPN,002_20200917_003242(7).png,2,team,0.9994,0.0188
mean_half6,Faster R-CNN MobileNetV3-FPN,002_20200917_003246(7).png,2,team,0.9991,0.0
mean_half6,Faster R-CNN MobileNetV3-FPN,002_20200917_083653(7).png,1,team,0.9994,0.0
mean_half6,Faster R-CNN MobileNetV3-FPN,002_20200917_083659(5).png,1,team,0.9983,0.0
mean_half6,Faster R-CNN MobileNetV3-FPN,002_20200917_083703(5).png,1,team,0.999,0.0
mean_half6,Faster R-CNN MobileNetV3-FPN,002_20200917_083707(4).png,1,team,0.9995,0.0
mean_half6,Faster R-CNN MobileNetV3-FPN,002_20200917_083711(6).png,1,team,0.9995,0.0357
mean_half6,Faster R-CNN MobileNetV3-FPN,002_20200917_083721(4).png,1,team,0.9983,0.0
mean_half6,Faster R-CNN MobileNetV3-FPN,002_20200918_043323(0).png,2,team,0.9985,0.0
mean_half6,Faster R-CNN MobileNetV3-FPN,002_20200918_043326(6).png,2,team,0.999,0.0
mean_half6,Faster R-CNN MobileNetV3-FPN,002_20200918_043330(5).png,2,team,0.9985,0.0
mean_half6,Faster R-CNN MobileNetV3-FPN,002_20200918_043334(3).png,2,team,0.9977,0.0
mean_half6,Faster R-CNN MobileNetV3-FPN,002_20200918_043338(2)__m2.png,2,team,0.9981,0.0
mean_half6,Faster R-CNN MobileNetV3-FPN,002_20200918_043342(2).png,2,team,0.9966,0.0
mean_half6,Faster R-CNN MobileNetV3-FPN,002_20200918_123306(7).png,1,team,0.9987,0.0
mean_half6,Faster R-CNN MobileNetV3-FPN,002_20200918_123310(6).png,1,team,0.9991,0.0
mean_half6,Faster R-CNN MobileNetV3-FPN,002_20200918_123314(6).png,1,team,0.9978,0.0
mean_half6,Faster R-CNN MobileNetV3-FPN,002_20200918_123318(7).png,1,team,0.9993,0.0
mean_half6,Faster R-CNN MobileNetV3-FPN,002_20200918_123322(5).png,1,team,0.9992,0.0
mean_half6,Faster R-CNN MobileNetV3-FPN,002_20200918_123331(0).png,1,team,0.9972,0.0
mean_half6,Faster R-CNN MobileNetV3-FPN,002_20200921_163038(3).png,2,team,0.9987,0.0
mean_half6,Faster R-CNN MobileNetV3-FPN,002_20200921_163042(3).png,2,team,0.998,0.0
mean_half6,Faster R-CNN MobileNetV3-FPN,002_20200921_163045(4).png,2,team,0.9989,0.0
mean_half6,Faster R-CNN MobileNetV3-FPN,002_20200921_163049(6).png,2,team,0.9992,0.0
mean_half6,Faster R-CNN MobileNetV3-FPN,002_20200921_163052(5).png,2,team,0.9986,0.0
mean_half6,Faster R-CNN MobileNetV3-FPN,002_20200921_163055(5).png,2,team,0.9987,0.0
mean_half6,Faster R-CNN MobileNetV3-FPN,002_20200921_202239(4).png,2,team,0.9987,0.0
mean_half6,Faster R-CNN MobileNetV3-FPN,002_20200921_202244(0).png,2,team,0.9993,0.0
mean_half6,Faster R-CNN MobileNetV3-FPN,002_20200921_202248(6).png,2,team,0.9939,0.0
mean_half6,Faster R-CNN MobileNetV3-FPN,002_20200921_202253(0).png,2,team,0.9971,0.0
mean_half6,Faster R-CNN MobileNetV3-FPN,002_20200921_202257(4).png,2,team,0.9985,0.0
mean_half6,Faster R-CNN MobileNetV3-FPN,002_20200921_202303(6).png,2,team,0.9982,0.0
mean_half6,Faster R-CNN MobileNetV3-FPN,002_20200922_043105(7).png,1,team,0.9959,0.0
mean_half6,Faster R-CNN MobileNetV3-FPN,002_20200922_043110(2).png,1,team,0.9995,0.0
mean_half6,Faster R-CNN MobileNetV3-FPN,002_20200922_043114(8).png,1,team,0.9989,0.0
mean_half6,Faster R-CNN MobileNetV3-FPN,002_20200922_043119(3).png,1,team,0.9986,0.0
mean_half6,Faster R-CNN MobileNetV3-FPN,002_20200922_043123(8).png,1,team,0.9994,0.0
mean_half6,Faster R-CNN MobileNetV3-FPN,002_20200922_043128(2).png,1,team,0.9991,0.0
ns_half6,Faster R-CNN R50-FPN,001_20200623_203217(4).png,3,official,0.9981,0.0
ns_half6,Faster R-CNN R50-FPN,001_20200623_203222(0).png,3,official,0.9977,0.0
ns_half6,Faster R-CNN R50-FPN,001_20200623_203226(3).png,3,official,0.9979,0.0
ns_half6,Faster R-CNN R50-FPN,001_20200623_203230(9).png,3,official,0.9981,0.0
ns_half6,Faster R-CNN R50-FPN,001_20200623_203235(3).png,3,official,0.998,0.0188
ns_half6,Faster R-CNN R50-FPN,001_20200623_203247(5).png,3,official,0.9977,0.0
ns_half6,Faster R-CNN R50-FPN,001_20200625_043323(7).png,3,official,0.9975,0.0
ns_half6,Faster R-CNN R50-FPN,001_20200625_043328(3).png,3,official,0.9978,0.0
ns_half6,Faster R-CNN R50-FPN,001_20200625_043337(3).png,3,official,0.9978,0.0012
ns_half6,Faster R-CNN R50-FPN,001_20200625_043341(7).png,3,official,0.9981,0.0
ns_half6,Faster R-CNN R50-FPN,001_20200625_043346(2).png,3,official,0.9981,0.0
ns_half6,Faster R-CNN R50-FPN,001_20200625_043359(8).png,3,official,0.998,0.0
ns_half6,Faster R-CNN R50-FPN,001_20200630_043538(1).png,3,team,0.9981,0.0
ns_half6,Faster R-CNN R50-FPN,001_20200630_043544(2).png,3,team,0.9975,0.6704
ns_half6,Faster R-CNN R50-FPN,001_20200630_043548(7).png,3,team,0.9981,0.0
ns_half6,Faster R-CNN R50-FPN,001_20200630_043600(9).png,3,team,0.9979,0.0
ns_half6,Faster R-CNN R50-FPN,001_20200630_043605(5).png,3,team,0.9976,0.0
ns_half6,Faster R-CNN R50-FPN,001_20200630_083235(6).png,3,team,0.9977,0.0
ns_half6,Faster R-CNN R50-FPN,001_20200630_083322(2).png,3,team,0.998,0.0
ns_half6,Faster R-CNN R50-FPN,001_20200630_083331(2).png,3,team,0.9976,0.0
ns_half6,Faster R-CNN R50-FPN,001_20200630_083350(7).png,3,team,0.9981,0.0
ns_half6,Faster R-CNN R50-FPN,001_20200630_083355(1).png,3,team,0.9976,0.0
ns_half6,Faster R-CNN R50-FPN,001_20200630_083405(7).png,3,team,0.9982,0.0
ns_half6,Faster R-CNN R50-FPN,001_20200630_163111(8).png,3,team,0.9978,0.0
ns_half6,Faster R-CNN R50-FPN,001_20200630_163116(2).png,3,team,0.9981,0.0
ns_half6,Faster R-CNN R50-FPN,001_20200630_163120(7).png,3,team,0.9977,0.0
ns_half6,Faster R-CNN R50-FPN,001_20200630_163125(2).png,3,team,0.9979,0.0
ns_half6,Faster R-CNN R50-FPN,001_20200630_163129(8).png,3,team,0.9976,0.0
ns_half6,Faster R-CNN R50-FPN,001_20200630_163134(2).png,3,team,0.9979,0.0
ns_half6,Faster R-CNN R50-FPN,001_20200630_163147(8).png,3,team,0.9977,0.0
ns_half6,Faster R-CNN R50-FPN,001_20200701_123507(7).png,3,team,0.9978,0.0
ns_half6,Faster R-CNN R50-FPN,001_20200701_123511(0).png,3,team,0.9979,0.0
ns_half6,Faster R-CNN R50-FPN,001_20200701_123514(1).png,3,team,0.9981,0.0019
ns_half6,Faster R-CNN R50-FPN,001_20200701_123517(3).png,3,team,0.9978,0.0
ns_half6,Faster R-CNN R50-FPN,001_20200701_123520(6).png,3,team,0.998,0.0
ns_half6,Faster R-CNN R50-FPN,001_20200701_123523(9).png,3,team,0.9973,0.0
ns_half6,Faster R-CNN R50-FPN,001_20200708_163845(3).png,3,team,0.9981,0.0
ns_half6,Faster R-CNN R50-FPN,001_20200708_163848(2).png,3,team,0.9979,0.0
ns_half6,Faster R-CNN R50-FPN,001_20200708_163851(0).png,3,team,0.9983,0.0
ns_half6,Faster R-CNN R50-FPN,001_20200708_163853(5).png,3,team,0.9976,0.0
ns_half6,Faster R-CNN R50-FPN,001_20200708_163856(2).png,3,team,0.9975,0.0
ns_half6,Faster R-CNN R50-FPN,001_20200708_163858(9).png,3,team,0.9974,0.0
ns_half6,Faster R-CNN R50-FPN,001_20200708_203804(5).png,3,team,0.998,0.0
ns_half6,Faster R-CNN R50-FPN,001_20200708_203844(8).png,3,team,0.9979,0.0
ns_half6,Faster R-CNN R50-FPN,001_20200708_203917(6).png,3,team,0.9981,0.0
ns_half6,Faster R-CNN R50-FPN,001_20200713_202630(0).png,3,team,0.9976,0.0
ns_half6,Faster R-CNN R50-FPN,001_20200713_202634(5).png,3,team,0.9976,0.0
ns_half6,Faster R-CNN R50-FPN,001_20200713_202639(1).png,3,team,0.9979,0.0087
ns_half6,Faster R-CNN R50-FPN,001_20200713_202643(6).png,3,team,0.9975,0.0
ns_half6,Faster R-CNN R50-FPN,001_20200713_202648(2).png,3,team,0.9981,0.0
ns_half6,Faster R-CNN R50-FPN,001_20200713_202652(6).png,3,team,0.9982,0.0
ns_half6,Faster R-CNN R50-FPN,001_20200714_042943(8).png,3,team,0.9979,0.0
ns_half6,Faster R-CNN R50-FPN,001_20200714_042948(4).png,3,team,0.9983,0.0
ns_half6,Faster R-CNN R50-FPN,001_20200714_042957(3).png,3,team,0.9979,0.0
ns_half6,Faster R-CNN R50-FPN,001_20200714_043001(8).png,3,team,0.9977,0.0
ns_half6,Faster R-CNN R50-FPN,001_20200714_043006(2).png,3,team,0.9974,0.0
ns_half6,Faster R-CNN R50-FPN,001_20200714_043010(8).png,3,team,0.9982,0.0
ns_half6,Faster R-CNN R50-FPN,001_20200715_083509(3).png,3,team,0.9977,0.0
ns_half6,Faster R-CNN R50-FPN,001_20200715_083513(8).png,3,team,0.9979,0.0
ns_half6,Faster R-CNN R50-FPN,001_20200715_083518(2).png,3,team,0.9978,0.0
ns_half6,Faster R-CNN R50-FPN,001_20200715_083522(7).png,3,team,0.9979,0.0
ns_half6,Faster R-CNN R50-FPN,001_20200715_083527(3).png,3,team,0.9979,0.0
ns_half6,Faster R-CNN R50-FPN,001_20200715_083531(8).png,3,team,0.9982,0.0
ns_half6,Faster R-CNN R50-FPN,001_20200722_083525(2).png,3,team,0.9978,0.0
ns_half6,Faster R-CNN R50-FPN,001_20200722_083529(6).png,3,team,0.998,0.0
ns_half6,Faster R-CNN R50-FPN,001_20200728_163910(5).png,3,official,0.9973,0.0233
ns_half6,Faster R-CNN R50-FPN,001_20200728_163913(6).png,3,official,0.997,0.0235
ns_half6,Faster R-CNN R50-FPN,001_20200814_033012(7).png,3,official,0.9976,0.0
ns_half6,Faster R-CNN R50-FPN,001_20200814_033016(6).png,3,official,0.998,0.0
ns_half6,Faster R-CNN R50-FPN,001_20200814_043321(6).png,3,official,0.9977,0.0
ns_half6,Faster R-CNN R50-FPN,001_20200814_043345(8).png,3,team,0.998,0.0
ns_half6,Faster R-CNN R50-FPN,001_20200818_123634(4).png,3,official,0.9973,0.0
ns_half6,Faster R-CNN R50-FPN,001_20200818_123638(1).png,3,team,0.9972,0.0
ns_half6,Faster R-CNN R50-FPN,001_20200831_083711(6).png,3,official,0.9977,0.0243
ns_half6,Faster R-CNN R50-FPN,001_20200831_083714(8).png,3,official,0.9979,0.0
ns_half6,Faster R-CNN R50-FPN,001_20200905_003911(9).png,3,team,0.9974,0.0
ns_half6,Faster R-CNN R50-FPN,001_20200905_003914(9).png,3,team,0.9981,0.0
ns_half6,Faster R-CNN R50-FPN,001_20200905_003918(2).png,3,team,0.9983,0.0
ns_half6,Faster R-CNN R50-FPN,001_20200905_003921(2).png,3,team,0.9976,0.0
ns_half6,Faster R-CNN R50-FPN,001_20200905_003924(3).png,3,team,0.9982,0.0031
ns_half6,Faster R-CNN R50-FPN,001_20200905_003927(3).png,3,team,0.9977,0.0
ns_half6,Faster R-CNN R50-FPN,001_20200905_083552(0).png,3,team,0.9971,0.0
ns_half6,Faster R-CNN R50-FPN,001_20200905_083555(2).png,3,team,0.9975,0.0
ns_half6,Faster R-CNN R50-FPN,001_20200905_083558(2).png,3,team,0.9963,0.0
ns_half6,Faster R-CNN R50-FPN,001_20200905_083603(0).png,3,team,0.9982,0.0
ns_half6,Faster R-CNN R50-FPN,001_20200905_083606(6).png,3,team,0.9976,0.0
ns_half6,Faster R-CNN R50-FPN,001_20200905_083609(7).png,3,team,0.9975,0.0243
ns_half6,Faster R-CNN R50-FPN,001_20200914_083101(5).png,3,team,0.9978,0.0
ns_half6,Faster R-CNN R50-FPN,001_20200914_083105(1).png,3,team,0.9967,0.0
ns_half6,Faster R-CNN R50-FPN,001_20200914_083108(8).png,3,team,0.9971,0.0
ns_half6,Faster R-CNN R50-FPN,001_20200914_083111(5).png,3,team,0.9979,0.0
ns_half6,Faster R-CNN R50-FPN,001_20200914_083114(5).png,3,team,0.9978,0.0
ns_half6,Faster R-CNN R50-FPN,001_20200914_083117(5).png,3,team,0.9982,0.0
ns_half6,Faster R-CNN R50-FPN,001_20200915_003734(8).png,3,team,0.9973,0.0
ns_half6,Faster R-CNN R50-FPN,001_20200915_003737(5).png,3,team,0.9977,0.0
ns_half6,Faster R-CNN R50-FPN,001_20200915_003740(4).png,3,team,0.9971,0.0
ns_half6,Faster R-CNN R50-FPN,001_20200915_003743(5).png,3,team,0.9982,0.0
ns_half6,Faster R-CNN R50-FPN,001_20200915_003746(5).png,3,team,0.9979,0.0
ns_half6,Faster R-CNN R50-FPN,001_20200915_003749(6).png,3,team,0.998,0.0
ns_half6,Faster R-CNN R50-FPN,001_20200918_004019(6).png,3,team,0.9981,0.0
ns_half6,Faster R-CNN R50-FPN,001_20200918_004022(5).png,3,team,0.9979,0.0
ns_half6,Faster R-CNN R50-FPN,001_20200918_004025(8).png,3,team,0.9977,0.0
ns_half6,Faster R-CNN R50-FPN,001_20200918_004029(0).png,3,team,0.9981,0.0
ns_half6,Faster R-CNN R50-FPN,001_20200918_004032(2).png,3,team,0.998,0.0
ns_half6,Faster R-CNN R50-FPN,001_20200918_004036(3).png,3,team,0.998,0.0
ns_half6,Faster R-CNN R50-FPN,001_20200918_043556(8).png,3,team,0.998,0.0
ns_half6,Faster R-CNN R50-FPN,001_20200918_043559(9).png,3,team,0.9973,0.0058
ns_half6,Faster R-CNN R50-FPN,001_20200918_043602(9).png,3,team,0.9981,0.0
ns_half6,Faster R-CNN R50-FPN,001_20200918_043606(0).png,3,team,0.9975,0.0
ns_half6,Faster R-CNN R50-FPN,001_20200918_043609(2).png,3,team,0.9973,0.0
ns_half6,Faster R-CNN R50-FPN,001_20200918_043612(4).png,3,team,0.9979,0.0
ns_half6,Faster R-CNN R50-FPN,001_20200918_083036(8).png,3,team,0.9984,0.0
ns_half6,Faster R-CNN R50-FPN,001_20200918_083039(9).png,3,team,0.9979,0.0
ns_half6,Faster R-CNN R50-FPN,001_20200918_083042(8).png,3,team,0.9979,0.0
ns_half6,Faster R-CNN R50-FPN,001_20200918_083045(5).png,3,team,0.9974,0.0
ns_half6,Faster R-CNN R50-FPN,001_20200918_083048(5).png,3,team,0.9978,0.0
ns_half6,Faster R-CNN R50-FPN,001_20200918_083051(4).png,3,team,0.9983,0.0
ns_half6,Faster R-CNN R50-FPN,001_20200921_163325(1).png,3,team,0.9978,0.0
ns_half6,Faster R-CNN R50-FPN,001_20200921_163329(4).png,3,team,0.9979,0.0
ns_half6,Faster R-CNN R50-FPN,001_20200921_163333(8).png,3,team,0.9983,0.0
ns_half6,Faster R-CNN R50-FPN,001_20200921_163338(1).png,3,team,0.9977,0.0
ns_half6,Faster R-CNN R50-FPN,001_20200921_163342(6).png,3,team,0.9985,0.0
ns_half6,Faster R-CNN R50-FPN,001_20200921_163346(9).png,3,team,0.9981,0.0
ns_half6,Faster R-CNN R50-FPN,001_20200922_003308(2).png,3,team,0.997,0.0
ns_half6,Faster R-CNN R50-FPN,001_20200922_003312(7).png,3,team,0.9982,0.0
ns_half6,Faster R-CNN R50-FPN,001_20200922_003317(2).png,3,team,0.9976,0.0
ns_half6,Faster R-CNN R50-FPN,001_20200922_003321(7).png,3,team,0.9984,0.0
ns_half6,Faster R-CNN R50-FPN,001_20200922_003326(6).png,3,team,0.9976,0.0
ns_half6,Faster R-CNN R50-FPN,001_20200922_003330(7).png,3,team,0.9975,0.0
ns_half6,Faster R-CNN R50-FPN,002_20200623_043039(3).png,1,official,0.9974,0.0637
ns_half6,Faster R-CNN R50-FPN,002_20200623_043043(2).png,1,official,0.9976,0.0
ns_half6,Faster R-CNN R50-FPN,002_20200623_043047(2).png,1,official,0.9979,0.0
ns_half6,Faster R-CNN R50-FPN,002_20200623_043051(3).png,1,official,0.9973,0.0
ns_half6,Faster R-CNN R50-FPN,002_20200623_043055(3).png,1,official,0.998,0.0
ns_half6,Faster R-CNN R50-FPN,002_20200623_043059(4).png,1,official,0.9979,0.6082
ns_half6,Faster R-CNN R50-FPN,002_20200623_203040(4).png,1,official,0.998,0.0
ns_half6,Faster R-CNN R50-FPN,002_20200623_203044(0).png,1,official,0.9977,0.0
ns_half6,Faster R-CNN R50-FPN,002_20200623_203047(7).png,1,official,0.9979,0.0
ns_half6,Faster R-CNN R50-FPN,002_20200623_203051(2).png,1,official,0.9975,0.0
ns_half6,Faster R-CNN R50-FPN,002_20200623_203054(7).png,1,official,0.9979,0.5536
ns_half6,Faster R-CNN R50-FPN,002_20200623_203058(3).png,1,official,0.9977,0.0
ns_half6,Faster R-CNN R50-FPN,002_20200624_003115(6).png,2,official,0.9976,0.0
ns_half6,Faster R-CNN R50-FPN,002_20200624_003118(6).png,2,official,0.9981,0.0307
ns_half6,Faster R-CNN R50-FPN,002_20200624_003123(0).png,2,official,0.9979,0.0
ns_half6,Faster R-CNN R50-FPN,002_20200624_003127(5).png,2,official,0.9982,0.0
ns_half6,Faster R-CNN R50-FPN,002_20200624_003132(0).png,2,official,0.9984,0.8907
ns_half6,Faster R-CNN R50-FPN,002_20200624_003136(5).png,2,official,0.9982,0.1705
ns_half6,Faster R-CNN R50-FPN,002_20200624_043136(9).png,2,official,0.9983,0.0018
ns_half6,Faster R-CNN R50-FPN,002_20200624_043141(4).png,2,official,0.9979,0.0907
ns_half6,Faster R-CNN R50-FPN,002_20200624_043145(8).png,2,official,0.9978,0.0179
ns_half6,Faster R-CNN R50-FPN,002_20200624_043150(3).png,2,official,0.9978,0.0
ns_half6,Faster R-CNN R50-FPN,002_20200624_043154(8).png,2,official,0.9981,0.0
ns_half6,Faster R-CNN R50-FPN,002_20200624_043159(4).png,2,official,0.9979,0.0142
ns_half6,Faster R-CNN R50-FPN,002_20200624_083045(5).png,1,official,0.9978,0.0
ns_half6,Faster R-CNN R50-FPN,002_20200624_083049(6).png,1,official,0.9977,0.364
ns_half6,Faster R-CNN R50-FPN,002_20200624_083053(3).png,1,official,0.9979,0.0484
ns_half6,Faster R-CNN R50-FPN,002_20200624_083057(4).png,1,official,0.9978,0.1028
ns_half6,Faster R-CNN R50-FPN,002_20200624_083101(4).png,1,official,0.9975,0.0
ns_half6,Faster R-CNN R50-FPN,002_20200624_083105(5).png,1,official,0.9979,0.9804
ns_half6,Faster R-CNN R50-FPN,002_20200624_123122(6).png,1,official,0.9979,0.1638
ns_half6,Faster R-CNN R50-FPN,002_20200624_123126(4).png,1,official,0.9979,0.0015
ns_half6,Faster R-CNN R50-FPN,002_20200624_123129(9).png,1,official,0.9973,0.002
ns_half6,Faster R-CNN R50-FPN,002_20200624_123133(0).png,1,official,0.9975,0.0
ns_half6,Faster R-CNN R50-FPN,002_20200624_123136(5).png,1,official,0.9977,0.0
ns_half6,Faster R-CNN R50-FPN,002_20200624_123143(7).png,1,official,0.9976,0.0066
ns_half6,Faster R-CNN R50-FPN,002_20200630_163105(7).png,2,team,0.9981,0.0026
ns_half6,Faster R-CNN R50-FPN,002_20200630_163108(9).png,2,team,0.9978,0.4914
ns_half6,Faster R-CNN R50-FPN,002_20200630_163112(5).png,2,team,0.9978,0.011
ns_half6,Faster R-CNN R50-FPN,002_20200630_163116(0).png,2,team,0.9979,0.0871
ns_half6,Faster R-CNN R50-FPN,002_20200630_163119(5).png,2,team,0.9982,0.4286
ns_half6,Faster R-CNN R50-FPN,002_20200630_163122(8).png,2,team,0.9983,0.0025
ns_half6,Faster R-CNN R50-FPN,002_20200701_083102(9).png,2,team,0.9984,0.0919
ns_half6,Faster R-CNN R50-FPN,002_20200701_083105(7).png,2,team,0.9982,0.0034
ns_half6,Faster R-CNN R50-FPN,002_20200701_083108(8).png,2,team,0.9978,0.0
ns_half6,Faster R-CNN R50-FPN,002_20200701_083111(8).png,2,team,0.9976,0.0883
ns_half6,Faster R-CNN R50-FPN,002_20200701_083114(8).png,2,team,0.9981,0.1691
ns_half6,Faster R-CNN R50-FPN,002_20200701_083117(8).png,2,team,0.9977,0.0381
ns_half6,Faster R-CNN R50-FPN,002_20200701_163100(6).png,2,team,0.9982,0.7996
ns_half6,Faster R-CNN R50-FPN,002_20200701_163104(5).png,2,team,0.9981,0.0
ns_half6,Faster R-CNN R50-FPN,002_20200701_163108(4).png,2,team,0.9981,0.0052
ns_half6,Faster R-CNN R50-FPN,002_20200701_163112(3).png,2,team,0.998,0.9602
ns_half6,Faster R-CNN R50-FPN,002_20200701_163116(3).png,2,team,0.9978,0.0021
ns_half6,Faster R-CNN R50-FPN,002_20200701_163120(4).png,2,team,0.998,0.0145
ns_half6,Faster R-CNN R50-FPN,002_20200701_203037(6).png,1,team,0.9982,0.0
ns_half6,Faster R-CNN R50-FPN,002_20200701_203040(8).png,1,team,0.9974,0.0
ns_half6,Faster R-CNN R50-FPN,002_20200701_203043(9).png,1,team,0.9978,0.0
ns_half6,Faster R-CNN R50-FPN,002_20200701_203046(9).png,1,team,0.9975,0.0
ns_half6,Faster R-CNN R50-FPN,002_20200701_203050(0).png,1,team,0.9973,0.0
ns_half6,Faster R-CNN R50-FPN,002_20200701_203053(0).png,1,team,0.9973,0.0
ns_half6,Faster R-CNN R50-FPN,002_20200713_091056(8).png,2,team,0.998,0.0
ns_half6,Faster R-CNN R50-FPN,002_20200713_091100(5).png,2,team,0.9981,0.0122
ns_half6,Faster R-CNN R50-FPN,002_20200713_091103(8).png,2,team,0.9977,0.0014
ns_half6,Faster R-CNN R50-FPN,002_20200713_091106(9).png,2,team,0.9979,0.252
ns_half6,Faster R-CNN R50-FPN,002_20200713_091109(9).png,2,team,0.9979,0.021
ns_half6,Faster R-CNN R50-FPN,002_20200713_091112(5).png,2,team,0.9984,0.108
ns_half6,Faster R-CNN R50-FPN,002_20200713_123358(8).png,2,team,0.9985,0.0259
ns_half6,Faster R-CNN R50-FPN,002_20200713_123403(4).png,2,team,0.9977,0.0023
ns_half6,Faster R-CNN R50-FPN,002_20200713_123408(0).png,2,team,0.9975,0.0999
ns_half6,Faster R-CNN R50-FPN,002_20200713_123412(4).png,2,team,0.9981,0.9345
ns_half6,Faster R-CNN R50-FPN,002_20200713_123416(9).png,2,team,0.9979,0.0
ns_half6,Faster R-CNN R50-FPN,002_20200713_123421(4).png,2,team,0.998,0.0
ns_half6,Faster R-CNN R50-FPN,002_20200713_202718(1).png,2,team,0.9981,0.0073
ns_half6,Faster R-CNN R50-FPN,002_20200713_202722(5).png,2,team,0.9983,0.0129
ns_half6,Faster R-CNN R50-FPN,002_20200713_202726(9).png,2,team,0.998,0.7324
ns_half6,Faster R-CNN R50-FPN,002_20200713_202731(4).png,2,team,0.9986,0.0
ns_half6,Faster R-CNN R50-FPN,002_20200713_202735(9).png,2,team,0.9986,0.0119
ns_half6,Faster R-CNN R50-FPN,002_20200713_202743(4).png,2,team,0.9984,0.0
ns_half6,Faster R-CNN R50-FPN,002_20200714_123109(8).png,1,official,0.9973,0.2103
ns_half6,Faster R-CNN R50-FPN,002_20200714_123113(1).png,1,official,0.9973,0.0
ns_half6,Faster R-CNN R50-FPN,002_20200714_123117(3).png,1,official,0.9977,0.0
ns_half6,Faster R-CNN R50-FPN,002_20200714_123120(4).png,1,official,0.9971,0.0177
ns_half6,Faster R-CNN R50-FPN,002_20200714_123123(5).png,1,official,0.9976,0.0
ns_half6,Faster R-CNN R50-FPN,002_20200714_123126(4).png,1,official,0.9975,0.0
ns_half6,Faster R-CNN R50-FPN,002_20200721_163536(6).png,2,team,0.9981,0.0191
ns_half6,Faster R-CNN R50-FPN,002_20200721_163539(9).png,2,team,0.9985,0.0
ns_half6,Faster R-CNN R50-FPN,002_20200721_163543(2).png,2,team,0.9981,0.0722
ns_half6,Faster R-CNN R50-FPN,002_20200721_163548(0).png,2,team,0.9981,0.0
ns_half6,Faster R-CNN R50-FPN,002_20200721_163551(3).png,2,team,0.9984,0.0102
ns_half6,Faster R-CNN R50-FPN,002_20200721_163554(6).png,2,team,0.9982,0.0253
ns_half6,Faster R-CNN R50-FPN,002_20200722_043432(7).png,1,team,0.9983,0.0
ns_half6,Faster R-CNN R50-FPN,002_20200722_043437(0).png,1,team,0.9978,0.0
ns_half6,Faster R-CNN R50-FPN,002_20200722_131101(2).png,2,team,0.9984,0.0
ns_half6,Faster R-CNN R50-FPN,002_20200722_131105(7).png,2,team,0.998,0.0
ns_half6,Faster R-CNN R50-FPN,002_20200723_043256(5).png,1,team,0.9978,0.0
ns_half6,Faster R-CNN R50-FPN,002_20200723_043258(3).png,1,team,0.9984,0.0177
ns_half6,Faster R-CNN R50-FPN,002_20200723_123129(3).png,1,team,0.9982,0.0177
ns_half6,Faster R-CNN R50-FPN,002_20200723_123133(9).png,1,team,0.998,0.1059
ns_half6,Faster R-CNN R50-FPN,002_20200723_203129(9).png,1,team,0.9975,0.0177
ns_half6,Faster R-CNN R50-FPN,002_20200723_203134(3).png,1,team,0.998,0.0
ns_half6,Faster R-CNN R50-FPN,002_20200724_003201(9).png,1,team,0.9971,0.0111
ns_half6,Faster R-CNN R50-FPN,002_20200724_003206(4).png,1,team,0.9972,0.0
ns_half6,Faster R-CNN R50-FPN,002_20200727_204612(5).png,1,team,0.9979,0.0051
ns_half6,Faster R-CNN R50-FPN,002_20200727_204634(7).png,1,team,0.9976,0.0
ns_half6,Faster R-CNN R50-FPN,002_20200728_043429(7).png,2,team,0.9983,0.0011
ns_half6,Faster R-CNN R50-FPN,002_20200728_043435(6).png,2,team,0.9982,0.3132
ns_half6,Faster R-CNN R50-FPN,002_20200728_123102(5).png,2,team,0.9982,0.0244
ns_half6,Faster R-CNN R50-FPN,002_20200728_123106(5).png,2,team,0.9979,0.0011
ns_half6,Faster R-CNN R50-FPN,002_20200814_083411(8).png,2,team,0.9978,0.0
ns_half6,Faster R-CNN R50-FPN,002_20200814_083414(7).png,2,team,0.9983,0.0
ns_half6,Faster R-CNN R50-FPN,002_20200819_124217(5).png,2,team,0.9973,0.0
ns_half6,Faster R-CNN R50-FPN,002_20200819_124225(2).png,2,team,0.9983,0.001
ns_half6,Faster R-CNN R50-FPN,002_20200831_163123(9).png,1,team,0.9984,0.0
ns_half6,Faster R-CNN R50-FPN,002_20200831_163130(0).png,1,team,0.9979,0.0
ns_half6,Faster R-CNN R50-FPN,002_20200901_043133(6).png,2,official,0.9983,0.0
ns_half6,Faster R-CNN R50-FPN,002_20200901_043136(6).png,2,official,0.9983,0.0
ns_half6,Faster R-CNN R50-FPN,002_20200901_043139(6).png,2,official,0.9984,0.0
ns_half6,Faster R-CNN R50-FPN,002_20200901_043142(6).png,2,official,0.9982,0.0
ns_half6,Faster R-CNN R50-FPN,002_20200901_043145(5).png,2,official,0.9977,0.0
ns_half6,Faster R-CNN R50-FPN,002_20200901_043148(6).png,2,official,0.9984,0.0
ns_half6,Faster R-CNN R50-FPN,002_20200901_191340(2).png,2,official,0.9985,0.0
ns_half6,Faster R-CNN R50-FPN,002_20200901_191343(2).png,2,official,0.9979,0.0
ns_half6,Faster R-CNN R50-FPN,002_20200901_191346(1).png,2,official,0.9982,0.0
ns_half6,Faster R-CNN R50-FPN,002_20200901_191348(8).png,2,official,0.9978,0.0
ns_half6,Faster R-CNN R50-FPN,002_20200901_191351(5).png,2,official,0.9984,0.0
ns_half6,Faster R-CNN R50-FPN,002_20200901_191354(2).png,2,team,0.9985,0.0
ns_half6,Faster R-CNN R50-FPN,002_20200902_003149(5).png,2,team,0.998,0.0
ns_half6,Faster R-CNN R50-FPN,002_20200902_003152(5).png,2,team,0.9986,0.0
ns_half6,Faster R-CNN R50-FPN,002_20200902_003155(5).png,2,team,0.9982,0.0
ns_half6,Faster R-CNN R50-FPN,002_20200902_003158(2).png,2,team,0.9986,0.0071
ns_half6,Faster R-CNN R50-FPN,002_20200902_003200(9).png,2,team,0.9984,0.0
ns_half6,Faster R-CNN R50-FPN,002_20200902_003203(7).png,2,team,0.9982,0.0
ns_half6,Faster R-CNN R50-FPN,002_20200902_043107(7).png,1,team,0.9975,0.0791
ns_half6,Faster R-CNN R50-FPN,002_20200902_043112(1).png,1,team,0.9976,0.0
ns_half6,Faster R-CNN R50-FPN,002_20200902_043116(4).png,1,team,0.9981,0.0093
ns_half6,Faster R-CNN R50-FPN,002_20200902_043120(6).png,1,team,0.9981,0.0
ns_half6,Faster R-CNN R50-FPN,002_20200902_043124(9).png,1,team,0.9983,0.0
ns_half6,Faster R-CNN R50-FPN,002_20200902_043129(2).png,1,team,0.9969,0.0
ns_half6,Faster R-CNN R50-FPN,002_20200902_082641(4).png,2,team,0.9984,0.0
ns_half6,Faster R-CNN R50-FPN,002_20200902_082645(7).png,2,team,0.998,0.0
ns_half6,Faster R-CNN R50-FPN,002_20200902_082650(0).png,2,team,0.9983,0.0148
ns_half6,Faster R-CNN R50-FPN,002_20200902_082654(4).png,2,team,0.9983,0.0051
ns_half6,Faster R-CNN R50-FPN,002_20200902_082658(4).png,2,team,0.9984,0.0
ns_half6,Faster R-CNN R50-FPN,002_20200902_082702(8).png,2,team,0.9979,0.0
ns_half6,Faster R-CNN R50-FPN,002_20200905_123055(0).png,2,official,0.9983,0.9323
ns_half6,Faster R-CNN R50-FPN,002_20200905_123058(4).png,2,official,0.9985,0.0053
ns_half6,Faster R-CNN R50-FPN,002_20200905_123102(0).png,2,official,0.9982,0.0
ns_half6,Faster R-CNN R50-FPN,002_20200905_123105(0).png,2,official,0.9983,0.0011
ns_half6,Faster R-CNN R50-FPN,002_20200905_123108(4).png,2,official,0.9985,0.0887
ns_half6,Faster R-CNN R50-FPN,002_20200905_123112(0).png,2,official,0.9982,0.0011
ns_half6,Faster R-CNN R50-FPN,002_20200906_003059(0).png,1,official,0.9976,0.0
ns_half6,Faster R-CNN R50-FPN,002_20200906_003114(8).png,1,official,0.9976,0.0021
ns_half6,Faster R-CNN R50-FPN,002_20200906_003118(7).png,1,official,0.9981,0.0
ns_half6,Faster R-CNN R50-FPN,002_20200906_003122(7).png,1,official,0.9981,0.0
ns_half6,Faster R-CNN R50-FPN,002_20200906_003126(8).png,1,official,0.9982,0.0
ns_half6,Faster R-CNN R50-FPN,002_20200906_003132(7).png,1,official,0.998,0.01
ns_half6,Faster R-CNN R50-FPN,002_20200908_043119(7).png,2,team,0.9984,0.0
ns_half6,Faster R-CNN R50-FPN,002_20200908_043124(3).png,2,team,0.9983,0.0011
ns_half6,Faster R-CNN R50-FPN,002_20200908_043128(8).png,2,team,0.9981,0.0012
ns_half6,Faster R-CNN R50-FPN,002_20200908_043133(4).png,2,team,0.9979,0.0389
ns_half6,Faster R-CNN R50-FPN,002_20200908_043137(8).png,2,team,0.9983,0.0
ns_half6,Faster R-CNN R50-FPN,002_20200908_043142(4).png,2,team,0.9986,0.0011
ns_half6,Faster R-CNN R50-FPN,002_20200912_021405(0).png,1,team,0.998,0.0
ns_half6,Faster R-CNN R50-FPN,002_20200912_021411(6).png,1,team,0.9986,0.0
ns_half6,Faster R-CNN R50-FPN,002_20200912_021417(8).png,1,team,0.9983,0.0799
ns_half6,Faster R-CNN R50-FPN,002_20200912_021420(7).png,1,team,0.9984,0.023
ns_half6,Faster R-CNN R50-FPN,002_20200912_021423(8).png,1,team,0.9983,0.0
ns_half6,Faster R-CNN R50-FPN,002_20200912_021430(0).png,1,team,0.9982,0.0
ns_half6,Faster R-CNN R50-FPN,002_20200912_123204(6).png,1,team,0.9983,0.0
ns_half6,Faster R-CNN R50-FPN,002_20200912_123207(7).png,1,team,0.9984,0.0183
ns_half6,Faster R-CNN R50-FPN,002_20200912_123210(6).png,1,team,0.9986,0.0165
ns_half6,Faster R-CNN R50-FPN,002_20200912_123216(4).png,1,team,0.9978,0.0
ns_half6,Faster R-CNN R50-FPN,002_20200912_123219(3).png,1,team,0.9986,0.0
ns_half6,Faster R-CNN R50-FPN,002_20200912_123222(2).png,1,team,0.9977,0.0
ns_half6,Faster R-CNN R50-FPN,002_20200914_203029(2).png,2,team,0.9988,0.0893
ns_half6,Faster R-CNN R50-FPN,002_20200914_203032(1).png,2,team,0.9981,0.0012
ns_half6,Faster R-CNN R50-FPN,002_20200914_203035(2).png,2,team,0.9981,0.0885
ns_half6,Faster R-CNN R50-FPN,002_20200914_203038(1).png,2,team,0.9978,0.0904
ns_half6,Faster R-CNN R50-FPN,002_20200914_203041(1).png,2,team,0.998,0.0012
ns_half6,Faster R-CNN R50-FPN,002_20200914_203045(7).png,2,team,0.9982,0.0022
ns_half6,Faster R-CNN R50-FPN,002_20200915_003458(4).png,1,team,0.9978,0.0
ns_half6,Faster R-CNN R50-FPN,002_20200915_003505(7).png,1,team,0.9978,0.0
ns_half6,Faster R-CNN R50-FPN,002_20200915_003510(7).png,1,team,0.9977,0.0
ns_half6,Faster R-CNN R50-FPN,002_20200915_003515(6).png,1,team,0.9984,0.0
ns_half6,Faster R-CNN R50-FPN,002_20200915_003523(1).png,1,team,0.9981,0.0037
ns_half6,Faster R-CNN R50-FPN,002_20200915_003532(1).png,1,team,0.9986,0.0
ns_half6,Faster R-CNN R50-FPN,002_20200915_163129(0).png,1,team,0.998,0.0
ns_half6,Faster R-CNN R50-FPN,002_20200915_163133(5).png,1,team,0.9984,0.0012
ns_half6,Faster R-CNN R50-FPN,002_20200915_163144(0).png,1,team,0.9981,0.0
ns_half6,Faster R-CNN R50-FPN,002_20200915_163154(5).png,1,team,0.9981,0.0
ns_half6,Faster R-CNN R50-FPN,002_20200915_163158(9).png,1,team,0.9986,0.0
ns_half6,Faster R-CNN R50-FPN,002_20200915_163203(4).png,1,team,0.9985,0.0
ns_half6,Faster R-CNN R50-FPN,002_20200915_203209(5).png,1,team,0.9982,0.0
ns_half6,Faster R-CNN R50-FPN,002_20200915_203212(5).png,1,team,0.9983,0.0
ns_half6,Faster R-CNN R50-FPN,002_20200915_203215(5).png,1,team,0.9982,0.0
ns_half6,Faster R-CNN R50-FPN,002_20200915_203218(5).png,1,team,0.9982,0.0016
ns_half6,Faster R-CNN R50-FPN,002_20200915_203224(4).png,1,team,0.9982,0.0
ns_half6,Faster R-CNN R50-FPN,002_20200915_203229(1).png,1,team,0.998,0.0367
ns_half6,Faster R-CNN R50-FPN,002_20200917_003224(9).png,2,team,0.9982,0.0
ns_half6,Faster R-CNN R50-FPN,002_20200917_003228(7).png,2,team,0.9979,0.001
ns_half6,Faster R-CNN R50-FPN,002_20200917_003234(6).png,2,team,0.9983,0.0766
ns_half6,Faster R-CNN R50-FPN,002_20200917_003238(7).png,2,team,0.9985,0.0
ns_half6,Faster R-CNN R50-FPN,002_20200917_003242(7).png,2,team,0.9982,0.8075
ns_half6,Faster R-CNN R50-FPN,002_20200917_003246(7).png,2,team,0.9981,0.0
ns_half6,Faster R-CNN R50-FPN,002_20200917_083653(7).png,1,team,0.9985,0.0
ns_half6,Faster R-CNN R50-FPN,002_20200917_083659(5).png,1,team,0.9973,0.0
ns_half6,Faster R-CNN R50-FPN,002_20200917_083703(5).png,1,team,0.9982,0.0
ns_half6,Faster R-CNN R50-FPN,002_20200917_083707(4).png,1,team,0.9985,0.0
ns_half6,Faster R-CNN R50-FPN,002_20200917_083711(6).png,1,team,0.9983,0.0
ns_half6,Faster R-CNN R50-FPN,002_20200917_083721(4).png,1,team,0.998,0.0
ns_half6,Faster R-CNN R50-FPN,002_20200918_043323(0).png,2,team,0.9981,0.0
ns_half6,Faster R-CNN R50-FPN,002_20200918_043326(6).png,2,team,0.9981,0.0
ns_half6,Faster R-CNN R50-FPN,002_20200918_043330(5).png,2,team,0.9981,0.0
ns_half6,Faster R-CNN R50-FPN,002_20200918_043334(3).png,2,team,0.9982,0.0
ns_half6,Faster R-CNN R50-FPN,002_20200918_043338(2)__m2.png,2,team,0.9983,0.0
ns_half6,Faster R-CNN R50-FPN,002_20200918_043342(2).png,2,team,0.9983,0.0011
ns_half6,Faster R-CNN R50-FPN,002_20200918_123306(7).png,1,team,0.9982,0.0
ns_half6,Faster R-CNN R50-FPN,002_20200918_123310(6).png,1,team,0.9984,0.0
ns_half6,Faster R-CNN R50-FPN,002_20200918_123314(6).png,1,team,0.998,0.0
ns_half6,Faster R-CNN R50-FPN,002_20200918_123318(7).png,1,team,0.9978,0.0
ns_half6,Faster R-CNN R50-FPN,002_20200918_123322(5).png,1,team,0.9981,0.0015
ns_half6,Faster R-CNN R50-FPN,002_20200918_123331(0).png,1,team,0.9978,0.0
ns_half6,Faster R-CNN R50-FPN,002_20200921_163038(3).png,2,team,0.9981,0.0
ns_half6,Faster R-CNN R50-FPN,002_20200921_163042(3).png,2,team,0.9982,0.0011
ns_half6,Faster R-CNN R50-FPN,002_20200921_163045(4).png,2,team,0.9982,0.0943
ns_half6,Faster R-CNN R50-FPN,002_20200921_163049(6).png,2,team,0.998,0.0
ns_half6,Faster R-CNN R50-FPN,002_20200921_163052(5).png,2,team,0.9984,0.0017
ns_half6,Faster R-CNN R50-FPN,002_20200921_163055(5).png,2,team,0.9984,0.0916
ns_half6,Faster R-CNN R50-FPN,002_20200921_202239(4).png,2,team,0.9982,0.0
ns_half6,Faster R-CNN R50-FPN,002_20200921_202244(0).png,2,team,0.9983,0.0027
ns_half6,Faster R-CNN R50-FPN,002_20200921_202248(6).png,2,team,0.9977,0.0022
ns_half6,Faster R-CNN R50-FPN,002_20200921_202253(0).png,2,team,0.9984,0.0
ns_half6,Faster R-CNN R50-FPN,002_20200921_202257(4).png,2,team,0.9984,0.001
ns_half6,Faster R-CNN R50-FPN,002_20200921_202303(6).png,2,team,0.9983,0.0988
ns_half6,Faster R-CNN R50-FPN,002_20200922_043105(7).png,1,team,0.9984,0.0086
ns_half6,Faster R-CNN R50-FPN,002_20200922_043110(2).png,1,team,0.998,0.0
ns_half6,Faster R-CNN R50-FPN,002_20200922_043114(8).png,1,team,0.9984,0.0
ns_half6,Faster R-CNN R50-FPN,002_20200922_043119(3).png,1,team,0.9981,0.0022
ns_half6,Faster R-CNN R50-FPN,002_20200922_043123(8).png,1,team,0.9979,0.0
ns_half6,Faster R-CNN R50-FPN,002_20200922_043128(2).png,1,team,0.9982,0.0
ns_half6,YOLOv3-tiny,001_20200623_203217(4).png,3,official,0.4607,0.0022
ns_half6,YOLOv3-tiny,001_20200623_203222(0).png,3,official,0.5006,0.004
ns_half6,YOLOv3-tiny,001_20200623_203226(3).png,3,official,0.4913,0.0447
ns_half6,YOLOv3-tiny,001_20200623_203230(9).png,3,official,0.4909,0.0017
ns_half6,YOLOv3-tiny,001_20200623_203235(3).png,3,official,0.4714,0.2157
ns_half6,YOLOv3-tiny,001_20200623_203247(5).png,3,official,0.4834,0.0
ns_half6,YOLOv3-tiny,001_20200625_043323(7).png,3,official,0.4841,0.0137
ns_half6,YOLOv3-tiny,001_20200625_043328(3).png,3,official,0.516,0.0038
ns_half6,YOLOv3-tiny,001_20200625_043337(3).png,3,official,0.5096,0.0029
ns_half6,YOLOv3-tiny,001_20200625_043341(7).png,3,official,0.5245,0.0017
ns_half6,YOLOv3-tiny,001_20200625_043346(2).png,3,official,0.4963,0.002
ns_half6,YOLOv3-tiny,001_20200625_043359(8).png,3,official,0.4962,0.0
ns_half6,YOLOv3-tiny,001_20200630_043538(1).png,3,team,0.3486,0.0
ns_half6,YOLOv3-tiny,001_20200630_043544(2).png,3,team,0.4207,0.0275
ns_half6,YOLOv3-tiny,001_20200630_043548(7).png,3,team,0.4533,0.0035
ns_half6,YOLOv3-tiny,001_20200630_043600(9).png,3,team,0.4275,0.0
ns_half6,YOLOv3-tiny,001_20200630_043605(5).png,3,team,0.4025,0.0011
ns_half6,YOLOv3-tiny,001_20200630_083235(6).png,3,team,0.4838,0.0
ns_half6,YOLOv3-tiny,001_20200630_083322(2).png,3,team,0.4493,0.0016
ns_half6,YOLOv3-tiny,001_20200630_083331(2).png,3,team,0.4542,0.0194
ns_half6,YOLOv3-tiny,001_20200630_083350(7).png,3,team,0.4753,0.0013
ns_half6,YOLOv3-tiny,001_20200630_083355(1).png,3,team,0.4258,0.0037
ns_half6,YOLOv3-tiny,001_20200630_083405(7).png,3,team,0.4325,0.0
ns_half6,YOLOv3-tiny,001_20200630_163111(8).png,3,team,0.4647,0.0275
ns_half6,YOLOv3-tiny,001_20200630_163116(2).png,3,team,0.4134,0.002
ns_half6,YOLOv3-tiny,001_20200630_163120(7).png,3,team,0.4213,0.0342
ns_half6,YOLOv3-tiny,001_20200630_163125(2).png,3,team,0.479,0.0041
ns_half6,YOLOv3-tiny,001_20200630_163129(8).png,3,team,0.4107,0.0018
ns_half6,YOLOv3-tiny,001_20200630_163134(2).png,3,team,0.4282,0.0
ns_half6,YOLOv3-tiny,001_20200630_163147(8).png,3,team,0.4716,0.0164
ns_half6,YOLOv3-tiny,001_20200701_123507(7).png,3,team,0.4233,0.0013
ns_half6,YOLOv3-tiny,001_20200701_123511(0).png,3,team,0.4924,0.0
ns_half6,YOLOv3-tiny,001_20200701_123514(1).png,3,team,0.503,0.0037
ns_half6,YOLOv3-tiny,001_20200701_123517(3).png,3,team,0.3631,0.0
ns_half6,YOLOv3-tiny,001_20200701_123520(6).png,3,team,0.4556,0.0
ns_half6,YOLOv3-tiny,001_20200701_123523(9).png,3,team,0.4559,0.0
ns_half6,YOLOv3-tiny,001_20200708_163845(3).png,3,team,0.4588,0.0064
ns_half6,YOLOv3-tiny,001_20200708_163848(2).png,3,team,0.4551,0.0107
ns_half6,YOLOv3-tiny,001_20200708_163851(0).png,3,team,0.4537,0.0026
ns_half6,YOLOv3-tiny,001_20200708_163853(5).png,3,team,0.4183,0.0
ns_half6,YOLOv3-tiny,001_20200708_163856(2).png,3,team,0.4551,0.0019
ns_half6,YOLOv3-tiny,001_20200708_163858(9).png,3,team,0.4507,0.0017
ns_half6,YOLOv3-tiny,001_20200708_203804(5).png,3,team,0.462,0.0
ns_half6,YOLOv3-tiny,001_20200708_203844(8).png,3,team,0.4732,0.0015
ns_half6,YOLOv3-tiny,001_20200708_203917(6).png,3,team,0.4843,0.0019
ns_half6,YOLOv3-tiny,001_20200713_202630(0).png,3,team,0.5091,0.0013
ns_half6,YOLOv3-tiny,001_20200713_202634(5).png,3,team,0.5177,0.002
ns_half6,YOLOv3-tiny,001_20200713_202639(1).png,3,team,0.4341,0.0853
ns_half6,YOLOv3-tiny,001_20200713_202643(6).png,3,team,0.4595,0.0036
ns_half6,YOLOv3-tiny,001_20200713_202648(2).png,3,team,0.4683,0.0
ns_half6,YOLOv3-tiny,001_20200713_202652(6).png,3,team,0.4775,0.002
ns_half6,YOLOv3-tiny,001_20200714_042943(8).png,3,team,0.4983,0.0
ns_half6,YOLOv3-tiny,001_20200714_042948(4).png,3,team,0.5194,0.002
ns_half6,YOLOv3-tiny,001_20200714_042957(3).png,3,team,0.4493,0.0019
ns_half6,YOLOv3-tiny,001_20200714_043001(8).png,3,team,0.452,0.0
ns_half6,YOLOv3-tiny,001_20200714_043006(2).png,3,team,0.4677,0.0293
ns_half6,YOLOv3-tiny,001_20200714_043010(8).png,3,team,0.5315,0.0
ns_half6,YOLOv3-tiny,001_20200715_083509(3).png,3,team,0.4587,0.0045
ns_half6,YOLOv3-tiny,001_20200715_083513(8).png,3,team,0.441,0.0
ns_half6,YOLOv3-tiny,001_20200715_083518(2).png,3,team,0.476,0.0028
ns_half6,YOLOv3-tiny,001_20200715_083522(7).png,3,team,0.473,0.0
ns_half6,YOLOv3-tiny,001_20200715_083527(3).png,3,team,0.4863,0.0029
ns_half6,YOLOv3-tiny,001_20200715_083531(8).png,3,team,0.4096,0.0118
ns_half6,YOLOv3-tiny,001_20200722_083525(2).png,3,team,0.412,0.0
ns_half6,YOLOv3-tiny,001_20200722_083529(6).png,3,team,0.4523,0.0
ns_half6,YOLOv3-tiny,001_20200728_163910(5).png,3,official,0.3516,0.0021
ns_half6,YOLOv3-tiny,001_20200728_163913(6).png,3,official,0.4158,0.0
ns_half6,YOLOv3-tiny,001_20200814_033012(7).png,3,official,0.5109,0.0
ns_half6,YOLOv3-tiny,001_20200814_033016(6).png,3,official,0.4695,0.0013
ns_half6,YOLOv3-tiny,001_20200814_043321(6).png,3,official,0.1469,0.0
ns_half6,YOLOv3-tiny,001_20200814_043345(8).png,3,team,0.4743,0.001
ns_half6,YOLOv3-tiny,001_20200818_123634(4).png,3,official,0.2416,0.0
ns_half6,YOLOv3-tiny,001_20200818_123638(1).png,3,team,0.4362,0.0
ns_half6,YOLOv3-tiny,001_20200831_083711(6).png,3,official,0.4481,0.0
ns_half6,YOLOv3-tiny,001_20200831_083714(8).png,3,official,0.4511,0.0
ns_half6,YOLOv3-tiny,001_20200905_003911(9).png,3,team,0.287,0.0
ns_half6,YOLOv3-tiny,001_20200905_003914(9).png,3,team,0.4732,0.001
ns_half6,YOLOv3-tiny,001_20200905_003918(2).png,3,team,0.4653,0.0
ns_half6,YOLOv3-tiny,001_20200905_003921(2).png,3,team,0.2867,0.0
ns_half6,YOLOv3-tiny,001_20200905_003924(3).png,3,team,0.4254,0.0
ns_half6,YOLOv3-tiny,001_20200905_003927(3).png,3,team,0.3842,0.0
ns_half6,YOLOv3-tiny,001_20200905_083552(0).png,3,team,0.3904,0.0
ns_half6,YOLOv3-tiny,001_20200905_083555(2).png,3,team,0.4319,0.0
ns_half6,YOLOv3-tiny,001_20200905_083558(2).png,3,team,0.397,0.0
ns_half6,YOLOv3-tiny,001_20200905_083603(0).png,3,team,0.4381,0.0
ns_half6,YOLOv3-tiny,001_20200905_083606(6).png,3,team,0.4616,0.0
ns_half6,YOLOv3-tiny,001_20200905_083609(7).png,3,team,0.2933,0.0
ns_half6,YOLOv3-tiny,001_20200914_083101(5).png,3,team,0.4488,0.0
ns_half6,YOLOv3-tiny,001_20200914_083105(1).png,3,team,0.4296,0.0
ns_half6,YOLOv3-tiny,001_20200914_083108(8).png,3,team,0.2738,0.0
ns_half6,YOLOv3-tiny,001_20200914_083111(5).png,3,team,0.4722,0.0
ns_half6,YOLOv3-tiny,001_20200914_083114(5).png,3,team,0.4172,0.0
ns_half6,YOLOv3-tiny,001_20200914_083117(5).png,3,team,0.3611,0.0015
ns_half6,YOLOv3-tiny,001_20200915_003734(8).png,3,team,0.3757,0.0
ns_half6,YOLOv3-tiny,001_20200915_003737(5).png,3,team,0.4605,0.0
ns_half6,YOLOv3-tiny,001_20200915_003740(4).png,3,team,0.3701,0.0019
ns_half6,YOLOv3-tiny,001_20200915_003743(5).png,3,team,0.4764,0.001
ns_half6,YOLOv3-tiny,001_20200915_003746(5).png,3,team,0.3816,0.0
ns_half6,YOLOv3-tiny,001_20200915_003749(6).png,3,team,0.4394,0.0
ns_half6,YOLOv3-tiny,001_20200918_004019(6).png,3,team,0.454,0.0
ns_half6,YOLOv3-tiny,001_20200918_004022(5).png,3,team,0.4848,0.0
ns_half6,YOLOv3-tiny,001_20200918_004025(8).png,3,team,0.4082,0.0
ns_half6,YOLOv3-tiny,001_20200918_004029(0).png,3,team,0.2445,0.0
ns_half6,YOLOv3-tiny,001_20200918_004032(2).png,3,team,0.4502,0.0
ns_half6,YOLOv3-tiny,001_20200918_004036(3).png,3,team,0.3887,0.0
ns_half6,YOLOv3-tiny,001_20200918_043556(8).png,3,team,0.326,0.0041
ns_half6,YOLOv3-tiny,001_20200918_043559(9).png,3,team,0.3858,0.0
ns_half6,YOLOv3-tiny,001_20200918_043602(9).png,3,team,0.4441,0.0
ns_half6,YOLOv3-tiny,001_20200918_043606(0).png,3,team,0.4784,0.0016
ns_half6,YOLOv3-tiny,001_20200918_043609(2).png,3,team,0.4569,0.0
ns_half6,YOLOv3-tiny,001_20200918_043612(4).png,3,team,0.4809,0.0043
ns_half6,YOLOv3-tiny,001_20200918_083036(8).png,3,team,0.4815,0.0
ns_half6,YOLOv3-tiny,001_20200918_083039(9).png,3,team,0.4804,0.0
ns_half6,YOLOv3-tiny,001_20200918_083042(8).png,3,team,0.4978,0.0
ns_half6,YOLOv3-tiny,001_20200918_083045(5).png,3,team,0.2525,0.0
ns_half6,YOLOv3-tiny,001_20200918_083048(5).png,3,team,0.4219,0.0
ns_half6,YOLOv3-tiny,001_20200918_083051(4).png,3,team,0.4407,0.0
ns_half6,YOLOv3-tiny,001_20200921_163325(1).png,3,team,0.4298,0.0
ns_half6,YOLOv3-tiny,001_20200921_163329(4).png,3,team,0.461,0.0
ns_half6,YOLOv3-tiny,001_20200921_163333(8).png,3,team,0.4585,0.0
ns_half6,YOLOv3-tiny,001_20200921_163338(1).png,3,team,0.3152,0.0
ns_half6,YOLOv3-tiny,001_20200921_163342(6).png,3,team,0.509,0.0
ns_half6,YOLOv3-tiny,001_20200921_163346(9).png,3,team,0.3541,0.0
ns_half6,YOLOv3-tiny,001_20200922_003308(2).png,3,team,0.4504,0.0
ns_half6,YOLOv3-tiny,001_20200922_003312(7).png,3,team,0.3486,0.0
ns_half6,YOLOv3-tiny,001_20200922_003317(2).png,3,team,0.4222,0.0
ns_half6,YOLOv3-tiny,001_20200922_003321(7).png,3,team,0.4946,0.0
ns_half6,YOLOv3-tiny,001_20200922_003326(6).png,3,team,0.4899,0.0034
ns_half6,YOLOv3-tiny,001_20200922_003330(7).png,3,team,0.4009,0.0
ns_half6,YOLOv3-tiny,002_20200623_043039(3).png,1,official,0.4764,0.1517
ns_half6,YOLOv3-tiny,002_20200623_043043(2).png,1,official,0.4359,0.0861
ns_half6,YOLOv3-tiny,002_20200623_043047(2).png,1,official,0.5019,0.0677
ns_half6,YOLOv3-tiny,002_20200623_043051(3).png,1,official,0.5098,0.0785
ns_half6,YOLOv3-tiny,002_20200623_043055(3).png,1,official,0.4658,0.0306
ns_half6,YOLOv3-tiny,002_20200623_043059(4).png,1,official,0.513,0.0939
ns_half6,YOLOv3-tiny,002_20200623_203040(4).png,1,official,0.4294,0.015
ns_half6,YOLOv3-tiny,002_20200623_203044(0).png,1,official,0.4876,0.0602
ns_half6,YOLOv3-tiny,002_20200623_203047(7).png,1,official,0.4844,0.0388
ns_half6,YOLOv3-tiny,002_20200623_203051(2).png,1,official,0.4956,0.0347
ns_half6,YOLOv3-tiny,002_20200623_203054(7).png,1,official,0.3146,0.061
ns_half6,YOLOv3-tiny,002_20200623_203058(3).png,1,official,0.4614,0.1159
ns_half6,YOLOv3-tiny,002_20200624_003115(6).png,2,official,0.4381,0.0917
ns_half6,YOLOv3-tiny,002_20200624_003118(6).png,2,official,0.4678,0.2272
ns_half6,YOLOv3-tiny,002_20200624_003123(0).png,2,official,0.472,0.1204
ns_half6,YOLOv3-tiny,002_20200624_003127(5).png,2,official,0.4715,0.1558
ns_half6,YOLOv3-tiny,002_20200624_003132(0).png,2,official,0.4397,0.3153
ns_half6,YOLOv3-tiny,002_20200624_003136(5).png,2,official,0.4526,0.0771
ns_half6,YOLOv3-tiny,002_20200624_043136(9).png,2,official,0.4723,0.1087
ns_half6,YOLOv3-tiny,002_20200624_043141(4).png,2,official,0.496,0.2112
ns_half6,YOLOv3-tiny,002_20200624_043145(8).png,2,official,0.4425,0.1963
ns_half6,YOLOv3-tiny,002_20200624_043150(3).png,2,official,0.4472,0.2386
ns_half6,YOLOv3-tiny,002_20200624_043154(8).png,2,official,0.4856,0.0508
ns_half6,YOLOv3-tiny,002_20200624_043159(4).png,2,official,0.4785,0.1316
ns_half6,YOLOv3-tiny,002_20200624_083045(5).png,1,official,0.4839,0.0218
ns_half6,YOLOv3-tiny,002_20200624_083049(6).png,1,official,0.4644,0.0892
ns_half6,YOLOv3-tiny,002_20200624_083053(3).png,1,official,0.5215,0.0835
ns_half6,YOLOv3-tiny,002_20200624_083057(4).png,1,official,0.3908,0.2332
ns_half6,YOLOv3-tiny,002_20200624_083101(4).png,1,official,0.4794,0.0298
ns_half6,YOLOv3-tiny,002_20200624_083105(5).png,1,official,0.4988,0.1315
ns_half6,YOLOv3-tiny,002_20200624_123122(6).png,1,official,0.4869,0.1007
ns_half6,YOLOv3-tiny,002_20200624_123126(4).png,1,official,0.4757,0.1158
ns_half6,YOLOv3-tiny,002_20200624_123129(9).png,1,official,0.5169,0.1101
ns_half6,YOLOv3-tiny,002_20200624_123133(0).png,1,official,0.5174,0.1015
ns_half6,YOLOv3-tiny,002_20200624_123136(5).png,1,official,0.4649,0.0522
ns_half6,YOLOv3-tiny,002_20200624_123143(7).png,1,official,0.4906,0.1057
ns_half6,YOLOv3-tiny,002_20200630_163105(7).png,2,team,0.4819,0.0945
ns_half6,YOLOv3-tiny,002_20200630_163108(9).png,2,team,0.3456,0.2305
ns_half6,YOLOv3-tiny,002_20200630_163112(5).png,2,team,0.4433,0.2732
ns_half6,YOLOv3-tiny,002_20200630_163116(0).png,2,team,0.479,0.1423
ns_half6,YOLOv3-tiny,002_20200630_163119(5).png,2,team,0.4548,0.2094
ns_half6,YOLOv3-tiny,002_20200630_163122(8).png,2,team,0.4793,0.282
ns_half6,YOLOv3-tiny,002_20200701_083102(9).png,2,team,0.4685,0.1662
ns_half6,YOLOv3-tiny,002_20200701_083105(7).png,2,team,0.4876,0.1666
ns_half6,YOLOv3-tiny,002_20200701_083108(8).png,2,team,0.4622,0.0927
ns_half6,YOLOv3-tiny,002_20200701_083111(8).png,2,team,0.4514,0.1864
ns_half6,YOLOv3-tiny,002_20200701_083114(8).png,2,team,0.4624,0.3311
ns_half6,YOLOv3-tiny,002_20200701_083117(8).png,2,team,0.4391,0.2822
ns_half6,YOLOv3-tiny,002_20200701_163100(6).png,2,team,0.4831,0.3401
ns_half6,YOLOv3-tiny,002_20200701_163104(5).png,2,team,0.4584,0.1853
ns_half6,YOLOv3-tiny,002_20200701_163108(4).png,2,team,0.4778,0.3399
ns_half6,YOLOv3-tiny,002_20200701_163112(3).png,2,team,0.5074,0.2794
ns_half6,YOLOv3-tiny,002_20200701_163116(3).png,2,team,0.4556,0.1108
ns_half6,YOLOv3-tiny,002_20200701_163120(4).png,2,team,0.4154,0.2592
ns_half6,YOLOv3-tiny,002_20200701_203037(6).png,1,team,0.4033,0.0337
ns_half6,YOLOv3-tiny,002_20200701_203040(8).png,1,team,0.4845,0.0175
ns_half6,YOLOv3-tiny,002_20200701_203043(9).png,1,team,0.4769,0.1601
ns_half6,YOLOv3-tiny,002_20200701_203046(9).png,1,team,0.4636,0.097
ns_half6,YOLOv3-tiny,002_20200701_203050(0).png,1,team,0.4826,0.17
ns_half6,YOLOv3-tiny,002_20200701_203053(0).png,1,team,0.4662,0.0129
ns_half6,YOLOv3-tiny,002_20200713_091056(8).png,2,team,0.4528,0.1853
ns_half6,YOLOv3-tiny,002_20200713_091100(5).png,2,team,0.439,0.2959
ns_half6,YOLOv3-tiny,002_20200713_091103(8).png,2,team,0.414,0.241
ns_half6,YOLOv3-tiny,002_20200713_091106(9).png,2,team,0.3831,0.0718
ns_half6,YOLOv3-tiny,002_20200713_091109(9).png,2,team,0.4893,0.1536
ns_half6,YOLOv3-tiny,002_20200713_091112(5).png,2,team,0.4237,0.108
ns_half6,YOLOv3-tiny,002_20200713_123358(8).png,2,team,0.4595,0.1653
ns_half6,YOLOv3-tiny,002_20200713_123403(4).png,2,team,0.3677,0.1178
ns_half6,YOLOv3-tiny,002_20200713_123408(0).png,2,team,0.4384,0.0857
ns_half6,YOLOv3-tiny,002_20200713_123412(4).png,2,team,0.4366,0.046
ns_half6,YOLOv3-tiny,002_20200713_123416(9).png,2,team,0.4691,0.2204
ns_half6,YOLOv3-tiny,002_20200713_123421(4).png,2,team,0.4706,0.1663
ns_half6,YOLOv3-tiny,002_20200713_202718(1).png,2,team,0.4737,0.0521
ns_half6,YOLOv3-tiny,002_20200713_202722(5).png,2,team,0.4329,0.2278
ns_half6,YOLOv3-tiny,002_20200713_202726(9).png,2,team,0.4784,0.2046
ns_half6,YOLOv3-tiny,002_20200713_202731(4).png,2,team,0.4858,0.218
ns_half6,YOLOv3-tiny,002_20200713_202735(9).png,2,team,0.4508,0.2549
ns_half6,YOLOv3-tiny,002_20200713_202743(4).png,2,team,0.4844,0.2007
ns_half6,YOLOv3-tiny,002_20200714_123109(8).png,1,official,0.4905,0.0375
ns_half6,YOLOv3-tiny,002_20200714_123113(1).png,1,official,0.4465,0.1083
ns_half6,YOLOv3-tiny,002_20200714_123117(3).png,1,official,0.4815,0.0356
ns_half6,YOLOv3-tiny,002_20200714_123120(4).png,1,official,0.5109,0.0369
ns_half6,YOLOv3-tiny,002_20200714_123123(5).png,1,official,0.485,0.0348
ns_half6,YOLOv3-tiny,002_20200714_123126(4).png,1,official,0.4934,0.0416
ns_half6,YOLOv3-tiny,002_20200721_163536(6).png,2,team,0.3839,0.0853
ns_half6,YOLOv3-tiny,002_20200721_163539(9).png,2,team,0.2942,0.0323
ns_half6,YOLOv3-tiny,002_20200721_163543(2).png,2,team,0.4317,0.0713
ns_half6,YOLOv3-tiny,002_20200721_163548(0).png,2,team,0.411,0.1998
ns_half6,YOLOv3-tiny,002_20200721_163551(3).png,2,team,0.4448,0.2285
ns_half6,YOLOv3-tiny,002_20200721_163554(6).png,2,team,0.4425,0.1099
ns_half6,YOLOv3-tiny,002_20200722_043432(7).png,1,team,0.5141,0.1938
ns_half6,YOLOv3-tiny,002_20200722_043437(0).png,1,team,0.3682,0.0126
ns_half6,YOLOv3-tiny,002_20200722_131101(2).png,2,team,0.3932,0.09
ns_half6,YOLOv3-tiny,002_20200722_131105(7).png,2,team,0.2457,0.1341
ns_half6,YOLOv3-tiny,002_20200723_043256(5).png,1,team,0.3656,0.2194
ns_half6,YOLOv3-tiny,002_20200723_043258(3).png,1,team,0.383,0.0088
ns_half6,YOLOv3-tiny,002_20200723_123129(3).png,1,team,0.4272,0.0149
ns_half6,YOLOv3-tiny,002_20200723_123133(9).png,1,team,0.4532,0.0034
ns_half6,YOLOv3-tiny,002_20200723_203129(9).png,1,team,0.3262,0.005
ns_half6,YOLOv3-tiny,002_20200723_203134(3).png,1,team,0.307,0.0
ns_half6,YOLOv3-tiny,002_20200724_003201(9).png,1,team,0.3679,0.112
ns_half6,YOLOv3-tiny,002_20200724_003206(4).png,1,team,0.4001,0.0112
ns_half6,YOLOv3-tiny,002_20200727_204612(5).png,1,team,0.415,0.0375
ns_half6,YOLOv3-tiny,002_20200727_204634(7).png,1,team,0.1669,0.0
ns_half6,YOLOv3-tiny,002_20200728_043429(7).png,2,team,0.4249,0.0417
ns_half6,YOLOv3-tiny,002_20200728_043435(6).png,2,team,0.4822,0.211
ns_half6,YOLOv3-tiny,002_20200728_123102(5).png,2,team,0.4127,0.1462
ns_half6,YOLOv3-tiny,002_20200728_123106(5).png,2,team,0.3991,0.1751
ns_half6,YOLOv3-tiny,002_20200814_083411(8).png,2,team,0.2275,0.0412
ns_half6,YOLOv3-tiny,002_20200814_083414(7).png,2,team,0.4236,0.0316
ns_half6,YOLOv3-tiny,002_20200819_124217(5).png,2,team,0.2708,0.0038
ns_half6,YOLOv3-tiny,002_20200819_124225(2).png,2,team,0.3757,0.2376
ns_half6,YOLOv3-tiny,002_20200831_163123(9).png,1,team,0.4563,0.0026
ns_half6,YOLOv3-tiny,002_20200831_163130(0).png,1,team,0.4173,0.2377
ns_half6,YOLOv3-tiny,002_20200901_043133(6).png,2,official,0.4256,0.1683
ns_half6,YOLOv3-tiny,002_20200901_043136(6).png,2,official,0.4094,0.0249
ns_half6,YOLOv3-tiny,002_20200901_043139(6).png,2,official,0.4989,0.026
ns_half6,YOLOv3-tiny,002_20200901_043142(6).png,2,official,0.4258,0.0482
ns_half6,YOLOv3-tiny,002_20200901_043145(5).png,2,official,0.4371,0.0543
ns_half6,YOLOv3-tiny,002_20200901_043148(6).png,2,official,0.4808,0.0655
ns_half6,YOLOv3-tiny,002_20200901_191340(2).png,2,official,0.4044,0.1674
ns_half6,YOLOv3-tiny,002_20200901_191343(2).png,2,official,0.2491,0.2252
ns_half6,YOLOv3-tiny,002_20200901_191346(1).png,2,official,0.4397,0.2298
ns_half6,YOLOv3-tiny,002_20200901_191348(8).png,2,official,0.4425,0.1551
ns_half6,YOLOv3-tiny,002_20200901_191351(5).png,2,official,0.4797,0.0913
ns_half6,YOLOv3-tiny,002_20200901_191354(2).png,2,team,0.4283,0.0352
ns_half6,YOLOv3-tiny,002_20200902_003149(5).png,2,team,0.3838,0.1866
ns_half6,YOLOv3-tiny,002_20200902_003152(5).png,2,team,0.4977,0.0488
ns_half6,YOLOv3-tiny,002_20200902_003155(5).png,2,team,0.3926,0.0487
ns_half6,YOLOv3-tiny,002_20200902_003158(2).png,2,team,0.3576,0.0354
ns_half6,YOLOv3-tiny,002_20200902_003200(9).png,2,team,0.4617,0.0539
ns_half6,YOLOv3-tiny,002_20200902_003203(7).png,2,team,0.4561,0.0376
ns_half6,YOLOv3-tiny,002_20200902_043107(7).png,1,team,0.4035,0.0106
ns_half6,YOLOv3-tiny,002_20200902_043112(1).png,1,team,0.4348,0.0077
ns_half6,YOLOv3-tiny,002_20200902_043116(4).png,1,team,0.3552,0.0301
ns_half6,YOLOv3-tiny,002_20200902_043120(6).png,1,team,0.4639,0.0231
ns_half6,YOLOv3-tiny,002_20200902_043124(9).png,1,team,0.3287,0.0369
ns_half6,YOLOv3-tiny,002_20200902_043129(2).png,1,team,0.3394,0.036
ns_half6,YOLOv3-tiny,002_20200902_082641(4).png,2,team,0.3946,0.1515
ns_half6,YOLOv3-tiny,002_20200902_082645(7).png,2,team,0.4811,0.0996
ns_half6,YOLOv3-tiny,002_20200902_082650(0).png,2,team,0.4727,0.267
ns_half6,YOLOv3-tiny,002_20200902_082654(4).png,2,team,0.3766,0.0168
ns_half6,YOLOv3-tiny,002_20200902_082658(4).png,2,team,0.4393,0.0516
ns_half6,YOLOv3-tiny,002_20200902_082702(8).png,2,team,0.4648,0.0568
ns_half6,YOLOv3-tiny,002_20200905_123055(0).png,2,official,0.4206,0.298
ns_half6,YOLOv3-tiny,002_20200905_123058(4).png,2,official,0.395,0.1399
ns_half6,YOLOv3-tiny,002_20200905_123102(0).png,2,official,0.2849,0.1684
ns_half6,YOLOv3-tiny,002_20200905_123105(0).png,2,official,0.3036,0.0405
ns_half6,YOLOv3-tiny,002_20200905_123108(4).png,2,official,0.4415,0.1893
ns_half6,YOLOv3-tiny,002_20200905_123112(0).png,2,official,0.4396,0.0891
ns_half6,YOLOv3-tiny,002_20200906_003059(0).png,1,official,0.4359,0.0686
ns_half6,YOLOv3-tiny,002_20200906_003114(8).png,1,official,0.1706,0.0101
ns_half6,YOLOv3-tiny,002_20200906_003118(7).png,1,official,0.2748,0.0137
ns_half6,YOLOv3-tiny,002_20200906_003122(7).png,1,official,0.4793,0.2042
ns_half6,YOLOv3-tiny,002_20200906_003126(8).png,1,official,0.3745,0.0217
ns_half6,YOLOv3-tiny,002_20200906_003132(7).png,1,official,0.3716,0.1395
ns_half6,YOLOv3-tiny,002_20200908_043119(7).png,2,team,0.4377,0.0279
ns_half6,YOLOv3-tiny,002_20200908_043124(3).png,2,team,0.4578,0.0401
ns_half6,YOLOv3-tiny,002_20200908_043128(8).png,2,team,0.4063,0.0938
ns_half6,YOLOv3-tiny,002_20200908_043133(4).png,2,team,0.3691,0.0943
ns_half6,YOLOv3-tiny,002_20200908_043137(8).png,2,team,0.4563,0.2387
ns_half6,YOLOv3-tiny,002_20200908_043142(4).png,2,team,0.4734,0.1515
ns_half6,YOLOv3-tiny,002_20200912_021405(0).png,1,team,0.4505,0.0032
ns_half6,YOLOv3-tiny,002_20200912_021411(6).png,1,team,0.4736,0.0939
ns_half6,YOLOv3-tiny,002_20200912_021417(8).png,1,team,0.4127,0.1387
ns_half6,YOLOv3-tiny,002_20200912_021420(7).png,1,team,0.495,0.0918
ns_half6,YOLOv3-tiny,002_20200912_021423(8).png,1,team,0.4749,0.0122
ns_half6,YOLOv3-tiny,002_20200912_021430(0).png,1,team,0.4044,0.1026
ns_half6,YOLOv3-tiny,002_20200912_123204(6).png,1,team,0.3545,0.0101
ns_half6,YOLOv3-tiny,002_20200912_123207(7).png,1,team,0.476,0.0028
ns_half6,YOLOv3-tiny,002_20200912_123210(6).png,1,team,0.4728,0.0768
ns_half6,YOLOv3-tiny,002_20200912_123216(4).png,1,team,0.306,0.0
ns_half6,YOLOv3-tiny,002_20200912_123219(3).png,1,team,0.4064,0.0
ns_half6,YOLOv3-tiny,002_20200912_123222(2).png,1,team,0.3741,0.0196
ns_half6,YOLOv3-tiny,002_20200914_203029(2).png,2,team,0.4936,0.2558
ns_half6,YOLOv3-tiny,002_20200914_203032(1).png,2,team,0.4904,0.0591
ns_half6,YOLOv3-tiny,002_20200914_203035(2).png,2,team,0.3253,0.0531
ns_half6,YOLOv3-tiny,002_20200914_203038(1).png,2,team,0.3691,0.0401
ns_half6,YOLOv3-tiny,002_20200914_203041(1).png,2,team,0.4565,0.1851
ns_half6,YOLOv3-tiny,002_20200914_203045(7).png,2,team,0.4808,0.1328
ns_half6,YOLOv3-tiny,002_20200915_003458(4).png,1,team,0.3863,0.0754
ns_half6,YOLOv3-tiny,002_20200915_003505(7).png,1,team,0.4216,0.0137
ns_half6,YOLOv3-tiny,002_20200915_003510(7).png,1,team,0.4465,0.0073
ns_half6,YOLOv3-tiny,002_20200915_003515(6).png,1,team,0.4508,0.0326
ns_half6,YOLOv3-tiny,002_20200915_003523(1).png,1,team,0.4299,0.0431
ns_half6,YOLOv3-tiny,002_20200915_003532(1).png,1,team,0.4584,0.0378
ns_half6,YOLOv3-tiny,002_20200915_163129(0).png,1,team,0.459,0.0353
ns_half6,YOLOv3-tiny,002_20200915_163133(5).png,1,team,0.4942,0.0349
ns_half6,YOLOv3-tiny,002_20200915_163144(0).png,1,team,0.3855,0.0126
ns_half6,YOLOv3-tiny,002_20200915_163154(5).png,1,team,0.4304,0.0064
ns_half6,YOLOv3-tiny,002_20200915_163158(9).png,1,team,0.4106,0.0079
ns_half6,YOLOv3-tiny,002_20200915_163203(4).png,1,team,0.4829,0.0093
ns_half6,YOLOv3-tiny,002_20200915_203209(5).png,1,team,0.4848,0.0151
ns_half6,YOLOv3-tiny,002_20200915_203212(5).png,1,team,0.4663,0.018
ns_half6,YOLOv3-tiny,002_20200915_203215(5).png,1,team,0.4678,0.073
ns_half6,YOLOv3-tiny,002_20200915_203218(5).png,1,team,0.3242,0.1036
ns_half6,YOLOv3-tiny,002_20200915_203224(4).png,1,team,0.4442,0.0474
ns_half6,YOLOv3-tiny,002_20200915_203229(1).png,1,team,0.3891,0.074
ns_half6,YOLOv3-tiny,002_20200917_003224(9).png,2,team,0.4065,0.1225
ns_half6,YOLOv3-tiny,002_20200917_003228(7).png,2,team,0.4789,0.0915
ns_half6,YOLOv3-tiny,002_20200917_003234(6).png,2,team,0.4692,0.2524
ns_half6,YOLOv3-tiny,002_20200917_003238(7).png,2,team,0.4986,0.193
ns_half6,YOLOv3-tiny,002_20200917_003242(7).png,2,team,0.4315,0.335
ns_half6,YOLOv3-tiny,002_20200917_003246(7).png,2,team,0.3697,0.0888
ns_half6,YOLOv3-tiny,002_20200917_083653(7).png,1,team,0.4429,0.009
ns_half6,YOLOv3-tiny,002_20200917_083659(5).png,1,team,0.4123,0.0604
ns_half6,YOLOv3-tiny,002_20200917_083703(5).png,1,team,0.3512,0.046
ns_half6,YOLOv3-tiny,002_20200917_083707(4).png,1,team,0.4873,0.0367
ns_half6,YOLOv3-tiny,002_20200917_083711(6).png,1,team,0.4122,0.0991
ns_half6,YOLOv3-tiny,002_20200917_083721(4).png,1,team,0.4797,0.0481
ns_half6,YOLOv3-tiny,002_20200918_043323(0).png,2,team,0.451,0.0202
ns_half6,YOLOv3-tiny,002_20200918_043326(6).png,2,team,0.4879,0.1031
ns_half6,YOLOv3-tiny,002_20200918_043330(5).png,2,team,0.4647,0.2009
ns_half6,YOLOv3-tiny,002_20200918_043334(3).png,2,team,0.5135,0.1068
ns_half6,YOLOv3-tiny,002_20200918_043338(2)__m2.png,2,team,0.4814,0.2193
ns_half6,YOLOv3-tiny,002_20200918_043342(2).png,2,team,0.4566,0.0846
ns_half6,YOLOv3-tiny,002_20200918_123306(7).png,1,team,0.4187,0.0117
ns_half6,YOLOv3-tiny,002_20200918_123310(6).png,1,team,0.3813,0.0049
ns_half6,YOLOv3-tiny,002_20200918_123314(6).png,1,team,0.3576,0.0029
ns_half6,YOLOv3-tiny,002_20200918_123318(7).png,1,team,0.4188,0.0179
ns_half6,YOLOv3-tiny,002_20200918_123322(5).png,1,team,0.4453,0.1802
ns_half6,YOLOv3-tiny,002_20200918_123331(0).png,1,team,0.2778,0.0915
ns_half6,YOLOv3-tiny,002_20200921_163038(3).png,2,team,0.4229,0.0637
ns_half6,YOLOv3-tiny,002_20200921_163042(3).png,2,team,0.3392,0.0409
ns_half6,YOLOv3-tiny,002_20200921_163045(4).png,2,team,0.4521,0.2259
ns_half6,YOLOv3-tiny,002_20200921_163049(6).png,2,team,0.4634,0.0207
ns_half6,YOLOv3-tiny,002_20200921_163052(5).png,2,team,0.4682,0.0034
ns_half6,YOLOv3-tiny,002_20200921_163055(5).png,2,team,0.4651,0.0644
ns_half6,YOLOv3-tiny,002_20200921_202239(4).png,2,team,0.438,0.1891
ns_half6,YOLOv3-tiny,002_20200921_202244(0).png,2,team,0.4893,0.1134
ns_half6,YOLOv3-tiny,002_20200921_202248(6).png,2,team,0.1965,0.2823
ns_half6,YOLOv3-tiny,002_20200921_202253(0).png,2,team,0.432,0.0366
ns_half6,YOLOv3-tiny,002_20200921_202257(4).png,2,team,0.4603,0.1087
ns_half6,YOLOv3-tiny,002_20200921_202303(6).png,2,team,0.4133,0.0293
ns_half6,YOLOv3-tiny,002_20200922_043105(7).png,1,team,0.337,0.099
ns_half6,YOLOv3-tiny,002_20200922_043110(2).png,1,team,0.3983,0.0477
ns_half6,YOLOv3-tiny,002_20200922_043114(8).png,1,team,0.3774,0.0078
ns_half6,YOLOv3-tiny,002_20200922_043119(3).png,1,team,0.3807,0.0642
ns_half6,YOLOv3-tiny,002_20200922_043123(8).png,1,team,0.377,0.027
ns_half6,YOLOv3-tiny,002_20200922_043128(2).png,1,team,0.449,0.0082
ns_half6,Faster R-CNN MobileNetV3-FPN,001_20200623_203217(4).png,3,official,0.997,0.0046
ns_half6,Faster R-CNN MobileNetV3-FPN,001_20200623_203222(0).png,3,official,0.9926,0.6034
ns_half6,Faster R-CNN MobileNetV3-FPN,001_20200623_203226(3).png,3,official,0.992,0.0352
ns_half6,Faster R-CNN MobileNetV3-FPN,001_20200623_203230(9).png,3,official,0.9972,0.2135
ns_half6,Faster R-CNN MobileNetV3-FPN,001_20200623_203235(3).png,3,official,0.9963,0.975
ns_half6,Faster R-CNN MobileNetV3-FPN,001_20200623_203247(5).png,3,official,0.9943,0.5755
ns_half6,Faster R-CNN MobileNetV3-FPN,001_20200625_043323(7).png,3,official,0.9943,0.2514
ns_half6,Faster R-CNN MobileNetV3-FPN,001_20200625_043328(3).png,3,official,0.9956,0.9136
ns_half6,Faster R-CNN MobileNetV3-FPN,001_20200625_043337(3).png,3,official,0.9964,0.4192
ns_half6,Faster R-CNN MobileNetV3-FPN,001_20200625_043341(7).png,3,official,0.997,0.1697
ns_half6,Faster R-CNN MobileNetV3-FPN,001_20200625_043346(2).png,3,official,0.9929,0.3016
ns_half6,Faster R-CNN MobileNetV3-FPN,001_20200625_043359(8).png,3,official,0.9986,0.8106
ns_half6,Faster R-CNN MobileNetV3-FPN,001_20200630_043538(1).png,3,team,0.9915,0.2279
ns_half6,Faster R-CNN MobileNetV3-FPN,001_20200630_043544(2).png,3,team,0.9947,0.8489
ns_half6,Faster R-CNN MobileNetV3-FPN,001_20200630_043548(7).png,3,team,0.9964,0.6171
ns_half6,Faster R-CNN MobileNetV3-FPN,001_20200630_043600(9).png,3,team,0.9937,0.6349
ns_half6,Faster R-CNN MobileNetV3-FPN,001_20200630_043605(5).png,3,team,0.9853,0.0428
ns_half6,Faster R-CNN MobileNetV3-FPN,001_20200630_083235(6).png,3,team,0.9977,0.5741
ns_half6,Faster R-CNN MobileNetV3-FPN,001_20200630_083322(2).png,3,team,0.9946,0.8805
ns_half6,Faster R-CNN MobileNetV3-FPN,001_20200630_083331(2).png,3,team,0.9947,0.8559
ns_half6,Faster R-CNN MobileNetV3-FPN,001_20200630_083350(7).png,3,team,0.9962,0.93
ns_half6,Faster R-CNN MobileNetV3-FPN,001_20200630_083355(1).png,3,team,0.9953,0.9632
ns_half6,Faster R-CNN MobileNetV3-FPN,001_20200630_083405(7).png,3,team,0.9961,0.8708
ns_half6,Faster R-CNN MobileNetV3-FPN,001_20200630_163111(8).png,3,team,0.9935,0.2233
ns_half6,Faster R-CNN MobileNetV3-FPN,001_20200630_163116(2).png,3,team,0.9933,0.1957
ns_half6,Faster R-CNN MobileNetV3-FPN,001_20200630_163120(7).png,3,team,0.9909,0.9252
ns_half6,Faster R-CNN MobileNetV3-FPN,001_20200630_163125(2).png,3,team,0.9965,0.449
ns_half6,Faster R-CNN MobileNetV3-FPN,001_20200630_163129(8).png,3,team,0.9945,0.013
ns_half6,Faster R-CNN MobileNetV3-FPN,001_20200630_163134(2).png,3,team,0.9957,0.8961
ns_half6,Faster R-CNN MobileNetV3-FPN,001_20200630_163147(8).png,3,team,0.9915,0.556
ns_half6,Faster R-CNN MobileNetV3-FPN,001_20200701_123507(7).png,3,team,0.9937,0.3424
ns_half6,Faster R-CNN MobileNetV3-FPN,001_20200701_123511(0).png,3,team,0.9962,0.7521
ns_half6,Faster R-CNN MobileNetV3-FPN,001_20200701_123514(1).png,3,team,0.9965,0.9732
ns_half6,Faster R-CNN MobileNetV3-FPN,001_20200701_123517(3).png,3,team,0.995,0.2793
ns_half6,Faster R-CNN MobileNetV3-FPN,001_20200701_123520(6).png,3,team,0.9982,0.4472
ns_half6,Faster R-CNN MobileNetV3-FPN,001_20200701_123523(9).png,3,team,0.9933,0.4056
ns_half6,Faster R-CNN MobileNetV3-FPN,001_20200708_163845(3).png,3,team,0.9943,0.3048
ns_half6,Faster R-CNN MobileNetV3-FPN,001_20200708_163848(2).png,3,team,0.9935,0.559
ns_half6,Faster R-CNN MobileNetV3-FPN,001_20200708_163851(0).png,3,team,0.9957,0.7202
ns_half6,Faster R-CNN MobileNetV3-FPN,001_20200708_163853(5).png,3,team,0.9972,0.0
ns_half6,Faster R-CNN MobileNetV3-FPN,001_20200708_163856(2).png,3,team,0.9956,0.5967
ns_half6,Faster R-CNN MobileNetV3-FPN,001_20200708_163858(9).png,3,team,0.9944,0.9575
ns_half6,Faster R-CNN MobileNetV3-FPN,001_20200708_203804(5).png,3,team,0.9969,0.8715
ns_half6,Faster R-CNN MobileNetV3-FPN,001_20200708_203844(8).png,3,team,0.9948,0.934
ns_half6,Faster R-CNN MobileNetV3-FPN,001_20200708_203917(6).png,3,team,0.996,0.837
ns_half6,Faster R-CNN MobileNetV3-FPN,001_20200713_202630(0).png,3,team,0.9959,0.238
ns_half6,Faster R-CNN MobileNetV3-FPN,001_20200713_202634(5).png,3,team,0.9976,0.8087
ns_half6,Faster R-CNN MobileNetV3-FPN,001_20200713_202639(1).png,3,team,0.9968,0.4447
ns_half6,Faster R-CNN MobileNetV3-FPN,001_20200713_202643(6).png,3,team,0.9941,0.8969
ns_half6,Faster R-CNN MobileNetV3-FPN,001_20200713_202648(2).png,3,team,0.9941,0.7889
ns_half6,Faster R-CNN MobileNetV3-FPN,001_20200713_202652(6).png,3,team,0.9949,0.7461
ns_half6,Faster R-CNN MobileNetV3-FPN,001_20200714_042943(8).png,3,team,0.9965,0.6307
ns_half6,Faster R-CNN MobileNetV3-FPN,001_20200714_042948(4).png,3,team,0.9946,0.8273
ns_half6,Faster R-CNN MobileNetV3-FPN,001_20200714_042957(3).png,3,team,0.9938,0.0259
ns_half6,Faster R-CNN MobileNetV3-FPN,001_20200714_043001(8).png,3,team,0.9956,0.9353
ns_half6,Faster R-CNN MobileNetV3-FPN,001_20200714_043006(2).png,3,team,0.9966,0.9773
ns_half6,Faster R-CNN MobileNetV3-FPN,001_20200714_043010(8).png,3,team,0.9952,0.8877
ns_half6,Faster R-CNN MobileNetV3-FPN,001_20200715_083509(3).png,3,team,0.9935,0.9867
ns_half6,Faster R-CNN MobileNetV3-FPN,001_20200715_083513(8).png,3,team,0.9955,0.8662
ns_half6,Faster R-CNN MobileNetV3-FPN,001_20200715_083518(2).png,3,team,0.9969,0.517
ns_half6,Faster R-CNN MobileNetV3-FPN,001_20200715_083522(7).png,3,team,0.9985,0.6929
ns_half6,Faster R-CNN MobileNetV3-FPN,001_20200715_083527(3).png,3,team,0.9947,0.1755
ns_half6,Faster R-CNN MobileNetV3-FPN,001_20200715_083531(8).png,3,team,0.9937,0.4239
ns_half6,Faster R-CNN MobileNetV3-FPN,001_20200722_083525(2).png,3,team,0.9945,0.0
ns_half6,Faster R-CNN MobileNetV3-FPN,001_20200722_083529(6).png,3,team,0.977,0.0774
ns_half6,Faster R-CNN MobileNetV3-FPN,001_20200728_163910(5).png,3,official,0.9921,0.0494
ns_half6,Faster R-CNN MobileNetV3-FPN,001_20200728_163913(6).png,3,official,0.9883,0.0711
ns_half6,Faster R-CNN MobileNetV3-FPN,001_20200814_033012(7).png,3,official,0.9913,0.0
ns_half6,Faster R-CNN MobileNetV3-FPN,001_20200814_033016(6).png,3,official,0.9952,0.0
ns_half6,Faster R-CNN MobileNetV3-FPN,001_20200814_043321(6).png,3,official,0.9944,0.1048
ns_half6,Faster R-CNN MobileNetV3-FPN,001_20200814_043345(8).png,3,team,0.9854,0.0
ns_half6,Faster R-CNN MobileNetV3-FPN,001_20200818_123634(4).png,3,official,0.9804,0.0023
ns_half6,Faster R-CNN MobileNetV3-FPN,001_20200818_123638(1).png,3,team,0.9902,0.0
ns_half6,Faster R-CNN MobileNetV3-FPN,001_20200831_083711(6).png,3,official,0.9944,0.0
ns_half6,Faster R-CNN MobileNetV3-FPN,001_20200831_083714(8).png,3,official,0.9982,0.0
ns_half6,Faster R-CNN MobileNetV3-FPN,001_20200905_003911(9).png,3,team,0.9879,0.0
ns_half6,Faster R-CNN MobileNetV3-FPN,001_20200905_003914(9).png,3,team,0.9884,0.0
ns_half6,Faster R-CNN MobileNetV3-FPN,001_20200905_003918(2).png,3,team,0.9962,0.0835
ns_half6,Faster R-CNN MobileNetV3-FPN,001_20200905_003921(2).png,3,team,0.9971,0.0
ns_half6,Faster R-CNN MobileNetV3-FPN,001_20200905_003924(3).png,3,team,0.9973,0.2383
ns_half6,Faster R-CNN MobileNetV3-FPN,001_20200905_003927(3).png,3,team,0.9941,0.0
ns_half6,Faster R-CNN MobileNetV3-FPN,001_20200905_083552(0).png,3,team,0.9903,0.0
ns_half6,Faster R-CNN MobileNetV3-FPN,001_20200905_083555(2).png,3,team,0.9975,0.0
ns_half6,Faster R-CNN MobileNetV3-FPN,001_20200905_083558(2).png,3,team,0.9975,0.0
ns_half6,Faster R-CNN MobileNetV3-FPN,001_20200905_083603(0).png,3,team,0.9976,0.0
ns_half6,Faster R-CNN MobileNetV3-FPN,001_20200905_083606(6).png,3,team,0.9905,0.0
ns_half6,Faster R-CNN MobileNetV3-FPN,001_20200905_083609(7).png,3,team,0.9961,0.0108
ns_half6,Faster R-CNN MobileNetV3-FPN,001_20200914_083101(5).png,3,team,0.9961,0.0
ns_half6,Faster R-CNN MobileNetV3-FPN,001_20200914_083105(1).png,3,team,0.9943,0.0
ns_half6,Faster R-CNN MobileNetV3-FPN,001_20200914_083108(8).png,3,team,0.987,0.0028
ns_half6,Faster R-CNN MobileNetV3-FPN,001_20200914_083111(5).png,3,team,0.9902,0.0
ns_half6,Faster R-CNN MobileNetV3-FPN,001_20200914_083114(5).png,3,team,0.996,0.0
ns_half6,Faster R-CNN MobileNetV3-FPN,001_20200914_083117(5).png,3,team,0.9965,0.0
ns_half6,Faster R-CNN MobileNetV3-FPN,001_20200915_003734(8).png,3,team,0.9937,0.0
ns_half6,Faster R-CNN MobileNetV3-FPN,001_20200915_003737(5).png,3,team,0.9978,0.0
ns_half6,Faster R-CNN MobileNetV3-FPN,001_20200915_003740(4).png,3,team,0.9638,0.0
ns_half6,Faster R-CNN MobileNetV3-FPN,001_20200915_003743(5).png,3,team,0.9964,0.0
ns_half6,Faster R-CNN MobileNetV3-FPN,001_20200915_003746(5).png,3,team,0.9967,0.0
ns_half6,Faster R-CNN MobileNetV3-FPN,001_20200915_003749(6).png,3,team,0.9883,0.0
ns_half6,Faster R-CNN MobileNetV3-FPN,001_20200918_004019(6).png,3,team,0.9943,0.0282
ns_half6,Faster R-CNN MobileNetV3-FPN,001_20200918_004022(5).png,3,team,0.996,0.0
ns_half6,Faster R-CNN MobileNetV3-FPN,001_20200918_004025(8).png,3,team,0.9918,0.0
ns_half6,Faster R-CNN MobileNetV3-FPN,001_20200918_004029(0).png,3,team,0.9982,0.0
ns_half6,Faster R-CNN MobileNetV3-FPN,001_20200918_004032(2).png,3,team,0.9835,0.0
ns_half6,Faster R-CNN MobileNetV3-FPN,001_20200918_004036(3).png,3,team,0.9977,0.6521
ns_half6,Faster R-CNN MobileNetV3-FPN,001_20200918_043556(8).png,3,team,0.9968,0.821
ns_half6,Faster R-CNN MobileNetV3-FPN,001_20200918_043559(9).png,3,team,0.9936,0.0
ns_half6,Faster R-CNN MobileNetV3-FPN,001_20200918_043602(9).png,3,team,0.9975,0.9587
ns_half6,Faster R-CNN MobileNetV3-FPN,001_20200918_043606(0).png,3,team,0.9779,0.371
ns_half6,Faster R-CNN MobileNetV3-FPN,001_20200918_043609(2).png,3,team,0.9964,0.0
ns_half6,Faster R-CNN MobileNetV3-FPN,001_20200918_043612(4).png,3,team,0.9986,0.0036
ns_half6,Faster R-CNN MobileNetV3-FPN,001_20200918_083036(8).png,3,team,0.9931,0.0
ns_half6,Faster R-CNN MobileNetV3-FPN,001_20200918_083039(9).png,3,team,0.9954,0.0
ns_half6,Faster R-CNN MobileNetV3-FPN,001_20200918_083042(8).png,3,team,0.9871,0.0374
ns_half6,Faster R-CNN MobileNetV3-FPN,001_20200918_083045(5).png,3,team,0.9979,0.0
ns_half6,Faster R-CNN MobileNetV3-FPN,001_20200918_083048(5).png,3,team,0.9977,0.0
ns_half6,Faster R-CNN MobileNetV3-FPN,001_20200918_083051(4).png,3,team,0.9971,0.0
ns_half6,Faster R-CNN MobileNetV3-FPN,001_20200921_163325(1).png,3,team,0.9942,0.0583
ns_half6,Faster R-CNN MobileNetV3-FPN,001_20200921_163329(4).png,3,team,0.9971,0.0
ns_half6,Faster R-CNN MobileNetV3-FPN,001_20200921_163333(8).png,3,team,0.9967,0.0
ns_half6,Faster R-CNN MobileNetV3-FPN,001_20200921_163338(1).png,3,team,0.9982,0.0
ns_half6,Faster R-CNN MobileNetV3-FPN,001_20200921_163342(6).png,3,team,0.9982,0.0
ns_half6,Faster R-CNN MobileNetV3-FPN,001_20200921_163346(9).png,3,team,0.9981,0.0
ns_half6,Faster R-CNN MobileNetV3-FPN,001_20200922_003308(2).png,3,team,0.9975,0.0
ns_half6,Faster R-CNN MobileNetV3-FPN,001_20200922_003312(7).png,3,team,0.9989,0.0043
ns_half6,Faster R-CNN MobileNetV3-FPN,001_20200922_003317(2).png,3,team,0.995,0.0
ns_half6,Faster R-CNN MobileNetV3-FPN,001_20200922_003321(7).png,3,team,0.9957,0.0
ns_half6,Faster R-CNN MobileNetV3-FPN,001_20200922_003326(6).png,3,team,0.9973,0.0
ns_half6,Faster R-CNN MobileNetV3-FPN,001_20200922_003330(7).png,3,team,0.9906,0.1143
ns_half6,Faster R-CNN MobileNetV3-FPN,002_20200623_043039(3).png,1,official,0.9949,0.9934
ns_half6,Faster R-CNN MobileNetV3-FPN,002_20200623_043043(2).png,1,official,0.9957,0.9958
ns_half6,Faster R-CNN MobileNetV3-FPN,002_20200623_043047(2).png,1,official,0.997,0.9959
ns_half6,Faster R-CNN MobileNetV3-FPN,002_20200623_043051(3).png,1,official,0.9957,0.9933
ns_half6,Faster R-CNN MobileNetV3-FPN,002_20200623_043055(3).png,1,official,0.9961,0.9974
ns_half6,Faster R-CNN MobileNetV3-FPN,002_20200623_043059(4).png,1,official,0.9947,0.9934
ns_half6,Faster R-CNN MobileNetV3-FPN,002_20200623_203040(4).png,1,official,0.9939,0.9942
ns_half6,Faster R-CNN MobileNetV3-FPN,002_20200623_203044(0).png,1,official,0.995,0.9935
ns_half6,Faster R-CNN MobileNetV3-FPN,002_20200623_203047(7).png,1,official,0.995,0.9886
ns_half6,Faster R-CNN MobileNetV3-FPN,002_20200623_203051(2).png,1,official,0.9958,0.9933
ns_half6,Faster R-CNN MobileNetV3-FPN,002_20200623_203054(7).png,1,official,0.9979,0.9974
ns_half6,Faster R-CNN MobileNetV3-FPN,002_20200623_203058(3).png,1,official,0.9967,0.9957
ns_half6,Faster R-CNN MobileNetV3-FPN,002_20200624_003115(6).png,2,official,0.9926,0.9911
ns_half6,Faster R-CNN MobileNetV3-FPN,002_20200624_003118(6).png,2,official,0.9971,0.9969
ns_half6,Faster R-CNN MobileNetV3-FPN,002_20200624_003123(0).png,2,official,0.9952,0.9943
ns_half6,Faster R-CNN MobileNetV3-FPN,002_20200624_003127(5).png,2,official,0.9941,0.9868
ns_half6,Faster R-CNN MobileNetV3-FPN,002_20200624_003132(0).png,2,official,0.9909,0.9847
ns_half6,Faster R-CNN MobileNetV3-FPN,002_20200624_003136(5).png,2,official,0.9911,0.9885
ns_half6,Faster R-CNN MobileNetV3-FPN,002_20200624_043136(9).png,2,official,0.9954,0.9917
ns_half6,Faster R-CNN MobileNetV3-FPN,002_20200624_043141(4).png,2,official,0.9943,0.9898
ns_half6,Faster R-CNN MobileNetV3-FPN,002_20200624_043145(8).png,2,official,0.9926,0.9919
ns_half6,Faster R-CNN MobileNetV3-FPN,002_20200624_043150(3).png,2,official,0.9951,0.9901
ns_half6,Faster R-CNN MobileNetV3-FPN,002_20200624_043154(8).png,2,official,0.9958,0.9864
ns_half6,Faster R-CNN MobileNetV3-FPN,002_20200624_043159(4).png,2,official,0.9938,0.9884
ns_half6,Faster R-CNN MobileNetV3-FPN,002_20200624_083045(5).png,1,official,0.9939,0.9855
ns_half6,Faster R-CNN MobileNetV3-FPN,002_20200624_083049(6).png,1,official,0.9928,0.9955
ns_half6,Faster R-CNN MobileNetV3-FPN,002_20200624_083053(3).png,1,official,0.9964,0.993
ns_half6,Faster R-CNN MobileNetV3-FPN,002_20200624_083057(4).png,1,official,0.9906,0.9888
ns_half6,Faster R-CNN MobileNetV3-FPN,002_20200624_083101(4).png,1,official,0.9927,0.9906
ns_half6,Faster R-CNN MobileNetV3-FPN,002_20200624_083105(5).png,1,official,0.9945,0.9929
ns_half6,Faster R-CNN MobileNetV3-FPN,002_20200624_123122(6).png,1,official,0.997,0.9953
ns_half6,Faster R-CNN MobileNetV3-FPN,002_20200624_123126(4).png,1,official,0.9961,0.9949
ns_half6,Faster R-CNN MobileNetV3-FPN,002_20200624_123129(9).png,1,official,0.9971,0.9968
ns_half6,Faster R-CNN MobileNetV3-FPN,002_20200624_123133(0).png,1,official,0.9909,0.9854
ns_half6,Faster R-CNN MobileNetV3-FPN,002_20200624_123136(5).png,1,official,0.9712,0.9914
ns_half6,Faster R-CNN MobileNetV3-FPN,002_20200624_123143(7).png,1,official,0.9894,0.9954
ns_half6,Faster R-CNN MobileNetV3-FPN,002_20200630_163105(7).png,2,team,0.9943,0.9955
ns_half6,Faster R-CNN MobileNetV3-FPN,002_20200630_163108(9).png,2,team,0.9952,0.9867
ns_half6,Faster R-CNN MobileNetV3-FPN,002_20200630_163112(5).png,2,team,0.9883,0.981
ns_half6,Faster R-CNN MobileNetV3-FPN,002_20200630_163116(0).png,2,team,0.9968,0.9947
ns_half6,Faster R-CNN MobileNetV3-FPN,002_20200630_163119(5).png,2,team,0.9974,0.9942
ns_half6,Faster R-CNN MobileNetV3-FPN,002_20200630_163122(8).png,2,team,0.9927,0.9899
ns_half6,Faster R-CNN MobileNetV3-FPN,002_20200701_083102(9).png,2,team,0.9962,0.9948
ns_half6,Faster R-CNN MobileNetV3-FPN,002_20200701_083105(7).png,2,team,0.9982,0.9957
ns_half6,Faster R-CNN MobileNetV3-FPN,002_20200701_083108(8).png,2,team,0.9942,0.9926
ns_half6,Faster R-CNN MobileNetV3-FPN,002_20200701_083111(8).png,2,team,0.9954,0.9932
ns_half6,Faster R-CNN MobileNetV3-FPN,002_20200701_083114(8).png,2,team,0.9963,0.9946
ns_half6,Faster R-CNN MobileNetV3-FPN,002_20200701_083117(8).png,2,team,0.9952,0.9914
ns_half6,Faster R-CNN MobileNetV3-FPN,002_20200701_163100(6).png,2,team,0.9931,0.9966
ns_half6,Faster R-CNN MobileNetV3-FPN,002_20200701_163104(5).png,2,team,0.9913,0.9907
ns_half6,Faster R-CNN MobileNetV3-FPN,002_20200701_163108(4).png,2,team,0.9961,0.9911
ns_half6,Faster R-CNN MobileNetV3-FPN,002_20200701_163112(3).png,2,team,0.9876,0.9802
ns_half6,Faster R-CNN MobileNetV3-FPN,002_20200701_163116(3).png,2,team,0.9866,0.988
ns_half6,Faster R-CNN MobileNetV3-FPN,002_20200701_163120(4).png,2,team,0.9929,0.9946
ns_half6,Faster R-CNN MobileNetV3-FPN,002_20200701_203037(6).png,1,team,0.995,0.9963
ns_half6,Faster R-CNN MobileNetV3-FPN,002_20200701_203040(8).png,1,team,0.9942,0.9925
ns_half6,Faster R-CNN MobileNetV3-FPN,002_20200701_203043(9).png,1,team,0.9977,0.9905
ns_half6,Faster R-CNN MobileNetV3-FPN,002_20200701_203046(9).png,1,team,0.9929,0.9894
ns_half6,Faster R-CNN MobileNetV3-FPN,002_20200701_203050(0).png,1,team,0.9919,0.9949
ns_half6,Faster R-CNN MobileNetV3-FPN,002_20200701_203053(0).png,1,team,0.995,0.991
ns_half6,Faster R-CNN MobileNetV3-FPN,002_20200713_091056(8).png,2,team,0.9956,0.9911
ns_half6,Faster R-CNN MobileNetV3-FPN,002_20200713_091100(5).png,2,team,0.9956,0.9948
ns_half6,Faster R-CNN MobileNetV3-FPN,002_20200713_091103(8).png,2,team,0.9938,0.9898
ns_half6,Faster R-CNN MobileNetV3-FPN,002_20200713_091106(9).png,2,team,0.9963,0.9914
ns_half6,Faster R-CNN MobileNetV3-FPN,002_20200713_091109(9).png,2,team,0.9905,0.9885
ns_half6,Faster R-CNN MobileNetV3-FPN,002_20200713_091112(5).png,2,team,0.996,0.9952
ns_half6,Faster R-CNN MobileNetV3-FPN,002_20200713_123358(8).png,2,team,0.9897,0.9828
ns_half6,Faster R-CNN MobileNetV3-FPN,002_20200713_123403(4).png,2,team,0.9943,0.976
ns_half6,Faster R-CNN MobileNetV3-FPN,002_20200713_123408(0).png,2,team,0.9919,0.9911
ns_half6,Faster R-CNN MobileNetV3-FPN,002_20200713_123412(4).png,2,team,0.9932,0.9883
ns_half6,Faster R-CNN MobileNetV3-FPN,002_20200713_123416(9).png,2,team,0.994,0.9873
ns_half6,Faster R-CNN MobileNetV3-FPN,002_20200713_123421(4).png,2,team,0.9947,0.9837
ns_half6,Faster R-CNN MobileNetV3-FPN,002_20200713_202718(1).png,2,team,0.993,0.9942
ns_half6,Faster R-CNN MobileNetV3-FPN,002_20200713_202722(5).png,2,team,0.995,0.9945
ns_half6,Faster R-CNN MobileNetV3-FPN,002_20200713_202726(9).png,2,team,0.9969,0.9934
ns_half6,Faster R-CNN MobileNetV3-FPN,002_20200713_202731(4).png,2,team,0.9951,0.9939
ns_half6,Faster R-CNN MobileNetV3-FPN,002_20200713_202735(9).png,2,team,0.9923,0.9898
ns_half6,Faster R-CNN MobileNetV3-FPN,002_20200713_202743(4).png,2,team,0.9961,0.993
ns_half6,Faster R-CNN MobileNetV3-FPN,002_20200714_123109(8).png,1,official,0.9947,0.9959
ns_half6,Faster R-CNN MobileNetV3-FPN,002_20200714_123113(1).png,1,official,0.9937,0.9887
ns_half6,Faster R-CNN MobileNetV3-FPN,002_20200714_123117(3).png,1,official,0.9968,0.9961
ns_half6,Faster R-CNN MobileNetV3-FPN,002_20200714_123120(4).png,1,official,0.9962,0.9899
ns_half6,Faster R-CNN MobileNetV3-FPN,002_20200714_123123(5).png,1,official,0.9974,0.9972
ns_half6,Faster R-CNN MobileNetV3-FPN,002_20200714_123126(4).png,1,official,0.9962,0.9941
ns_half6,Faster R-CNN MobileNetV3-FPN,002_20200721_163536(6).png,2,team,0.9954,0.9169
ns_half6,Faster R-CNN MobileNetV3-FPN,002_20200721_163539(9).png,2,team,0.9938,0.7919
ns_half6,Faster R-CNN MobileNetV3-FPN,002_20200721_163543(2).png,2,team,0.9965,0.9788
ns_half6,Faster R-CNN MobileNetV3-FPN,002_20200721_163548(0).png,2,team,0.9972,0.9865
ns_half6,Faster R-CNN MobileNetV3-FPN,002_20200721_163551(3).png,2,team,0.9959,0.9931
ns_half6,Faster R-CNN MobileNetV3-FPN,002_20200721_163554(6).png,2,team,0.9978,0.9943
ns_half6,Faster R-CNN MobileNetV3-FPN,002_20200722_043432(7).png,1,team,0.9982,0.9961
ns_half6,Faster R-CNN MobileNetV3-FPN,002_20200722_043437(0).png,1,team,0.9986,0.9936
ns_half6,Faster R-CNN MobileNetV3-FPN,002_20200722_131101(2).png,2,team,0.9945,0.9765
ns_half6,Faster R-CNN MobileNetV3-FPN,002_20200722_131105(7).png,2,team,0.9956,0.9884
ns_half6,Faster R-CNN MobileNetV3-FPN,002_20200723_043256(5).png,1,team,0.9939,0.9898
ns_half6,Faster R-CNN MobileNetV3-FPN,002_20200723_043258(3).png,1,team,0.9982,0.9222
ns_half6,Faster R-CNN MobileNetV3-FPN,002_20200723_123129(3).png,1,team,0.9929,0.9056
ns_half6,Faster R-CNN MobileNetV3-FPN,002_20200723_123133(9).png,1,team,0.9982,0.997
ns_half6,Faster R-CNN MobileNetV3-FPN,002_20200723_203129(9).png,1,team,0.9941,0.9574
ns_half6,Faster R-CNN MobileNetV3-FPN,002_20200723_203134(3).png,1,team,0.9969,0.8952
ns_half6,Faster R-CNN MobileNetV3-FPN,002_20200724_003201(9).png,1,team,0.9976,0.9879
ns_half6,Faster R-CNN MobileNetV3-FPN,002_20200724_003206(4).png,1,team,0.9971,0.9945
ns_half6,Faster R-CNN MobileNetV3-FPN,002_20200727_204612(5).png,1,team,0.9989,0.9969
ns_half6,Faster R-CNN MobileNetV3-FPN,002_20200727_204634(7).png,1,team,0.9966,0.9367
ns_half6,Faster R-CNN MobileNetV3-FPN,002_20200728_043429(7).png,2,team,0.998,0.8675
ns_half6,Faster R-CNN MobileNetV3-FPN,002_20200728_043435(6).png,2,team,0.9976,0.9949
ns_half6,Faster R-CNN MobileNetV3-FPN,002_20200728_123102(5).png,2,team,0.9954,0.9898
ns_half6,Faster R-CNN MobileNetV3-FPN,002_20200728_123106(5).png,2,team,0.9982,0.9908
ns_half6,Faster R-CNN MobileNetV3-FPN,002_20200814_083411(8).png,2,team,0.9977,0.986
ns_half6,Faster R-CNN MobileNetV3-FPN,002_20200814_083414(7).png,2,team,0.9982,0.9907
ns_half6,Faster R-CNN MobileNetV3-FPN,002_20200819_124217(5).png,2,team,0.9966,0.8815
ns_half6,Faster R-CNN MobileNetV3-FPN,002_20200819_124225(2).png,2,team,0.9977,0.9853
ns_half6,Faster R-CNN MobileNetV3-FPN,002_20200831_163123(9).png,1,team,0.9993,0.9913
ns_half6,Faster R-CNN MobileNetV3-FPN,002_20200831_163130(0).png,1,team,0.9985,0.9976
ns_half6,Faster R-CNN MobileNetV3-FPN,002_20200901_043133(6).png,2,official,0.9994,0.9982
ns_half6,Faster R-CNN MobileNetV3-FPN,002_20200901_043136(6).png,2,official,0.9972,0.0397
ns_half6,Faster R-CNN MobileNetV3-FPN,002_20200901_043139(6).png,2,official,0.9986,0.899
ns_half6,Faster R-CNN MobileNetV3-FPN,002_20200901_043142(6).png,2,official,0.9988,0.9942
ns_half6,Faster R-CNN MobileNetV3-FPN,002_20200901_043145(5).png,2,official,0.9993,0.9964
ns_half6,Faster R-CNN MobileNetV3-FPN,002_20200901_043148(6).png,2,official,0.9992,0.9864
ns_half6,Faster R-CNN MobileNetV3-FPN,002_20200901_191340(2).png,2,official,0.999,0.9981
ns_half6,Faster R-CNN MobileNetV3-FPN,002_20200901_191343(2).png,2,official,0.9982,0.9944
ns_half6,Faster R-CNN MobileNetV3-FPN,002_20200901_191346(1).png,2,official,0.996,0.9931
ns_half6,Faster R-CNN MobileNetV3-FPN,002_20200901_191348(8).png,2,official,0.9987,0.9651
ns_half6,Faster R-CNN MobileNetV3-FPN,002_20200901_191351(5).png,2,official,0.998,0.9961
ns_half6,Faster R-CNN MobileNetV3-FPN,002_20200901_191354(2).png,2,team,0.9983,0.9936
ns_half6,Faster R-CNN MobileNetV3-FPN,002_20200902_003149(5).png,2,team,0.9981,0.9956
ns_half6,Faster R-CNN MobileNetV3-FPN,002_20200902_003152(5).png,2,team,0.9975,0.9912
ns_half6,Faster R-CNN MobileNetV3-FPN,002_20200902_003155(5).png,2,team,0.9987,0.9964
ns_half6,Faster R-CNN MobileNetV3-FPN,002_20200902_003158(2).png,2,team,0.9988,0.9874
ns_half6,Faster R-CNN MobileNetV3-FPN,002_20200902_003200(9).png,2,team,0.999,0.9944
ns_half6,Faster R-CNN MobileNetV3-FPN,002_20200902_003203(7).png,2,team,0.9989,0.957
ns_half6,Faster R-CNN MobileNetV3-FPN,002_20200902_043107(7).png,1,team,0.998,0.9932
ns_half6,Faster R-CNN MobileNetV3-FPN,002_20200902_043112(1).png,1,team,0.9994,0.9896
ns_half6,Faster R-CNN MobileNetV3-FPN,002_20200902_043116(4).png,1,team,0.9995,0.9985
ns_half6,Faster R-CNN MobileNetV3-FPN,002_20200902_043120(6).png,1,team,0.9989,0.9959
ns_half6,Faster R-CNN MobileNetV3-FPN,002_20200902_043124(9).png,1,team,0.9992,0.9967
ns_half6,Faster R-CNN MobileNetV3-FPN,002_20200902_043129(2).png,1,team,0.9982,0.9964
ns_half6,Faster R-CNN MobileNetV3-FPN,002_20200902_082641(4).png,2,team,0.9976,0.9938
ns_half6,Faster R-CNN MobileNetV3-FPN,002_20200902_082645(7).png,2,team,0.9979,0.9838
ns_half6,Faster R-CNN MobileNetV3-FPN,002_20200902_082650(0).png,2,team,0.9979,0.9952
ns_half6,Faster R-CNN MobileNetV3-FPN,002_20200902_082654(4).png,2,team,0.9978,0.9702
ns_half6,Faster R-CNN MobileNetV3-FPN,002_20200902_082658(4).png,2,team,0.9987,0.9869
ns_half6,Faster R-CNN MobileNetV3-FPN,002_20200902_082702(8).png,2,team,0.9993,0.9881
ns_half6,Faster R-CNN MobileNetV3-FPN,002_20200905_123055(0).png,2,official,0.9979,0.9934
ns_half6,Faster R-CNN MobileNetV3-FPN,002_20200905_123058(4).png,2,official,0.9985,0.9957
ns_half6,Faster R-CNN MobileNetV3-FPN,002_20200905_123102(0).png,2,official,0.9982,0.9931
ns_half6,Faster R-CNN MobileNetV3-FPN,002_20200905_123105(0).png,2,official,0.9989,0.9844
ns_half6,Faster R-CNN MobileNetV3-FPN,002_20200905_123108(4).png,2,official,0.9981,0.864
ns_half6,Faster R-CNN MobileNetV3-FPN,002_20200905_123112(0).png,2,official,0.9991,0.9167
ns_half6,Faster R-CNN MobileNetV3-FPN,002_20200906_003059(0).png,1,official,0.9995,0.9982
ns_half6,Faster R-CNN MobileNetV3-FPN,002_20200906_003114(8).png,1,official,0.999,0.9962
ns_half6,Faster R-CNN MobileNetV3-FPN,002_20200906_003118(7).png,1,official,0.9986,0.9984
ns_half6,Faster R-CNN MobileNetV3-FPN,002_20200906_003122(7).png,1,official,0.9988,0.994
ns_half6,Faster R-CNN MobileNetV3-FPN,002_20200906_003126(8).png,1,official,0.9992,0.998
ns_half6,Faster R-CNN MobileNetV3-FPN,002_20200906_003132(7).png,1,official,0.9961,0.9944
ns_half6,Faster R-CNN MobileNetV3-FPN,002_20200908_043119(7).png,2,team,0.998,0.9807
ns_half6,Faster R-CNN MobileNetV3-FPN,002_20200908_043124(3).png,2,team,0.9988,0.9763
ns_half6,Faster R-CNN MobileNetV3-FPN,002_20200908_043128(8).png,2,team,0.9989,0.9798
ns_half6,Faster R-CNN MobileNetV3-FPN,002_20200908_043133(4).png,2,team,0.9975,0.9933
ns_half6,Faster R-CNN MobileNetV3-FPN,002_20200908_043137(8).png,2,team,0.9982,0.9964
ns_half6,Faster R-CNN MobileNetV3-FPN,002_20200908_043142(4).png,2,team,0.9972,0.971
ns_half6,Faster R-CNN MobileNetV3-FPN,002_20200912_021405(0).png,1,team,0.9989,0.9979
ns_half6,Faster R-CNN MobileNetV3-FPN,002_20200912_021411(6).png,1,team,0.9981,0.9972
ns_half6,Faster R-CNN MobileNetV3-FPN,002_20200912_021417(8).png,1,team,0.9972,0.998
ns_half6,Faster R-CNN MobileNetV3-FPN,002_20200912_021420(7).png,1,team,0.9995,0.9977
ns_half6,Faster R-CNN MobileNetV3-FPN,002_20200912_021423(8).png,1,team,0.9986,0.9967
ns_half6,Faster R-CNN MobileNetV3-FPN,002_20200912_021430(0).png,1,team,0.9993,0.9969
ns_half6,Faster R-CNN MobileNetV3-FPN,002_20200912_123204(6).png,1,team,0.9993,0.9892
ns_half6,Faster R-CNN MobileNetV3-FPN,002_20200912_123207(7).png,1,team,0.9992,0.9968
ns_half6,Faster R-CNN MobileNetV3-FPN,002_20200912_123210(6).png,1,team,0.9993,0.9805
ns_half6,Faster R-CNN MobileNetV3-FPN,002_20200912_123216(4).png,1,team,0.9988,0.976
ns_half6,Faster R-CNN MobileNetV3-FPN,002_20200912_123219(3).png,1,team,0.9994,0.9947
ns_half6,Faster R-CNN MobileNetV3-FPN,002_20200912_123222(2).png,1,team,0.9982,0.9935
ns_half6,Faster R-CNN MobileNetV3-FPN,002_20200914_203029(2).png,2,team,0.9985,0.9951
ns_half6,Faster R-CNN MobileNetV3-FPN,002_20200914_203032(1).png,2,team,0.9986,0.9905
ns_half6,Faster R-CNN MobileNetV3-FPN,002_20200914_203035(2).png,2,team,0.9952,0.9862
ns_half6,Faster R-CNN MobileNetV3-FPN,002_20200914_203038(1).png,2,team,0.9946,0.9874
ns_half6,Faster R-CNN MobileNetV3-FPN,002_20200914_203041(1).png,2,team,0.9988,0.9978
ns_half6,Faster R-CNN MobileNetV3-FPN,002_20200914_203045(7).png,2,team,0.999,0.9947
ns_half6,Faster R-CNN MobileNetV3-FPN,002_20200915_003458(4).png,1,team,0.9994,0.9981
ns_half6,Faster R-CNN MobileNetV3-FPN,002_20200915_003505(7).png,1,team,0.999,0.9931
ns_half6,Faster R-CNN MobileNetV3-FPN,002_20200915_003510(7).png,1,team,0.999,0.9837
ns_half6,Faster R-CNN MobileNetV3-FPN,002_20200915_003515(6).png,1,team,0.9979,0.9976
ns_half6,Faster R-CNN MobileNetV3-FPN,002_20200915_003523(1).png,1,team,0.999,0.9958
ns_half6,Faster R-CNN MobileNetV3-FPN,002_20200915_003532(1).png,1,team,0.9987,0.9962
ns_half6,Faster R-CNN MobileNetV3-FPN,002_20200915_163129(0).png,1,team,0.9987,0.9886
ns_half6,Faster R-CNN MobileNetV3-FPN,002_20200915_163133(5).png,1,team,0.9987,0.9986
ns_half6,Faster R-CNN MobileNetV3-FPN,002_20200915_163144(0).png,1,team,0.9988,0.9807
ns_half6,Faster R-CNN MobileNetV3-FPN,002_20200915_163154(5).png,1,team,0.9996,0.997
ns_half6,Faster R-CNN MobileNetV3-FPN,002_20200915_163158(9).png,1,team,0.9992,0.9991
ns_half6,Faster R-CNN MobileNetV3-FPN,002_20200915_163203(4).png,1,team,0.9979,0.9797
ns_half6,Faster R-CNN MobileNetV3-FPN,002_20200915_203209(5).png,1,team,0.9985,0.9955
ns_half6,Faster R-CNN MobileNetV3-FPN,002_20200915_203212(5).png,1,team,0.9991,0.9987
ns_half6,Faster R-CNN MobileNetV3-FPN,002_20200915_203215(5).png,1,team,0.999,0.9979
ns_half6,Faster R-CNN MobileNetV3-FPN,002_20200915_203218(5).png,1,team,0.9985,0.9981
ns_half6,Faster R-CNN MobileNetV3-FPN,002_20200915_203224(4).png,1,team,0.9994,0.9986
ns_half6,Faster R-CNN MobileNetV3-FPN,002_20200915_203229(1).png,1,team,0.998,0.9964
ns_half6,Faster R-CNN MobileNetV3-FPN,002_20200917_003224(9).png,2,team,0.9983,0.9915
ns_half6,Faster R-CNN MobileNetV3-FPN,002_20200917_003228(7).png,2,team,0.9985,0.9947
ns_half6,Faster R-CNN MobileNetV3-FPN,002_20200917_003234(6).png,2,team,0.9989,0.9985
ns_half6,Faster R-CNN MobileNetV3-FPN,002_20200917_003238(7).png,2,team,0.9987,0.9949
ns_half6,Faster R-CNN MobileNetV3-FPN,002_20200917_003242(7).png,2,team,0.9994,0.9982
ns_half6,Faster R-CNN MobileNetV3-FPN,002_20200917_003246(7).png,2,team,0.9991,0.998
ns_half6,Faster R-CNN MobileNetV3-FPN,002_20200917_083653(7).png,1,team,0.9994,0.999
ns_half6,Faster R-CNN MobileNetV3-FPN,002_20200917_083659(5).png,1,team,0.9983,0.9957
ns_half6,Faster R-CNN MobileNetV3-FPN,002_20200917_083703(5).png,1,team,0.999,0.9974
ns_half6,Faster R-CNN MobileNetV3-FPN,002_20200917_083707(4).png,1,team,0.9995,0.9966
ns_half6,Faster R-CNN MobileNetV3-FPN,002_20200917_083711(6).png,1,team,0.9995,0.9994
ns_half6,Faster R-CNN MobileNetV3-FPN,002_20200917_083721(4).png,1,team,0.9983,0.9919
ns_half6,Faster R-CNN MobileNetV3-FPN,002_20200918_043323(0).png,2,team,0.9985,0.9954
ns_half6,Faster R-CNN MobileNetV3-FPN,002_20200918_043326(6).png,2,team,0.999,0.996
ns_half6,Faster R-CNN MobileNetV3-FPN,002_20200918_043330(5).png,2,team,0.9985,0.9968
ns_half6,Faster R-CNN MobileNetV3-FPN,002_20200918_043334(3).png,2,team,0.9977,0.9981
ns_half6,Faster R-CNN MobileNetV3-FPN,002_20200918_043338(2)__m2.png,2,team,0.9981,0.9946
ns_half6,Faster R-CNN MobileNetV3-FPN,002_20200918_043342(2).png,2,team,0.9966,0.9939
ns_half6,Faster R-CNN MobileNetV3-FPN,002_20200918_123306(7).png,1,team,0.9987,0.9922
ns_half6,Faster R-CNN MobileNetV3-FPN,002_20200918_123310(6).png,1,team,0.9991,0.9916
ns_half6,Faster R-CNN MobileNetV3-FPN,002_20200918_123314(6).png,1,team,0.9978,0.9522
ns_half6,Faster R-CNN MobileNetV3-FPN,002_20200918_123318(7).png,1,team,0.9993,0.9974
ns_half6,Faster R-CNN MobileNetV3-FPN,002_20200918_123322(5).png,1,team,0.9992,0.9987
ns_half6,Faster R-CNN MobileNetV3-FPN,002_20200918_123331(0).png,1,team,0.9972,0.9902
ns_half6,Faster R-CNN MobileNetV3-FPN,002_20200921_163038(3).png,2,team,0.9987,0.1351
ns_half6,Faster R-CNN MobileNetV3-FPN,002_20200921_163042(3).png,2,team,0.998,0.8584
ns_half6,Faster R-CNN MobileNetV3-FPN,002_20200921_163045(4).png,2,team,0.9989,0.9899
ns_half6,Faster R-CNN MobileNetV3-FPN,002_20200921_163049(6).png,2,team,0.9992,0.992
ns_half6,Faster R-CNN MobileNetV3-FPN,002_20200921_163052(5).png,2,team,0.9986,0.0
ns_half6,Faster R-CNN MobileNetV3-FPN,002_20200921_163055(5).png,2,team,0.9987,0.9511
ns_half6,Faster R-CNN MobileNetV3-FPN,002_20200921_202239(4).png,2,team,0.9987,0.9971
ns_half6,Faster R-CNN MobileNetV3-FPN,002_20200921_202244(0).png,2,team,0.9993,0.9968
ns_half6,Faster R-CNN MobileNetV3-FPN,002_20200921_202248(6).png,2,team,0.9939,0.9909
ns_half6,Faster R-CNN MobileNetV3-FPN,002_20200921_202253(0).png,2,team,0.9971,0.9797
ns_half6,Faster R-CNN MobileNetV3-FPN,002_20200921_202257(4).png,2,team,0.9985,0.9955
ns_half6,Faster R-CNN MobileNetV3-FPN,002_20200921_202303(6).png,2,team,0.9982,0.9914
ns_half6,Faster R-CNN MobileNetV3-FPN,002_20200922_043105(7).png,1,team,0.9959,0.9922
ns_half6,Faster R-CNN MobileNetV3-FPN,002_20200922_043110(2).png,1,team,0.9995,0.9937
ns_half6,Faster R-CNN MobileNetV3-FPN,002_20200922_043114(8).png,1,team,0.9989,0.9973
ns_half6,Faster R-CNN MobileNetV3-FPN,002_20200922_043119(3).png,1,team,0.9986,0.9972
ns_half6,Faster R-CNN MobileNetV3-FPN,002_20200922_043123(8).png,1,team,0.9994,0.9956
ns_half6,Faster R-CNN MobileNetV3-FPN,002_20200922_043128(2).png,1,team,0.9991,0.9895
mean_half8,Faster R-CNN R50-FPN,001_20200623_203217(4).png,3,official,0.9981,0.0
mean_half8,Faster R-CNN R50-FPN,001_20200623_203222(0).png,3,official,0.9977,0.0
mean_half8,Faster R-CNN R50-FPN,001_20200623_203226(3).png,3,official,0.9979,0.0264
mean_half8,Faster R-CNN R50-FPN,001_20200623_203230(9).png,3,official,0.9981,0.0
mean_half8,Faster R-CNN R50-FPN,001_20200623_203235(3).png,3,official,0.998,0.0
mean_half8,Faster R-CNN R50-FPN,001_20200623_203247(5).png,3,official,0.9977,0.0
mean_half8,Faster R-CNN R50-FPN,001_20200625_043323(7).png,3,official,0.9975,0.0
mean_half8,Faster R-CNN R50-FPN,001_20200625_043328(3).png,3,official,0.9978,0.0028
mean_half8,Faster R-CNN R50-FPN,001_20200625_043337(3).png,3,official,0.9978,0.0
mean_half8,Faster R-CNN R50-FPN,001_20200625_043341(7).png,3,official,0.9981,0.0
mean_half8,Faster R-CNN R50-FPN,001_20200625_043346(2).png,3,official,0.9981,0.0
mean_half8,Faster R-CNN R50-FPN,001_20200625_043359(8).png,3,official,0.998,0.0
mean_half8,Faster R-CNN R50-FPN,001_20200630_043538(1).png,3,team,0.9981,0.0
mean_half8,Faster R-CNN R50-FPN,001_20200630_043544(2).png,3,team,0.9975,0.6702
mean_half8,Faster R-CNN R50-FPN,001_20200630_043548(7).png,3,team,0.9981,0.0
mean_half8,Faster R-CNN R50-FPN,001_20200630_043600(9).png,3,team,0.9979,0.0
mean_half8,Faster R-CNN R50-FPN,001_20200630_043605(5).png,3,team,0.9976,0.0012
mean_half8,Faster R-CNN R50-FPN,001_20200630_083235(6).png,3,team,0.9977,0.1028
mean_half8,Faster R-CNN R50-FPN,001_20200630_083322(2).png,3,team,0.998,0.0443
mean_half8,Faster R-CNN R50-FPN,001_20200630_083331(2).png,3,team,0.9976,0.0
mean_half8,Faster R-CNN R50-FPN,001_20200630_083350(7).png,3,team,0.9981,0.0
mean_half8,Faster R-CNN R50-FPN,001_20200630_083355(1).png,3,team,0.9976,0.0056
mean_half8,Faster R-CNN R50-FPN,001_20200630_083405(7).png,3,team,0.9982,0.0
mean_half8,Faster R-CNN R50-FPN,001_20200630_163111(8).png,3,team,0.9978,0.0
mean_half8,Faster R-CNN R50-FPN,001_20200630_163116(2).png,3,team,0.9981,0.0
mean_half8,Faster R-CNN R50-FPN,001_20200630_163120(7).png,3,team,0.9977,0.0
mean_half8,Faster R-CNN R50-FPN,001_20200630_163125(2).png,3,team,0.9979,0.0
mean_half8,Faster R-CNN R50-FPN,001_20200630_163129(8).png,3,team,0.9976,0.0
mean_half8,Faster R-CNN R50-FPN,001_20200630_163134(2).png,3,team,0.9979,0.0226
mean_half8,Faster R-CNN R50-FPN,001_20200630_163147(8).png,3,team,0.9977,0.0043
mean_half8,Faster R-CNN R50-FPN,001_20200701_123507(7).png,3,team,0.9978,0.0
mean_half8,Faster R-CNN R50-FPN,001_20200701_123511(0).png,3,team,0.9979,0.0
mean_half8,Faster R-CNN R50-FPN,001_20200701_123514(1).png,3,team,0.9981,0.0
mean_half8,Faster R-CNN R50-FPN,001_20200701_123517(3).png,3,team,0.9978,0.0
mean_half8,Faster R-CNN R50-FPN,001_20200701_123520(6).png,3,team,0.998,0.0
mean_half8,Faster R-CNN R50-FPN,001_20200701_123523(9).png,3,team,0.9973,0.0
mean_half8,Faster R-CNN R50-FPN,001_20200708_163845(3).png,3,team,0.9981,0.0108
mean_half8,Faster R-CNN R50-FPN,001_20200708_163848(2).png,3,team,0.9979,0.0
mean_half8,Faster R-CNN R50-FPN,001_20200708_163851(0).png,3,team,0.9983,0.0072
mean_half8,Faster R-CNN R50-FPN,001_20200708_163853(5).png,3,team,0.9976,0.0
mean_half8,Faster R-CNN R50-FPN,001_20200708_163856(2).png,3,team,0.9975,0.0
mean_half8,Faster R-CNN R50-FPN,001_20200708_163858(9).png,3,team,0.9974,0.0123
mean_half8,Faster R-CNN R50-FPN,001_20200708_203804(5).png,3,team,0.998,0.0
mean_half8,Faster R-CNN R50-FPN,001_20200708_203844(8).png,3,team,0.9979,0.0
mean_half8,Faster R-CNN R50-FPN,001_20200708_203917(6).png,3,team,0.9981,0.0046
mean_half8,Faster R-CNN R50-FPN,001_20200713_202630(0).png,3,team,0.9976,0.0011
mean_half8,Faster R-CNN R50-FPN,001_20200713_202634(5).png,3,team,0.9976,0.0
mean_half8,Faster R-CNN R50-FPN,001_20200713_202639(1).png,3,team,0.9979,0.0
mean_half8,Faster R-CNN R50-FPN,001_20200713_202643(6).png,3,team,0.9975,0.0
mean_half8,Faster R-CNN R50-FPN,001_20200713_202648(2).png,3,team,0.9981,0.0
mean_half8,Faster R-CNN R50-FPN,001_20200713_202652(6).png,3,team,0.9982,0.0
mean_half8,Faster R-CNN R50-FPN,001_20200714_042943(8).png,3,team,0.9979,0.0
mean_half8,Faster R-CNN R50-FPN,001_20200714_042948(4).png,3,team,0.9983,0.0
mean_half8,Faster R-CNN R50-FPN,001_20200714_042957(3).png,3,team,0.9979,0.0
mean_half8,Faster R-CNN R50-FPN,001_20200714_043001(8).png,3,team,0.9977,0.0
mean_half8,Faster R-CNN R50-FPN,001_20200714_043006(2).png,3,team,0.9974,0.0
mean_half8,Faster R-CNN R50-FPN,001_20200714_043010(8).png,3,team,0.9982,0.0
mean_half8,Faster R-CNN R50-FPN,001_20200715_083509(3).png,3,team,0.9977,0.0
mean_half8,Faster R-CNN R50-FPN,001_20200715_083513(8).png,3,team,0.9979,0.0
mean_half8,Faster R-CNN R50-FPN,001_20200715_083518(2).png,3,team,0.9978,0.0
mean_half8,Faster R-CNN R50-FPN,001_20200715_083522(7).png,3,team,0.9979,0.0
mean_half8,Faster R-CNN R50-FPN,001_20200715_083527(3).png,3,team,0.9979,0.0063
mean_half8,Faster R-CNN R50-FPN,001_20200715_083531(8).png,3,team,0.9982,0.002
mean_half8,Faster R-CNN R50-FPN,001_20200722_083525(2).png,3,team,0.9978,0.0
mean_half8,Faster R-CNN R50-FPN,001_20200722_083529(6).png,3,team,0.998,0.0
mean_half8,Faster R-CNN R50-FPN,001_20200728_163910(5).png,3,official,0.9973,0.0233
mean_half8,Faster R-CNN R50-FPN,001_20200728_163913(6).png,3,official,0.997,0.0235
mean_half8,Faster R-CNN R50-FPN,001_20200814_033012(7).png,3,official,0.9976,0.0
mean_half8,Faster R-CNN R50-FPN,001_20200814_033016(6).png,3,official,0.998,0.004
mean_half8,Faster R-CNN R50-FPN,001_20200814_043321(6).png,3,official,0.9977,0.0
mean_half8,Faster R-CNN R50-FPN,001_20200814_043345(8).png,3,team,0.998,0.0
mean_half8,Faster R-CNN R50-FPN,001_20200818_123634(4).png,3,official,0.9973,0.0
mean_half8,Faster R-CNN R50-FPN,001_20200818_123638(1).png,3,team,0.9972,0.0
mean_half8,Faster R-CNN R50-FPN,001_20200831_083711(6).png,3,official,0.9977,0.0243
mean_half8,Faster R-CNN R50-FPN,001_20200831_083714(8).png,3,official,0.9979,0.0
mean_half8,Faster R-CNN R50-FPN,001_20200905_003911(9).png,3,team,0.9974,0.0
mean_half8,Faster R-CNN R50-FPN,001_20200905_003914(9).png,3,team,0.9981,0.0
mean_half8,Faster R-CNN R50-FPN,001_20200905_003918(2).png,3,team,0.9983,0.0
mean_half8,Faster R-CNN R50-FPN,001_20200905_003921(2).png,3,team,0.9976,0.0
mean_half8,Faster R-CNN R50-FPN,001_20200905_003924(3).png,3,team,0.9982,0.0
mean_half8,Faster R-CNN R50-FPN,001_20200905_003927(3).png,3,team,0.9977,0.0
mean_half8,Faster R-CNN R50-FPN,001_20200905_083552(0).png,3,team,0.9971,0.0011
mean_half8,Faster R-CNN R50-FPN,001_20200905_083555(2).png,3,team,0.9975,0.0
mean_half8,Faster R-CNN R50-FPN,001_20200905_083558(2).png,3,team,0.9963,0.0
mean_half8,Faster R-CNN R50-FPN,001_20200905_083603(0).png,3,team,0.9982,0.0
mean_half8,Faster R-CNN R50-FPN,001_20200905_083606(6).png,3,team,0.9976,0.0
mean_half8,Faster R-CNN R50-FPN,001_20200905_083609(7).png,3,team,0.9975,0.0243
mean_half8,Faster R-CNN R50-FPN,001_20200914_083101(5).png,3,team,0.9978,0.0
mean_half8,Faster R-CNN R50-FPN,001_20200914_083105(1).png,3,team,0.9967,0.0
mean_half8,Faster R-CNN R50-FPN,001_20200914_083108(8).png,3,team,0.9971,0.0
mean_half8,Faster R-CNN R50-FPN,001_20200914_083111(5).png,3,team,0.9979,0.0
mean_half8,Faster R-CNN R50-FPN,001_20200914_083114(5).png,3,team,0.9978,0.0
mean_half8,Faster R-CNN R50-FPN,001_20200914_083117(5).png,3,team,0.9982,0.0
mean_half8,Faster R-CNN R50-FPN,001_20200915_003734(8).png,3,team,0.9973,0.0
mean_half8,Faster R-CNN R50-FPN,001_20200915_003737(5).png,3,team,0.9977,0.0
mean_half8,Faster R-CNN R50-FPN,001_20200915_003740(4).png,3,team,0.9971,0.0
mean_half8,Faster R-CNN R50-FPN,001_20200915_003743(5).png,3,team,0.9982,0.0
mean_half8,Faster R-CNN R50-FPN,001_20200915_003746(5).png,3,team,0.9979,0.0
mean_half8,Faster R-CNN R50-FPN,001_20200915_003749(6).png,3,team,0.998,0.0
mean_half8,Faster R-CNN R50-FPN,001_20200918_004019(6).png,3,team,0.9981,0.0
mean_half8,Faster R-CNN R50-FPN,001_20200918_004022(5).png,3,team,0.9979,0.0
mean_half8,Faster R-CNN R50-FPN,001_20200918_004025(8).png,3,team,0.9977,0.0
mean_half8,Faster R-CNN R50-FPN,001_20200918_004029(0).png,3,team,0.9981,0.0
mean_half8,Faster R-CNN R50-FPN,001_20200918_004032(2).png,3,team,0.998,0.0
mean_half8,Faster R-CNN R50-FPN,001_20200918_004036(3).png,3,team,0.998,0.0
mean_half8,Faster R-CNN R50-FPN,001_20200918_043556(8).png,3,team,0.998,0.0
mean_half8,Faster R-CNN R50-FPN,001_20200918_043559(9).png,3,team,0.9973,0.0061
mean_half8,Faster R-CNN R50-FPN,001_20200918_043602(9).png,3,team,0.9981,0.0
mean_half8,Faster R-CNN R50-FPN,001_20200918_043606(0).png,3,team,0.9975,0.0012
mean_half8,Faster R-CNN R50-FPN,001_20200918_043609(2).png,3,team,0.9973,0.0
mean_half8,Faster R-CNN R50-FPN,001_20200918_043612(4).png,3,team,0.9979,0.0
mean_half8,Faster R-CNN R50-FPN,001_20200918_083036(8).png,3,team,0.9984,0.0
mean_half8,Faster R-CNN R50-FPN,001_20200918_083039(9).png,3,team,0.9979,0.0
mean_half8,Faster R-CNN R50-FPN,001_20200918_083042(8).png,3,team,0.9979,0.0
mean_half8,Faster R-CNN R50-FPN,001_20200918_083045(5).png,3,team,0.9974,0.0
mean_half8,Faster R-CNN R50-FPN,001_20200918_083048(5).png,3,team,0.9978,0.0
mean_half8,Faster R-CNN R50-FPN,001_20200918_083051(4).png,3,team,0.9983,0.0
mean_half8,Faster R-CNN R50-FPN,001_20200921_163325(1).png,3,team,0.9978,0.0
mean_half8,Faster R-CNN R50-FPN,001_20200921_163329(4).png,3,team,0.9979,0.0
mean_half8,Faster R-CNN R50-FPN,001_20200921_163333(8).png,3,team,0.9983,0.0
mean_half8,Faster R-CNN R50-FPN,001_20200921_163338(1).png,3,team,0.9977,0.0
mean_half8,Faster R-CNN R50-FPN,001_20200921_163342(6).png,3,team,0.9985,0.0
mean_half8,Faster R-CNN R50-FPN,001_20200921_163346(9).png,3,team,0.9981,0.0
mean_half8,Faster R-CNN R50-FPN,001_20200922_003308(2).png,3,team,0.997,0.0
mean_half8,Faster R-CNN R50-FPN,001_20200922_003312(7).png,3,team,0.9982,0.0
mean_half8,Faster R-CNN R50-FPN,001_20200922_003317(2).png,3,team,0.9976,0.0
mean_half8,Faster R-CNN R50-FPN,001_20200922_003321(7).png,3,team,0.9984,0.0
mean_half8,Faster R-CNN R50-FPN,001_20200922_003326(6).png,3,team,0.9976,0.0
mean_half8,Faster R-CNN R50-FPN,001_20200922_003330(7).png,3,team,0.9975,0.0241
mean_half8,Faster R-CNN R50-FPN,002_20200623_043039(3).png,1,official,0.9974,0.0011
mean_half8,Faster R-CNN R50-FPN,002_20200623_043043(2).png,1,official,0.9976,0.0
mean_half8,Faster R-CNN R50-FPN,002_20200623_043047(2).png,1,official,0.9979,0.0
mean_half8,Faster R-CNN R50-FPN,002_20200623_043051(3).png,1,official,0.9973,0.0177
mean_half8,Faster R-CNN R50-FPN,002_20200623_043055(3).png,1,official,0.998,0.0
mean_half8,Faster R-CNN R50-FPN,002_20200623_043059(4).png,1,official,0.9979,0.0766
mean_half8,Faster R-CNN R50-FPN,002_20200623_203040(4).png,1,official,0.998,0.0178
mean_half8,Faster R-CNN R50-FPN,002_20200623_203044(0).png,1,official,0.9977,0.0177
mean_half8,Faster R-CNN R50-FPN,002_20200623_203047(7).png,1,official,0.9979,0.0177
mean_half8,Faster R-CNN R50-FPN,002_20200623_203051(2).png,1,official,0.9975,0.0177
mean_half8,Faster R-CNN R50-FPN,002_20200623_203054(7).png,1,official,0.9979,0.0177
mean_half8,Faster R-CNN R50-FPN,002_20200623_203058(3).png,1,official,0.9977,0.0
mean_half8,Faster R-CNN R50-FPN,002_20200624_003115(6).png,2,official,0.9976,0.0
mean_half8,Faster R-CNN R50-FPN,002_20200624_003118(6).png,2,official,0.9981,0.0
mean_half8,Faster R-CNN R50-FPN,002_20200624_003123(0).png,2,official,0.9979,0.0
mean_half8,Faster R-CNN R50-FPN,002_20200624_003127(5).png,2,official,0.9982,0.0
mean_half8,Faster R-CNN R50-FPN,002_20200624_003132(0).png,2,official,0.9984,0.0011
mean_half8,Faster R-CNN R50-FPN,002_20200624_003136(5).png,2,official,0.9982,0.0
mean_half8,Faster R-CNN R50-FPN,002_20200624_043136(9).png,2,official,0.9983,0.0
mean_half8,Faster R-CNN R50-FPN,002_20200624_043141(4).png,2,official,0.9979,0.0907
mean_half8,Faster R-CNN R50-FPN,002_20200624_043145(8).png,2,official,0.9978,0.0179
mean_half8,Faster R-CNN R50-FPN,002_20200624_043150(3).png,2,official,0.9978,0.0
mean_half8,Faster R-CNN R50-FPN,002_20200624_043154(8).png,2,official,0.9981,0.0
mean_half8,Faster R-CNN R50-FPN,002_20200624_043159(4).png,2,official,0.9979,0.0
mean_half8,Faster R-CNN R50-FPN,002_20200624_083045(5).png,1,official,0.9978,0.0
mean_half8,Faster R-CNN R50-FPN,002_20200624_083049(6).png,1,official,0.9977,0.0
mean_half8,Faster R-CNN R50-FPN,002_20200624_083053(3).png,1,official,0.9979,0.0
mean_half8,Faster R-CNN R50-FPN,002_20200624_083057(4).png,1,official,0.9978,0.0177
mean_half8,Faster R-CNN R50-FPN,002_20200624_083101(4).png,1,official,0.9975,0.0
mean_half8,Faster R-CNN R50-FPN,002_20200624_083105(5).png,1,official,0.9979,0.0
mean_half8,Faster R-CNN R50-FPN,002_20200624_123122(6).png,1,official,0.9979,0.0178
mean_half8,Faster R-CNN R50-FPN,002_20200624_123126(4).png,1,official,0.9979,0.0177
mean_half8,Faster R-CNN R50-FPN,002_20200624_123129(9).png,1,official,0.9973,0.0
mean_half8,Faster R-CNN R50-FPN,002_20200624_123133(0).png,1,official,0.9975,0.0178
mean_half8,Faster R-CNN R50-FPN,002_20200624_123136(5).png,1,official,0.9977,0.0177
mean_half8,Faster R-CNN R50-FPN,002_20200624_123143(7).png,1,official,0.9976,0.0
mean_half8,Faster R-CNN R50-FPN,002_20200630_163105(7).png,2,team,0.9981,0.0
mean_half8,Faster R-CNN R50-FPN,002_20200630_163108(9).png,2,team,0.9978,0.144
mean_half8,Faster R-CNN R50-FPN,002_20200630_163112(5).png,2,team,0.9978,0.7428
mean_half8,Faster R-CNN R50-FPN,002_20200630_163116(0).png,2,team,0.9979,0.0871
mean_half8,Faster R-CNN R50-FPN,002_20200630_163119(5).png,2,team,0.9982,0.0641
mean_half8,Faster R-CNN R50-FPN,002_20200630_163122(8).png,2,team,0.9983,0.0014
mean_half8,Faster R-CNN R50-FPN,002_20200701_083102(9).png,2,team,0.9984,0.0919
mean_half8,Faster R-CNN R50-FPN,002_20200701_083105(7).png,2,team,0.9982,0.013
mean_half8,Faster R-CNN R50-FPN,002_20200701_083108(8).png,2,team,0.9978,0.0
mean_half8,Faster R-CNN R50-FPN,002_20200701_083111(8).png,2,team,0.9976,0.0883
mean_half8,Faster R-CNN R50-FPN,002_20200701_083114(8).png,2,team,0.9981,0.0041
mean_half8,Faster R-CNN R50-FPN,002_20200701_083117(8).png,2,team,0.9977,0.0
mean_half8,Faster R-CNN R50-FPN,002_20200701_163100(6).png,2,team,0.9982,0.0
mean_half8,Faster R-CNN R50-FPN,002_20200701_163104(5).png,2,team,0.9981,0.0
mean_half8,Faster R-CNN R50-FPN,002_20200701_163108(4).png,2,team,0.9981,0.0
mean_half8,Faster R-CNN R50-FPN,002_20200701_163112(3).png,2,team,0.998,0.0
mean_half8,Faster R-CNN R50-FPN,002_20200701_163116(3).png,2,team,0.9978,0.0
mean_half8,Faster R-CNN R50-FPN,002_20200701_163120(4).png,2,team,0.998,0.0016
mean_half8,Faster R-CNN R50-FPN,002_20200701_203037(6).png,1,team,0.9982,0.0
mean_half8,Faster R-CNN R50-FPN,002_20200701_203040(8).png,1,team,0.9974,0.0178
mean_half8,Faster R-CNN R50-FPN,002_20200701_203043(9).png,1,team,0.9978,0.0
mean_half8,Faster R-CNN R50-FPN,002_20200701_203046(9).png,1,team,0.9975,0.0
mean_half8,Faster R-CNN R50-FPN,002_20200701_203050(0).png,1,team,0.9973,0.0
mean_half8,Faster R-CNN R50-FPN,002_20200701_203053(0).png,1,team,0.9973,0.0
mean_half8,Faster R-CNN R50-FPN,002_20200713_091056(8).png,2,team,0.998,0.1016
mean_half8,Faster R-CNN R50-FPN,002_20200713_091100(5).png,2,team,0.9981,0.0012
mean_half8,Faster R-CNN R50-FPN,002_20200713_091103(8).png,2,team,0.9977,0.0012
mean_half8,Faster R-CNN R50-FPN,002_20200713_091106(9).png,2,team,0.9979,0.0954
mean_half8,Faster R-CNN R50-FPN,002_20200713_091109(9).png,2,team,0.9979,0.021
mean_half8,Faster R-CNN R50-FPN,002_20200713_091112(5).png,2,team,0.9984,0.108
mean_half8,Faster R-CNN R50-FPN,002_20200713_123358(8).png,2,team,0.9985,0.0012
mean_half8,Faster R-CNN R50-FPN,002_20200713_123403(4).png,2,team,0.9977,0.0011
mean_half8,Faster R-CNN R50-FPN,002_20200713_123408(0).png,2,team,0.9975,0.0999
mean_half8,Faster R-CNN R50-FPN,002_20200713_123412(4).png,2,team,0.9981,0.0012
mean_half8,Faster R-CNN R50-FPN,002_20200713_123416(9).png,2,team,0.9979,0.0011
mean_half8,Faster R-CNN R50-FPN,002_20200713_123421(4).png,2,team,0.998,0.0012
mean_half8,Faster R-CNN R50-FPN,002_20200713_202718(1).png,2,team,0.9981,0.1874
mean_half8,Faster R-CNN R50-FPN,002_20200713_202722(5).png,2,team,0.9983,0.0582
mean_half8,Faster R-CNN R50-FPN,002_20200713_202726(9).png,2,team,0.998,0.0
mean_half8,Faster R-CNN R50-FPN,002_20200713_202731(4).png,2,team,0.9986,0.0059
mean_half8,Faster R-CNN R50-FPN,002_20200713_202735(9).png,2,team,0.9986,0.0
mean_half8,Faster R-CNN R50-FPN,002_20200713_202743(4).png,2,team,0.9984,0.0
mean_half8,Faster R-CNN R50-FPN,002_20200714_123109(8).png,1,official,0.9973,0.0038
mean_half8,Faster R-CNN R50-FPN,002_20200714_123113(1).png,1,official,0.9973,0.0177
mean_half8,Faster R-CNN R50-FPN,002_20200714_123117(3).png,1,official,0.9977,0.0177
mean_half8,Faster R-CNN R50-FPN,002_20200714_123120(4).png,1,official,0.9971,0.0177
mean_half8,Faster R-CNN R50-FPN,002_20200714_123123(5).png,1,official,0.9976,0.0
mean_half8,Faster R-CNN R50-FPN,002_20200714_123126(4).png,1,official,0.9975,0.0
mean_half8,Faster R-CNN R50-FPN,002_20200721_163536(6).png,2,team,0.9981,0.0191
mean_half8,Faster R-CNN R50-FPN,002_20200721_163539(9).png,2,team,0.9985,0.0014
mean_half8,Faster R-CNN R50-FPN,002_20200721_163543(2).png,2,team,0.9981,0.0011
mean_half8,Faster R-CNN R50-FPN,002_20200721_163548(0).png,2,team,0.9981,0.0
mean_half8,Faster R-CNN R50-FPN,002_20200721_163551(3).png,2,team,0.9984,0.0
mean_half8,Faster R-CNN R50-FPN,002_20200721_163554(6).png,2,team,0.9982,0.0056
mean_half8,Faster R-CNN R50-FPN,002_20200722_043432(7).png,1,team,0.9983,0.0
mean_half8,Faster R-CNN R50-FPN,002_20200722_043437(0).png,1,team,0.9978,0.0
mean_half8,Faster R-CNN R50-FPN,002_20200722_131101(2).png,2,team,0.9984,0.0
mean_half8,Faster R-CNN R50-FPN,002_20200722_131105(7).png,2,team,0.998,0.003
mean_half8,Faster R-CNN R50-FPN,002_20200723_043256(5).png,1,team,0.9978,0.0
mean_half8,Faster R-CNN R50-FPN,002_20200723_043258(3).png,1,team,0.9984,0.0177
mean_half8,Faster R-CNN R50-FPN,002_20200723_123129(3).png,1,team,0.9982,0.0177
mean_half8,Faster R-CNN R50-FPN,002_20200723_123133(9).png,1,team,0.998,0.1059
mean_half8,Faster R-CNN R50-FPN,002_20200723_203129(9).png,1,team,0.9975,0.0177
mean_half8,Faster R-CNN R50-FPN,002_20200723_203134(3).png,1,team,0.998,0.0
mean_half8,Faster R-CNN R50-FPN,002_20200724_003201(9).png,1,team,0.9971,0.0019
mean_half8,Faster R-CNN R50-FPN,002_20200724_003206(4).png,1,team,0.9972,0.0
mean_half8,Faster R-CNN R50-FPN,002_20200727_204612(5).png,1,team,0.9979,0.0
mean_half8,Faster R-CNN R50-FPN,002_20200727_204634(7).png,1,team,0.9976,0.0
mean_half8,Faster R-CNN R50-FPN,002_20200728_043429(7).png,2,team,0.9983,0.3722
mean_half8,Faster R-CNN R50-FPN,002_20200728_043435(6).png,2,team,0.9982,0.0247
mean_half8,Faster R-CNN R50-FPN,002_20200728_123102(5).png,2,team,0.9982,0.0244
mean_half8,Faster R-CNN R50-FPN,002_20200728_123106(5).png,2,team,0.9979,0.0011
mean_half8,Faster R-CNN R50-FPN,002_20200814_083411(8).png,2,team,0.9978,0.0
mean_half8,Faster R-CNN R50-FPN,002_20200814_083414(7).png,2,team,0.9983,0.0
mean_half8,Faster R-CNN R50-FPN,002_20200819_124217(5).png,2,team,0.9973,0.0
mean_half8,Faster R-CNN R50-FPN,002_20200819_124225(2).png,2,team,0.9983,0.56
mean_half8,Faster R-CNN R50-FPN,002_20200831_163123(9).png,1,team,0.9984,0.0016
mean_half8,Faster R-CNN R50-FPN,002_20200831_163130(0).png,1,team,0.9979,0.0
mean_half8,Faster R-CNN R50-FPN,002_20200901_043133(6).png,2,official,0.9983,0.0
mean_half8,Faster R-CNN R50-FPN,002_20200901_043136(6).png,2,official,0.9983,0.0
mean_half8,Faster R-CNN R50-FPN,002_20200901_043139(6).png,2,official,0.9984,0.0
mean_half8,Faster R-CNN R50-FPN,002_20200901_043142(6).png,2,official,0.9982,0.0
mean_half8,Faster R-CNN R50-FPN,002_20200901_043145(5).png,2,official,0.9977,0.0
mean_half8,Faster R-CNN R50-FPN,002_20200901_043148(6).png,2,official,0.9984,0.0
mean_half8,Faster R-CNN R50-FPN,002_20200901_191340(2).png,2,official,0.9985,0.0
mean_half8,Faster R-CNN R50-FPN,002_20200901_191343(2).png,2,official,0.9979,0.0061
mean_half8,Faster R-CNN R50-FPN,002_20200901_191346(1).png,2,official,0.9982,0.0
mean_half8,Faster R-CNN R50-FPN,002_20200901_191348(8).png,2,official,0.9978,0.0
mean_half8,Faster R-CNN R50-FPN,002_20200901_191351(5).png,2,official,0.9984,0.0
mean_half8,Faster R-CNN R50-FPN,002_20200901_191354(2).png,2,team,0.9985,0.0
mean_half8,Faster R-CNN R50-FPN,002_20200902_003149(5).png,2,team,0.998,0.0
mean_half8,Faster R-CNN R50-FPN,002_20200902_003152(5).png,2,team,0.9986,0.0
mean_half8,Faster R-CNN R50-FPN,002_20200902_003155(5).png,2,team,0.9982,0.0
mean_half8,Faster R-CNN R50-FPN,002_20200902_003158(2).png,2,team,0.9986,0.0
mean_half8,Faster R-CNN R50-FPN,002_20200902_003200(9).png,2,team,0.9984,0.0
mean_half8,Faster R-CNN R50-FPN,002_20200902_003203(7).png,2,team,0.9982,0.0
mean_half8,Faster R-CNN R50-FPN,002_20200902_043107(7).png,1,team,0.9975,0.0
mean_half8,Faster R-CNN R50-FPN,002_20200902_043112(1).png,1,team,0.9976,0.0
mean_half8,Faster R-CNN R50-FPN,002_20200902_043116(4).png,1,team,0.9981,0.0093
mean_half8,Faster R-CNN R50-FPN,002_20200902_043120(6).png,1,team,0.9981,0.0
mean_half8,Faster R-CNN R50-FPN,002_20200902_043124(9).png,1,team,0.9983,0.0
mean_half8,Faster R-CNN R50-FPN,002_20200902_043129(2).png,1,team,0.9969,0.0
mean_half8,Faster R-CNN R50-FPN,002_20200902_082641(4).png,2,team,0.9984,0.0
mean_half8,Faster R-CNN R50-FPN,002_20200902_082645(7).png,2,team,0.998,0.0015
mean_half8,Faster R-CNN R50-FPN,002_20200902_082650(0).png,2,team,0.9983,0.0949
mean_half8,Faster R-CNN R50-FPN,002_20200902_082654(4).png,2,team,0.9983,0.0
mean_half8,Faster R-CNN R50-FPN,002_20200902_082658(4).png,2,team,0.9984,0.0
mean_half8,Faster R-CNN R50-FPN,002_20200902_082702(8).png,2,team,0.9979,0.0
mean_half8,Faster R-CNN R50-FPN,002_20200905_123055(0).png,2,official,0.9983,0.0079
mean_half8,Faster R-CNN R50-FPN,002_20200905_123058(4).png,2,official,0.9985,0.0048
mean_half8,Faster R-CNN R50-FPN,002_20200905_123102(0).png,2,official,0.9982,0.0
mean_half8,Faster R-CNN R50-FPN,002_20200905_123105(0).png,2,official,0.9983,0.0011
mean_half8,Faster R-CNN R50-FPN,002_20200905_123108(4).png,2,official,0.9985,0.0887
mean_half8,Faster R-CNN R50-FPN,002_20200905_123112(0).png,2,official,0.9982,0.0011
mean_half8,Faster R-CNN R50-FPN,002_20200906_003059(0).png,1,official,0.9976,0.0
mean_half8,Faster R-CNN R50-FPN,002_20200906_003114(8).png,1,official,0.9976,0.0
mean_half8,Faster R-CNN R50-FPN,002_20200906_003118(7).png,1,official,0.9981,0.0
mean_half8,Faster R-CNN R50-FPN,002_20200906_003122(7).png,1,official,0.9981,0.0
mean_half8,Faster R-CNN R50-FPN,002_20200906_003126(8).png,1,official,0.9982,0.0
mean_half8,Faster R-CNN R50-FPN,002_20200906_003132(7).png,1,official,0.998,0.0
mean_half8,Faster R-CNN R50-FPN,002_20200908_043119(7).png,2,team,0.9984,0.0
mean_half8,Faster R-CNN R50-FPN,002_20200908_043124(3).png,2,team,0.9983,0.0011
mean_half8,Faster R-CNN R50-FPN,002_20200908_043128(8).png,2,team,0.9981,0.0012
mean_half8,Faster R-CNN R50-FPN,002_20200908_043133(4).png,2,team,0.9979,0.0011
mean_half8,Faster R-CNN R50-FPN,002_20200908_043137(8).png,2,team,0.9983,0.0028
mean_half8,Faster R-CNN R50-FPN,002_20200908_043142(4).png,2,team,0.9986,0.0013
mean_half8,Faster R-CNN R50-FPN,002_20200912_021405(0).png,1,team,0.998,0.0
mean_half8,Faster R-CNN R50-FPN,002_20200912_021411(6).png,1,team,0.9986,0.0
mean_half8,Faster R-CNN R50-FPN,002_20200912_021417(8).png,1,team,0.9983,0.0
mean_half8,Faster R-CNN R50-FPN,002_20200912_021420(7).png,1,team,0.9984,0.023
mean_half8,Faster R-CNN R50-FPN,002_20200912_021423(8).png,1,team,0.9983,0.0
mean_half8,Faster R-CNN R50-FPN,002_20200912_021430(0).png,1,team,0.9982,0.0
mean_half8,Faster R-CNN R50-FPN,002_20200912_123204(6).png,1,team,0.9983,0.0054
mean_half8,Faster R-CNN R50-FPN,002_20200912_123207(7).png,1,team,0.9984,0.0183
mean_half8,Faster R-CNN R50-FPN,002_20200912_123210(6).png,1,team,0.9986,0.0
mean_half8,Faster R-CNN R50-FPN,002_20200912_123216(4).png,1,team,0.9978,0.0
mean_half8,Faster R-CNN R50-FPN,002_20200912_123219(3).png,1,team,0.9986,0.0
mean_half8,Faster R-CNN R50-FPN,002_20200912_123222(2).png,1,team,0.9977,0.0
mean_half8,Faster R-CNN R50-FPN,002_20200914_203029(2).png,2,team,0.9988,0.0894
mean_half8,Faster R-CNN R50-FPN,002_20200914_203032(1).png,2,team,0.9981,0.0012
mean_half8,Faster R-CNN R50-FPN,002_20200914_203035(2).png,2,team,0.9981,0.0885
mean_half8,Faster R-CNN R50-FPN,002_20200914_203038(1).png,2,team,0.9978,0.0903
mean_half8,Faster R-CNN R50-FPN,002_20200914_203041(1).png,2,team,0.998,0.0012
mean_half8,Faster R-CNN R50-FPN,002_20200914_203045(7).png,2,team,0.9982,0.0012
mean_half8,Faster R-CNN R50-FPN,002_20200915_003458(4).png,1,team,0.9978,0.1312
mean_half8,Faster R-CNN R50-FPN,002_20200915_003505(7).png,1,team,0.9978,0.0
mean_half8,Faster R-CNN R50-FPN,002_20200915_003510(7).png,1,team,0.9977,0.0
mean_half8,Faster R-CNN R50-FPN,002_20200915_003515(6).png,1,team,0.9984,0.0
mean_half8,Faster R-CNN R50-FPN,002_20200915_003523(1).png,1,team,0.9981,0.0
mean_half8,Faster R-CNN R50-FPN,002_20200915_003532(1).png,1,team,0.9986,0.0323
mean_half8,Faster R-CNN R50-FPN,002_20200915_163129(0).png,1,team,0.998,0.0
mean_half8,Faster R-CNN R50-FPN,002_20200915_163133(5).png,1,team,0.9984,0.0
mean_half8,Faster R-CNN R50-FPN,002_20200915_163144(0).png,1,team,0.9981,0.0
mean_half8,Faster R-CNN R50-FPN,002_20200915_163154(5).png,1,team,0.9981,0.0
mean_half8,Faster R-CNN R50-FPN,002_20200915_163158(9).png,1,team,0.9986,0.0
mean_half8,Faster R-CNN R50-FPN,002_20200915_163203(4).png,1,team,0.9985,0.0
mean_half8,Faster R-CNN R50-FPN,002_20200915_203209(5).png,1,team,0.9982,0.0
mean_half8,Faster R-CNN R50-FPN,002_20200915_203212(5).png,1,team,0.9983,0.0
mean_half8,Faster R-CNN R50-FPN,002_20200915_203215(5).png,1,team,0.9982,0.0
mean_half8,Faster R-CNN R50-FPN,002_20200915_203218(5).png,1,team,0.9982,0.0
mean_half8,Faster R-CNN R50-FPN,002_20200915_203224(4).png,1,team,0.9982,0.0
mean_half8,Faster R-CNN R50-FPN,002_20200915_203229(1).png,1,team,0.998,0.0
mean_half8,Faster R-CNN R50-FPN,002_20200917_003224(9).png,2,team,0.9982,0.0
mean_half8,Faster R-CNN R50-FPN,002_20200917_003228(7).png,2,team,0.9979,0.001
mean_half8,Faster R-CNN R50-FPN,002_20200917_003234(6).png,2,team,0.9983,0.0
mean_half8,Faster R-CNN R50-FPN,002_20200917_003238(7).png,2,team,0.9985,0.0
mean_half8,Faster R-CNN R50-FPN,002_20200917_003242(7).png,2,team,0.9982,0.0
mean_half8,Faster R-CNN R50-FPN,002_20200917_003246(7).png,2,team,0.9981,0.0
mean_half8,Faster R-CNN R50-FPN,002_20200917_083653(7).png,1,team,0.9985,0.0
mean_half8,Faster R-CNN R50-FPN,002_20200917_083659(5).png,1,team,0.9973,0.0
mean_half8,Faster R-CNN R50-FPN,002_20200917_083703(5).png,1,team,0.9982,0.0
mean_half8,Faster R-CNN R50-FPN,002_20200917_083707(4).png,1,team,0.9985,0.0
mean_half8,Faster R-CNN R50-FPN,002_20200917_083711(6).png,1,team,0.9983,0.0
mean_half8,Faster R-CNN R50-FPN,002_20200917_083721(4).png,1,team,0.998,0.0
mean_half8,Faster R-CNN R50-FPN,002_20200918_043323(0).png,2,team,0.9981,0.0
mean_half8,Faster R-CNN R50-FPN,002_20200918_043326(6).png,2,team,0.9981,0.0
mean_half8,Faster R-CNN R50-FPN,002_20200918_043330(5).png,2,team,0.9981,0.0
mean_half8,Faster R-CNN R50-FPN,002_20200918_043334(3).png,2,team,0.9982,0.0
mean_half8,Faster R-CNN R50-FPN,002_20200918_043338(2)__m2.png,2,team,0.9983,0.0
mean_half8,Faster R-CNN R50-FPN,002_20200918_043342(2).png,2,team,0.9983,0.6449
mean_half8,Faster R-CNN R50-FPN,002_20200918_123306(7).png,1,team,0.9982,0.0
mean_half8,Faster R-CNN R50-FPN,002_20200918_123310(6).png,1,team,0.9984,0.0
mean_half8,Faster R-CNN R50-FPN,002_20200918_123314(6).png,1,team,0.998,0.001
mean_half8,Faster R-CNN R50-FPN,002_20200918_123318(7).png,1,team,0.9978,0.0
mean_half8,Faster R-CNN R50-FPN,002_20200918_123322(5).png,1,team,0.9981,0.0
mean_half8,Faster R-CNN R50-FPN,002_20200918_123331(0).png,1,team,0.9978,0.0
mean_half8,Faster R-CNN R50-FPN,002_20200921_163038(3).png,2,team,0.9981,0.0029
mean_half8,Faster R-CNN R50-FPN,002_20200921_163042(3).png,2,team,0.9982,0.0011
mean_half8,Faster R-CNN R50-FPN,002_20200921_163045(4).png,2,team,0.9982,0.0942
mean_half8,Faster R-CNN R50-FPN,002_20200921_163049(6).png,2,team,0.998,0.0
mean_half8,Faster R-CNN R50-FPN,002_20200921_163052(5).png,2,team,0.9984,0.0014
mean_half8,Faster R-CNN R50-FPN,002_20200921_163055(5).png,2,team,0.9984,0.0916
mean_half8,Faster R-CNN R50-FPN,002_20200921_202239(4).png,2,team,0.9982,0.012
mean_half8,Faster R-CNN R50-FPN,002_20200921_202244(0).png,2,team,0.9983,0.0165
mean_half8,Faster R-CNN R50-FPN,002_20200921_202248(6).png,2,team,0.9977,0.5255
mean_half8,Faster R-CNN R50-FPN,002_20200921_202253(0).png,2,team,0.9984,0.0
mean_half8,Faster R-CNN R50-FPN,002_20200921_202257(4).png,2,team,0.9984,0.0
mean_half8,Faster R-CNN R50-FPN,002_20200921_202303(6).png,2,team,0.9983,0.0987
mean_half8,Faster R-CNN R50-FPN,002_20200922_043105(7).png,1,team,0.9984,0.0086
mean_half8,Faster R-CNN R50-FPN,002_20200922_043110(2).png,1,team,0.998,0.0
mean_half8,Faster R-CNN R50-FPN,002_20200922_043114(8).png,1,team,0.9984,0.0
mean_half8,Faster R-CNN R50-FPN,002_20200922_043119(3).png,1,team,0.9981,0.0022
mean_half8,Faster R-CNN R50-FPN,002_20200922_043123(8).png,1,team,0.9979,0.0
mean_half8,Faster R-CNN R50-FPN,002_20200922_043128(2).png,1,team,0.9982,0.0
mean_half8,YOLOv3-tiny,001_20200623_203217(4).png,3,official,0.4607,0.0029
mean_half8,YOLOv3-tiny,001_20200623_203222(0).png,3,official,0.5006,0.0
mean_half8,YOLOv3-tiny,001_20200623_203226(3).png,3,official,0.4913,0.0613
mean_half8,YOLOv3-tiny,001_20200623_203230(9).png,3,official,0.4909,0.0036
mean_half8,YOLOv3-tiny,001_20200623_203235(3).png,3,official,0.4714,0.0
mean_half8,YOLOv3-tiny,001_20200623_203247(5).png,3,official,0.4834,0.0
mean_half8,YOLOv3-tiny,001_20200625_043323(7).png,3,official,0.4841,0.0
mean_half8,YOLOv3-tiny,001_20200625_043328(3).png,3,official,0.516,0.0013
mean_half8,YOLOv3-tiny,001_20200625_043337(3).png,3,official,0.5096,0.0011
mean_half8,YOLOv3-tiny,001_20200625_043341(7).png,3,official,0.5245,0.0042
mean_half8,YOLOv3-tiny,001_20200625_043346(2).png,3,official,0.4963,0.0
mean_half8,YOLOv3-tiny,001_20200625_043359(8).png,3,official,0.4962,0.0
mean_half8,YOLOv3-tiny,001_20200630_043538(1).png,3,team,0.3486,0.0
mean_half8,YOLOv3-tiny,001_20200630_043544(2).png,3,team,0.4207,0.0167
mean_half8,YOLOv3-tiny,001_20200630_043548(7).png,3,team,0.4533,0.0027
mean_half8,YOLOv3-tiny,001_20200630_043600(9).png,3,team,0.4275,0.0026
mean_half8,YOLOv3-tiny,001_20200630_043605(5).png,3,team,0.4025,0.0036
mean_half8,YOLOv3-tiny,001_20200630_083235(6).png,3,team,0.4838,0.0
mean_half8,YOLOv3-tiny,001_20200630_083322(2).png,3,team,0.4493,0.0229
mean_half8,YOLOv3-tiny,001_20200630_083331(2).png,3,team,0.4542,0.0046
mean_half8,YOLOv3-tiny,001_20200630_083350(7).png,3,team,0.4753,0.0057
mean_half8,YOLOv3-tiny,001_20200630_083355(1).png,3,team,0.4258,0.0188
mean_half8,YOLOv3-tiny,001_20200630_083405(7).png,3,team,0.4325,0.0
mean_half8,YOLOv3-tiny,001_20200630_163111(8).png,3,team,0.4647,0.0
mean_half8,YOLOv3-tiny,001_20200630_163116(2).png,3,team,0.4134,0.003
mean_half8,YOLOv3-tiny,001_20200630_163120(7).png,3,team,0.4213,0.004
mean_half8,YOLOv3-tiny,001_20200630_163125(2).png,3,team,0.479,0.0027
mean_half8,YOLOv3-tiny,001_20200630_163129(8).png,3,team,0.4107,0.002
mean_half8,YOLOv3-tiny,001_20200630_163134(2).png,3,team,0.4282,0.0039
mean_half8,YOLOv3-tiny,001_20200630_163147(8).png,3,team,0.4716,0.0013
mean_half8,YOLOv3-tiny,001_20200701_123507(7).png,3,team,0.4233,0.0028
mean_half8,YOLOv3-tiny,001_20200701_123511(0).png,3,team,0.4924,0.0
mean_half8,YOLOv3-tiny,001_20200701_123514(1).png,3,team,0.503,0.0
mean_half8,YOLOv3-tiny,001_20200701_123517(3).png,3,team,0.3631,0.0
mean_half8,YOLOv3-tiny,001_20200701_123520(6).png,3,team,0.4556,0.0
mean_half8,YOLOv3-tiny,001_20200701_123523(9).png,3,team,0.4559,0.0
mean_half8,YOLOv3-tiny,001_20200708_163845(3).png,3,team,0.4588,0.0211
mean_half8,YOLOv3-tiny,001_20200708_163848(2).png,3,team,0.4551,0.0
mean_half8,YOLOv3-tiny,001_20200708_163851(0).png,3,team,0.4537,0.0
mean_half8,YOLOv3-tiny,001_20200708_163853(5).png,3,team,0.4183,0.0
mean_half8,YOLOv3-tiny,001_20200708_163856(2).png,3,team,0.4551,0.002
mean_half8,YOLOv3-tiny,001_20200708_163858(9).png,3,team,0.4507,0.0
mean_half8,YOLOv3-tiny,001_20200708_203804(5).png,3,team,0.462,0.0149
mean_half8,YOLOv3-tiny,001_20200708_203844(8).png,3,team,0.4732,0.0
mean_half8,YOLOv3-tiny,001_20200708_203917(6).png,3,team,0.4843,0.0
mean_half8,YOLOv3-tiny,001_20200713_202630(0).png,3,team,0.5091,0.0
mean_half8,YOLOv3-tiny,001_20200713_202634(5).png,3,team,0.5177,0.002
mean_half8,YOLOv3-tiny,001_20200713_202639(1).png,3,team,0.4341,0.0
mean_half8,YOLOv3-tiny,001_20200713_202643(6).png,3,team,0.4595,0.001
mean_half8,YOLOv3-tiny,001_20200713_202648(2).png,3,team,0.4683,0.0012
mean_half8,YOLOv3-tiny,001_20200713_202652(6).png,3,team,0.4775,0.0
mean_half8,YOLOv3-tiny,001_20200714_042943(8).png,3,team,0.4983,0.0
mean_half8,YOLOv3-tiny,001_20200714_042948(4).png,3,team,0.5194,0.0
mean_half8,YOLOv3-tiny,001_20200714_042957(3).png,3,team,0.4493,0.0
mean_half8,YOLOv3-tiny,001_20200714_043001(8).png,3,team,0.452,0.0025
mean_half8,YOLOv3-tiny,001_20200714_043006(2).png,3,team,0.4677,0.0
mean_half8,YOLOv3-tiny,001_20200714_043010(8).png,3,team,0.5315,0.0
mean_half8,YOLOv3-tiny,001_20200715_083509(3).png,3,team,0.4587,0.0
mean_half8,YOLOv3-tiny,001_20200715_083513(8).png,3,team,0.441,0.0
mean_half8,YOLOv3-tiny,001_20200715_083518(2).png,3,team,0.476,0.0
mean_half8,YOLOv3-tiny,001_20200715_083522(7).png,3,team,0.473,0.0
mean_half8,YOLOv3-tiny,001_20200715_083527(3).png,3,team,0.4863,0.0012
mean_half8,YOLOv3-tiny,001_20200715_083531(8).png,3,team,0.4096,0.0142
mean_half8,YOLOv3-tiny,001_20200722_083525(2).png,3,team,0.412,0.0011
mean_half8,YOLOv3-tiny,001_20200722_083529(6).png,3,team,0.4523,0.0025
mean_half8,YOLOv3-tiny,001_20200728_163910(5).png,3,official,0.3516,0.0014
mean_half8,YOLOv3-tiny,001_20200728_163913(6).png,3,official,0.4158,0.0035
mean_half8,YOLOv3-tiny,001_20200814_033012(7).png,3,official,0.5109,0.0
mean_half8,YOLOv3-tiny,001_20200814_033016(6).png,3,official,0.4695,0.0131
mean_half8,YOLOv3-tiny,001_20200814_043321(6).png,3,official,0.1469,0.0
mean_half8,YOLOv3-tiny,001_20200814_043345(8).png,3,team,0.4743,0.001
mean_half8,YOLOv3-tiny,001_20200818_123634(4).png,3,official,0.2416,0.0
mean_half8,YOLOv3-tiny,001_20200818_123638(1).png,3,team,0.4362,0.0
mean_half8,YOLOv3-tiny,001_20200831_083711(6).png,3,official,0.4481,0.0065
mean_half8,YOLOv3-tiny,001_20200831_083714(8).png,3,official,0.4511,0.0
mean_half8,YOLOv3-tiny,001_20200905_003911(9).png,3,team,0.287,0.0
mean_half8,YOLOv3-tiny,001_20200905_003914(9).png,3,team,0.4732,0.001
mean_half8,YOLOv3-tiny,001_20200905_003918(2).png,3,team,0.4653,0.0
mean_half8,YOLOv3-tiny,001_20200905_003921(2).png,3,team,0.2867,0.0
mean_half8,YOLOv3-tiny,001_20200905_003924(3).png,3,team,0.4254,0.0029
mean_half8,YOLOv3-tiny,001_20200905_003927(3).png,3,team,0.3842,0.0
mean_half8,YOLOv3-tiny,001_20200905_083552(0).png,3,team,0.3904,0.0
mean_half8,YOLOv3-tiny,001_20200905_083555(2).png,3,team,0.4319,0.0
mean_half8,YOLOv3-tiny,001_20200905_083558(2).png,3,team,0.397,0.0
mean_half8,YOLOv3-tiny,001_20200905_083603(0).png,3,team,0.4381,0.0018
mean_half8,YOLOv3-tiny,001_20200905_083606(6).png,3,team,0.4616,0.0
mean_half8,YOLOv3-tiny,001_20200905_083609(7).png,3,team,0.2933,0.0
mean_half8,YOLOv3-tiny,001_20200914_083101(5).png,3,team,0.4488,0.0
mean_half8,YOLOv3-tiny,001_20200914_083105(1).png,3,team,0.4296,0.0
mean_half8,YOLOv3-tiny,001_20200914_083108(8).png,3,team,0.2738,0.0
mean_half8,YOLOv3-tiny,001_20200914_083111(5).png,3,team,0.4722,0.003
mean_half8,YOLOv3-tiny,001_20200914_083114(5).png,3,team,0.4172,0.0
mean_half8,YOLOv3-tiny,001_20200914_083117(5).png,3,team,0.3611,0.0015
mean_half8,YOLOv3-tiny,001_20200915_003734(8).png,3,team,0.3757,0.0
mean_half8,YOLOv3-tiny,001_20200915_003737(5).png,3,team,0.4605,0.0
mean_half8,YOLOv3-tiny,001_20200915_003740(4).png,3,team,0.3701,0.0
mean_half8,YOLOv3-tiny,001_20200915_003743(5).png,3,team,0.4764,0.001
mean_half8,YOLOv3-tiny,001_20200915_003746(5).png,3,team,0.3816,0.0
mean_half8,YOLOv3-tiny,001_20200915_003749(6).png,3,team,0.4394,0.0
mean_half8,YOLOv3-tiny,001_20200918_004019(6).png,3,team,0.454,0.0
mean_half8,YOLOv3-tiny,001_20200918_004022(5).png,3,team,0.4848,0.0
mean_half8,YOLOv3-tiny,001_20200918_004025(8).png,3,team,0.4082,0.0
mean_half8,YOLOv3-tiny,001_20200918_004029(0).png,3,team,0.2445,0.0
mean_half8,YOLOv3-tiny,001_20200918_004032(2).png,3,team,0.4502,0.0
mean_half8,YOLOv3-tiny,001_20200918_004036(3).png,3,team,0.3887,0.0
mean_half8,YOLOv3-tiny,001_20200918_043556(8).png,3,team,0.326,0.0019
mean_half8,YOLOv3-tiny,001_20200918_043559(9).png,3,team,0.3858,0.0
mean_half8,YOLOv3-tiny,001_20200918_043602(9).png,3,team,0.4441,0.0
mean_half8,YOLOv3-tiny,001_20200918_043606(0).png,3,team,0.4784,0.0018
mean_half8,YOLOv3-tiny,001_20200918_043609(2).png,3,team,0.4569,0.0
mean_half8,YOLOv3-tiny,001_20200918_043612(4).png,3,team,0.4809,0.005
mean_half8,YOLOv3-tiny,001_20200918_083036(8).png,3,team,0.4815,0.0
mean_half8,YOLOv3-tiny,001_20200918_083039(9).png,3,team,0.4804,0.0
mean_half8,YOLOv3-tiny,001_20200918_083042(8).png,3,team,0.4978,0.0
mean_half8,YOLOv3-tiny,001_20200918_083045(5).png,3,team,0.2525,0.0
mean_half8,YOLOv3-tiny,001_20200918_083048(5).png,3,team,0.4219,0.0
mean_half8,YOLOv3-tiny,001_20200918_083051(4).png,3,team,0.4407,0.0
mean_half8,YOLOv3-tiny,001_20200921_163325(1).png,3,team,0.4298,0.0
mean_half8,YOLOv3-tiny,001_20200921_163329(4).png,3,team,0.461,0.0
mean_half8,YOLOv3-tiny,001_20200921_163333(8).png,3,team,0.4585,0.0
mean_half8,YOLOv3-tiny,001_20200921_163338(1).png,3,team,0.3152,0.0
mean_half8,YOLOv3-tiny,001_20200921_163342(6).png,3,team,0.509,0.0
mean_half8,YOLOv3-tiny,001_20200921_163346(9).png,3,team,0.3541,0.0
mean_half8,YOLOv3-tiny,001_20200922_003308(2).png,3,team,0.4504,0.0
mean_half8,YOLOv3-tiny,001_20200922_003312(7).png,3,team,0.3486,0.0
mean_half8,YOLOv3-tiny,001_20200922_003317(2).png,3,team,0.4222,0.0
mean_half8,YOLOv3-tiny,001_20200922_003321(7).png,3,team,0.4946,0.0
mean_half8,YOLOv3-tiny,001_20200922_003326(6).png,3,team,0.4899,0.0
mean_half8,YOLOv3-tiny,001_20200922_003330(7).png,3,team,0.4009,0.0
mean_half8,YOLOv3-tiny,002_20200623_043039(3).png,1,official,0.4764,0.0
mean_half8,YOLOv3-tiny,002_20200623_043043(2).png,1,official,0.4359,0.0
mean_half8,YOLOv3-tiny,002_20200623_043047(2).png,1,official,0.5019,0.0
mean_half8,YOLOv3-tiny,002_20200623_043051(3).png,1,official,0.5098,0.0011
mean_half8,YOLOv3-tiny,002_20200623_043055(3).png,1,official,0.4658,0.0015
mean_half8,YOLOv3-tiny,002_20200623_043059(4).png,1,official,0.513,0.0021
mean_half8,YOLOv3-tiny,002_20200623_203040(4).png,1,official,0.4294,0.0
mean_half8,YOLOv3-tiny,002_20200623_203044(0).png,1,official,0.4876,0.0
mean_half8,YOLOv3-tiny,002_20200623_203047(7).png,1,official,0.4844,0.0
mean_half8,YOLOv3-tiny,002_20200623_203051(2).png,1,official,0.4956,0.0
mean_half8,YOLOv3-tiny,002_20200623_203054(7).png,1,official,0.3146,0.0
mean_half8,YOLOv3-tiny,002_20200623_203058(3).png,1,official,0.4614,0.0
mean_half8,YOLOv3-tiny,002_20200624_003115(6).png,2,official,0.4381,0.0
mean_half8,YOLOv3-tiny,002_20200624_003118(6).png,2,official,0.4678,0.0
mean_half8,YOLOv3-tiny,002_20200624_003123(0).png,2,official,0.472,0.0
mean_half8,YOLOv3-tiny,002_20200624_003127(5).png,2,official,0.4715,0.0
mean_half8,YOLOv3-tiny,002_20200624_003132(0).png,2,official,0.4397,0.0
mean_half8,YOLOv3-tiny,002_20200624_003136(5).png,2,official,0.4526,0.0
mean_half8,YOLOv3-tiny,002_20200624_043136(9).png,2,official,0.4723,0.0
mean_half8,YOLOv3-tiny,002_20200624_043141(4).png,2,official,0.496,0.0
mean_half8,YOLOv3-tiny,002_20200624_043145(8).png,2,official,0.4425,0.0
mean_half8,YOLOv3-tiny,002_20200624_043150(3).png,2,official,0.4472,0.0
mean_half8,YOLOv3-tiny,002_20200624_043154(8).png,2,official,0.4856,0.0
mean_half8,YOLOv3-tiny,002_20200624_043159(4).png,2,official,0.4785,0.0
mean_half8,YOLOv3-tiny,002_20200624_083045(5).png,1,official,0.4839,0.0
mean_half8,YOLOv3-tiny,002_20200624_083049(6).png,1,official,0.4644,0.0
mean_half8,YOLOv3-tiny,002_20200624_083053(3).png,1,official,0.5215,0.0
mean_half8,YOLOv3-tiny,002_20200624_083057(4).png,1,official,0.3908,0.0
mean_half8,YOLOv3-tiny,002_20200624_083101(4).png,1,official,0.4794,0.0
mean_half8,YOLOv3-tiny,002_20200624_083105(5).png,1,official,0.4988,0.0
mean_half8,YOLOv3-tiny,002_20200624_123122(6).png,1,official,0.4869,0.0
mean_half8,YOLOv3-tiny,002_20200624_123126(4).png,1,official,0.4757,0.0
mean_half8,YOLOv3-tiny,002_20200624_123129(9).png,1,official,0.5169,0.0
mean_half8,YOLOv3-tiny,002_20200624_123133(0).png,1,official,0.5174,0.0
mean_half8,YOLOv3-tiny,002_20200624_123136(5).png,1,official,0.4649,0.0
mean_half8,YOLOv3-tiny,002_20200624_123143(7).png,1,official,0.4906,0.0
mean_half8,YOLOv3-tiny,002_20200630_163105(7).png,2,team,0.4819,0.0
mean_half8,YOLOv3-tiny,002_20200630_163108(9).png,2,team,0.3456,0.0
mean_half8,YOLOv3-tiny,002_20200630_163112(5).png,2,team,0.4433,0.0
mean_half8,YOLOv3-tiny,002_20200630_163116(0).png,2,team,0.479,0.0
mean_half8,YOLOv3-tiny,002_20200630_163119(5).png,2,team,0.4548,0.0
mean_half8,YOLOv3-tiny,002_20200630_163122(8).png,2,team,0.4793,0.0
mean_half8,YOLOv3-tiny,002_20200701_083102(9).png,2,team,0.4685,0.0
mean_half8,YOLOv3-tiny,002_20200701_083105(7).png,2,team,0.4876,0.0
mean_half8,YOLOv3-tiny,002_20200701_083108(8).png,2,team,0.4622,0.0
mean_half8,YOLOv3-tiny,002_20200701_083111(8).png,2,team,0.4514,0.0
mean_half8,YOLOv3-tiny,002_20200701_083114(8).png,2,team,0.4624,0.0
mean_half8,YOLOv3-tiny,002_20200701_083117(8).png,2,team,0.4391,0.0
mean_half8,YOLOv3-tiny,002_20200701_163100(6).png,2,team,0.4831,0.0
mean_half8,YOLOv3-tiny,002_20200701_163104(5).png,2,team,0.4584,0.0
mean_half8,YOLOv3-tiny,002_20200701_163108(4).png,2,team,0.4778,0.0
mean_half8,YOLOv3-tiny,002_20200701_163112(3).png,2,team,0.5074,0.0
mean_half8,YOLOv3-tiny,002_20200701_163116(3).png,2,team,0.4556,0.0
mean_half8,YOLOv3-tiny,002_20200701_163120(4).png,2,team,0.4154,0.0
mean_half8,YOLOv3-tiny,002_20200701_203037(6).png,1,team,0.4033,0.0
mean_half8,YOLOv3-tiny,002_20200701_203040(8).png,1,team,0.4845,0.0
mean_half8,YOLOv3-tiny,002_20200701_203043(9).png,1,team,0.4769,0.0
mean_half8,YOLOv3-tiny,002_20200701_203046(9).png,1,team,0.4636,0.0
mean_half8,YOLOv3-tiny,002_20200701_203050(0).png,1,team,0.4826,0.0
mean_half8,YOLOv3-tiny,002_20200701_203053(0).png,1,team,0.4662,0.0
mean_half8,YOLOv3-tiny,002_20200713_091056(8).png,2,team,0.4528,0.0025
mean_half8,YOLOv3-tiny,002_20200713_091100(5).png,2,team,0.439,0.0
mean_half8,YOLOv3-tiny,002_20200713_091103(8).png,2,team,0.414,0.0
mean_half8,YOLOv3-tiny,002_20200713_091106(9).png,2,team,0.3831,0.0
mean_half8,YOLOv3-tiny,002_20200713_091109(9).png,2,team,0.4893,0.0
mean_half8,YOLOv3-tiny,002_20200713_091112(5).png,2,team,0.4237,0.0
mean_half8,YOLOv3-tiny,002_20200713_123358(8).png,2,team,0.4595,0.0
mean_half8,YOLOv3-tiny,002_20200713_123403(4).png,2,team,0.3677,0.0
mean_half8,YOLOv3-tiny,002_20200713_123408(0).png,2,team,0.4384,0.0
mean_half8,YOLOv3-tiny,002_20200713_123412(4).png,2,team,0.4366,0.0
mean_half8,YOLOv3-tiny,002_20200713_123416(9).png,2,team,0.4691,0.0
mean_half8,YOLOv3-tiny,002_20200713_123421(4).png,2,team,0.4706,0.0
mean_half8,YOLOv3-tiny,002_20200713_202718(1).png,2,team,0.4737,0.0
mean_half8,YOLOv3-tiny,002_20200713_202722(5).png,2,team,0.4329,0.0
mean_half8,YOLOv3-tiny,002_20200713_202726(9).png,2,team,0.4784,0.0
mean_half8,YOLOv3-tiny,002_20200713_202731(4).png,2,team,0.4858,0.0
mean_half8,YOLOv3-tiny,002_20200713_202735(9).png,2,team,0.4508,0.0
mean_half8,YOLOv3-tiny,002_20200713_202743(4).png,2,team,0.4844,0.0
mean_half8,YOLOv3-tiny,002_20200714_123109(8).png,1,official,0.4905,0.0
mean_half8,YOLOv3-tiny,002_20200714_123113(1).png,1,official,0.4465,0.0
mean_half8,YOLOv3-tiny,002_20200714_123117(3).png,1,official,0.4815,0.0
mean_half8,YOLOv3-tiny,002_20200714_123120(4).png,1,official,0.5109,0.0
mean_half8,YOLOv3-tiny,002_20200714_123123(5).png,1,official,0.485,0.0
mean_half8,YOLOv3-tiny,002_20200714_123126(4).png,1,official,0.4934,0.0
mean_half8,YOLOv3-tiny,002_20200721_163536(6).png,2,team,0.3839,0.0
mean_half8,YOLOv3-tiny,002_20200721_163539(9).png,2,team,0.2942,0.0
mean_half8,YOLOv3-tiny,002_20200721_163543(2).png,2,team,0.4317,0.0
mean_half8,YOLOv3-tiny,002_20200721_163548(0).png,2,team,0.411,0.0
mean_half8,YOLOv3-tiny,002_20200721_163551(3).png,2,team,0.4448,0.0
mean_half8,YOLOv3-tiny,002_20200721_163554(6).png,2,team,0.4425,0.0
mean_half8,YOLOv3-tiny,002_20200722_043432(7).png,1,team,0.5141,0.0
mean_half8,YOLOv3-tiny,002_20200722_043437(0).png,1,team,0.3682,0.0
mean_half8,YOLOv3-tiny,002_20200722_131101(2).png,2,team,0.3932,0.0
mean_half8,YOLOv3-tiny,002_20200722_131105(7).png,2,team,0.2457,0.0
mean_half8,YOLOv3-tiny,002_20200723_043256(5).png,1,team,0.3656,0.0
mean_half8,YOLOv3-tiny,002_20200723_043258(3).png,1,team,0.383,0.0
mean_half8,YOLOv3-tiny,002_20200723_123129(3).png,1,team,0.4272,0.0
mean_half8,YOLOv3-tiny,002_20200723_123133(9).png,1,team,0.4532,0.0
mean_half8,YOLOv3-tiny,002_20200723_203129(9).png,1,team,0.3262,0.0
mean_half8,YOLOv3-tiny,002_20200723_203134(3).png,1,team,0.307,0.0
mean_half8,YOLOv3-tiny,002_20200724_003201(9).png,1,team,0.3679,0.0
mean_half8,YOLOv3-tiny,002_20200724_003206(4).png,1,team,0.4001,0.0
mean_half8,YOLOv3-tiny,002_20200727_204612(5).png,1,team,0.415,0.0021
mean_half8,YOLOv3-tiny,002_20200727_204634(7).png,1,team,0.1669,0.0
mean_half8,YOLOv3-tiny,002_20200728_043429(7).png,2,team,0.4249,0.0
mean_half8,YOLOv3-tiny,002_20200728_043435(6).png,2,team,0.4822,0.0
mean_half8,YOLOv3-tiny,002_20200728_123102(5).png,2,team,0.4127,0.0
mean_half8,YOLOv3-tiny,002_20200728_123106(5).png,2,team,0.3991,0.0
mean_half8,YOLOv3-tiny,002_20200814_083411(8).png,2,team,0.2275,0.0
mean_half8,YOLOv3-tiny,002_20200814_083414(7).png,2,team,0.4236,0.0
mean_half8,YOLOv3-tiny,002_20200819_124217(5).png,2,team,0.2708,0.0
mean_half8,YOLOv3-tiny,002_20200819_124225(2).png,2,team,0.3757,0.0
mean_half8,YOLOv3-tiny,002_20200831_163123(9).png,1,team,0.4563,0.0
mean_half8,YOLOv3-tiny,002_20200831_163130(0).png,1,team,0.4173,0.0
mean_half8,YOLOv3-tiny,002_20200901_043133(6).png,2,official,0.4256,0.0
mean_half8,YOLOv3-tiny,002_20200901_043136(6).png,2,official,0.4094,0.0
mean_half8,YOLOv3-tiny,002_20200901_043139(6).png,2,official,0.4989,0.0
mean_half8,YOLOv3-tiny,002_20200901_043142(6).png,2,official,0.4258,0.0
mean_half8,YOLOv3-tiny,002_20200901_043145(5).png,2,official,0.4371,0.0
mean_half8,YOLOv3-tiny,002_20200901_043148(6).png,2,official,0.4808,0.0
mean_half8,YOLOv3-tiny,002_20200901_191340(2).png,2,official,0.4044,0.0
mean_half8,YOLOv3-tiny,002_20200901_191343(2).png,2,official,0.2491,0.0
mean_half8,YOLOv3-tiny,002_20200901_191346(1).png,2,official,0.4397,0.0
mean_half8,YOLOv3-tiny,002_20200901_191348(8).png,2,official,0.4425,0.0
mean_half8,YOLOv3-tiny,002_20200901_191351(5).png,2,official,0.4797,0.0
mean_half8,YOLOv3-tiny,002_20200901_191354(2).png,2,team,0.4283,0.0
mean_half8,YOLOv3-tiny,002_20200902_003149(5).png,2,team,0.3838,0.0
mean_half8,YOLOv3-tiny,002_20200902_003152(5).png,2,team,0.4977,0.0
mean_half8,YOLOv3-tiny,002_20200902_003155(5).png,2,team,0.3926,0.0
mean_half8,YOLOv3-tiny,002_20200902_003158(2).png,2,team,0.3576,0.0
mean_half8,YOLOv3-tiny,002_20200902_003200(9).png,2,team,0.4617,0.0
mean_half8,YOLOv3-tiny,002_20200902_003203(7).png,2,team,0.4561,0.0
mean_half8,YOLOv3-tiny,002_20200902_043107(7).png,1,team,0.4035,0.0
mean_half8,YOLOv3-tiny,002_20200902_043112(1).png,1,team,0.4348,0.0
mean_half8,YOLOv3-tiny,002_20200902_043116(4).png,1,team,0.3552,0.0
mean_half8,YOLOv3-tiny,002_20200902_043120(6).png,1,team,0.4639,0.0
mean_half8,YOLOv3-tiny,002_20200902_043124(9).png,1,team,0.3287,0.0
mean_half8,YOLOv3-tiny,002_20200902_043129(2).png,1,team,0.3394,0.0
mean_half8,YOLOv3-tiny,002_20200902_082641(4).png,2,team,0.3946,0.0
mean_half8,YOLOv3-tiny,002_20200902_082645(7).png,2,team,0.4811,0.0
mean_half8,YOLOv3-tiny,002_20200902_082650(0).png,2,team,0.4727,0.0
mean_half8,YOLOv3-tiny,002_20200902_082654(4).png,2,team,0.3766,0.0
mean_half8,YOLOv3-tiny,002_20200902_082658(4).png,2,team,0.4393,0.0
mean_half8,YOLOv3-tiny,002_20200902_082702(8).png,2,team,0.4648,0.0
mean_half8,YOLOv3-tiny,002_20200905_123055(0).png,2,official,0.4206,0.0
mean_half8,YOLOv3-tiny,002_20200905_123058(4).png,2,official,0.395,0.0
mean_half8,YOLOv3-tiny,002_20200905_123102(0).png,2,official,0.2849,0.0
mean_half8,YOLOv3-tiny,002_20200905_123105(0).png,2,official,0.3036,0.0
mean_half8,YOLOv3-tiny,002_20200905_123108(4).png,2,official,0.4415,0.0
mean_half8,YOLOv3-tiny,002_20200905_123112(0).png,2,official,0.4396,0.0
mean_half8,YOLOv3-tiny,002_20200906_003059(0).png,1,official,0.4359,0.0
mean_half8,YOLOv3-tiny,002_20200906_003114(8).png,1,official,0.1706,0.0
mean_half8,YOLOv3-tiny,002_20200906_003118(7).png,1,official,0.2748,0.0
mean_half8,YOLOv3-tiny,002_20200906_003122(7).png,1,official,0.4793,0.0
mean_half8,YOLOv3-tiny,002_20200906_003126(8).png,1,official,0.3745,0.0
mean_half8,YOLOv3-tiny,002_20200906_003132(7).png,1,official,0.3716,0.0
mean_half8,YOLOv3-tiny,002_20200908_043119(7).png,2,team,0.4377,0.0
mean_half8,YOLOv3-tiny,002_20200908_043124(3).png,2,team,0.4578,0.0
mean_half8,YOLOv3-tiny,002_20200908_043128(8).png,2,team,0.4063,0.0
mean_half8,YOLOv3-tiny,002_20200908_043133(4).png,2,team,0.3691,0.0
mean_half8,YOLOv3-tiny,002_20200908_043137(8).png,2,team,0.4563,0.0
mean_half8,YOLOv3-tiny,002_20200908_043142(4).png,2,team,0.4734,0.0
mean_half8,YOLOv3-tiny,002_20200912_021405(0).png,1,team,0.4505,0.0019
mean_half8,YOLOv3-tiny,002_20200912_021411(6).png,1,team,0.4736,0.0
mean_half8,YOLOv3-tiny,002_20200912_021417(8).png,1,team,0.4127,0.0
mean_half8,YOLOv3-tiny,002_20200912_021420(7).png,1,team,0.495,0.0
mean_half8,YOLOv3-tiny,002_20200912_021423(8).png,1,team,0.4749,0.0
mean_half8,YOLOv3-tiny,002_20200912_021430(0).png,1,team,0.4044,0.0
mean_half8,YOLOv3-tiny,002_20200912_123204(6).png,1,team,0.3545,0.0
mean_half8,YOLOv3-tiny,002_20200912_123207(7).png,1,team,0.476,0.0
mean_half8,YOLOv3-tiny,002_20200912_123210(6).png,1,team,0.4728,0.0
mean_half8,YOLOv3-tiny,002_20200912_123216(4).png,1,team,0.306,0.0
mean_half8,YOLOv3-tiny,002_20200912_123219(3).png,1,team,0.4064,0.0
mean_half8,YOLOv3-tiny,002_20200912_123222(2).png,1,team,0.3741,0.0
mean_half8,YOLOv3-tiny,002_20200914_203029(2).png,2,team,0.4936,0.0
mean_half8,YOLOv3-tiny,002_20200914_203032(1).png,2,team,0.4904,0.0
mean_half8,YOLOv3-tiny,002_20200914_203035(2).png,2,team,0.3253,0.0
mean_half8,YOLOv3-tiny,002_20200914_203038(1).png,2,team,0.3691,0.0
mean_half8,YOLOv3-tiny,002_20200914_203041(1).png,2,team,0.4565,0.0
mean_half8,YOLOv3-tiny,002_20200914_203045(7).png,2,team,0.4808,0.0
mean_half8,YOLOv3-tiny,002_20200915_003458(4).png,1,team,0.3863,0.0
mean_half8,YOLOv3-tiny,002_20200915_003505(7).png,1,team,0.4216,0.0
mean_half8,YOLOv3-tiny,002_20200915_003510(7).png,1,team,0.4465,0.0
mean_half8,YOLOv3-tiny,002_20200915_003515(6).png,1,team,0.4508,0.0
mean_half8,YOLOv3-tiny,002_20200915_003523(1).png,1,team,0.4299,0.0018
mean_half8,YOLOv3-tiny,002_20200915_003532(1).png,1,team,0.4584,0.0
mean_half8,YOLOv3-tiny,002_20200915_163129(0).png,1,team,0.459,0.0
mean_half8,YOLOv3-tiny,002_20200915_163133(5).png,1,team,0.4942,0.0
mean_half8,YOLOv3-tiny,002_20200915_163144(0).png,1,team,0.3855,0.0
mean_half8,YOLOv3-tiny,002_20200915_163154(5).png,1,team,0.4304,0.0
mean_half8,YOLOv3-tiny,002_20200915_163158(9).png,1,team,0.4106,0.0
mean_half8,YOLOv3-tiny,002_20200915_163203(4).png,1,team,0.4829,0.0025
mean_half8,YOLOv3-tiny,002_20200915_203209(5).png,1,team,0.4848,0.0
mean_half8,YOLOv3-tiny,002_20200915_203212(5).png,1,team,0.4663,0.0
mean_half8,YOLOv3-tiny,002_20200915_203215(5).png,1,team,0.4678,0.0
mean_half8,YOLOv3-tiny,002_20200915_203218(5).png,1,team,0.3242,0.0
mean_half8,YOLOv3-tiny,002_20200915_203224(4).png,1,team,0.4442,0.0
mean_half8,YOLOv3-tiny,002_20200915_203229(1).png,1,team,0.3891,0.0
mean_half8,YOLOv3-tiny,002_20200917_003224(9).png,2,team,0.4065,0.0
mean_half8,YOLOv3-tiny,002_20200917_003228(7).png,2,team,0.4789,0.0
mean_half8,YOLOv3-tiny,002_20200917_003234(6).png,2,team,0.4692,0.0
mean_half8,YOLOv3-tiny,002_20200917_003238(7).png,2,team,0.4986,0.0
mean_half8,YOLOv3-tiny,002_20200917_003242(7).png,2,team,0.4315,0.0
mean_half8,YOLOv3-tiny,002_20200917_003246(7).png,2,team,0.3697,0.0
mean_half8,YOLOv3-tiny,002_20200917_083653(7).png,1,team,0.4429,0.0
mean_half8,YOLOv3-tiny,002_20200917_083659(5).png,1,team,0.4123,0.0
mean_half8,YOLOv3-tiny,002_20200917_083703(5).png,1,team,0.3512,0.0
mean_half8,YOLOv3-tiny,002_20200917_083707(4).png,1,team,0.4873,0.0
mean_half8,YOLOv3-tiny,002_20200917_083711(6).png,1,team,0.4122,0.0
mean_half8,YOLOv3-tiny,002_20200917_083721(4).png,1,team,0.4797,0.0
mean_half8,YOLOv3-tiny,002_20200918_043323(0).png,2,team,0.451,0.0
mean_half8,YOLOv3-tiny,002_20200918_043326(6).png,2,team,0.4879,0.0
mean_half8,YOLOv3-tiny,002_20200918_043330(5).png,2,team,0.4647,0.0
mean_half8,YOLOv3-tiny,002_20200918_043334(3).png,2,team,0.5135,0.0
mean_half8,YOLOv3-tiny,002_20200918_043338(2)__m2.png,2,team,0.4814,0.0
mean_half8,YOLOv3-tiny,002_20200918_043342(2).png,2,team,0.4566,0.0151
mean_half8,YOLOv3-tiny,002_20200918_123306(7).png,1,team,0.4187,0.0
mean_half8,YOLOv3-tiny,002_20200918_123310(6).png,1,team,0.3813,0.0
mean_half8,YOLOv3-tiny,002_20200918_123314(6).png,1,team,0.3576,0.0
mean_half8,YOLOv3-tiny,002_20200918_123318(7).png,1,team,0.4188,0.0
mean_half8,YOLOv3-tiny,002_20200918_123322(5).png,1,team,0.4453,0.0
mean_half8,YOLOv3-tiny,002_20200918_123331(0).png,1,team,0.2778,0.0
mean_half8,YOLOv3-tiny,002_20200921_163038(3).png,2,team,0.4229,0.0
mean_half8,YOLOv3-tiny,002_20200921_163042(3).png,2,team,0.3392,0.0
mean_half8,YOLOv3-tiny,002_20200921_163045(4).png,2,team,0.4521,0.0
mean_half8,YOLOv3-tiny,002_20200921_163049(6).png,2,team,0.4634,0.0
mean_half8,YOLOv3-tiny,002_20200921_163052(5).png,2,team,0.4682,0.0
mean_half8,YOLOv3-tiny,002_20200921_163055(5).png,2,team,0.4651,0.0
mean_half8,YOLOv3-tiny,002_20200921_202239(4).png,2,team,0.438,0.0
mean_half8,YOLOv3-tiny,002_20200921_202244(0).png,2,team,0.4893,0.0
mean_half8,YOLOv3-tiny,002_20200921_202248(6).png,2,team,0.1965,0.0181
mean_half8,YOLOv3-tiny,002_20200921_202253(0).png,2,team,0.432,0.0
mean_half8,YOLOv3-tiny,002_20200921_202257(4).png,2,team,0.4603,0.0
mean_half8,YOLOv3-tiny,002_20200921_202303(6).png,2,team,0.4133,0.0
mean_half8,YOLOv3-tiny,002_20200922_043105(7).png,1,team,0.337,0.0
mean_half8,YOLOv3-tiny,002_20200922_043110(2).png,1,team,0.3983,0.0
mean_half8,YOLOv3-tiny,002_20200922_043114(8).png,1,team,0.3774,0.0
mean_half8,YOLOv3-tiny,002_20200922_043119(3).png,1,team,0.3807,0.0
mean_half8,YOLOv3-tiny,002_20200922_043123(8).png,1,team,0.377,0.0
mean_half8,YOLOv3-tiny,002_20200922_043128(2).png,1,team,0.449,0.0
mean_half8,Faster R-CNN MobileNetV3-FPN,001_20200623_203217(4).png,3,official,0.997,0.0081
mean_half8,Faster R-CNN MobileNetV3-FPN,001_20200623_203222(0).png,3,official,0.9926,0.0
mean_half8,Faster R-CNN MobileNetV3-FPN,001_20200623_203226(3).png,3,official,0.992,0.36
mean_half8,Faster R-CNN MobileNetV3-FPN,001_20200623_203230(9).png,3,official,0.9972,0.0647
mean_half8,Faster R-CNN MobileNetV3-FPN,001_20200623_203235(3).png,3,official,0.9963,0.1195
mean_half8,Faster R-CNN MobileNetV3-FPN,001_20200623_203247(5).png,3,official,0.9943,0.0203
mean_half8,Faster R-CNN MobileNetV3-FPN,001_20200625_043323(7).png,3,official,0.9943,0.0174
mean_half8,Faster R-CNN MobileNetV3-FPN,001_20200625_043328(3).png,3,official,0.9956,0.0247
mean_half8,Faster R-CNN MobileNetV3-FPN,001_20200625_043337(3).png,3,official,0.9964,0.0018
mean_half8,Faster R-CNN MobileNetV3-FPN,001_20200625_043341(7).png,3,official,0.997,0.1786
mean_half8,Faster R-CNN MobileNetV3-FPN,001_20200625_043346(2).png,3,official,0.9929,0.0153
mean_half8,Faster R-CNN MobileNetV3-FPN,001_20200625_043359(8).png,3,official,0.9986,0.1284
mean_half8,Faster R-CNN MobileNetV3-FPN,001_20200630_043538(1).png,3,team,0.9915,0.0233
mean_half8,Faster R-CNN MobileNetV3-FPN,001_20200630_043544(2).png,3,team,0.9947,0.0029
mean_half8,Faster R-CNN MobileNetV3-FPN,001_20200630_043548(7).png,3,team,0.9964,0.064
mean_half8,Faster R-CNN MobileNetV3-FPN,001_20200630_043600(9).png,3,team,0.9937,0.0638
mean_half8,Faster R-CNN MobileNetV3-FPN,001_20200630_043605(5).png,3,team,0.9853,0.0584
mean_half8,Faster R-CNN MobileNetV3-FPN,001_20200630_083235(6).png,3,team,0.9977,0.0203
mean_half8,Faster R-CNN MobileNetV3-FPN,001_20200630_083322(2).png,3,team,0.9946,0.665
mean_half8,Faster R-CNN MobileNetV3-FPN,001_20200630_083331(2).png,3,team,0.9947,0.0204
mean_half8,Faster R-CNN MobileNetV3-FPN,001_20200630_083350(7).png,3,team,0.9962,0.3129
mean_half8,Faster R-CNN MobileNetV3-FPN,001_20200630_083355(1).png,3,team,0.9953,0.7134
mean_half8,Faster R-CNN MobileNetV3-FPN,001_20200630_083405(7).png,3,team,0.9961,0.0064
mean_half8,Faster R-CNN MobileNetV3-FPN,001_20200630_163111(8).png,3,team,0.9935,0.0
mean_half8,Faster R-CNN MobileNetV3-FPN,001_20200630_163116(2).png,3,team,0.9933,0.0533
mean_half8,Faster R-CNN MobileNetV3-FPN,001_20200630_163120(7).png,3,team,0.9909,0.0166
mean_half8,Faster R-CNN MobileNetV3-FPN,001_20200630_163125(2).png,3,team,0.9965,0.4654
mean_half8,Faster R-CNN MobileNetV3-FPN,001_20200630_163129(8).png,3,team,0.9945,0.2733
mean_half8,Faster R-CNN MobileNetV3-FPN,001_20200630_163134(2).png,3,team,0.9957,0.0118
mean_half8,Faster R-CNN MobileNetV3-FPN,001_20200630_163147(8).png,3,team,0.9915,0.0
mean_half8,Faster R-CNN MobileNetV3-FPN,001_20200701_123507(7).png,3,team,0.9937,0.0387
mean_half8,Faster R-CNN MobileNetV3-FPN,001_20200701_123511(0).png,3,team,0.9962,0.168
mean_half8,Faster R-CNN MobileNetV3-FPN,001_20200701_123514(1).png,3,team,0.9965,0.1044
mean_half8,Faster R-CNN MobileNetV3-FPN,001_20200701_123517(3).png,3,team,0.995,0.0028
mean_half8,Faster R-CNN MobileNetV3-FPN,001_20200701_123520(6).png,3,team,0.9982,0.0212
mean_half8,Faster R-CNN MobileNetV3-FPN,001_20200701_123523(9).png,3,team,0.9933,0.016
mean_half8,Faster R-CNN MobileNetV3-FPN,001_20200708_163845(3).png,3,team,0.9943,0.0238
mean_half8,Faster R-CNN MobileNetV3-FPN,001_20200708_163848(2).png,3,team,0.9935,0.0477
mean_half8,Faster R-CNN MobileNetV3-FPN,001_20200708_163851(0).png,3,team,0.9957,0.963
mean_half8,Faster R-CNN MobileNetV3-FPN,001_20200708_163853(5).png,3,team,0.9972,0.0686
mean_half8,Faster R-CNN MobileNetV3-FPN,001_20200708_163856(2).png,3,team,0.9956,0.0823
mean_half8,Faster R-CNN MobileNetV3-FPN,001_20200708_163858(9).png,3,team,0.9944,0.3
mean_half8,Faster R-CNN MobileNetV3-FPN,001_20200708_203804(5).png,3,team,0.9969,0.0036
mean_half8,Faster R-CNN MobileNetV3-FPN,001_20200708_203844(8).png,3,team,0.9948,0.5701
mean_half8,Faster R-CNN MobileNetV3-FPN,001_20200708_203917(6).png,3,team,0.996,0.0227
mean_half8,Faster R-CNN MobileNetV3-FPN,001_20200713_202630(0).png,3,team,0.9959,0.2264
mean_half8,Faster R-CNN MobileNetV3-FPN,001_20200713_202634(5).png,3,team,0.9976,0.0864
mean_half8,Faster R-CNN MobileNetV3-FPN,001_20200713_202639(1).png,3,team,0.9968,0.0155
mean_half8,Faster R-CNN MobileNetV3-FPN,001_20200713_202643(6).png,3,team,0.9941,0.0291
mean_half8,Faster R-CNN MobileNetV3-FPN,001_20200713_202648(2).png,3,team,0.9941,0.0182
mean_half8,Faster R-CNN MobileNetV3-FPN,001_20200713_202652(6).png,3,team,0.9949,0.0112
mean_half8,Faster R-CNN MobileNetV3-FPN,001_20200714_042943(8).png,3,team,0.9965,0.0647
mean_half8,Faster R-CNN MobileNetV3-FPN,001_20200714_042948(4).png,3,team,0.9946,0.3844
mean_half8,Faster R-CNN MobileNetV3-FPN,001_20200714_042957(3).png,3,team,0.9938,0.4811
mean_half8,Faster R-CNN MobileNetV3-FPN,001_20200714_043001(8).png,3,team,0.9956,0.0032
mean_half8,Faster R-CNN MobileNetV3-FPN,001_20200714_043006(2).png,3,team,0.9966,0.0753
mean_half8,Faster R-CNN MobileNetV3-FPN,001_20200714_043010(8).png,3,team,0.9952,0.6424
mean_half8,Faster R-CNN MobileNetV3-FPN,001_20200715_083509(3).png,3,team,0.9935,0.0339
mean_half8,Faster R-CNN MobileNetV3-FPN,001_20200715_083513(8).png,3,team,0.9955,0.192
mean_half8,Faster R-CNN MobileNetV3-FPN,001_20200715_083518(2).png,3,team,0.9969,0.1091
mean_half8,Faster R-CNN MobileNetV3-FPN,001_20200715_083522(7).png,3,team,0.9985,0.0013
mean_half8,Faster R-CNN MobileNetV3-FPN,001_20200715_083527(3).png,3,team,0.9947,0.0123
mean_half8,Faster R-CNN MobileNetV3-FPN,001_20200715_083531(8).png,3,team,0.9937,0.016
mean_half8,Faster R-CNN MobileNetV3-FPN,001_20200722_083525(2).png,3,team,0.9945,0.0
mean_half8,Faster R-CNN MobileNetV3-FPN,001_20200722_083529(6).png,3,team,0.977,0.0077
mean_half8,Faster R-CNN MobileNetV3-FPN,001_20200728_163910(5).png,3,official,0.9921,0.0122
mean_half8,Faster R-CNN MobileNetV3-FPN,001_20200728_163913(6).png,3,official,0.9883,0.0043
mean_half8,Faster R-CNN MobileNetV3-FPN,001_20200814_033012(7).png,3,official,0.9913,0.0
mean_half8,Faster R-CNN MobileNetV3-FPN,001_20200814_033016(6).png,3,official,0.9952,0.0
mean_half8,Faster R-CNN MobileNetV3-FPN,001_20200814_043321(6).png,3,official,0.9944,0.0011
mean_half8,Faster R-CNN MobileNetV3-FPN,001_20200814_043345(8).png,3,team,0.9854,0.0
mean_half8,Faster R-CNN MobileNetV3-FPN,001_20200818_123634(4).png,3,official,0.9804,0.0
mean_half8,Faster R-CNN MobileNetV3-FPN,001_20200818_123638(1).png,3,team,0.9902,0.0
mean_half8,Faster R-CNN MobileNetV3-FPN,001_20200831_083711(6).png,3,official,0.9944,0.3276
mean_half8,Faster R-CNN MobileNetV3-FPN,001_20200831_083714(8).png,3,official,0.9982,0.0
mean_half8,Faster R-CNN MobileNetV3-FPN,001_20200905_003911(9).png,3,team,0.9879,0.0
mean_half8,Faster R-CNN MobileNetV3-FPN,001_20200905_003914(9).png,3,team,0.9884,0.0
mean_half8,Faster R-CNN MobileNetV3-FPN,001_20200905_003918(2).png,3,team,0.9962,0.0
mean_half8,Faster R-CNN MobileNetV3-FPN,001_20200905_003921(2).png,3,team,0.9971,0.1877
mean_half8,Faster R-CNN MobileNetV3-FPN,001_20200905_003924(3).png,3,team,0.9973,0.0
mean_half8,Faster R-CNN MobileNetV3-FPN,001_20200905_003927(3).png,3,team,0.9941,0.0
mean_half8,Faster R-CNN MobileNetV3-FPN,001_20200905_083552(0).png,3,team,0.9903,0.0
mean_half8,Faster R-CNN MobileNetV3-FPN,001_20200905_083555(2).png,3,team,0.9975,0.0
mean_half8,Faster R-CNN MobileNetV3-FPN,001_20200905_083558(2).png,3,team,0.9975,0.0
mean_half8,Faster R-CNN MobileNetV3-FPN,001_20200905_083603(0).png,3,team,0.9976,0.0122
mean_half8,Faster R-CNN MobileNetV3-FPN,001_20200905_083606(6).png,3,team,0.9905,0.0
mean_half8,Faster R-CNN MobileNetV3-FPN,001_20200905_083609(7).png,3,team,0.9961,0.1067
mean_half8,Faster R-CNN MobileNetV3-FPN,001_20200914_083101(5).png,3,team,0.9961,0.0
mean_half8,Faster R-CNN MobileNetV3-FPN,001_20200914_083105(1).png,3,team,0.9943,0.0012
mean_half8,Faster R-CNN MobileNetV3-FPN,001_20200914_083108(8).png,3,team,0.987,0.0582
mean_half8,Faster R-CNN MobileNetV3-FPN,001_20200914_083111(5).png,3,team,0.9902,0.0
mean_half8,Faster R-CNN MobileNetV3-FPN,001_20200914_083114(5).png,3,team,0.996,0.0
mean_half8,Faster R-CNN MobileNetV3-FPN,001_20200914_083117(5).png,3,team,0.9965,0.0
mean_half8,Faster R-CNN MobileNetV3-FPN,001_20200915_003734(8).png,3,team,0.9937,0.0198
mean_half8,Faster R-CNN MobileNetV3-FPN,001_20200915_003737(5).png,3,team,0.9978,0.0
mean_half8,Faster R-CNN MobileNetV3-FPN,001_20200915_003740(4).png,3,team,0.9638,0.0
mean_half8,Faster R-CNN MobileNetV3-FPN,001_20200915_003743(5).png,3,team,0.9964,0.0022
mean_half8,Faster R-CNN MobileNetV3-FPN,001_20200915_003746(5).png,3,team,0.9967,0.0
mean_half8,Faster R-CNN MobileNetV3-FPN,001_20200915_003749(6).png,3,team,0.9883,0.0
mean_half8,Faster R-CNN MobileNetV3-FPN,001_20200918_004019(6).png,3,team,0.9943,0.1284
mean_half8,Faster R-CNN MobileNetV3-FPN,001_20200918_004022(5).png,3,team,0.996,0.0
mean_half8,Faster R-CNN MobileNetV3-FPN,001_20200918_004025(8).png,3,team,0.9918,0.0
mean_half8,Faster R-CNN MobileNetV3-FPN,001_20200918_004029(0).png,3,team,0.9982,0.0
mean_half8,Faster R-CNN MobileNetV3-FPN,001_20200918_004032(2).png,3,team,0.9835,0.0
mean_half8,Faster R-CNN MobileNetV3-FPN,001_20200918_004036(3).png,3,team,0.9977,0.0777
mean_half8,Faster R-CNN MobileNetV3-FPN,001_20200918_043556(8).png,3,team,0.9968,0.0
mean_half8,Faster R-CNN MobileNetV3-FPN,001_20200918_043559(9).png,3,team,0.9936,0.0313
mean_half8,Faster R-CNN MobileNetV3-FPN,001_20200918_043602(9).png,3,team,0.9975,0.0331
mean_half8,Faster R-CNN MobileNetV3-FPN,001_20200918_043606(0).png,3,team,0.9779,0.0
mean_half8,Faster R-CNN MobileNetV3-FPN,001_20200918_043609(2).png,3,team,0.9964,0.0
mean_half8,Faster R-CNN MobileNetV3-FPN,001_20200918_043612(4).png,3,team,0.9986,0.86
mean_half8,Faster R-CNN MobileNetV3-FPN,001_20200918_083036(8).png,3,team,0.9931,0.0
mean_half8,Faster R-CNN MobileNetV3-FPN,001_20200918_083039(9).png,3,team,0.9954,0.0
mean_half8,Faster R-CNN MobileNetV3-FPN,001_20200918_083042(8).png,3,team,0.9871,0.2688
mean_half8,Faster R-CNN MobileNetV3-FPN,001_20200918_083045(5).png,3,team,0.9979,0.5857
mean_half8,Faster R-CNN MobileNetV3-FPN,001_20200918_083048(5).png,3,team,0.9977,0.0
mean_half8,Faster R-CNN MobileNetV3-FPN,001_20200918_083051(4).png,3,team,0.9971,0.0
mean_half8,Faster R-CNN MobileNetV3-FPN,001_20200921_163325(1).png,3,team,0.9942,0.0
mean_half8,Faster R-CNN MobileNetV3-FPN,001_20200921_163329(4).png,3,team,0.9971,0.0012
mean_half8,Faster R-CNN MobileNetV3-FPN,001_20200921_163333(8).png,3,team,0.9967,0.0
mean_half8,Faster R-CNN MobileNetV3-FPN,001_20200921_163338(1).png,3,team,0.9982,0.0013
mean_half8,Faster R-CNN MobileNetV3-FPN,001_20200921_163342(6).png,3,team,0.9982,0.0
mean_half8,Faster R-CNN MobileNetV3-FPN,001_20200921_163346(9).png,3,team,0.9981,0.0
mean_half8,Faster R-CNN MobileNetV3-FPN,001_20200922_003308(2).png,3,team,0.9975,0.0
mean_half8,Faster R-CNN MobileNetV3-FPN,001_20200922_003312(7).png,3,team,0.9989,0.0
mean_half8,Faster R-CNN MobileNetV3-FPN,001_20200922_003317(2).png,3,team,0.995,0.0
mean_half8,Faster R-CNN MobileNetV3-FPN,001_20200922_003321(7).png,3,team,0.9957,0.0
mean_half8,Faster R-CNN MobileNetV3-FPN,001_20200922_003326(6).png,3,team,0.9973,0.0
mean_half8,Faster R-CNN MobileNetV3-FPN,001_20200922_003330(7).png,3,team,0.9906,0.0565
mean_half8,Faster R-CNN MobileNetV3-FPN,002_20200623_043039(3).png,1,official,0.9949,0.0
mean_half8,Faster R-CNN MobileNetV3-FPN,002_20200623_043043(2).png,1,official,0.9957,0.0
mean_half8,Faster R-CNN MobileNetV3-FPN,002_20200623_043047(2).png,1,official,0.997,0.0
mean_half8,Faster R-CNN MobileNetV3-FPN,002_20200623_043051(3).png,1,official,0.9957,0.0
mean_half8,Faster R-CNN MobileNetV3-FPN,002_20200623_043055(3).png,1,official,0.9961,0.0
mean_half8,Faster R-CNN MobileNetV3-FPN,002_20200623_043059(4).png,1,official,0.9947,0.0
mean_half8,Faster R-CNN MobileNetV3-FPN,002_20200623_203040(4).png,1,official,0.9939,0.0
mean_half8,Faster R-CNN MobileNetV3-FPN,002_20200623_203044(0).png,1,official,0.995,0.0
mean_half8,Faster R-CNN MobileNetV3-FPN,002_20200623_203047(7).png,1,official,0.995,0.0
mean_half8,Faster R-CNN MobileNetV3-FPN,002_20200623_203051(2).png,1,official,0.9958,0.0
mean_half8,Faster R-CNN MobileNetV3-FPN,002_20200623_203054(7).png,1,official,0.9979,0.0
mean_half8,Faster R-CNN MobileNetV3-FPN,002_20200623_203058(3).png,1,official,0.9967,0.0
mean_half8,Faster R-CNN MobileNetV3-FPN,002_20200624_003115(6).png,2,official,0.9926,0.0
mean_half8,Faster R-CNN MobileNetV3-FPN,002_20200624_003118(6).png,2,official,0.9971,0.0
mean_half8,Faster R-CNN MobileNetV3-FPN,002_20200624_003123(0).png,2,official,0.9952,0.0
mean_half8,Faster R-CNN MobileNetV3-FPN,002_20200624_003127(5).png,2,official,0.9941,0.0
mean_half8,Faster R-CNN MobileNetV3-FPN,002_20200624_003132(0).png,2,official,0.9909,0.0
mean_half8,Faster R-CNN MobileNetV3-FPN,002_20200624_003136(5).png,2,official,0.9911,0.0
mean_half8,Faster R-CNN MobileNetV3-FPN,002_20200624_043136(9).png,2,official,0.9954,0.0018
mean_half8,Faster R-CNN MobileNetV3-FPN,002_20200624_043141(4).png,2,official,0.9943,0.0
mean_half8,Faster R-CNN MobileNetV3-FPN,002_20200624_043145(8).png,2,official,0.9926,0.0
mean_half8,Faster R-CNN MobileNetV3-FPN,002_20200624_043150(3).png,2,official,0.9951,0.0034
mean_half8,Faster R-CNN MobileNetV3-FPN,002_20200624_043154(8).png,2,official,0.9958,0.0
mean_half8,Faster R-CNN MobileNetV3-FPN,002_20200624_043159(4).png,2,official,0.9938,0.0
mean_half8,Faster R-CNN MobileNetV3-FPN,002_20200624_083045(5).png,1,official,0.9939,0.0
mean_half8,Faster R-CNN MobileNetV3-FPN,002_20200624_083049(6).png,1,official,0.9928,0.0
mean_half8,Faster R-CNN MobileNetV3-FPN,002_20200624_083053(3).png,1,official,0.9964,0.0
mean_half8,Faster R-CNN MobileNetV3-FPN,002_20200624_083057(4).png,1,official,0.9906,0.0
mean_half8,Faster R-CNN MobileNetV3-FPN,002_20200624_083101(4).png,1,official,0.9927,0.0
mean_half8,Faster R-CNN MobileNetV3-FPN,002_20200624_083105(5).png,1,official,0.9945,0.0
mean_half8,Faster R-CNN MobileNetV3-FPN,002_20200624_123122(6).png,1,official,0.997,0.0
mean_half8,Faster R-CNN MobileNetV3-FPN,002_20200624_123126(4).png,1,official,0.9961,0.0
mean_half8,Faster R-CNN MobileNetV3-FPN,002_20200624_123129(9).png,1,official,0.9971,0.0
mean_half8,Faster R-CNN MobileNetV3-FPN,002_20200624_123133(0).png,1,official,0.9909,0.0
mean_half8,Faster R-CNN MobileNetV3-FPN,002_20200624_123136(5).png,1,official,0.9712,0.0
mean_half8,Faster R-CNN MobileNetV3-FPN,002_20200624_123143(7).png,1,official,0.9894,0.0
mean_half8,Faster R-CNN MobileNetV3-FPN,002_20200630_163105(7).png,2,team,0.9943,0.0
mean_half8,Faster R-CNN MobileNetV3-FPN,002_20200630_163108(9).png,2,team,0.9952,0.0045
mean_half8,Faster R-CNN MobileNetV3-FPN,002_20200630_163112(5).png,2,team,0.9883,0.0
mean_half8,Faster R-CNN MobileNetV3-FPN,002_20200630_163116(0).png,2,team,0.9968,0.0
mean_half8,Faster R-CNN MobileNetV3-FPN,002_20200630_163119(5).png,2,team,0.9974,0.0
mean_half8,Faster R-CNN MobileNetV3-FPN,002_20200630_163122(8).png,2,team,0.9927,0.0
mean_half8,Faster R-CNN MobileNetV3-FPN,002_20200701_083102(9).png,2,team,0.9962,0.0
mean_half8,Faster R-CNN MobileNetV3-FPN,002_20200701_083105(7).png,2,team,0.9982,0.0
mean_half8,Faster R-CNN MobileNetV3-FPN,002_20200701_083108(8).png,2,team,0.9942,0.0
mean_half8,Faster R-CNN MobileNetV3-FPN,002_20200701_083111(8).png,2,team,0.9954,0.0
mean_half8,Faster R-CNN MobileNetV3-FPN,002_20200701_083114(8).png,2,team,0.9963,0.0
mean_half8,Faster R-CNN MobileNetV3-FPN,002_20200701_083117(8).png,2,team,0.9952,0.0
mean_half8,Faster R-CNN MobileNetV3-FPN,002_20200701_163100(6).png,2,team,0.9931,0.0
mean_half8,Faster R-CNN MobileNetV3-FPN,002_20200701_163104(5).png,2,team,0.9913,0.0
mean_half8,Faster R-CNN MobileNetV3-FPN,002_20200701_163108(4).png,2,team,0.9961,0.0
mean_half8,Faster R-CNN MobileNetV3-FPN,002_20200701_163112(3).png,2,team,0.9876,0.0
mean_half8,Faster R-CNN MobileNetV3-FPN,002_20200701_163116(3).png,2,team,0.9866,0.0
mean_half8,Faster R-CNN MobileNetV3-FPN,002_20200701_163120(4).png,2,team,0.9929,0.0
mean_half8,Faster R-CNN MobileNetV3-FPN,002_20200701_203037(6).png,1,team,0.995,0.0
mean_half8,Faster R-CNN MobileNetV3-FPN,002_20200701_203040(8).png,1,team,0.9942,0.0
mean_half8,Faster R-CNN MobileNetV3-FPN,002_20200701_203043(9).png,1,team,0.9977,0.0
mean_half8,Faster R-CNN MobileNetV3-FPN,002_20200701_203046(9).png,1,team,0.9929,0.0
mean_half8,Faster R-CNN MobileNetV3-FPN,002_20200701_203050(0).png,1,team,0.9919,0.0
mean_half8,Faster R-CNN MobileNetV3-FPN,002_20200701_203053(0).png,1,team,0.995,0.0
mean_half8,Faster R-CNN MobileNetV3-FPN,002_20200713_091056(8).png,2,team,0.9956,0.0018
mean_half8,Faster R-CNN MobileNetV3-FPN,002_20200713_091100(5).png,2,team,0.9956,0.0
mean_half8,Faster R-CNN MobileNetV3-FPN,002_20200713_091103(8).png,2,team,0.9938,0.0
mean_half8,Faster R-CNN MobileNetV3-FPN,002_20200713_091106(9).png,2,team,0.9963,0.0
mean_half8,Faster R-CNN MobileNetV3-FPN,002_20200713_091109(9).png,2,team,0.9905,0.0
mean_half8,Faster R-CNN MobileNetV3-FPN,002_20200713_091112(5).png,2,team,0.996,0.0
mean_half8,Faster R-CNN MobileNetV3-FPN,002_20200713_123358(8).png,2,team,0.9897,0.0
mean_half8,Faster R-CNN MobileNetV3-FPN,002_20200713_123403(4).png,2,team,0.9943,0.0
mean_half8,Faster R-CNN MobileNetV3-FPN,002_20200713_123408(0).png,2,team,0.9919,0.0
mean_half8,Faster R-CNN MobileNetV3-FPN,002_20200713_123412(4).png,2,team,0.9932,0.0
mean_half8,Faster R-CNN MobileNetV3-FPN,002_20200713_123416(9).png,2,team,0.994,0.0025
mean_half8,Faster R-CNN MobileNetV3-FPN,002_20200713_123421(4).png,2,team,0.9947,0.0
mean_half8,Faster R-CNN MobileNetV3-FPN,002_20200713_202718(1).png,2,team,0.993,0.0
mean_half8,Faster R-CNN MobileNetV3-FPN,002_20200713_202722(5).png,2,team,0.995,0.0
mean_half8,Faster R-CNN MobileNetV3-FPN,002_20200713_202726(9).png,2,team,0.9969,0.0
mean_half8,Faster R-CNN MobileNetV3-FPN,002_20200713_202731(4).png,2,team,0.9951,0.0
mean_half8,Faster R-CNN MobileNetV3-FPN,002_20200713_202735(9).png,2,team,0.9923,0.0
mean_half8,Faster R-CNN MobileNetV3-FPN,002_20200713_202743(4).png,2,team,0.9961,0.0
mean_half8,Faster R-CNN MobileNetV3-FPN,002_20200714_123109(8).png,1,official,0.9947,0.0
mean_half8,Faster R-CNN MobileNetV3-FPN,002_20200714_123113(1).png,1,official,0.9937,0.0
mean_half8,Faster R-CNN MobileNetV3-FPN,002_20200714_123117(3).png,1,official,0.9968,0.0
mean_half8,Faster R-CNN MobileNetV3-FPN,002_20200714_123120(4).png,1,official,0.9962,0.0
mean_half8,Faster R-CNN MobileNetV3-FPN,002_20200714_123123(5).png,1,official,0.9974,0.0
mean_half8,Faster R-CNN MobileNetV3-FPN,002_20200714_123126(4).png,1,official,0.9962,0.0
mean_half8,Faster R-CNN MobileNetV3-FPN,002_20200721_163536(6).png,2,team,0.9954,0.0
mean_half8,Faster R-CNN MobileNetV3-FPN,002_20200721_163539(9).png,2,team,0.9938,0.0
mean_half8,Faster R-CNN MobileNetV3-FPN,002_20200721_163543(2).png,2,team,0.9965,0.0
mean_half8,Faster R-CNN MobileNetV3-FPN,002_20200721_163548(0).png,2,team,0.9972,0.0
mean_half8,Faster R-CNN MobileNetV3-FPN,002_20200721_163551(3).png,2,team,0.9959,0.0
mean_half8,Faster R-CNN MobileNetV3-FPN,002_20200721_163554(6).png,2,team,0.9978,0.0
mean_half8,Faster R-CNN MobileNetV3-FPN,002_20200722_043432(7).png,1,team,0.9982,0.0
mean_half8,Faster R-CNN MobileNetV3-FPN,002_20200722_043437(0).png,1,team,0.9986,0.0
mean_half8,Faster R-CNN MobileNetV3-FPN,002_20200722_131101(2).png,2,team,0.9945,0.0
mean_half8,Faster R-CNN MobileNetV3-FPN,002_20200722_131105(7).png,2,team,0.9956,0.0
mean_half8,Faster R-CNN MobileNetV3-FPN,002_20200723_043256(5).png,1,team,0.9939,0.0
mean_half8,Faster R-CNN MobileNetV3-FPN,002_20200723_043258(3).png,1,team,0.9982,0.0
mean_half8,Faster R-CNN MobileNetV3-FPN,002_20200723_123129(3).png,1,team,0.9929,0.0
mean_half8,Faster R-CNN MobileNetV3-FPN,002_20200723_123133(9).png,1,team,0.9982,0.0
mean_half8,Faster R-CNN MobileNetV3-FPN,002_20200723_203129(9).png,1,team,0.9941,0.0
mean_half8,Faster R-CNN MobileNetV3-FPN,002_20200723_203134(3).png,1,team,0.9969,0.0
mean_half8,Faster R-CNN MobileNetV3-FPN,002_20200724_003201(9).png,1,team,0.9976,0.0
mean_half8,Faster R-CNN MobileNetV3-FPN,002_20200724_003206(4).png,1,team,0.9971,0.0
mean_half8,Faster R-CNN MobileNetV3-FPN,002_20200727_204612(5).png,1,team,0.9989,0.0
mean_half8,Faster R-CNN MobileNetV3-FPN,002_20200727_204634(7).png,1,team,0.9966,0.0
mean_half8,Faster R-CNN MobileNetV3-FPN,002_20200728_043429(7).png,2,team,0.998,0.0
mean_half8,Faster R-CNN MobileNetV3-FPN,002_20200728_043435(6).png,2,team,0.9976,0.0
mean_half8,Faster R-CNN MobileNetV3-FPN,002_20200728_123102(5).png,2,team,0.9954,0.0
mean_half8,Faster R-CNN MobileNetV3-FPN,002_20200728_123106(5).png,2,team,0.9982,0.0
mean_half8,Faster R-CNN MobileNetV3-FPN,002_20200814_083411(8).png,2,team,0.9977,0.0
mean_half8,Faster R-CNN MobileNetV3-FPN,002_20200814_083414(7).png,2,team,0.9982,0.0
mean_half8,Faster R-CNN MobileNetV3-FPN,002_20200819_124217(5).png,2,team,0.9966,0.0
mean_half8,Faster R-CNN MobileNetV3-FPN,002_20200819_124225(2).png,2,team,0.9977,0.0
mean_half8,Faster R-CNN MobileNetV3-FPN,002_20200831_163123(9).png,1,team,0.9993,0.0
mean_half8,Faster R-CNN MobileNetV3-FPN,002_20200831_163130(0).png,1,team,0.9985,0.0
mean_half8,Faster R-CNN MobileNetV3-FPN,002_20200901_043133(6).png,2,official,0.9994,0.0
mean_half8,Faster R-CNN MobileNetV3-FPN,002_20200901_043136(6).png,2,official,0.9972,0.0
mean_half8,Faster R-CNN MobileNetV3-FPN,002_20200901_043139(6).png,2,official,0.9986,0.0
mean_half8,Faster R-CNN MobileNetV3-FPN,002_20200901_043142(6).png,2,official,0.9988,0.0
mean_half8,Faster R-CNN MobileNetV3-FPN,002_20200901_043145(5).png,2,official,0.9993,0.0
mean_half8,Faster R-CNN MobileNetV3-FPN,002_20200901_043148(6).png,2,official,0.9992,0.0
mean_half8,Faster R-CNN MobileNetV3-FPN,002_20200901_191340(2).png,2,official,0.999,0.0
mean_half8,Faster R-CNN MobileNetV3-FPN,002_20200901_191343(2).png,2,official,0.9982,0.0
mean_half8,Faster R-CNN MobileNetV3-FPN,002_20200901_191346(1).png,2,official,0.996,0.0
mean_half8,Faster R-CNN MobileNetV3-FPN,002_20200901_191348(8).png,2,official,0.9987,0.0
mean_half8,Faster R-CNN MobileNetV3-FPN,002_20200901_191351(5).png,2,official,0.998,0.0
mean_half8,Faster R-CNN MobileNetV3-FPN,002_20200901_191354(2).png,2,team,0.9983,0.0
mean_half8,Faster R-CNN MobileNetV3-FPN,002_20200902_003149(5).png,2,team,0.9981,0.0
mean_half8,Faster R-CNN MobileNetV3-FPN,002_20200902_003152(5).png,2,team,0.9975,0.0
mean_half8,Faster R-CNN MobileNetV3-FPN,002_20200902_003155(5).png,2,team,0.9987,0.0
mean_half8,Faster R-CNN MobileNetV3-FPN,002_20200902_003158(2).png,2,team,0.9988,0.0
mean_half8,Faster R-CNN MobileNetV3-FPN,002_20200902_003200(9).png,2,team,0.999,0.0
mean_half8,Faster R-CNN MobileNetV3-FPN,002_20200902_003203(7).png,2,team,0.9989,0.0
mean_half8,Faster R-CNN MobileNetV3-FPN,002_20200902_043107(7).png,1,team,0.998,0.0
mean_half8,Faster R-CNN MobileNetV3-FPN,002_20200902_043112(1).png,1,team,0.9994,0.0
mean_half8,Faster R-CNN MobileNetV3-FPN,002_20200902_043116(4).png,1,team,0.9995,0.0
mean_half8,Faster R-CNN MobileNetV3-FPN,002_20200902_043120(6).png,1,team,0.9989,0.0
mean_half8,Faster R-CNN MobileNetV3-FPN,002_20200902_043124(9).png,1,team,0.9992,0.0
mean_half8,Faster R-CNN MobileNetV3-FPN,002_20200902_043129(2).png,1,team,0.9982,0.0
mean_half8,Faster R-CNN MobileNetV3-FPN,002_20200902_082641(4).png,2,team,0.9976,0.0
mean_half8,Faster R-CNN MobileNetV3-FPN,002_20200902_082645(7).png,2,team,0.9979,0.0
mean_half8,Faster R-CNN MobileNetV3-FPN,002_20200902_082650(0).png,2,team,0.9979,0.0
mean_half8,Faster R-CNN MobileNetV3-FPN,002_20200902_082654(4).png,2,team,0.9978,0.0
mean_half8,Faster R-CNN MobileNetV3-FPN,002_20200902_082658(4).png,2,team,0.9987,0.0
mean_half8,Faster R-CNN MobileNetV3-FPN,002_20200902_082702(8).png,2,team,0.9993,0.0
mean_half8,Faster R-CNN MobileNetV3-FPN,002_20200905_123055(0).png,2,official,0.9979,0.0
mean_half8,Faster R-CNN MobileNetV3-FPN,002_20200905_123058(4).png,2,official,0.9985,0.0
mean_half8,Faster R-CNN MobileNetV3-FPN,002_20200905_123102(0).png,2,official,0.9982,0.0
mean_half8,Faster R-CNN MobileNetV3-FPN,002_20200905_123105(0).png,2,official,0.9989,0.0
mean_half8,Faster R-CNN MobileNetV3-FPN,002_20200905_123108(4).png,2,official,0.9981,0.0
mean_half8,Faster R-CNN MobileNetV3-FPN,002_20200905_123112(0).png,2,official,0.9991,0.0
mean_half8,Faster R-CNN MobileNetV3-FPN,002_20200906_003059(0).png,1,official,0.9995,0.0
mean_half8,Faster R-CNN MobileNetV3-FPN,002_20200906_003114(8).png,1,official,0.999,0.0
mean_half8,Faster R-CNN MobileNetV3-FPN,002_20200906_003118(7).png,1,official,0.9986,0.0
mean_half8,Faster R-CNN MobileNetV3-FPN,002_20200906_003122(7).png,1,official,0.9988,0.0
mean_half8,Faster R-CNN MobileNetV3-FPN,002_20200906_003126(8).png,1,official,0.9992,0.0
mean_half8,Faster R-CNN MobileNetV3-FPN,002_20200906_003132(7).png,1,official,0.9961,0.0
mean_half8,Faster R-CNN MobileNetV3-FPN,002_20200908_043119(7).png,2,team,0.998,0.0
mean_half8,Faster R-CNN MobileNetV3-FPN,002_20200908_043124(3).png,2,team,0.9988,0.0
mean_half8,Faster R-CNN MobileNetV3-FPN,002_20200908_043128(8).png,2,team,0.9989,0.0
mean_half8,Faster R-CNN MobileNetV3-FPN,002_20200908_043133(4).png,2,team,0.9975,0.0
mean_half8,Faster R-CNN MobileNetV3-FPN,002_20200908_043137(8).png,2,team,0.9982,0.0
mean_half8,Faster R-CNN MobileNetV3-FPN,002_20200908_043142(4).png,2,team,0.9972,0.0
mean_half8,Faster R-CNN MobileNetV3-FPN,002_20200912_021405(0).png,1,team,0.9989,0.0
mean_half8,Faster R-CNN MobileNetV3-FPN,002_20200912_021411(6).png,1,team,0.9981,0.0
mean_half8,Faster R-CNN MobileNetV3-FPN,002_20200912_021417(8).png,1,team,0.9972,0.0
mean_half8,Faster R-CNN MobileNetV3-FPN,002_20200912_021420(7).png,1,team,0.9995,0.0
mean_half8,Faster R-CNN MobileNetV3-FPN,002_20200912_021423(8).png,1,team,0.9986,0.0
mean_half8,Faster R-CNN MobileNetV3-FPN,002_20200912_021430(0).png,1,team,0.9993,0.0
mean_half8,Faster R-CNN MobileNetV3-FPN,002_20200912_123204(6).png,1,team,0.9993,0.0
mean_half8,Faster R-CNN MobileNetV3-FPN,002_20200912_123207(7).png,1,team,0.9992,0.0
mean_half8,Faster R-CNN MobileNetV3-FPN,002_20200912_123210(6).png,1,team,0.9993,0.0
mean_half8,Faster R-CNN MobileNetV3-FPN,002_20200912_123216(4).png,1,team,0.9988,0.0
mean_half8,Faster R-CNN MobileNetV3-FPN,002_20200912_123219(3).png,1,team,0.9994,0.0
mean_half8,Faster R-CNN MobileNetV3-FPN,002_20200912_123222(2).png,1,team,0.9982,0.0
mean_half8,Faster R-CNN MobileNetV3-FPN,002_20200914_203029(2).png,2,team,0.9985,0.0
mean_half8,Faster R-CNN MobileNetV3-FPN,002_20200914_203032(1).png,2,team,0.9986,0.0
mean_half8,Faster R-CNN MobileNetV3-FPN,002_20200914_203035(2).png,2,team,0.9952,0.0
mean_half8,Faster R-CNN MobileNetV3-FPN,002_20200914_203038(1).png,2,team,0.9946,0.0
mean_half8,Faster R-CNN MobileNetV3-FPN,002_20200914_203041(1).png,2,team,0.9988,0.0
mean_half8,Faster R-CNN MobileNetV3-FPN,002_20200914_203045(7).png,2,team,0.999,0.0
mean_half8,Faster R-CNN MobileNetV3-FPN,002_20200915_003458(4).png,1,team,0.9994,0.0
mean_half8,Faster R-CNN MobileNetV3-FPN,002_20200915_003505(7).png,1,team,0.999,0.0
mean_half8,Faster R-CNN MobileNetV3-FPN,002_20200915_003510(7).png,1,team,0.999,0.0
mean_half8,Faster R-CNN MobileNetV3-FPN,002_20200915_003515(6).png,1,team,0.9979,0.0
mean_half8,Faster R-CNN MobileNetV3-FPN,002_20200915_003523(1).png,1,team,0.999,0.0
mean_half8,Faster R-CNN MobileNetV3-FPN,002_20200915_003532(1).png,1,team,0.9987,0.0
mean_half8,Faster R-CNN MobileNetV3-FPN,002_20200915_163129(0).png,1,team,0.9987,0.0
mean_half8,Faster R-CNN MobileNetV3-FPN,002_20200915_163133(5).png,1,team,0.9987,0.0
mean_half8,Faster R-CNN MobileNetV3-FPN,002_20200915_163144(0).png,1,team,0.9988,0.0
mean_half8,Faster R-CNN MobileNetV3-FPN,002_20200915_163154(5).png,1,team,0.9996,0.0
mean_half8,Faster R-CNN MobileNetV3-FPN,002_20200915_163158(9).png,1,team,0.9992,0.0
mean_half8,Faster R-CNN MobileNetV3-FPN,002_20200915_163203(4).png,1,team,0.9979,0.0
mean_half8,Faster R-CNN MobileNetV3-FPN,002_20200915_203209(5).png,1,team,0.9985,0.0
mean_half8,Faster R-CNN MobileNetV3-FPN,002_20200915_203212(5).png,1,team,0.9991,0.0
mean_half8,Faster R-CNN MobileNetV3-FPN,002_20200915_203215(5).png,1,team,0.999,0.0
mean_half8,Faster R-CNN MobileNetV3-FPN,002_20200915_203218(5).png,1,team,0.9985,0.0
mean_half8,Faster R-CNN MobileNetV3-FPN,002_20200915_203224(4).png,1,team,0.9994,0.0
mean_half8,Faster R-CNN MobileNetV3-FPN,002_20200915_203229(1).png,1,team,0.998,0.0
mean_half8,Faster R-CNN MobileNetV3-FPN,002_20200917_003224(9).png,2,team,0.9983,0.0
mean_half8,Faster R-CNN MobileNetV3-FPN,002_20200917_003228(7).png,2,team,0.9985,0.0
mean_half8,Faster R-CNN MobileNetV3-FPN,002_20200917_003234(6).png,2,team,0.9989,0.0
mean_half8,Faster R-CNN MobileNetV3-FPN,002_20200917_003238(7).png,2,team,0.9987,0.0
mean_half8,Faster R-CNN MobileNetV3-FPN,002_20200917_003242(7).png,2,team,0.9994,0.0
mean_half8,Faster R-CNN MobileNetV3-FPN,002_20200917_003246(7).png,2,team,0.9991,0.0
mean_half8,Faster R-CNN MobileNetV3-FPN,002_20200917_083653(7).png,1,team,0.9994,0.0
mean_half8,Faster R-CNN MobileNetV3-FPN,002_20200917_083659(5).png,1,team,0.9983,0.0
mean_half8,Faster R-CNN MobileNetV3-FPN,002_20200917_083703(5).png,1,team,0.999,0.0
mean_half8,Faster R-CNN MobileNetV3-FPN,002_20200917_083707(4).png,1,team,0.9995,0.0
mean_half8,Faster R-CNN MobileNetV3-FPN,002_20200917_083711(6).png,1,team,0.9995,0.0
mean_half8,Faster R-CNN MobileNetV3-FPN,002_20200917_083721(4).png,1,team,0.9983,0.0
mean_half8,Faster R-CNN MobileNetV3-FPN,002_20200918_043323(0).png,2,team,0.9985,0.0
mean_half8,Faster R-CNN MobileNetV3-FPN,002_20200918_043326(6).png,2,team,0.999,0.0
mean_half8,Faster R-CNN MobileNetV3-FPN,002_20200918_043330(5).png,2,team,0.9985,0.0
mean_half8,Faster R-CNN MobileNetV3-FPN,002_20200918_043334(3).png,2,team,0.9977,0.0
mean_half8,Faster R-CNN MobileNetV3-FPN,002_20200918_043338(2)__m2.png,2,team,0.9981,0.0
mean_half8,Faster R-CNN MobileNetV3-FPN,002_20200918_043342(2).png,2,team,0.9966,0.0
mean_half8,Faster R-CNN MobileNetV3-FPN,002_20200918_123306(7).png,1,team,0.9987,0.0
mean_half8,Faster R-CNN MobileNetV3-FPN,002_20200918_123310(6).png,1,team,0.9991,0.0
mean_half8,Faster R-CNN MobileNetV3-FPN,002_20200918_123314(6).png,1,team,0.9978,0.0
mean_half8,Faster R-CNN MobileNetV3-FPN,002_20200918_123318(7).png,1,team,0.9993,0.0
mean_half8,Faster R-CNN MobileNetV3-FPN,002_20200918_123322(5).png,1,team,0.9992,0.0
mean_half8,Faster R-CNN MobileNetV3-FPN,002_20200918_123331(0).png,1,team,0.9972,0.0
mean_half8,Faster R-CNN MobileNetV3-FPN,002_20200921_163038(3).png,2,team,0.9987,0.0
mean_half8,Faster R-CNN MobileNetV3-FPN,002_20200921_163042(3).png,2,team,0.998,0.0
mean_half8,Faster R-CNN MobileNetV3-FPN,002_20200921_163045(4).png,2,team,0.9989,0.0
mean_half8,Faster R-CNN MobileNetV3-FPN,002_20200921_163049(6).png,2,team,0.9992,0.0
mean_half8,Faster R-CNN MobileNetV3-FPN,002_20200921_163052(5).png,2,team,0.9986,0.0
mean_half8,Faster R-CNN MobileNetV3-FPN,002_20200921_163055(5).png,2,team,0.9987,0.0
mean_half8,Faster R-CNN MobileNetV3-FPN,002_20200921_202239(4).png,2,team,0.9987,0.0
mean_half8,Faster R-CNN MobileNetV3-FPN,002_20200921_202244(0).png,2,team,0.9993,0.0
mean_half8,Faster R-CNN MobileNetV3-FPN,002_20200921_202248(6).png,2,team,0.9939,0.0011
mean_half8,Faster R-CNN MobileNetV3-FPN,002_20200921_202253(0).png,2,team,0.9971,0.0
mean_half8,Faster R-CNN MobileNetV3-FPN,002_20200921_202257(4).png,2,team,0.9985,0.0
mean_half8,Faster R-CNN MobileNetV3-FPN,002_20200921_202303(6).png,2,team,0.9982,0.0
mean_half8,Faster R-CNN MobileNetV3-FPN,002_20200922_043105(7).png,1,team,0.9959,0.0
mean_half8,Faster R-CNN MobileNetV3-FPN,002_20200922_043110(2).png,1,team,0.9995,0.0
mean_half8,Faster R-CNN MobileNetV3-FPN,002_20200922_043114(8).png,1,team,0.9989,0.0
mean_half8,Faster R-CNN MobileNetV3-FPN,002_20200922_043119(3).png,1,team,0.9986,0.0
mean_half8,Faster R-CNN MobileNetV3-FPN,002_20200922_043123(8).png,1,team,0.9994,0.0
mean_half8,Faster R-CNN MobileNetV3-FPN,002_20200922_043128(2).png,1,team,0.9991,0.0
ns_half8,Faster R-CNN R50-FPN,001_20200623_203217(4).png,3,official,0.9981,0.0068
ns_half8,Faster R-CNN R50-FPN,001_20200623_203222(0).png,3,official,0.9977,0.0
ns_half8,Faster R-CNN R50-FPN,001_20200623_203226(3).png,3,official,0.9979,0.0
ns_half8,Faster R-CNN R50-FPN,001_20200623_203230(9).png,3,official,0.9981,0.0
ns_half8,Faster R-CNN R50-FPN,001_20200623_203235(3).png,3,official,0.998,0.0037
ns_half8,Faster R-CNN R50-FPN,001_20200623_203247(5).png,3,official,0.9977,0.0
ns_half8,Faster R-CNN R50-FPN,001_20200625_043323(7).png,3,official,0.9975,0.0
ns_half8,Faster R-CNN R50-FPN,001_20200625_043328(3).png,3,official,0.9978,0.0
ns_half8,Faster R-CNN R50-FPN,001_20200625_043337(3).png,3,official,0.9978,0.0
ns_half8,Faster R-CNN R50-FPN,001_20200625_043341(7).png,3,official,0.9981,0.0
ns_half8,Faster R-CNN R50-FPN,001_20200625_043346(2).png,3,official,0.9981,0.0
ns_half8,Faster R-CNN R50-FPN,001_20200625_043359(8).png,3,official,0.998,0.0
ns_half8,Faster R-CNN R50-FPN,001_20200630_043538(1).png,3,team,0.9981,0.0
ns_half8,Faster R-CNN R50-FPN,001_20200630_043544(2).png,3,team,0.9975,0.6704
ns_half8,Faster R-CNN R50-FPN,001_20200630_043548(7).png,3,team,0.9981,0.0
ns_half8,Faster R-CNN R50-FPN,001_20200630_043600(9).png,3,team,0.9979,0.0
ns_half8,Faster R-CNN R50-FPN,001_20200630_043605(5).png,3,team,0.9976,0.0
ns_half8,Faster R-CNN R50-FPN,001_20200630_083235(6).png,3,team,0.9977,0.0
ns_half8,Faster R-CNN R50-FPN,001_20200630_083322(2).png,3,team,0.998,0.0
ns_half8,Faster R-CNN R50-FPN,001_20200630_083331(2).png,3,team,0.9976,0.0
ns_half8,Faster R-CNN R50-FPN,001_20200630_083350(7).png,3,team,0.9981,0.0
ns_half8,Faster R-CNN R50-FPN,001_20200630_083355(1).png,3,team,0.9976,0.0
ns_half8,Faster R-CNN R50-FPN,001_20200630_083405(7).png,3,team,0.9982,0.0
ns_half8,Faster R-CNN R50-FPN,001_20200630_163111(8).png,3,team,0.9978,0.0
ns_half8,Faster R-CNN R50-FPN,001_20200630_163116(2).png,3,team,0.9981,0.0
ns_half8,Faster R-CNN R50-FPN,001_20200630_163120(7).png,3,team,0.9977,0.0
ns_half8,Faster R-CNN R50-FPN,001_20200630_163125(2).png,3,team,0.9979,0.0
ns_half8,Faster R-CNN R50-FPN,001_20200630_163129(8).png,3,team,0.9976,0.0
ns_half8,Faster R-CNN R50-FPN,001_20200630_163134(2).png,3,team,0.9979,0.0
ns_half8,Faster R-CNN R50-FPN,001_20200630_163147(8).png,3,team,0.9977,0.0
ns_half8,Faster R-CNN R50-FPN,001_20200701_123507(7).png,3,team,0.9978,0.0
ns_half8,Faster R-CNN R50-FPN,001_20200701_123511(0).png,3,team,0.9979,0.0
ns_half8,Faster R-CNN R50-FPN,001_20200701_123514(1).png,3,team,0.9981,0.0
ns_half8,Faster R-CNN R50-FPN,001_20200701_123517(3).png,3,team,0.9978,0.0
ns_half8,Faster R-CNN R50-FPN,001_20200701_123520(6).png,3,team,0.998,0.0
ns_half8,Faster R-CNN R50-FPN,001_20200701_123523(9).png,3,team,0.9973,0.0
ns_half8,Faster R-CNN R50-FPN,001_20200708_163845(3).png,3,team,0.9981,0.0
ns_half8,Faster R-CNN R50-FPN,001_20200708_163848(2).png,3,team,0.9979,0.0
ns_half8,Faster R-CNN R50-FPN,001_20200708_163851(0).png,3,team,0.9983,0.0
ns_half8,Faster R-CNN R50-FPN,001_20200708_163853(5).png,3,team,0.9976,0.0
ns_half8,Faster R-CNN R50-FPN,001_20200708_163856(2).png,3,team,0.9975,0.0
ns_half8,Faster R-CNN R50-FPN,001_20200708_163858(9).png,3,team,0.9974,0.0
ns_half8,Faster R-CNN R50-FPN,001_20200708_203804(5).png,3,team,0.998,0.0
ns_half8,Faster R-CNN R50-FPN,001_20200708_203844(8).png,3,team,0.9979,0.0
ns_half8,Faster R-CNN R50-FPN,001_20200708_203917(6).png,3,team,0.9981,0.0
ns_half8,Faster R-CNN R50-FPN,001_20200713_202630(0).png,3,team,0.9976,0.0
ns_half8,Faster R-CNN R50-FPN,001_20200713_202634(5).png,3,team,0.9976,0.0
ns_half8,Faster R-CNN R50-FPN,001_20200713_202639(1).png,3,team,0.9979,0.0
ns_half8,Faster R-CNN R50-FPN,001_20200713_202643(6).png,3,team,0.9975,0.0
ns_half8,Faster R-CNN R50-FPN,001_20200713_202648(2).png,3,team,0.9981,0.0
ns_half8,Faster R-CNN R50-FPN,001_20200713_202652(6).png,3,team,0.9982,0.0
ns_half8,Faster R-CNN R50-FPN,001_20200714_042943(8).png,3,team,0.9979,0.0
ns_half8,Faster R-CNN R50-FPN,001_20200714_042948(4).png,3,team,0.9983,0.0
ns_half8,Faster R-CNN R50-FPN,001_20200714_042957(3).png,3,team,0.9979,0.0
ns_half8,Faster R-CNN R50-FPN,001_20200714_043001(8).png,3,team,0.9977,0.0
ns_half8,Faster R-CNN R50-FPN,001_20200714_043006(2).png,3,team,0.9974,0.0
ns_half8,Faster R-CNN R50-FPN,001_20200714_043010(8).png,3,team,0.9982,0.0
ns_half8,Faster R-CNN R50-FPN,001_20200715_083509(3).png,3,team,0.9977,0.0
ns_half8,Faster R-CNN R50-FPN,001_20200715_083513(8).png,3,team,0.9979,0.0
ns_half8,Faster R-CNN R50-FPN,001_20200715_083518(2).png,3,team,0.9978,0.0
ns_half8,Faster R-CNN R50-FPN,001_20200715_083522(7).png,3,team,0.9979,0.0
ns_half8,Faster R-CNN R50-FPN,001_20200715_083527(3).png,3,team,0.9979,0.0
ns_half8,Faster R-CNN R50-FPN,001_20200715_083531(8).png,3,team,0.9982,0.0
ns_half8,Faster R-CNN R50-FPN,001_20200722_083525(2).png,3,team,0.9978,0.0
ns_half8,Faster R-CNN R50-FPN,001_20200722_083529(6).png,3,team,0.998,0.0
ns_half8,Faster R-CNN R50-FPN,001_20200728_163910(5).png,3,official,0.9973,0.0233
ns_half8,Faster R-CNN R50-FPN,001_20200728_163913(6).png,3,official,0.997,0.0235
ns_half8,Faster R-CNN R50-FPN,001_20200814_033012(7).png,3,official,0.9976,0.0
ns_half8,Faster R-CNN R50-FPN,001_20200814_033016(6).png,3,official,0.998,0.0
ns_half8,Faster R-CNN R50-FPN,001_20200814_043321(6).png,3,official,0.9977,0.0
ns_half8,Faster R-CNN R50-FPN,001_20200814_043345(8).png,3,team,0.998,0.0
ns_half8,Faster R-CNN R50-FPN,001_20200818_123634(4).png,3,official,0.9973,0.0
ns_half8,Faster R-CNN R50-FPN,001_20200818_123638(1).png,3,team,0.9972,0.0
ns_half8,Faster R-CNN R50-FPN,001_20200831_083711(6).png,3,official,0.9977,0.0243
ns_half8,Faster R-CNN R50-FPN,001_20200831_083714(8).png,3,official,0.9979,0.0
ns_half8,Faster R-CNN R50-FPN,001_20200905_003911(9).png,3,team,0.9974,0.0
ns_half8,Faster R-CNN R50-FPN,001_20200905_003914(9).png,3,team,0.9981,0.0
ns_half8,Faster R-CNN R50-FPN,001_20200905_003918(2).png,3,team,0.9983,0.0
ns_half8,Faster R-CNN R50-FPN,001_20200905_003921(2).png,3,team,0.9976,0.0
ns_half8,Faster R-CNN R50-FPN,001_20200905_003924(3).png,3,team,0.9982,0.0
ns_half8,Faster R-CNN R50-FPN,001_20200905_003927(3).png,3,team,0.9977,0.0
ns_half8,Faster R-CNN R50-FPN,001_20200905_083552(0).png,3,team,0.9971,0.0
ns_half8,Faster R-CNN R50-FPN,001_20200905_083555(2).png,3,team,0.9975,0.0
ns_half8,Faster R-CNN R50-FPN,001_20200905_083558(2).png,3,team,0.9963,0.0
ns_half8,Faster R-CNN R50-FPN,001_20200905_083603(0).png,3,team,0.9982,0.0
ns_half8,Faster R-CNN R50-FPN,001_20200905_083606(6).png,3,team,0.9976,0.0
ns_half8,Faster R-CNN R50-FPN,001_20200905_083609(7).png,3,team,0.9975,0.0243
ns_half8,Faster R-CNN R50-FPN,001_20200914_083101(5).png,3,team,0.9978,0.0
ns_half8,Faster R-CNN R50-FPN,001_20200914_083105(1).png,3,team,0.9967,0.0
ns_half8,Faster R-CNN R50-FPN,001_20200914_083108(8).png,3,team,0.9971,0.0
ns_half8,Faster R-CNN R50-FPN,001_20200914_083111(5).png,3,team,0.9979,0.0
ns_half8,Faster R-CNN R50-FPN,001_20200914_083114(5).png,3,team,0.9978,0.0
ns_half8,Faster R-CNN R50-FPN,001_20200914_083117(5).png,3,team,0.9982,0.0
ns_half8,Faster R-CNN R50-FPN,001_20200915_003734(8).png,3,team,0.9973,0.0
ns_half8,Faster R-CNN R50-FPN,001_20200915_003737(5).png,3,team,0.9977,0.0
ns_half8,Faster R-CNN R50-FPN,001_20200915_003740(4).png,3,team,0.9971,0.0
ns_half8,Faster R-CNN R50-FPN,001_20200915_003743(5).png,3,team,0.9982,0.0
ns_half8,Faster R-CNN R50-FPN,001_20200915_003746(5).png,3,team,0.9979,0.0011
ns_half8,Faster R-CNN R50-FPN,001_20200915_003749(6).png,3,team,0.998,0.0
ns_half8,Faster R-CNN R50-FPN,001_20200918_004019(6).png,3,team,0.9981,0.0
ns_half8,Faster R-CNN R50-FPN,001_20200918_004022(5).png,3,team,0.9979,0.0
ns_half8,Faster R-CNN R50-FPN,001_20200918_004025(8).png,3,team,0.9977,0.0
ns_half8,Faster R-CNN R50-FPN,001_20200918_004029(0).png,3,team,0.9981,0.0
ns_half8,Faster R-CNN R50-FPN,001_20200918_004032(2).png,3,team,0.998,0.0
ns_half8,Faster R-CNN R50-FPN,001_20200918_004036(3).png,3,team,0.998,0.0
ns_half8,Faster R-CNN R50-FPN,001_20200918_043556(8).png,3,team,0.998,0.0
ns_half8,Faster R-CNN R50-FPN,001_20200918_043559(9).png,3,team,0.9973,0.0059
ns_half8,Faster R-CNN R50-FPN,001_20200918_043602(9).png,3,team,0.9981,0.0
ns_half8,Faster R-CNN R50-FPN,001_20200918_043606(0).png,3,team,0.9975,0.0
ns_half8,Faster R-CNN R50-FPN,001_20200918_043609(2).png,3,team,0.9973,0.0
ns_half8,Faster R-CNN R50-FPN,001_20200918_043612(4).png,3,team,0.9979,0.0
ns_half8,Faster R-CNN R50-FPN,001_20200918_083036(8).png,3,team,0.9984,0.0
ns_half8,Faster R-CNN R50-FPN,001_20200918_083039(9).png,3,team,0.9979,0.0
ns_half8,Faster R-CNN R50-FPN,001_20200918_083042(8).png,3,team,0.9979,0.0
ns_half8,Faster R-CNN R50-FPN,001_20200918_083045(5).png,3,team,0.9974,0.0
ns_half8,Faster R-CNN R50-FPN,001_20200918_083048(5).png,3,team,0.9978,0.0
ns_half8,Faster R-CNN R50-FPN,001_20200918_083051(4).png,3,team,0.9983,0.0
ns_half8,Faster R-CNN R50-FPN,001_20200921_163325(1).png,3,team,0.9978,0.0
ns_half8,Faster R-CNN R50-FPN,001_20200921_163329(4).png,3,team,0.9979,0.0
ns_half8,Faster R-CNN R50-FPN,001_20200921_163333(8).png,3,team,0.9983,0.0
ns_half8,Faster R-CNN R50-FPN,001_20200921_163338(1).png,3,team,0.9977,0.0
ns_half8,Faster R-CNN R50-FPN,001_20200921_163342(6).png,3,team,0.9985,0.0
ns_half8,Faster R-CNN R50-FPN,001_20200921_163346(9).png,3,team,0.9981,0.0
ns_half8,Faster R-CNN R50-FPN,001_20200922_003308(2).png,3,team,0.997,0.0
ns_half8,Faster R-CNN R50-FPN,001_20200922_003312(7).png,3,team,0.9982,0.0
ns_half8,Faster R-CNN R50-FPN,001_20200922_003317(2).png,3,team,0.9976,0.0
ns_half8,Faster R-CNN R50-FPN,001_20200922_003321(7).png,3,team,0.9984,0.0
ns_half8,Faster R-CNN R50-FPN,001_20200922_003326(6).png,3,team,0.9976,0.0
ns_half8,Faster R-CNN R50-FPN,001_20200922_003330(7).png,3,team,0.9975,0.0
ns_half8,Faster R-CNN R50-FPN,002_20200623_043039(3).png,1,official,0.9974,0.0
ns_half8,Faster R-CNN R50-FPN,002_20200623_043043(2).png,1,official,0.9976,0.0
ns_half8,Faster R-CNN R50-FPN,002_20200623_043047(2).png,1,official,0.9979,0.0
ns_half8,Faster R-CNN R50-FPN,002_20200623_043051(3).png,1,official,0.9973,0.0
ns_half8,Faster R-CNN R50-FPN,002_20200623_043055(3).png,1,official,0.998,0.0
ns_half8,Faster R-CNN R50-FPN,002_20200623_043059(4).png,1,official,0.9979,0.1868
ns_half8,Faster R-CNN R50-FPN,002_20200623_203040(4).png,1,official,0.998,0.0
ns_half8,Faster R-CNN R50-FPN,002_20200623_203044(0).png,1,official,0.9977,0.0
ns_half8,Faster R-CNN R50-FPN,002_20200623_203047(7).png,1,official,0.9979,0.0
ns_half8,Faster R-CNN R50-FPN,002_20200623_203051(2).png,1,official,0.9975,0.0
ns_half8,Faster R-CNN R50-FPN,002_20200623_203054(7).png,1,official,0.9979,0.0
ns_half8,Faster R-CNN R50-FPN,002_20200623_203058(3).png,1,official,0.9977,0.0
ns_half8,Faster R-CNN R50-FPN,002_20200624_003115(6).png,2,official,0.9976,0.0
ns_half8,Faster R-CNN R50-FPN,002_20200624_003118(6).png,2,official,0.9981,0.1299
ns_half8,Faster R-CNN R50-FPN,002_20200624_003123(0).png,2,official,0.9979,0.0187
ns_half8,Faster R-CNN R50-FPN,002_20200624_003127(5).png,2,official,0.9982,0.0
ns_half8,Faster R-CNN R50-FPN,002_20200624_003132(0).png,2,official,0.9984,0.0011
ns_half8,Faster R-CNN R50-FPN,002_20200624_003136(5).png,2,official,0.9982,0.0
ns_half8,Faster R-CNN R50-FPN,002_20200624_043136(9).png,2,official,0.9983,0.0
ns_half8,Faster R-CNN R50-FPN,002_20200624_043141(4).png,2,official,0.9979,0.2798
ns_half8,Faster R-CNN R50-FPN,002_20200624_043145(8).png,2,official,0.9978,0.7204
ns_half8,Faster R-CNN R50-FPN,002_20200624_043150(3).png,2,official,0.9978,0.0
ns_half8,Faster R-CNN R50-FPN,002_20200624_043154(8).png,2,official,0.9981,0.0013
ns_half8,Faster R-CNN R50-FPN,002_20200624_043159(4).png,2,official,0.9979,0.3552
ns_half8,Faster R-CNN R50-FPN,002_20200624_083045(5).png,1,official,0.9978,0.0
ns_half8,Faster R-CNN R50-FPN,002_20200624_083049(6).png,1,official,0.9977,0.2826
ns_half8,Faster R-CNN R50-FPN,002_20200624_083053(3).png,1,official,0.9979,0.0143
ns_half8,Faster R-CNN R50-FPN,002_20200624_083057(4).png,1,official,0.9978,0.01
ns_half8,Faster R-CNN R50-FPN,002_20200624_083101(4).png,1,official,0.9975,0.0
ns_half8,Faster R-CNN R50-FPN,002_20200624_083105(5).png,1,official,0.9979,0.1409
ns_half8,Faster R-CNN R50-FPN,002_20200624_123122(6).png,1,official,0.9979,0.0
ns_half8,Faster R-CNN R50-FPN,002_20200624_123126(4).png,1,official,0.9979,0.0
ns_half8,Faster R-CNN R50-FPN,002_20200624_123129(9).png,1,official,0.9973,0.0
ns_half8,Faster R-CNN R50-FPN,002_20200624_123133(0).png,1,official,0.9975,0.0
ns_half8,Faster R-CNN R50-FPN,002_20200624_123136(5).png,1,official,0.9977,0.0
ns_half8,Faster R-CNN R50-FPN,002_20200624_123143(7).png,1,official,0.9976,0.0
ns_half8,Faster R-CNN R50-FPN,002_20200630_163105(7).png,2,team,0.9981,0.4498
ns_half8,Faster R-CNN R50-FPN,002_20200630_163108(9).png,2,team,0.9978,0.1772
ns_half8,Faster R-CNN R50-FPN,002_20200630_163112(5).png,2,team,0.9978,0.0
ns_half8,Faster R-CNN R50-FPN,002_20200630_163116(0).png,2,team,0.9979,0.0871
ns_half8,Faster R-CNN R50-FPN,002_20200630_163119(5).png,2,team,0.9982,0.1235
ns_half8,Faster R-CNN R50-FPN,002_20200630_163122(8).png,2,team,0.9983,0.9617
ns_half8,Faster R-CNN R50-FPN,002_20200701_083102(9).png,2,team,0.9984,0.0
ns_half8,Faster R-CNN R50-FPN,002_20200701_083105(7).png,2,team,0.9982,0.0
ns_half8,Faster R-CNN R50-FPN,002_20200701_083108(8).png,2,team,0.9978,0.0019
ns_half8,Faster R-CNN R50-FPN,002_20200701_083111(8).png,2,team,0.9976,0.0363
ns_half8,Faster R-CNN R50-FPN,002_20200701_083114(8).png,2,team,0.9981,0.0
ns_half8,Faster R-CNN R50-FPN,002_20200701_083117(8).png,2,team,0.9977,0.9085
ns_half8,Faster R-CNN R50-FPN,002_20200701_163100(6).png,2,team,0.9982,0.0583
ns_half8,Faster R-CNN R50-FPN,002_20200701_163104(5).png,2,team,0.9981,0.0155
ns_half8,Faster R-CNN R50-FPN,002_20200701_163108(4).png,2,team,0.9981,0.4474
ns_half8,Faster R-CNN R50-FPN,002_20200701_163112(3).png,2,team,0.998,0.001
ns_half8,Faster R-CNN R50-FPN,002_20200701_163116(3).png,2,team,0.9978,0.0
ns_half8,Faster R-CNN R50-FPN,002_20200701_163120(4).png,2,team,0.998,0.8704
ns_half8,Faster R-CNN R50-FPN,002_20200701_203037(6).png,1,team,0.9982,0.0023
ns_half8,Faster R-CNN R50-FPN,002_20200701_203040(8).png,1,team,0.9974,0.0
ns_half8,Faster R-CNN R50-FPN,002_20200701_203043(9).png,1,team,0.9978,0.0
ns_half8,Faster R-CNN R50-FPN,002_20200701_203046(9).png,1,team,0.9975,0.0
ns_half8,Faster R-CNN R50-FPN,002_20200701_203050(0).png,1,team,0.9973,0.0555
ns_half8,Faster R-CNN R50-FPN,002_20200701_203053(0).png,1,team,0.9973,0.0
ns_half8,Faster R-CNN R50-FPN,002_20200713_091056(8).png,2,team,0.998,0.0016
ns_half8,Faster R-CNN R50-FPN,002_20200713_091100(5).png,2,team,0.9981,0.849
ns_half8,Faster R-CNN R50-FPN,002_20200713_091103(8).png,2,team,0.9977,0.009
ns_half8,Faster R-CNN R50-FPN,002_20200713_091106(9).png,2,team,0.9979,0.0954
ns_half8,Faster R-CNN R50-FPN,002_20200713_091109(9).png,2,team,0.9979,0.021
ns_half8,Faster R-CNN R50-FPN,002_20200713_091112(5).png,2,team,0.9984,0.108
ns_half8,Faster R-CNN R50-FPN,002_20200713_123358(8).png,2,team,0.9985,0.0168
ns_half8,Faster R-CNN R50-FPN,002_20200713_123403(4).png,2,team,0.9977,0.0
ns_half8,Faster R-CNN R50-FPN,002_20200713_123408(0).png,2,team,0.9975,0.0999
ns_half8,Faster R-CNN R50-FPN,002_20200713_123412(4).png,2,team,0.9981,0.0
ns_half8,Faster R-CNN R50-FPN,002_20200713_123416(9).png,2,team,0.9979,0.0011
ns_half8,Faster R-CNN R50-FPN,002_20200713_123421(4).png,2,team,0.998,0.2679
ns_half8,Faster R-CNN R50-FPN,002_20200713_202718(1).png,2,team,0.9981,0.0
ns_half8,Faster R-CNN R50-FPN,002_20200713_202722(5).png,2,team,0.9983,0.0
ns_half8,Faster R-CNN R50-FPN,002_20200713_202726(9).png,2,team,0.998,0.0083
ns_half8,Faster R-CNN R50-FPN,002_20200713_202731(4).png,2,team,0.9986,0.0
ns_half8,Faster R-CNN R50-FPN,002_20200713_202735(9).png,2,team,0.9986,0.0203
ns_half8,Faster R-CNN R50-FPN,002_20200713_202743(4).png,2,team,0.9984,0.0
ns_half8,Faster R-CNN R50-FPN,002_20200714_123109(8).png,1,official,0.9973,0.0
ns_half8,Faster R-CNN R50-FPN,002_20200714_123113(1).png,1,official,0.9973,0.0
ns_half8,Faster R-CNN R50-FPN,002_20200714_123117(3).png,1,official,0.9977,0.0
ns_half8,Faster R-CNN R50-FPN,002_20200714_123120(4).png,1,official,0.9971,0.0
ns_half8,Faster R-CNN R50-FPN,002_20200714_123123(5).png,1,official,0.9976,0.0
ns_half8,Faster R-CNN R50-FPN,002_20200714_123126(4).png,1,official,0.9975,0.0
ns_half8,Faster R-CNN R50-FPN,002_20200721_163536(6).png,2,team,0.9981,0.0
ns_half8,Faster R-CNN R50-FPN,002_20200721_163539(9).png,2,team,0.9985,0.0016
ns_half8,Faster R-CNN R50-FPN,002_20200721_163543(2).png,2,team,0.9981,0.0011
ns_half8,Faster R-CNN R50-FPN,002_20200721_163548(0).png,2,team,0.9981,0.0
ns_half8,Faster R-CNN R50-FPN,002_20200721_163551(3).png,2,team,0.9984,0.0432
ns_half8,Faster R-CNN R50-FPN,002_20200721_163554(6).png,2,team,0.9982,0.0012
ns_half8,Faster R-CNN R50-FPN,002_20200722_043432(7).png,1,team,0.9983,0.0
ns_half8,Faster R-CNN R50-FPN,002_20200722_043437(0).png,1,team,0.9978,0.0
ns_half8,Faster R-CNN R50-FPN,002_20200722_131101(2).png,2,team,0.9984,0.0
ns_half8,Faster R-CNN R50-FPN,002_20200722_131105(7).png,2,team,0.998,0.0
ns_half8,Faster R-CNN R50-FPN,002_20200723_043256(5).png,1,team,0.9978,0.0
ns_half8,Faster R-CNN R50-FPN,002_20200723_043258(3).png,1,team,0.9984,0.0177
ns_half8,Faster R-CNN R50-FPN,002_20200723_123129(3).png,1,team,0.9982,0.0177
ns_half8,Faster R-CNN R50-FPN,002_20200723_123133(9).png,1,team,0.998,0.1059
ns_half8,Faster R-CNN R50-FPN,002_20200723_203129(9).png,1,team,0.9975,0.0177
ns_half8,Faster R-CNN R50-FPN,002_20200723_203134(3).png,1,team,0.998,0.0
ns_half8,Faster R-CNN R50-FPN,002_20200724_003201(9).png,1,team,0.9971,0.0
ns_half8,Faster R-CNN R50-FPN,002_20200724_003206(4).png,1,team,0.9972,0.0
ns_half8,Faster R-CNN R50-FPN,002_20200727_204612(5).png,1,team,0.9979,0.0
ns_half8,Faster R-CNN R50-FPN,002_20200727_204634(7).png,1,team,0.9976,0.0
ns_half8,Faster R-CNN R50-FPN,002_20200728_043429(7).png,2,team,0.9983,0.0461
ns_half8,Faster R-CNN R50-FPN,002_20200728_043435(6).png,2,team,0.9982,0.0247
ns_half8,Faster R-CNN R50-FPN,002_20200728_123102(5).png,2,team,0.9982,0.0244
ns_half8,Faster R-CNN R50-FPN,002_20200728_123106(5).png,2,team,0.9979,0.0011
ns_half8,Faster R-CNN R50-FPN,002_20200814_083411(8).png,2,team,0.9978,0.0
ns_half8,Faster R-CNN R50-FPN,002_20200814_083414(7).png,2,team,0.9983,0.0
ns_half8,Faster R-CNN R50-FPN,002_20200819_124217(5).png,2,team,0.9973,0.0
ns_half8,Faster R-CNN R50-FPN,002_20200819_124225(2).png,2,team,0.9983,0.0033
ns_half8,Faster R-CNN R50-FPN,002_20200831_163123(9).png,1,team,0.9984,0.0
ns_half8,Faster R-CNN R50-FPN,002_20200831_163130(0).png,1,team,0.9979,0.0
ns_half8,Faster R-CNN R50-FPN,002_20200901_043133(6).png,2,official,0.9983,0.0028
ns_half8,Faster R-CNN R50-FPN,002_20200901_043136(6).png,2,official,0.9983,0.0
ns_half8,Faster R-CNN R50-FPN,002_20200901_043139(6).png,2,official,0.9984,0.0
ns_half8,Faster R-CNN R50-FPN,002_20200901_043142(6).png,2,official,0.9982,0.0
ns_half8,Faster R-CNN R50-FPN,002_20200901_043145(5).png,2,official,0.9977,0.0
ns_half8,Faster R-CNN R50-FPN,002_20200901_043148(6).png,2,official,0.9984,0.0
ns_half8,Faster R-CNN R50-FPN,002_20200901_191340(2).png,2,official,0.9985,0.1706
ns_half8,Faster R-CNN R50-FPN,002_20200901_191343(2).png,2,official,0.9979,0.2011
ns_half8,Faster R-CNN R50-FPN,002_20200901_191346(1).png,2,official,0.9982,0.0
ns_half8,Faster R-CNN R50-FPN,002_20200901_191348(8).png,2,official,0.9978,0.0
ns_half8,Faster R-CNN R50-FPN,002_20200901_191351(5).png,2,official,0.9984,0.0
ns_half8,Faster R-CNN R50-FPN,002_20200901_191354(2).png,2,team,0.9985,0.0
ns_half8,Faster R-CNN R50-FPN,002_20200902_003149(5).png,2,team,0.998,0.0
ns_half8,Faster R-CNN R50-FPN,002_20200902_003152(5).png,2,team,0.9986,0.0
ns_half8,Faster R-CNN R50-FPN,002_20200902_003155(5).png,2,team,0.9982,0.0
ns_half8,Faster R-CNN R50-FPN,002_20200902_003158(2).png,2,team,0.9986,0.0
ns_half8,Faster R-CNN R50-FPN,002_20200902_003200(9).png,2,team,0.9984,0.0
ns_half8,Faster R-CNN R50-FPN,002_20200902_003203(7).png,2,team,0.9982,0.0
ns_half8,Faster R-CNN R50-FPN,002_20200902_043107(7).png,1,team,0.9975,0.0
ns_half8,Faster R-CNN R50-FPN,002_20200902_043112(1).png,1,team,0.9976,0.0
ns_half8,Faster R-CNN R50-FPN,002_20200902_043116(4).png,1,team,0.9981,0.0093
ns_half8,Faster R-CNN R50-FPN,002_20200902_043120(6).png,1,team,0.9981,0.0
ns_half8,Faster R-CNN R50-FPN,002_20200902_043124(9).png,1,team,0.9983,0.0
ns_half8,Faster R-CNN R50-FPN,002_20200902_043129(2).png,1,team,0.9969,0.0
ns_half8,Faster R-CNN R50-FPN,002_20200902_082641(4).png,2,team,0.9984,0.0
ns_half8,Faster R-CNN R50-FPN,002_20200902_082645(7).png,2,team,0.998,0.0
ns_half8,Faster R-CNN R50-FPN,002_20200902_082650(0).png,2,team,0.9983,0.0148
ns_half8,Faster R-CNN R50-FPN,002_20200902_082654(4).png,2,team,0.9983,0.0
ns_half8,Faster R-CNN R50-FPN,002_20200902_082658(4).png,2,team,0.9984,0.0
ns_half8,Faster R-CNN R50-FPN,002_20200902_082702(8).png,2,team,0.9979,0.0
ns_half8,Faster R-CNN R50-FPN,002_20200905_123055(0).png,2,official,0.9983,0.0593
ns_half8,Faster R-CNN R50-FPN,002_20200905_123058(4).png,2,official,0.9985,0.0015
ns_half8,Faster R-CNN R50-FPN,002_20200905_123102(0).png,2,official,0.9982,0.0
ns_half8,Faster R-CNN R50-FPN,002_20200905_123105(0).png,2,official,0.9983,0.0542
ns_half8,Faster R-CNN R50-FPN,002_20200905_123108(4).png,2,official,0.9985,0.0143
ns_half8,Faster R-CNN R50-FPN,002_20200905_123112(0).png,2,official,0.9982,0.0011
ns_half8,Faster R-CNN R50-FPN,002_20200906_003059(0).png,1,official,0.9976,0.0
ns_half8,Faster R-CNN R50-FPN,002_20200906_003114(8).png,1,official,0.9976,0.0
ns_half8,Faster R-CNN R50-FPN,002_20200906_003118(7).png,1,official,0.9981,0.0
ns_half8,Faster R-CNN R50-FPN,002_20200906_003122(7).png,1,official,0.9981,0.0
ns_half8,Faster R-CNN R50-FPN,002_20200906_003126(8).png,1,official,0.9982,0.0017
ns_half8,Faster R-CNN R50-FPN,002_20200906_003132(7).png,1,official,0.998,0.0
ns_half8,Faster R-CNN R50-FPN,002_20200908_043119(7).png,2,team,0.9984,0.0
ns_half8,Faster R-CNN R50-FPN,002_20200908_043124(3).png,2,team,0.9983,0.0011
ns_half8,Faster R-CNN R50-FPN,002_20200908_043128(8).png,2,team,0.9981,0.5491
ns_half8,Faster R-CNN R50-FPN,002_20200908_043133(4).png,2,team,0.9979,0.5778
ns_half8,Faster R-CNN R50-FPN,002_20200908_043137(8).png,2,team,0.9983,0.0
ns_half8,Faster R-CNN R50-FPN,002_20200908_043142(4).png,2,team,0.9986,0.0011
ns_half8,Faster R-CNN R50-FPN,002_20200912_021405(0).png,1,team,0.998,0.0
ns_half8,Faster R-CNN R50-FPN,002_20200912_021411(6).png,1,team,0.9986,0.0
ns_half8,Faster R-CNN R50-FPN,002_20200912_021417(8).png,1,team,0.9983,0.0019
ns_half8,Faster R-CNN R50-FPN,002_20200912_021420(7).png,1,team,0.9984,0.023
ns_half8,Faster R-CNN R50-FPN,002_20200912_021423(8).png,1,team,0.9983,0.0
ns_half8,Faster R-CNN R50-FPN,002_20200912_021430(0).png,1,team,0.9982,0.0
ns_half8,Faster R-CNN R50-FPN,002_20200912_123204(6).png,1,team,0.9983,0.0
ns_half8,Faster R-CNN R50-FPN,002_20200912_123207(7).png,1,team,0.9984,0.0183
ns_half8,Faster R-CNN R50-FPN,002_20200912_123210(6).png,1,team,0.9986,0.004
ns_half8,Faster R-CNN R50-FPN,002_20200912_123216(4).png,1,team,0.9978,0.0
ns_half8,Faster R-CNN R50-FPN,002_20200912_123219(3).png,1,team,0.9986,0.0
ns_half8,Faster R-CNN R50-FPN,002_20200912_123222(2).png,1,team,0.9977,0.0
ns_half8,Faster R-CNN R50-FPN,002_20200914_203029(2).png,2,team,0.9988,0.0894
ns_half8,Faster R-CNN R50-FPN,002_20200914_203032(1).png,2,team,0.9981,0.0012
ns_half8,Faster R-CNN R50-FPN,002_20200914_203035(2).png,2,team,0.9981,0.0885
ns_half8,Faster R-CNN R50-FPN,002_20200914_203038(1).png,2,team,0.9978,0.0903
ns_half8,Faster R-CNN R50-FPN,002_20200914_203041(1).png,2,team,0.998,0.0012
ns_half8,Faster R-CNN R50-FPN,002_20200914_203045(7).png,2,team,0.9982,0.0012
ns_half8,Faster R-CNN R50-FPN,002_20200915_003458(4).png,1,team,0.9978,0.0
ns_half8,Faster R-CNN R50-FPN,002_20200915_003505(7).png,1,team,0.9978,0.0271
ns_half8,Faster R-CNN R50-FPN,002_20200915_003510(7).png,1,team,0.9977,0.0
ns_half8,Faster R-CNN R50-FPN,002_20200915_003515(6).png,1,team,0.9984,0.0
ns_half8,Faster R-CNN R50-FPN,002_20200915_003523(1).png,1,team,0.9981,0.062
ns_half8,Faster R-CNN R50-FPN,002_20200915_003532(1).png,1,team,0.9986,0.0
ns_half8,Faster R-CNN R50-FPN,002_20200915_163129(0).png,1,team,0.998,0.0
ns_half8,Faster R-CNN R50-FPN,002_20200915_163133(5).png,1,team,0.9984,0.0
ns_half8,Faster R-CNN R50-FPN,002_20200915_163144(0).png,1,team,0.9981,0.0
ns_half8,Faster R-CNN R50-FPN,002_20200915_163154(5).png,1,team,0.9981,0.0
ns_half8,Faster R-CNN R50-FPN,002_20200915_163158(9).png,1,team,0.9986,0.0
ns_half8,Faster R-CNN R50-FPN,002_20200915_163203(4).png,1,team,0.9985,0.0
ns_half8,Faster R-CNN R50-FPN,002_20200915_203209(5).png,1,team,0.9982,0.0
ns_half8,Faster R-CNN R50-FPN,002_20200915_203212(5).png,1,team,0.9983,0.0
ns_half8,Faster R-CNN R50-FPN,002_20200915_203215(5).png,1,team,0.9982,0.0
ns_half8,Faster R-CNN R50-FPN,002_20200915_203218(5).png,1,team,0.9982,0.0765
ns_half8,Faster R-CNN R50-FPN,002_20200915_203224(4).png,1,team,0.9982,0.0
ns_half8,Faster R-CNN R50-FPN,002_20200915_203229(1).png,1,team,0.998,0.0
ns_half8,Faster R-CNN R50-FPN,002_20200917_003224(9).png,2,team,0.9982,0.0
ns_half8,Faster R-CNN R50-FPN,002_20200917_003228(7).png,2,team,0.9979,0.001
ns_half8,Faster R-CNN R50-FPN,002_20200917_003234(6).png,2,team,0.9983,0.0
ns_half8,Faster R-CNN R50-FPN,002_20200917_003238(7).png,2,team,0.9985,0.0
ns_half8,Faster R-CNN R50-FPN,002_20200917_003242(7).png,2,team,0.9982,0.0
ns_half8,Faster R-CNN R50-FPN,002_20200917_003246(7).png,2,team,0.9981,0.0
ns_half8,Faster R-CNN R50-FPN,002_20200917_083653(7).png,1,team,0.9985,0.0
ns_half8,Faster R-CNN R50-FPN,002_20200917_083659(5).png,1,team,0.9973,0.0
ns_half8,Faster R-CNN R50-FPN,002_20200917_083703(5).png,1,team,0.9982,0.0
ns_half8,Faster R-CNN R50-FPN,002_20200917_083707(4).png,1,team,0.9985,0.0
ns_half8,Faster R-CNN R50-FPN,002_20200917_083711(6).png,1,team,0.9983,0.0
ns_half8,Faster R-CNN R50-FPN,002_20200917_083721(4).png,1,team,0.998,0.0
ns_half8,Faster R-CNN R50-FPN,002_20200918_043323(0).png,2,team,0.9981,0.0
ns_half8,Faster R-CNN R50-FPN,002_20200918_043326(6).png,2,team,0.9981,0.0054
ns_half8,Faster R-CNN R50-FPN,002_20200918_043330(5).png,2,team,0.9981,0.0
ns_half8,Faster R-CNN R50-FPN,002_20200918_043334(3).png,2,team,0.9982,0.0
ns_half8,Faster R-CNN R50-FPN,002_20200918_043338(2)__m2.png,2,team,0.9983,0.0151
ns_half8,Faster R-CNN R50-FPN,002_20200918_043342(2).png,2,team,0.9983,0.0
ns_half8,Faster R-CNN R50-FPN,002_20200918_123306(7).png,1,team,0.9982,0.0
ns_half8,Faster R-CNN R50-FPN,002_20200918_123310(6).png,1,team,0.9984,0.0
ns_half8,Faster R-CNN R50-FPN,002_20200918_123314(6).png,1,team,0.998,0.0
ns_half8,Faster R-CNN R50-FPN,002_20200918_123318(7).png,1,team,0.9978,0.0
ns_half8,Faster R-CNN R50-FPN,002_20200918_123322(5).png,1,team,0.9981,0.0
ns_half8,Faster R-CNN R50-FPN,002_20200918_123331(0).png,1,team,0.9978,0.0
ns_half8,Faster R-CNN R50-FPN,002_20200921_163038(3).png,2,team,0.9981,0.0
ns_half8,Faster R-CNN R50-FPN,002_20200921_163042(3).png,2,team,0.9982,0.0011
ns_half8,Faster R-CNN R50-FPN,002_20200921_163045(4).png,2,team,0.9982,0.0943
ns_half8,Faster R-CNN R50-FPN,002_20200921_163049(6).png,2,team,0.998,0.0
ns_half8,Faster R-CNN R50-FPN,002_20200921_163052(5).png,2,team,0.9984,0.0015
ns_half8,Faster R-CNN R50-FPN,002_20200921_163055(5).png,2,team,0.9984,0.0916
ns_half8,Faster R-CNN R50-FPN,002_20200921_202239(4).png,2,team,0.9982,0.0
ns_half8,Faster R-CNN R50-FPN,002_20200921_202244(0).png,2,team,0.9983,0.0011
ns_half8,Faster R-CNN R50-FPN,002_20200921_202248(6).png,2,team,0.9977,0.0058
ns_half8,Faster R-CNN R50-FPN,002_20200921_202253(0).png,2,team,0.9984,0.0
ns_half8,Faster R-CNN R50-FPN,002_20200921_202257(4).png,2,team,0.9984,0.0131
ns_half8,Faster R-CNN R50-FPN,002_20200921_202303(6).png,2,team,0.9983,0.0988
ns_half8,Faster R-CNN R50-FPN,002_20200922_043105(7).png,1,team,0.9984,0.0086
ns_half8,Faster R-CNN R50-FPN,002_20200922_043110(2).png,1,team,0.998,0.0
ns_half8,Faster R-CNN R50-FPN,002_20200922_043114(8).png,1,team,0.9984,0.0
ns_half8,Faster R-CNN R50-FPN,002_20200922_043119(3).png,1,team,0.9981,0.0022
ns_half8,Faster R-CNN R50-FPN,002_20200922_043123(8).png,1,team,0.9979,0.0
ns_half8,Faster R-CNN R50-FPN,002_20200922_043128(2).png,1,team,0.9982,0.0
ns_half8,YOLOv3-tiny,001_20200623_203217(4).png,3,official,0.4607,0.002
ns_half8,YOLOv3-tiny,001_20200623_203222(0).png,3,official,0.5006,0.0083
ns_half8,YOLOv3-tiny,001_20200623_203226(3).png,3,official,0.4913,0.1009
ns_half8,YOLOv3-tiny,001_20200623_203230(9).png,3,official,0.4909,0.0146
ns_half8,YOLOv3-tiny,001_20200623_203235(3).png,3,official,0.4714,0.2156
ns_half8,YOLOv3-tiny,001_20200623_203247(5).png,3,official,0.4834,0.0
ns_half8,YOLOv3-tiny,001_20200625_043323(7).png,3,official,0.4841,0.0014
ns_half8,YOLOv3-tiny,001_20200625_043328(3).png,3,official,0.516,0.0027
ns_half8,YOLOv3-tiny,001_20200625_043337(3).png,3,official,0.5096,0.0043
ns_half8,YOLOv3-tiny,001_20200625_043341(7).png,3,official,0.5245,0.0
ns_half8,YOLOv3-tiny,001_20200625_043346(2).png,3,official,0.4963,0.0036
ns_half8,YOLOv3-tiny,001_20200625_043359(8).png,3,official,0.4962,0.0
ns_half8,YOLOv3-tiny,001_20200630_043538(1).png,3,team,0.3486,0.0
ns_half8,YOLOv3-tiny,001_20200630_043544(2).png,3,team,0.4207,0.0065
ns_half8,YOLOv3-tiny,001_20200630_043548(7).png,3,team,0.4533,0.0021
ns_half8,YOLOv3-tiny,001_20200630_043600(9).png,3,team,0.4275,0.0
ns_half8,YOLOv3-tiny,001_20200630_043605(5).png,3,team,0.4025,0.0013
ns_half8,YOLOv3-tiny,001_20200630_083235(6).png,3,team,0.4838,0.0016
ns_half8,YOLOv3-tiny,001_20200630_083322(2).png,3,team,0.4493,0.0012
ns_half8,YOLOv3-tiny,001_20200630_083331(2).png,3,team,0.4542,0.0063
ns_half8,YOLOv3-tiny,001_20200630_083350(7).png,3,team,0.4753,0.0082
ns_half8,YOLOv3-tiny,001_20200630_083355(1).png,3,team,0.4258,0.0039
ns_half8,YOLOv3-tiny,001_20200630_083405(7).png,3,team,0.4325,0.0
ns_half8,YOLOv3-tiny,001_20200630_163111(8).png,3,team,0.4647,0.0017
ns_half8,YOLOv3-tiny,001_20200630_163116(2).png,3,team,0.4134,0.0027
ns_half8,YOLOv3-tiny,001_20200630_163120(7).png,3,team,0.4213,0.0046
ns_half8,YOLOv3-tiny,001_20200630_163125(2).png,3,team,0.479,0.0
ns_half8,YOLOv3-tiny,001_20200630_163129(8).png,3,team,0.4107,0.002
ns_half8,YOLOv3-tiny,001_20200630_163134(2).png,3,team,0.4282,0.0
ns_half8,YOLOv3-tiny,001_20200630_163147(8).png,3,team,0.4716,0.0129
ns_half8,YOLOv3-tiny,001_20200701_123507(7).png,3,team,0.4233,0.0023
ns_half8,YOLOv3-tiny,001_20200701_123511(0).png,3,team,0.4924,0.0
ns_half8,YOLOv3-tiny,001_20200701_123514(1).png,3,team,0.503,0.0013
ns_half8,YOLOv3-tiny,001_20200701_123517(3).png,3,team,0.3631,0.0
ns_half8,YOLOv3-tiny,001_20200701_123520(6).png,3,team,0.4556,0.0
ns_half8,YOLOv3-tiny,001_20200701_123523(9).png,3,team,0.4559,0.0
ns_half8,YOLOv3-tiny,001_20200708_163845(3).png,3,team,0.4588,0.0117
ns_half8,YOLOv3-tiny,001_20200708_163848(2).png,3,team,0.4551,0.009
ns_half8,YOLOv3-tiny,001_20200708_163851(0).png,3,team,0.4537,0.0043
ns_half8,YOLOv3-tiny,001_20200708_163853(5).png,3,team,0.4183,0.0
ns_half8,YOLOv3-tiny,001_20200708_163856(2).png,3,team,0.4551,0.0
ns_half8,YOLOv3-tiny,001_20200708_163858(9).png,3,team,0.4507,0.0
ns_half8,YOLOv3-tiny,001_20200708_203804(5).png,3,team,0.462,0.0
ns_half8,YOLOv3-tiny,001_20200708_203844(8).png,3,team,0.4732,0.0
ns_half8,YOLOv3-tiny,001_20200708_203917(6).png,3,team,0.4843,0.0037
ns_half8,YOLOv3-tiny,001_20200713_202630(0).png,3,team,0.5091,0.0
ns_half8,YOLOv3-tiny,001_20200713_202634(5).png,3,team,0.5177,0.001
ns_half8,YOLOv3-tiny,001_20200713_202639(1).png,3,team,0.4341,0.1213
ns_half8,YOLOv3-tiny,001_20200713_202643(6).png,3,team,0.4595,0.0136
ns_half8,YOLOv3-tiny,001_20200713_202648(2).png,3,team,0.4683,0.0082
ns_half8,YOLOv3-tiny,001_20200713_202652(6).png,3,team,0.4775,0.0015
ns_half8,YOLOv3-tiny,001_20200714_042943(8).png,3,team,0.4983,0.0
ns_half8,YOLOv3-tiny,001_20200714_042948(4).png,3,team,0.5194,0.0065
ns_half8,YOLOv3-tiny,001_20200714_042957(3).png,3,team,0.4493,0.0
ns_half8,YOLOv3-tiny,001_20200714_043001(8).png,3,team,0.452,0.0
ns_half8,YOLOv3-tiny,001_20200714_043006(2).png,3,team,0.4677,0.0
ns_half8,YOLOv3-tiny,001_20200714_043010(8).png,3,team,0.5315,0.0
ns_half8,YOLOv3-tiny,001_20200715_083509(3).png,3,team,0.4587,0.0013
ns_half8,YOLOv3-tiny,001_20200715_083513(8).png,3,team,0.441,0.0
ns_half8,YOLOv3-tiny,001_20200715_083518(2).png,3,team,0.476,0.0019
ns_half8,YOLOv3-tiny,001_20200715_083522(7).png,3,team,0.473,0.0012
ns_half8,YOLOv3-tiny,001_20200715_083527(3).png,3,team,0.4863,0.0026
ns_half8,YOLOv3-tiny,001_20200715_083531(8).png,3,team,0.4096,0.0079
ns_half8,YOLOv3-tiny,001_20200722_083525(2).png,3,team,0.412,0.0
ns_half8,YOLOv3-tiny,001_20200722_083529(6).png,3,team,0.4523,0.0
ns_half8,YOLOv3-tiny,001_20200728_163910(5).png,3,official,0.3516,0.0
ns_half8,YOLOv3-tiny,001_20200728_163913(6).png,3,official,0.4158,0.0018
ns_half8,YOLOv3-tiny,001_20200814_033012(7).png,3,official,0.5109,0.0
ns_half8,YOLOv3-tiny,001_20200814_033016(6).png,3,official,0.4695,0.001
ns_half8,YOLOv3-tiny,001_20200814_043321(6).png,3,official,0.1469,0.0
ns_half8,YOLOv3-tiny,001_20200814_043345(8).png,3,team,0.4743,0.001
ns_half8,YOLOv3-tiny,001_20200818_123634(4).png,3,official,0.2416,0.0
ns_half8,YOLOv3-tiny,001_20200818_123638(1).png,3,team,0.4362,0.0
ns_half8,YOLOv3-tiny,001_20200831_083711(6).png,3,official,0.4481,0.0
ns_half8,YOLOv3-tiny,001_20200831_083714(8).png,3,official,0.4511,0.0
ns_half8,YOLOv3-tiny,001_20200905_003911(9).png,3,team,0.287,0.0
ns_half8,YOLOv3-tiny,001_20200905_003914(9).png,3,team,0.4732,0.001
ns_half8,YOLOv3-tiny,001_20200905_003918(2).png,3,team,0.4653,0.0
ns_half8,YOLOv3-tiny,001_20200905_003921(2).png,3,team,0.2867,0.0
ns_half8,YOLOv3-tiny,001_20200905_003924(3).png,3,team,0.4254,0.0041
ns_half8,YOLOv3-tiny,001_20200905_003927(3).png,3,team,0.3842,0.0
ns_half8,YOLOv3-tiny,001_20200905_083552(0).png,3,team,0.3904,0.0
ns_half8,YOLOv3-tiny,001_20200905_083555(2).png,3,team,0.4319,0.0
ns_half8,YOLOv3-tiny,001_20200905_083558(2).png,3,team,0.397,0.0
ns_half8,YOLOv3-tiny,001_20200905_083603(0).png,3,team,0.4381,0.0
ns_half8,YOLOv3-tiny,001_20200905_083606(6).png,3,team,0.4616,0.0
ns_half8,YOLOv3-tiny,001_20200905_083609(7).png,3,team,0.2933,0.0
ns_half8,YOLOv3-tiny,001_20200914_083101(5).png,3,team,0.4488,0.0
ns_half8,YOLOv3-tiny,001_20200914_083105(1).png,3,team,0.4296,0.0
ns_half8,YOLOv3-tiny,001_20200914_083108(8).png,3,team,0.2738,0.0
ns_half8,YOLOv3-tiny,001_20200914_083111(5).png,3,team,0.4722,0.0
ns_half8,YOLOv3-tiny,001_20200914_083114(5).png,3,team,0.4172,0.0
ns_half8,YOLOv3-tiny,001_20200914_083117(5).png,3,team,0.3611,0.0015
ns_half8,YOLOv3-tiny,001_20200915_003734(8).png,3,team,0.3757,0.0
ns_half8,YOLOv3-tiny,001_20200915_003737(5).png,3,team,0.4605,0.0
ns_half8,YOLOv3-tiny,001_20200915_003740(4).png,3,team,0.3701,0.001
ns_half8,YOLOv3-tiny,001_20200915_003743(5).png,3,team,0.4764,0.001
ns_half8,YOLOv3-tiny,001_20200915_003746(5).png,3,team,0.3816,0.0
ns_half8,YOLOv3-tiny,001_20200915_003749(6).png,3,team,0.4394,0.0
ns_half8,YOLOv3-tiny,001_20200918_004019(6).png,3,team,0.454,0.0
ns_half8,YOLOv3-tiny,001_20200918_004022(5).png,3,team,0.4848,0.0
ns_half8,YOLOv3-tiny,001_20200918_004025(8).png,3,team,0.4082,0.0
ns_half8,YOLOv3-tiny,001_20200918_004029(0).png,3,team,0.2445,0.0
ns_half8,YOLOv3-tiny,001_20200918_004032(2).png,3,team,0.4502,0.0
ns_half8,YOLOv3-tiny,001_20200918_004036(3).png,3,team,0.3887,0.0
ns_half8,YOLOv3-tiny,001_20200918_043556(8).png,3,team,0.326,0.0049
ns_half8,YOLOv3-tiny,001_20200918_043559(9).png,3,team,0.3858,0.0
ns_half8,YOLOv3-tiny,001_20200918_043602(9).png,3,team,0.4441,0.0044
ns_half8,YOLOv3-tiny,001_20200918_043606(0).png,3,team,0.4784,0.0012
ns_half8,YOLOv3-tiny,001_20200918_043609(2).png,3,team,0.4569,0.0
ns_half8,YOLOv3-tiny,001_20200918_043612(4).png,3,team,0.4809,0.0086
ns_half8,YOLOv3-tiny,001_20200918_083036(8).png,3,team,0.4815,0.0
ns_half8,YOLOv3-tiny,001_20200918_083039(9).png,3,team,0.4804,0.0
ns_half8,YOLOv3-tiny,001_20200918_083042(8).png,3,team,0.4978,0.0
ns_half8,YOLOv3-tiny,001_20200918_083045(5).png,3,team,0.2525,0.0
ns_half8,YOLOv3-tiny,001_20200918_083048(5).png,3,team,0.4219,0.0
ns_half8,YOLOv3-tiny,001_20200918_083051(4).png,3,team,0.4407,0.0
ns_half8,YOLOv3-tiny,001_20200921_163325(1).png,3,team,0.4298,0.0
ns_half8,YOLOv3-tiny,001_20200921_163329(4).png,3,team,0.461,0.0
ns_half8,YOLOv3-tiny,001_20200921_163333(8).png,3,team,0.4585,0.0
ns_half8,YOLOv3-tiny,001_20200921_163338(1).png,3,team,0.3152,0.0
ns_half8,YOLOv3-tiny,001_20200921_163342(6).png,3,team,0.509,0.0
ns_half8,YOLOv3-tiny,001_20200921_163346(9).png,3,team,0.3541,0.0
ns_half8,YOLOv3-tiny,001_20200922_003308(2).png,3,team,0.4504,0.0
ns_half8,YOLOv3-tiny,001_20200922_003312(7).png,3,team,0.3486,0.0
ns_half8,YOLOv3-tiny,001_20200922_003317(2).png,3,team,0.4222,0.0
ns_half8,YOLOv3-tiny,001_20200922_003321(7).png,3,team,0.4946,0.0014
ns_half8,YOLOv3-tiny,001_20200922_003326(6).png,3,team,0.4899,0.0
ns_half8,YOLOv3-tiny,001_20200922_003330(7).png,3,team,0.4009,0.0021
ns_half8,YOLOv3-tiny,002_20200623_043039(3).png,1,official,0.4764,0.0927
ns_half8,YOLOv3-tiny,002_20200623_043043(2).png,1,official,0.4359,0.0444
ns_half8,YOLOv3-tiny,002_20200623_043047(2).png,1,official,0.5019,0.0453
ns_half8,YOLOv3-tiny,002_20200623_043051(3).png,1,official,0.5098,0.0168
ns_half8,YOLOv3-tiny,002_20200623_043055(3).png,1,official,0.4658,0.0144
ns_half8,YOLOv3-tiny,002_20200623_043059(4).png,1,official,0.513,0.0669
ns_half8,YOLOv3-tiny,002_20200623_203040(4).png,1,official,0.4294,0.0085
ns_half8,YOLOv3-tiny,002_20200623_203044(0).png,1,official,0.4876,0.0107
ns_half8,YOLOv3-tiny,002_20200623_203047(7).png,1,official,0.4844,0.0531
ns_half8,YOLOv3-tiny,002_20200623_203051(2).png,1,official,0.4956,0.0155
ns_half8,YOLOv3-tiny,002_20200623_203054(7).png,1,official,0.3146,0.0068
ns_half8,YOLOv3-tiny,002_20200623_203058(3).png,1,official,0.4614,0.0166
ns_half8,YOLOv3-tiny,002_20200624_003115(6).png,2,official,0.4381,0.0539
ns_half8,YOLOv3-tiny,002_20200624_003118(6).png,2,official,0.4678,0.0636
ns_half8,YOLOv3-tiny,002_20200624_003123(0).png,2,official,0.472,0.1808
ns_half8,YOLOv3-tiny,002_20200624_003127(5).png,2,official,0.4715,0.0473
ns_half8,YOLOv3-tiny,002_20200624_003132(0).png,2,official,0.4397,0.0469
ns_half8,YOLOv3-tiny,002_20200624_003136(5).png,2,official,0.4526,0.0432
ns_half8,YOLOv3-tiny,002_20200624_043136(9).png,2,official,0.4723,0.0568
ns_half8,YOLOv3-tiny,002_20200624_043141(4).png,2,official,0.496,0.2054
ns_half8,YOLOv3-tiny,002_20200624_043145(8).png,2,official,0.4425,0.0919
ns_half8,YOLOv3-tiny,002_20200624_043150(3).png,2,official,0.4472,0.0335
ns_half8,YOLOv3-tiny,002_20200624_043154(8).png,2,official,0.4856,0.0736
ns_half8,YOLOv3-tiny,002_20200624_043159(4).png,2,official,0.4785,0.0551
ns_half8,YOLOv3-tiny,002_20200624_083045(5).png,1,official,0.4839,0.014
ns_half8,YOLOv3-tiny,002_20200624_083049(6).png,1,official,0.4644,0.0189
ns_half8,YOLOv3-tiny,002_20200624_083053(3).png,1,official,0.5215,0.0841
ns_half8,YOLOv3-tiny,002_20200624_083057(4).png,1,official,0.3908,0.0608
ns_half8,YOLOv3-tiny,002_20200624_083101(4).png,1,official,0.4794,0.0152
ns_half8,YOLOv3-tiny,002_20200624_083105(5).png,1,official,0.4988,0.0292
ns_half8,YOLOv3-tiny,002_20200624_123122(6).png,1,official,0.4869,0.0059
ns_half8,YOLOv3-tiny,002_20200624_123126(4).png,1,official,0.4757,0.0702
ns_half8,YOLOv3-tiny,002_20200624_123129(9).png,1,official,0.5169,0.0153
ns_half8,YOLOv3-tiny,002_20200624_123133(0).png,1,official,0.5174,0.0571
ns_half8,YOLOv3-tiny,002_20200624_123136(5).png,1,official,0.4649,0.0615
ns_half8,YOLOv3-tiny,002_20200624_123143(7).png,1,official,0.4906,0.0482
ns_half8,YOLOv3-tiny,002_20200630_163105(7).png,2,team,0.4819,0.0797
ns_half8,YOLOv3-tiny,002_20200630_163108(9).png,2,team,0.3456,0.2555
ns_half8,YOLOv3-tiny,002_20200630_163112(5).png,2,team,0.4433,0.1548
ns_half8,YOLOv3-tiny,002_20200630_163116(0).png,2,team,0.479,0.1107
ns_half8,YOLOv3-tiny,002_20200630_163119(5).png,2,team,0.4548,0.086
ns_half8,YOLOv3-tiny,002_20200630_163122(8).png,2,team,0.4793,0.3016
ns_half8,YOLOv3-tiny,002_20200701_083102(9).png,2,team,0.4685,0.0697
ns_half8,YOLOv3-tiny,002_20200701_083105(7).png,2,team,0.4876,0.0842
ns_half8,YOLOv3-tiny,002_20200701_083108(8).png,2,team,0.4622,0.0536
ns_half8,YOLOv3-tiny,002_20200701_083111(8).png,2,team,0.4514,0.1577
ns_half8,YOLOv3-tiny,002_20200701_083114(8).png,2,team,0.4624,0.0729
ns_half8,YOLOv3-tiny,002_20200701_083117(8).png,2,team,0.4391,0.133
ns_half8,YOLOv3-tiny,002_20200701_163100(6).png,2,team,0.4831,0.1083
ns_half8,YOLOv3-tiny,002_20200701_163104(5).png,2,team,0.4584,0.2239
ns_half8,YOLOv3-tiny,002_20200701_163108(4).png,2,team,0.4778,0.1606
ns_half8,YOLOv3-tiny,002_20200701_163112(3).png,2,team,0.5074,0.1038
ns_half8,YOLOv3-tiny,002_20200701_163116(3).png,2,team,0.4556,0.0907
ns_half8,YOLOv3-tiny,002_20200701_163120(4).png,2,team,0.4154,0.1525
ns_half8,YOLOv3-tiny,002_20200701_203037(6).png,1,team,0.4033,0.0519
ns_half8,YOLOv3-tiny,002_20200701_203040(8).png,1,team,0.4845,0.0212
ns_half8,YOLOv3-tiny,002_20200701_203043(9).png,1,team,0.4769,0.095
ns_half8,YOLOv3-tiny,002_20200701_203046(9).png,1,team,0.4636,0.0255
ns_half8,YOLOv3-tiny,002_20200701_203050(0).png,1,team,0.4826,0.0696
ns_half8,YOLOv3-tiny,002_20200701_203053(0).png,1,team,0.4662,0.0069
ns_half8,YOLOv3-tiny,002_20200713_091056(8).png,2,team,0.4528,0.2037
ns_half8,YOLOv3-tiny,002_20200713_091100(5).png,2,team,0.439,0.2602
ns_half8,YOLOv3-tiny,002_20200713_091103(8).png,2,team,0.414,0.0887
ns_half8,YOLOv3-tiny,002_20200713_091106(9).png,2,team,0.3831,0.168
ns_half8,YOLOv3-tiny,002_20200713_091109(9).png,2,team,0.4893,0.0325
ns_half8,YOLOv3-tiny,002_20200713_091112(5).png,2,team,0.4237,0.0299
ns_half8,YOLOv3-tiny,002_20200713_123358(8).png,2,team,0.4595,0.0635
ns_half8,YOLOv3-tiny,002_20200713_123403(4).png,2,team,0.3677,0.0245
ns_half8,YOLOv3-tiny,002_20200713_123408(0).png,2,team,0.4384,0.0693
ns_half8,YOLOv3-tiny,002_20200713_123412(4).png,2,team,0.4366,0.0426
ns_half8,YOLOv3-tiny,002_20200713_123416(9).png,2,team,0.4691,0.0368
ns_half8,YOLOv3-tiny,002_20200713_123421(4).png,2,team,0.4706,0.087
ns_half8,YOLOv3-tiny,002_20200713_202718(1).png,2,team,0.4737,0.0884
ns_half8,YOLOv3-tiny,002_20200713_202722(5).png,2,team,0.4329,0.1179
ns_half8,YOLOv3-tiny,002_20200713_202726(9).png,2,team,0.4784,0.1779
ns_half8,YOLOv3-tiny,002_20200713_202731(4).png,2,team,0.4858,0.0673
ns_half8,YOLOv3-tiny,002_20200713_202735(9).png,2,team,0.4508,0.1021
ns_half8,YOLOv3-tiny,002_20200713_202743(4).png,2,team,0.4844,0.1879
ns_half8,YOLOv3-tiny,002_20200714_123109(8).png,1,official,0.4905,0.0144
ns_half8,YOLOv3-tiny,002_20200714_123113(1).png,1,official,0.4465,0.0249
ns_half8,YOLOv3-tiny,002_20200714_123117(3).png,1,official,0.4815,0.0038
ns_half8,YOLOv3-tiny,002_20200714_123120(4).png,1,official,0.5109,0.0209
ns_half8,YOLOv3-tiny,002_20200714_123123(5).png,1,official,0.485,0.0158
ns_half8,YOLOv3-tiny,002_20200714_123126(4).png,1,official,0.4934,0.0171
ns_half8,YOLOv3-tiny,002_20200721_163536(6).png,2,team,0.3839,0.1096
ns_half8,YOLOv3-tiny,002_20200721_163539(9).png,2,team,0.2942,0.1077
ns_half8,YOLOv3-tiny,002_20200721_163543(2).png,2,team,0.4317,0.0118
ns_half8,YOLOv3-tiny,002_20200721_163548(0).png,2,team,0.411,0.1333
ns_half8,YOLOv3-tiny,002_20200721_163551(3).png,2,team,0.4448,0.0485
ns_half8,YOLOv3-tiny,002_20200721_163554(6).png,2,team,0.4425,0.1179
ns_half8,YOLOv3-tiny,002_20200722_043432(7).png,1,team,0.5141,0.17
ns_half8,YOLOv3-tiny,002_20200722_043437(0).png,1,team,0.3682,0.0044
ns_half8,YOLOv3-tiny,002_20200722_131101(2).png,2,team,0.3932,0.0111
ns_half8,YOLOv3-tiny,002_20200722_131105(7).png,2,team,0.2457,0.0427
ns_half8,YOLOv3-tiny,002_20200723_043256(5).png,1,team,0.3656,0.0827
ns_half8,YOLOv3-tiny,002_20200723_043258(3).png,1,team,0.383,0.0015
ns_half8,YOLOv3-tiny,002_20200723_123129(3).png,1,team,0.4272,0.0071
ns_half8,YOLOv3-tiny,002_20200723_123133(9).png,1,team,0.4532,0.0045
ns_half8,YOLOv3-tiny,002_20200723_203129(9).png,1,team,0.3262,0.0
ns_half8,YOLOv3-tiny,002_20200723_203134(3).png,1,team,0.307,0.0
ns_half8,YOLOv3-tiny,002_20200724_003201(9).png,1,team,0.3679,0.0336
ns_half8,YOLOv3-tiny,002_20200724_003206(4).png,1,team,0.4001,0.0027
ns_half8,YOLOv3-tiny,002_20200727_204612(5).png,1,team,0.415,0.0336
ns_half8,YOLOv3-tiny,002_20200727_204634(7).png,1,team,0.1669,0.0
ns_half8,YOLOv3-tiny,002_20200728_043429(7).png,2,team,0.4249,0.0619
ns_half8,YOLOv3-tiny,002_20200728_043435(6).png,2,team,0.4822,0.1533
ns_half8,YOLOv3-tiny,002_20200728_123102(5).png,2,team,0.4127,0.0938
ns_half8,YOLOv3-tiny,002_20200728_123106(5).png,2,team,0.3991,0.2281
ns_half8,YOLOv3-tiny,002_20200814_083411(8).png,2,team,0.2275,0.1106
ns_half8,YOLOv3-tiny,002_20200814_083414(7).png,2,team,0.4236,0.0128
ns_half8,YOLOv3-tiny,002_20200819_124217(5).png,2,team,0.2708,0.0
ns_half8,YOLOv3-tiny,002_20200819_124225(2).png,2,team,0.3757,0.14
ns_half8,YOLOv3-tiny,002_20200831_163123(9).png,1,team,0.4563,0.0
ns_half8,YOLOv3-tiny,002_20200831_163130(0).png,1,team,0.4173,0.0467
ns_half8,YOLOv3-tiny,002_20200901_043133(6).png,2,official,0.4256,0.066
ns_half8,YOLOv3-tiny,002_20200901_043136(6).png,2,official,0.4094,0.0026
ns_half8,YOLOv3-tiny,002_20200901_043139(6).png,2,official,0.4989,0.0033
ns_half8,YOLOv3-tiny,002_20200901_043142(6).png,2,official,0.4258,0.015
ns_half8,YOLOv3-tiny,002_20200901_043145(5).png,2,official,0.4371,0.0114
ns_half8,YOLOv3-tiny,002_20200901_043148(6).png,2,official,0.4808,0.0102
ns_half8,YOLOv3-tiny,002_20200901_191340(2).png,2,official,0.4044,0.1168
ns_half8,YOLOv3-tiny,002_20200901_191343(2).png,2,official,0.2491,0.1658
ns_half8,YOLOv3-tiny,002_20200901_191346(1).png,2,official,0.4397,0.197
ns_half8,YOLOv3-tiny,002_20200901_191348(8).png,2,official,0.4425,0.0084
ns_half8,YOLOv3-tiny,002_20200901_191351(5).png,2,official,0.4797,0.0294
ns_half8,YOLOv3-tiny,002_20200901_191354(2).png,2,team,0.4283,0.0248
ns_half8,YOLOv3-tiny,002_20200902_003149(5).png,2,team,0.3838,0.1994
ns_half8,YOLOv3-tiny,002_20200902_003152(5).png,2,team,0.4977,0.0204
ns_half8,YOLOv3-tiny,002_20200902_003155(5).png,2,team,0.3926,0.0112
ns_half8,YOLOv3-tiny,002_20200902_003158(2).png,2,team,0.3576,0.0996
ns_half8,YOLOv3-tiny,002_20200902_003200(9).png,2,team,0.4617,0.0048
ns_half8,YOLOv3-tiny,002_20200902_003203(7).png,2,team,0.4561,0.0117
ns_half8,YOLOv3-tiny,002_20200902_043107(7).png,1,team,0.4035,0.0037
ns_half8,YOLOv3-tiny,002_20200902_043112(1).png,1,team,0.4348,0.0
ns_half8,YOLOv3-tiny,002_20200902_043116(4).png,1,team,0.3552,0.0111
ns_half8,YOLOv3-tiny,002_20200902_043120(6).png,1,team,0.4639,0.0063
ns_half8,YOLOv3-tiny,002_20200902_043124(9).png,1,team,0.3287,0.0385
ns_half8,YOLOv3-tiny,002_20200902_043129(2).png,1,team,0.3394,0.0078
ns_half8,YOLOv3-tiny,002_20200902_082641(4).png,2,team,0.3946,0.1904
ns_half8,YOLOv3-tiny,002_20200902_082645(7).png,2,team,0.4811,0.0931
ns_half8,YOLOv3-tiny,002_20200902_082650(0).png,2,team,0.4727,0.0407
ns_half8,YOLOv3-tiny,002_20200902_082654(4).png,2,team,0.3766,0.0044
ns_half8,YOLOv3-tiny,002_20200902_082658(4).png,2,team,0.4393,0.0071
ns_half8,YOLOv3-tiny,002_20200902_082702(8).png,2,team,0.4648,0.0021
ns_half8,YOLOv3-tiny,002_20200905_123055(0).png,2,official,0.4206,0.0768
ns_half8,YOLOv3-tiny,002_20200905_123058(4).png,2,official,0.395,0.1353
ns_half8,YOLOv3-tiny,002_20200905_123102(0).png,2,official,0.2849,0.1059
ns_half8,YOLOv3-tiny,002_20200905_123105(0).png,2,official,0.3036,0.0816
ns_half8,YOLOv3-tiny,002_20200905_123108(4).png,2,official,0.4415,0.0186
ns_half8,YOLOv3-tiny,002_20200905_123112(0).png,2,official,0.4396,0.0147
ns_half8,YOLOv3-tiny,002_20200906_003059(0).png,1,official,0.4359,0.0153
ns_half8,YOLOv3-tiny,002_20200906_003114(8).png,1,official,0.1706,0.0032
ns_half8,YOLOv3-tiny,002_20200906_003118(7).png,1,official,0.2748,0.0022
ns_half8,YOLOv3-tiny,002_20200906_003122(7).png,1,official,0.4793,0.0379
ns_half8,YOLOv3-tiny,002_20200906_003126(8).png,1,official,0.3745,0.0306
ns_half8,YOLOv3-tiny,002_20200906_003132(7).png,1,official,0.3716,0.0514
ns_half8,YOLOv3-tiny,002_20200908_043119(7).png,2,team,0.4377,0.0073
ns_half8,YOLOv3-tiny,002_20200908_043124(3).png,2,team,0.4578,0.0155
ns_half8,YOLOv3-tiny,002_20200908_043128(8).png,2,team,0.4063,0.054
ns_half8,YOLOv3-tiny,002_20200908_043133(4).png,2,team,0.3691,0.0579
ns_half8,YOLOv3-tiny,002_20200908_043137(8).png,2,team,0.4563,0.1689
ns_half8,YOLOv3-tiny,002_20200908_043142(4).png,2,team,0.4734,0.0508
ns_half8,YOLOv3-tiny,002_20200912_021405(0).png,1,team,0.4505,0.0019
ns_half8,YOLOv3-tiny,002_20200912_021411(6).png,1,team,0.4736,0.0139
ns_half8,YOLOv3-tiny,002_20200912_021417(8).png,1,team,0.4127,0.0944
ns_half8,YOLOv3-tiny,002_20200912_021420(7).png,1,team,0.495,0.0567
ns_half8,YOLOv3-tiny,002_20200912_021423(8).png,1,team,0.4749,0.02
ns_half8,YOLOv3-tiny,002_20200912_021430(0).png,1,team,0.4044,0.0241
ns_half8,YOLOv3-tiny,002_20200912_123204(6).png,1,team,0.3545,0.0016
ns_half8,YOLOv3-tiny,002_20200912_123207(7).png,1,team,0.476,0.0011
ns_half8,YOLOv3-tiny,002_20200912_123210(6).png,1,team,0.4728,0.0018
ns_half8,YOLOv3-tiny,002_20200912_123216(4).png,1,team,0.306,0.0043
ns_half8,YOLOv3-tiny,002_20200912_123219(3).png,1,team,0.4064,0.0019
ns_half8,YOLOv3-tiny,002_20200912_123222(2).png,1,team,0.3741,0.0065
ns_half8,YOLOv3-tiny,002_20200914_203029(2).png,2,team,0.4936,0.0349
ns_half8,YOLOv3-tiny,002_20200914_203032(1).png,2,team,0.4904,0.0484
ns_half8,YOLOv3-tiny,002_20200914_203035(2).png,2,team,0.3253,0.0023
ns_half8,YOLOv3-tiny,002_20200914_203038(1).png,2,team,0.3691,0.0102
ns_half8,YOLOv3-tiny,002_20200914_203041(1).png,2,team,0.4565,0.0143
ns_half8,YOLOv3-tiny,002_20200914_203045(7).png,2,team,0.4808,0.0331
ns_half8,YOLOv3-tiny,002_20200915_003458(4).png,1,team,0.3863,0.0536
ns_half8,YOLOv3-tiny,002_20200915_003505(7).png,1,team,0.4216,0.0226
ns_half8,YOLOv3-tiny,002_20200915_003510(7).png,1,team,0.4465,0.0023
ns_half8,YOLOv3-tiny,002_20200915_003515(6).png,1,team,0.4508,0.0052
ns_half8,YOLOv3-tiny,002_20200915_003523(1).png,1,team,0.4299,0.0141
ns_half8,YOLOv3-tiny,002_20200915_003532(1).png,1,team,0.4584,0.0261
ns_half8,YOLOv3-tiny,002_20200915_163129(0).png,1,team,0.459,0.0041
ns_half8,YOLOv3-tiny,002_20200915_163133(5).png,1,team,0.4942,0.025
ns_half8,YOLOv3-tiny,002_20200915_163144(0).png,1,team,0.3855,0.0334
ns_half8,YOLOv3-tiny,002_20200915_163154(5).png,1,team,0.4304,0.0013
ns_half8,YOLOv3-tiny,002_20200915_163158(9).png,1,team,0.4106,0.0012
ns_half8,YOLOv3-tiny,002_20200915_163203(4).png,1,team,0.4829,0.0025
ns_half8,YOLOv3-tiny,002_20200915_203209(5).png,1,team,0.4848,0.0
ns_half8,YOLOv3-tiny,002_20200915_203212(5).png,1,team,0.4663,0.0298
ns_half8,YOLOv3-tiny,002_20200915_203215(5).png,1,team,0.4678,0.0106
ns_half8,YOLOv3-tiny,002_20200915_203218(5).png,1,team,0.3242,0.0146
ns_half8,YOLOv3-tiny,002_20200915_203224(4).png,1,team,0.4442,0.0041
ns_half8,YOLOv3-tiny,002_20200915_203229(1).png,1,team,0.3891,0.0205
ns_half8,YOLOv3-tiny,002_20200917_003224(9).png,2,team,0.4065,0.0531
ns_half8,YOLOv3-tiny,002_20200917_003228(7).png,2,team,0.4789,0.1427
ns_half8,YOLOv3-tiny,002_20200917_003234(6).png,2,team,0.4692,0.0182
ns_half8,YOLOv3-tiny,002_20200917_003238(7).png,2,team,0.4986,0.0326
ns_half8,YOLOv3-tiny,002_20200917_003242(7).png,2,team,0.4315,0.0397
ns_half8,YOLOv3-tiny,002_20200917_003246(7).png,2,team,0.3697,0.0377
ns_half8,YOLOv3-tiny,002_20200917_083653(7).png,1,team,0.4429,0.0082
ns_half8,YOLOv3-tiny,002_20200917_083659(5).png,1,team,0.4123,0.0062
ns_half8,YOLOv3-tiny,002_20200917_083703(5).png,1,team,0.3512,0.0046
ns_half8,YOLOv3-tiny,002_20200917_083707(4).png,1,team,0.4873,0.0138
ns_half8,YOLOv3-tiny,002_20200917_083711(6).png,1,team,0.4122,0.0292
ns_half8,YOLOv3-tiny,002_20200917_083721(4).png,1,team,0.4797,0.0042
ns_half8,YOLOv3-tiny,002_20200918_043323(0).png,2,team,0.451,0.008
ns_half8,YOLOv3-tiny,002_20200918_043326(6).png,2,team,0.4879,0.0897
ns_half8,YOLOv3-tiny,002_20200918_043330(5).png,2,team,0.4647,0.0097
ns_half8,YOLOv3-tiny,002_20200918_043334(3).png,2,team,0.5135,0.098
ns_half8,YOLOv3-tiny,002_20200918_043338(2)__m2.png,2,team,0.4814,0.2029
ns_half8,YOLOv3-tiny,002_20200918_043342(2).png,2,team,0.4566,0.1156
ns_half8,YOLOv3-tiny,002_20200918_123306(7).png,1,team,0.4187,0.0097
ns_half8,YOLOv3-tiny,002_20200918_123310(6).png,1,team,0.3813,0.0011
ns_half8,YOLOv3-tiny,002_20200918_123314(6).png,1,team,0.3576,0.0046
ns_half8,YOLOv3-tiny,002_20200918_123318(7).png,1,team,0.4188,0.0348
ns_half8,YOLOv3-tiny,002_20200918_123322(5).png,1,team,0.4453,0.0195
ns_half8,YOLOv3-tiny,002_20200918_123331(0).png,1,team,0.2778,0.0304
ns_half8,YOLOv3-tiny,002_20200921_163038(3).png,2,team,0.4229,0.0051
ns_half8,YOLOv3-tiny,002_20200921_163042(3).png,2,team,0.3392,0.0167
ns_half8,YOLOv3-tiny,002_20200921_163045(4).png,2,team,0.4521,0.0201
ns_half8,YOLOv3-tiny,002_20200921_163049(6).png,2,team,0.4634,0.0
ns_half8,YOLOv3-tiny,002_20200921_163052(5).png,2,team,0.4682,0.0026
ns_half8,YOLOv3-tiny,002_20200921_163055(5).png,2,team,0.4651,0.0031
ns_half8,YOLOv3-tiny,002_20200921_202239(4).png,2,team,0.438,0.0744
ns_half8,YOLOv3-tiny,002_20200921_202244(0).png,2,team,0.4893,0.1631
ns_half8,YOLOv3-tiny,002_20200921_202248(6).png,2,team,0.1965,0.1071
ns_half8,YOLOv3-tiny,002_20200921_202253(0).png,2,team,0.432,0.0601
ns_half8,YOLOv3-tiny,002_20200921_202257(4).png,2,team,0.4603,0.0663
ns_half8,YOLOv3-tiny,002_20200921_202303(6).png,2,team,0.4133,0.0037
ns_half8,YOLOv3-tiny,002_20200922_043105(7).png,1,team,0.337,0.0128
ns_half8,YOLOv3-tiny,002_20200922_043110(2).png,1,team,0.3983,0.0051
ns_half8,YOLOv3-tiny,002_20200922_043114(8).png,1,team,0.3774,0.0047
ns_half8,YOLOv3-tiny,002_20200922_043119(3).png,1,team,0.3807,0.0029
ns_half8,YOLOv3-tiny,002_20200922_043123(8).png,1,team,0.377,0.0031
ns_half8,YOLOv3-tiny,002_20200922_043128(2).png,1,team,0.449,0.0017
ns_half8,Faster R-CNN MobileNetV3-FPN,001_20200623_203217(4).png,3,official,0.997,0.0915
ns_half8,Faster R-CNN MobileNetV3-FPN,001_20200623_203222(0).png,3,official,0.9926,0.3786
ns_half8,Faster R-CNN MobileNetV3-FPN,001_20200623_203226(3).png,3,official,0.992,0.0522
ns_half8,Faster R-CNN MobileNetV3-FPN,001_20200623_203230(9).png,3,official,0.9972,0.4834
ns_half8,Faster R-CNN MobileNetV3-FPN,001_20200623_203235(3).png,3,official,0.9963,0.827
ns_half8,Faster R-CNN MobileNetV3-FPN,001_20200623_203247(5).png,3,official,0.9943,0.4052
ns_half8,Faster R-CNN MobileNetV3-FPN,001_20200625_043323(7).png,3,official,0.9943,0.0585
ns_half8,Faster R-CNN MobileNetV3-FPN,001_20200625_043328(3).png,3,official,0.9956,0.1384
ns_half8,Faster R-CNN MobileNetV3-FPN,001_20200625_043337(3).png,3,official,0.9964,0.3683
ns_half8,Faster R-CNN MobileNetV3-FPN,001_20200625_043341(7).png,3,official,0.997,0.1566
ns_half8,Faster R-CNN MobileNetV3-FPN,001_20200625_043346(2).png,3,official,0.9929,0.1875
ns_half8,Faster R-CNN MobileNetV3-FPN,001_20200625_043359(8).png,3,official,0.9986,0.0058
ns_half8,Faster R-CNN MobileNetV3-FPN,001_20200630_043538(1).png,3,team,0.9915,0.0
ns_half8,Faster R-CNN MobileNetV3-FPN,001_20200630_043544(2).png,3,team,0.9947,0.0
ns_half8,Faster R-CNN MobileNetV3-FPN,001_20200630_043548(7).png,3,team,0.9964,0.3848
ns_half8,Faster R-CNN MobileNetV3-FPN,001_20200630_043600(9).png,3,team,0.9937,0.009
ns_half8,Faster R-CNN MobileNetV3-FPN,001_20200630_043605(5).png,3,team,0.9853,0.0051
ns_half8,Faster R-CNN MobileNetV3-FPN,001_20200630_083235(6).png,3,team,0.9977,0.8542
ns_half8,Faster R-CNN MobileNetV3-FPN,001_20200630_083322(2).png,3,team,0.9946,0.2065
ns_half8,Faster R-CNN MobileNetV3-FPN,001_20200630_083331(2).png,3,team,0.9947,0.0966
ns_half8,Faster R-CNN MobileNetV3-FPN,001_20200630_083350(7).png,3,team,0.9962,0.6903
ns_half8,Faster R-CNN MobileNetV3-FPN,001_20200630_083355(1).png,3,team,0.9953,0.7403
ns_half8,Faster R-CNN MobileNetV3-FPN,001_20200630_083405(7).png,3,team,0.9961,0.3482
ns_half8,Faster R-CNN MobileNetV3-FPN,001_20200630_163111(8).png,3,team,0.9935,0.063
ns_half8,Faster R-CNN MobileNetV3-FPN,001_20200630_163116(2).png,3,team,0.9933,0.0019
ns_half8,Faster R-CNN MobileNetV3-FPN,001_20200630_163120(7).png,3,team,0.9909,0.3364
ns_half8,Faster R-CNN MobileNetV3-FPN,001_20200630_163125(2).png,3,team,0.9965,0.003
ns_half8,Faster R-CNN MobileNetV3-FPN,001_20200630_163129(8).png,3,team,0.9945,0.0
ns_half8,Faster R-CNN MobileNetV3-FPN,001_20200630_163134(2).png,3,team,0.9957,0.0015
ns_half8,Faster R-CNN MobileNetV3-FPN,001_20200630_163147(8).png,3,team,0.9915,0.0176
ns_half8,Faster R-CNN MobileNetV3-FPN,001_20200701_123507(7).png,3,team,0.9937,0.0014
ns_half8,Faster R-CNN MobileNetV3-FPN,001_20200701_123511(0).png,3,team,0.9962,0.4363
ns_half8,Faster R-CNN MobileNetV3-FPN,001_20200701_123514(1).png,3,team,0.9965,0.7111
ns_half8,Faster R-CNN MobileNetV3-FPN,001_20200701_123517(3).png,3,team,0.995,0.0016
ns_half8,Faster R-CNN MobileNetV3-FPN,001_20200701_123520(6).png,3,team,0.9982,0.0275
ns_half8,Faster R-CNN MobileNetV3-FPN,001_20200701_123523(9).png,3,team,0.9933,0.3951
ns_half8,Faster R-CNN MobileNetV3-FPN,001_20200708_163845(3).png,3,team,0.9943,0.0115
ns_half8,Faster R-CNN MobileNetV3-FPN,001_20200708_163848(2).png,3,team,0.9935,0.8706
ns_half8,Faster R-CNN MobileNetV3-FPN,001_20200708_163851(0).png,3,team,0.9957,0.116
ns_half8,Faster R-CNN MobileNetV3-FPN,001_20200708_163853(5).png,3,team,0.9972,0.5479
ns_half8,Faster R-CNN MobileNetV3-FPN,001_20200708_163856(2).png,3,team,0.9956,0.1658
ns_half8,Faster R-CNN MobileNetV3-FPN,001_20200708_163858(9).png,3,team,0.9944,0.1958
ns_half8,Faster R-CNN MobileNetV3-FPN,001_20200708_203804(5).png,3,team,0.9969,0.4563
ns_half8,Faster R-CNN MobileNetV3-FPN,001_20200708_203844(8).png,3,team,0.9948,0.2206
ns_half8,Faster R-CNN MobileNetV3-FPN,001_20200708_203917(6).png,3,team,0.996,0.3228
ns_half8,Faster R-CNN MobileNetV3-FPN,001_20200713_202630(0).png,3,team,0.9959,0.0619
ns_half8,Faster R-CNN MobileNetV3-FPN,001_20200713_202634(5).png,3,team,0.9976,0.1497
ns_half8,Faster R-CNN MobileNetV3-FPN,001_20200713_202639(1).png,3,team,0.9968,0.4473
ns_half8,Faster R-CNN MobileNetV3-FPN,001_20200713_202643(6).png,3,team,0.9941,0.0672
ns_half8,Faster R-CNN MobileNetV3-FPN,001_20200713_202648(2).png,3,team,0.9941,0.4438
ns_half8,Faster R-CNN MobileNetV3-FPN,001_20200713_202652(6).png,3,team,0.9949,0.0
ns_half8,Faster R-CNN MobileNetV3-FPN,001_20200714_042943(8).png,3,team,0.9965,0.0111
ns_half8,Faster R-CNN MobileNetV3-FPN,001_20200714_042948(4).png,3,team,0.9946,0.1313
ns_half8,Faster R-CNN MobileNetV3-FPN,001_20200714_042957(3).png,3,team,0.9938,0.0013
ns_half8,Faster R-CNN MobileNetV3-FPN,001_20200714_043001(8).png,3,team,0.9956,0.0813
ns_half8,Faster R-CNN MobileNetV3-FPN,001_20200714_043006(2).png,3,team,0.9966,0.2887
ns_half8,Faster R-CNN MobileNetV3-FPN,001_20200714_043010(8).png,3,team,0.9952,0.0099
ns_half8,Faster R-CNN MobileNetV3-FPN,001_20200715_083509(3).png,3,team,0.9935,0.5505
ns_half8,Faster R-CNN MobileNetV3-FPN,001_20200715_083513(8).png,3,team,0.9955,0.0849
ns_half8,Faster R-CNN MobileNetV3-FPN,001_20200715_083518(2).png,3,team,0.9969,0.3182
ns_half8,Faster R-CNN MobileNetV3-FPN,001_20200715_083522(7).png,3,team,0.9985,0.0
ns_half8,Faster R-CNN MobileNetV3-FPN,001_20200715_083527(3).png,3,team,0.9947,0.0
ns_half8,Faster R-CNN MobileNetV3-FPN,001_20200715_083531(8).png,3,team,0.9937,0.6487
ns_half8,Faster R-CNN MobileNetV3-FPN,001_20200722_083525(2).png,3,team,0.9945,0.0
ns_half8,Faster R-CNN MobileNetV3-FPN,001_20200722_083529(6).png,3,team,0.977,0.0
ns_half8,Faster R-CNN MobileNetV3-FPN,001_20200728_163910(5).png,3,official,0.9921,0.0
ns_half8,Faster R-CNN MobileNetV3-FPN,001_20200728_163913(6).png,3,official,0.9883,0.0102
ns_half8,Faster R-CNN MobileNetV3-FPN,001_20200814_033012(7).png,3,official,0.9913,0.0
ns_half8,Faster R-CNN MobileNetV3-FPN,001_20200814_033016(6).png,3,official,0.9952,0.0
ns_half8,Faster R-CNN MobileNetV3-FPN,001_20200814_043321(6).png,3,official,0.9944,0.0
ns_half8,Faster R-CNN MobileNetV3-FPN,001_20200814_043345(8).png,3,team,0.9854,0.0
ns_half8,Faster R-CNN MobileNetV3-FPN,001_20200818_123634(4).png,3,official,0.9804,0.0
ns_half8,Faster R-CNN MobileNetV3-FPN,001_20200818_123638(1).png,3,team,0.9902,0.0
ns_half8,Faster R-CNN MobileNetV3-FPN,001_20200831_083711(6).png,3,official,0.9944,0.0
ns_half8,Faster R-CNN MobileNetV3-FPN,001_20200831_083714(8).png,3,official,0.9982,0.0
ns_half8,Faster R-CNN MobileNetV3-FPN,001_20200905_003911(9).png,3,team,0.9879,0.0
ns_half8,Faster R-CNN MobileNetV3-FPN,001_20200905_003914(9).png,3,team,0.9884,0.0
ns_half8,Faster R-CNN MobileNetV3-FPN,001_20200905_003918(2).png,3,team,0.9962,0.0
ns_half8,Faster R-CNN MobileNetV3-FPN,001_20200905_003921(2).png,3,team,0.9971,0.0
ns_half8,Faster R-CNN MobileNetV3-FPN,001_20200905_003924(3).png,3,team,0.9973,0.0
ns_half8,Faster R-CNN MobileNetV3-FPN,001_20200905_003927(3).png,3,team,0.9941,0.0
ns_half8,Faster R-CNN MobileNetV3-FPN,001_20200905_083552(0).png,3,team,0.9903,0.0
ns_half8,Faster R-CNN MobileNetV3-FPN,001_20200905_083555(2).png,3,team,0.9975,0.0
ns_half8,Faster R-CNN MobileNetV3-FPN,001_20200905_083558(2).png,3,team,0.9975,0.0
ns_half8,Faster R-CNN MobileNetV3-FPN,001_20200905_083603(0).png,3,team,0.9976,0.0
ns_half8,Faster R-CNN MobileNetV3-FPN,001_20200905_083606(6).png,3,team,0.9905,0.0
ns_half8,Faster R-CNN MobileNetV3-FPN,001_20200905_083609(7).png,3,team,0.9961,0.0892
ns_half8,Faster R-CNN MobileNetV3-FPN,001_20200914_083101(5).png,3,team,0.9961,0.0
ns_half8,Faster R-CNN MobileNetV3-FPN,001_20200914_083105(1).png,3,team,0.9943,0.0
ns_half8,Faster R-CNN MobileNetV3-FPN,001_20200914_083108(8).png,3,team,0.987,0.0
ns_half8,Faster R-CNN MobileNetV3-FPN,001_20200914_083111(5).png,3,team,0.9902,0.0
ns_half8,Faster R-CNN MobileNetV3-FPN,001_20200914_083114(5).png,3,team,0.996,0.0
ns_half8,Faster R-CNN MobileNetV3-FPN,001_20200914_083117(5).png,3,team,0.9965,0.0
ns_half8,Faster R-CNN MobileNetV3-FPN,001_20200915_003734(8).png,3,team,0.9937,0.0
ns_half8,Faster R-CNN MobileNetV3-FPN,001_20200915_003737(5).png,3,team,0.9978,0.0
ns_half8,Faster R-CNN MobileNetV3-FPN,001_20200915_003740(4).png,3,team,0.9638,0.0
ns_half8,Faster R-CNN MobileNetV3-FPN,001_20200915_003743(5).png,3,team,0.9964,0.0
ns_half8,Faster R-CNN MobileNetV3-FPN,001_20200915_003746(5).png,3,team,0.9967,0.0
ns_half8,Faster R-CNN MobileNetV3-FPN,001_20200915_003749(6).png,3,team,0.9883,0.0
ns_half8,Faster R-CNN MobileNetV3-FPN,001_20200918_004019(6).png,3,team,0.9943,0.0151
ns_half8,Faster R-CNN MobileNetV3-FPN,001_20200918_004022(5).png,3,team,0.996,0.0
ns_half8,Faster R-CNN MobileNetV3-FPN,001_20200918_004025(8).png,3,team,0.9918,0.1687
ns_half8,Faster R-CNN MobileNetV3-FPN,001_20200918_004029(0).png,3,team,0.9982,0.0
ns_half8,Faster R-CNN MobileNetV3-FPN,001_20200918_004032(2).png,3,team,0.9835,0.0
ns_half8,Faster R-CNN MobileNetV3-FPN,001_20200918_004036(3).png,3,team,0.9977,0.0
ns_half8,Faster R-CNN MobileNetV3-FPN,001_20200918_043556(8).png,3,team,0.9968,0.0185
ns_half8,Faster R-CNN MobileNetV3-FPN,001_20200918_043559(9).png,3,team,0.9936,0.0
ns_half8,Faster R-CNN MobileNetV3-FPN,001_20200918_043602(9).png,3,team,0.9975,0.3196
ns_half8,Faster R-CNN MobileNetV3-FPN,001_20200918_043606(0).png,3,team,0.9779,0.0
ns_half8,Faster R-CNN MobileNetV3-FPN,001_20200918_043609(2).png,3,team,0.9964,0.0
ns_half8,Faster R-CNN MobileNetV3-FPN,001_20200918_043612(4).png,3,team,0.9986,0.2683
ns_half8,Faster R-CNN MobileNetV3-FPN,001_20200918_083036(8).png,3,team,0.9931,0.0
ns_half8,Faster R-CNN MobileNetV3-FPN,001_20200918_083039(9).png,3,team,0.9954,0.0
ns_half8,Faster R-CNN MobileNetV3-FPN,001_20200918_083042(8).png,3,team,0.9871,0.0116
ns_half8,Faster R-CNN MobileNetV3-FPN,001_20200918_083045(5).png,3,team,0.9979,0.0
ns_half8,Faster R-CNN MobileNetV3-FPN,001_20200918_083048(5).png,3,team,0.9977,0.0
ns_half8,Faster R-CNN MobileNetV3-FPN,001_20200918_083051(4).png,3,team,0.9971,0.0
ns_half8,Faster R-CNN MobileNetV3-FPN,001_20200921_163325(1).png,3,team,0.9942,0.0
ns_half8,Faster R-CNN MobileNetV3-FPN,001_20200921_163329(4).png,3,team,0.9971,0.0
ns_half8,Faster R-CNN MobileNetV3-FPN,001_20200921_163333(8).png,3,team,0.9967,0.0
ns_half8,Faster R-CNN MobileNetV3-FPN,001_20200921_163338(1).png,3,team,0.9982,0.0
ns_half8,Faster R-CNN MobileNetV3-FPN,001_20200921_163342(6).png,3,team,0.9982,0.0
ns_half8,Faster R-CNN MobileNetV3-FPN,001_20200921_163346(9).png,3,team,0.9981,0.0
ns_half8,Faster R-CNN MobileNetV3-FPN,001_20200922_003308(2).png,3,team,0.9975,0.0
ns_half8,Faster R-CNN MobileNetV3-FPN,001_20200922_003312(7).png,3,team,0.9989,0.0
ns_half8,Faster R-CNN MobileNetV3-FPN,001_20200922_003317(2).png,3,team,0.995,0.0
ns_half8,Faster R-CNN MobileNetV3-FPN,001_20200922_003321(7).png,3,team,0.9957,0.0
ns_half8,Faster R-CNN MobileNetV3-FPN,001_20200922_003326(6).png,3,team,0.9973,0.0
ns_half8,Faster R-CNN MobileNetV3-FPN,001_20200922_003330(7).png,3,team,0.9906,0.0463
ns_half8,Faster R-CNN MobileNetV3-FPN,002_20200623_043039(3).png,1,official,0.9949,0.9575
ns_half8,Faster R-CNN MobileNetV3-FPN,002_20200623_043043(2).png,1,official,0.9957,0.8815
ns_half8,Faster R-CNN MobileNetV3-FPN,002_20200623_043047(2).png,1,official,0.997,0.9933
ns_half8,Faster R-CNN MobileNetV3-FPN,002_20200623_043051(3).png,1,official,0.9957,0.993
ns_half8,Faster R-CNN MobileNetV3-FPN,002_20200623_043055(3).png,1,official,0.9961,0.9953
ns_half8,Faster R-CNN MobileNetV3-FPN,002_20200623_043059(4).png,1,official,0.9947,0.9363
ns_half8,Faster R-CNN MobileNetV3-FPN,002_20200623_203040(4).png,1,official,0.9939,0.9307
ns_half8,Faster R-CNN MobileNetV3-FPN,002_20200623_203044(0).png,1,official,0.995,0.9476
ns_half8,Faster R-CNN MobileNetV3-FPN,002_20200623_203047(7).png,1,official,0.995,0.9686
ns_half8,Faster R-CNN MobileNetV3-FPN,002_20200623_203051(2).png,1,official,0.9958,0.9771
ns_half8,Faster R-CNN MobileNetV3-FPN,002_20200623_203054(7).png,1,official,0.9979,0.9712
ns_half8,Faster R-CNN MobileNetV3-FPN,002_20200623_203058(3).png,1,official,0.9967,0.9805
ns_half8,Faster R-CNN MobileNetV3-FPN,002_20200624_003115(6).png,2,official,0.9926,0.9685
ns_half8,Faster R-CNN MobileNetV3-FPN,002_20200624_003118(6).png,2,official,0.9971,0.9775
ns_half8,Faster R-CNN MobileNetV3-FPN,002_20200624_003123(0).png,2,official,0.9952,0.9699
ns_half8,Faster R-CNN MobileNetV3-FPN,002_20200624_003127(5).png,2,official,0.9941,0.9687
ns_half8,Faster R-CNN MobileNetV3-FPN,002_20200624_003132(0).png,2,official,0.9909,0.9501
ns_half8,Faster R-CNN MobileNetV3-FPN,002_20200624_003136(5).png,2,official,0.9911,0.9645
ns_half8,Faster R-CNN MobileNetV3-FPN,002_20200624_043136(9).png,2,official,0.9954,0.9865
ns_half8,Faster R-CNN MobileNetV3-FPN,002_20200624_043141(4).png,2,official,0.9943,0.9627
ns_half8,Faster R-CNN MobileNetV3-FPN,002_20200624_043145(8).png,2,official,0.9926,0.9528
ns_half8,Faster R-CNN MobileNetV3-FPN,002_20200624_043150(3).png,2,official,0.9951,0.9765
ns_half8,Faster R-CNN MobileNetV3-FPN,002_20200624_043154(8).png,2,official,0.9958,0.9444
ns_half8,Faster R-CNN MobileNetV3-FPN,002_20200624_043159(4).png,2,official,0.9938,0.9726
ns_half8,Faster R-CNN MobileNetV3-FPN,002_20200624_083045(5).png,1,official,0.9939,0.8938
ns_half8,Faster R-CNN MobileNetV3-FPN,002_20200624_083049(6).png,1,official,0.9928,0.9712
ns_half8,Faster R-CNN MobileNetV3-FPN,002_20200624_083053(3).png,1,official,0.9964,0.9807
ns_half8,Faster R-CNN MobileNetV3-FPN,002_20200624_083057(4).png,1,official,0.9906,0.9686
ns_half8,Faster R-CNN MobileNetV3-FPN,002_20200624_083101(4).png,1,official,0.9927,0.8235
ns_half8,Faster R-CNN MobileNetV3-FPN,002_20200624_083105(5).png,1,official,0.9945,0.9775
ns_half8,Faster R-CNN MobileNetV3-FPN,002_20200624_123122(6).png,1,official,0.997,0.9881
ns_half8,Faster R-CNN MobileNetV3-FPN,002_20200624_123126(4).png,1,official,0.9961,0.9859
ns_half8,Faster R-CNN MobileNetV3-FPN,002_20200624_123129(9).png,1,official,0.9971,0.9781
ns_half8,Faster R-CNN MobileNetV3-FPN,002_20200624_123133(0).png,1,official,0.9909,0.9556
ns_half8,Faster R-CNN MobileNetV3-FPN,002_20200624_123136(5).png,1,official,0.9712,0.9493
ns_half8,Faster R-CNN MobileNetV3-FPN,002_20200624_123143(7).png,1,official,0.9894,0.9517
ns_half8,Faster R-CNN MobileNetV3-FPN,002_20200630_163105(7).png,2,team,0.9943,0.9754
ns_half8,Faster R-CNN MobileNetV3-FPN,002_20200630_163108(9).png,2,team,0.9952,0.9821
ns_half8,Faster R-CNN MobileNetV3-FPN,002_20200630_163112(5).png,2,team,0.9883,0.9514
ns_half8,Faster R-CNN MobileNetV3-FPN,002_20200630_163116(0).png,2,team,0.9968,0.9821
ns_half8,Faster R-CNN MobileNetV3-FPN,002_20200630_163119(5).png,2,team,0.9974,0.9824
ns_half8,Faster R-CNN MobileNetV3-FPN,002_20200630_163122(8).png,2,team,0.9927,0.9829
ns_half8,Faster R-CNN MobileNetV3-FPN,002_20200701_083102(9).png,2,team,0.9962,0.9834
ns_half8,Faster R-CNN MobileNetV3-FPN,002_20200701_083105(7).png,2,team,0.9982,0.9057
ns_half8,Faster R-CNN MobileNetV3-FPN,002_20200701_083108(8).png,2,team,0.9942,0.9645
ns_half8,Faster R-CNN MobileNetV3-FPN,002_20200701_083111(8).png,2,team,0.9954,0.8234
ns_half8,Faster R-CNN MobileNetV3-FPN,002_20200701_083114(8).png,2,team,0.9963,0.9771
ns_half8,Faster R-CNN MobileNetV3-FPN,002_20200701_083117(8).png,2,team,0.9952,0.9626
ns_half8,Faster R-CNN MobileNetV3-FPN,002_20200701_163100(6).png,2,team,0.9931,0.9609
ns_half8,Faster R-CNN MobileNetV3-FPN,002_20200701_163104(5).png,2,team,0.9913,0.9805
ns_half8,Faster R-CNN MobileNetV3-FPN,002_20200701_163108(4).png,2,team,0.9961,0.9878
ns_half8,Faster R-CNN MobileNetV3-FPN,002_20200701_163112(3).png,2,team,0.9876,0.9842
ns_half8,Faster R-CNN MobileNetV3-FPN,002_20200701_163116(3).png,2,team,0.9866,0.9763
ns_half8,Faster R-CNN MobileNetV3-FPN,002_20200701_163120(4).png,2,team,0.9929,0.9773
ns_half8,Faster R-CNN MobileNetV3-FPN,002_20200701_203037(6).png,1,team,0.995,0.9799
ns_half8,Faster R-CNN MobileNetV3-FPN,002_20200701_203040(8).png,1,team,0.9942,0.9752
ns_half8,Faster R-CNN MobileNetV3-FPN,002_20200701_203043(9).png,1,team,0.9977,0.9922
ns_half8,Faster R-CNN MobileNetV3-FPN,002_20200701_203046(9).png,1,team,0.9929,0.8962
ns_half8,Faster R-CNN MobileNetV3-FPN,002_20200701_203050(0).png,1,team,0.9919,0.9751
ns_half8,Faster R-CNN MobileNetV3-FPN,002_20200701_203053(0).png,1,team,0.995,0.9563
ns_half8,Faster R-CNN MobileNetV3-FPN,002_20200713_091056(8).png,2,team,0.9956,0.9537
ns_half8,Faster R-CNN MobileNetV3-FPN,002_20200713_091100(5).png,2,team,0.9956,0.9713
ns_half8,Faster R-CNN MobileNetV3-FPN,002_20200713_091103(8).png,2,team,0.9938,0.9575
ns_half8,Faster R-CNN MobileNetV3-FPN,002_20200713_091106(9).png,2,team,0.9963,0.9246
ns_half8,Faster R-CNN MobileNetV3-FPN,002_20200713_091109(9).png,2,team,0.9905,0.8389
ns_half8,Faster R-CNN MobileNetV3-FPN,002_20200713_091112(5).png,2,team,0.996,0.9473
ns_half8,Faster R-CNN MobileNetV3-FPN,002_20200713_123358(8).png,2,team,0.9897,0.979
ns_half8,Faster R-CNN MobileNetV3-FPN,002_20200713_123403(4).png,2,team,0.9943,0.6683
ns_half8,Faster R-CNN MobileNetV3-FPN,002_20200713_123408(0).png,2,team,0.9919,0.7641
ns_half8,Faster R-CNN MobileNetV3-FPN,002_20200713_123412(4).png,2,team,0.9932,0.936
ns_half8,Faster R-CNN MobileNetV3-FPN,002_20200713_123416(9).png,2,team,0.994,0.9391
ns_half8,Faster R-CNN MobileNetV3-FPN,002_20200713_123421(4).png,2,team,0.9947,0.9194
ns_half8,Faster R-CNN MobileNetV3-FPN,002_20200713_202718(1).png,2,team,0.993,0.9919
ns_half8,Faster R-CNN MobileNetV3-FPN,002_20200713_202722(5).png,2,team,0.995,0.9831
ns_half8,Faster R-CNN MobileNetV3-FPN,002_20200713_202726(9).png,2,team,0.9969,0.9927
ns_half8,Faster R-CNN MobileNetV3-FPN,002_20200713_202731(4).png,2,team,0.9951,0.9138
ns_half8,Faster R-CNN MobileNetV3-FPN,002_20200713_202735(9).png,2,team,0.9923,0.973
ns_half8,Faster R-CNN MobileNetV3-FPN,002_20200713_202743(4).png,2,team,0.9961,0.9788
ns_half8,Faster R-CNN MobileNetV3-FPN,002_20200714_123109(8).png,1,official,0.9947,0.9426
ns_half8,Faster R-CNN MobileNetV3-FPN,002_20200714_123113(1).png,1,official,0.9937,0.9321
ns_half8,Faster R-CNN MobileNetV3-FPN,002_20200714_123117(3).png,1,official,0.9968,0.8898
ns_half8,Faster R-CNN MobileNetV3-FPN,002_20200714_123120(4).png,1,official,0.9962,0.9646
ns_half8,Faster R-CNN MobileNetV3-FPN,002_20200714_123123(5).png,1,official,0.9974,0.9724
ns_half8,Faster R-CNN MobileNetV3-FPN,002_20200714_123126(4).png,1,official,0.9962,0.987
ns_half8,Faster R-CNN MobileNetV3-FPN,002_20200721_163536(6).png,2,team,0.9954,0.5164
ns_half8,Faster R-CNN MobileNetV3-FPN,002_20200721_163539(9).png,2,team,0.9938,0.6257
ns_half8,Faster R-CNN MobileNetV3-FPN,002_20200721_163543(2).png,2,team,0.9965,0.3089
ns_half8,Faster R-CNN MobileNetV3-FPN,002_20200721_163548(0).png,2,team,0.9972,0.9474
ns_half8,Faster R-CNN MobileNetV3-FPN,002_20200721_163551(3).png,2,team,0.9959,0.9784
ns_half8,Faster R-CNN MobileNetV3-FPN,002_20200721_163554(6).png,2,team,0.9978,0.9861
ns_half8,Faster R-CNN MobileNetV3-FPN,002_20200722_043432(7).png,1,team,0.9982,0.9738
ns_half8,Faster R-CNN MobileNetV3-FPN,002_20200722_043437(0).png,1,team,0.9986,0.9617
ns_half8,Faster R-CNN MobileNetV3-FPN,002_20200722_131101(2).png,2,team,0.9945,0.8565
ns_half8,Faster R-CNN MobileNetV3-FPN,002_20200722_131105(7).png,2,team,0.9956,0.7107
ns_half8,Faster R-CNN MobileNetV3-FPN,002_20200723_043256(5).png,1,team,0.9939,0.9715
ns_half8,Faster R-CNN MobileNetV3-FPN,002_20200723_043258(3).png,1,team,0.9982,0.0
ns_half8,Faster R-CNN MobileNetV3-FPN,002_20200723_123129(3).png,1,team,0.9929,0.053
ns_half8,Faster R-CNN MobileNetV3-FPN,002_20200723_123133(9).png,1,team,0.9982,0.9898
ns_half8,Faster R-CNN MobileNetV3-FPN,002_20200723_203129(9).png,1,team,0.9941,0.2793
ns_half8,Faster R-CNN MobileNetV3-FPN,002_20200723_203134(3).png,1,team,0.9969,0.0
ns_half8,Faster R-CNN MobileNetV3-FPN,002_20200724_003201(9).png,1,team,0.9976,0.8299
ns_half8,Faster R-CNN MobileNetV3-FPN,002_20200724_003206(4).png,1,team,0.9971,0.6085
ns_half8,Faster R-CNN MobileNetV3-FPN,002_20200727_204612(5).png,1,team,0.9989,0.9815
ns_half8,Faster R-CNN MobileNetV3-FPN,002_20200727_204634(7).png,1,team,0.9966,0.0
ns_half8,Faster R-CNN MobileNetV3-FPN,002_20200728_043429(7).png,2,team,0.998,0.5162
ns_half8,Faster R-CNN MobileNetV3-FPN,002_20200728_043435(6).png,2,team,0.9976,0.9777
ns_half8,Faster R-CNN MobileNetV3-FPN,002_20200728_123102(5).png,2,team,0.9954,0.847
ns_half8,Faster R-CNN MobileNetV3-FPN,002_20200728_123106(5).png,2,team,0.9982,0.9727
ns_half8,Faster R-CNN MobileNetV3-FPN,002_20200814_083411(8).png,2,team,0.9977,0.5765
ns_half8,Faster R-CNN MobileNetV3-FPN,002_20200814_083414(7).png,2,team,0.9982,0.0
ns_half8,Faster R-CNN MobileNetV3-FPN,002_20200819_124217(5).png,2,team,0.9966,0.0
ns_half8,Faster R-CNN MobileNetV3-FPN,002_20200819_124225(2).png,2,team,0.9977,0.934
ns_half8,Faster R-CNN MobileNetV3-FPN,002_20200831_163123(9).png,1,team,0.9993,0.0867
ns_half8,Faster R-CNN MobileNetV3-FPN,002_20200831_163130(0).png,1,team,0.9985,0.8472
ns_half8,Faster R-CNN MobileNetV3-FPN,002_20200901_043133(6).png,2,official,0.9994,0.864
ns_half8,Faster R-CNN MobileNetV3-FPN,002_20200901_043136(6).png,2,official,0.9972,0.0011
ns_half8,Faster R-CNN MobileNetV3-FPN,002_20200901_043139(6).png,2,official,0.9986,0.0187
ns_half8,Faster R-CNN MobileNetV3-FPN,002_20200901_043142(6).png,2,official,0.9988,0.176
ns_half8,Faster R-CNN MobileNetV3-FPN,002_20200901_043145(5).png,2,official,0.9993,0.0152
ns_half8,Faster R-CNN MobileNetV3-FPN,002_20200901_043148(6).png,2,official,0.9992,0.0051
ns_half8,Faster R-CNN MobileNetV3-FPN,002_20200901_191340(2).png,2,official,0.999,0.997
ns_half8,Faster R-CNN MobileNetV3-FPN,002_20200901_191343(2).png,2,official,0.9982,0.9959
ns_half8,Faster R-CNN MobileNetV3-FPN,002_20200901_191346(1).png,2,official,0.996,0.9867
ns_half8,Faster R-CNN MobileNetV3-FPN,002_20200901_191348(8).png,2,official,0.9987,0.0018
ns_half8,Faster R-CNN MobileNetV3-FPN,002_20200901_191351(5).png,2,official,0.998,0.6783
ns_half8,Faster R-CNN MobileNetV3-FPN,002_20200901_191354(2).png,2,team,0.9983,0.0153
ns_half8,Faster R-CNN MobileNetV3-FPN,002_20200902_003149(5).png,2,team,0.9981,0.9826
ns_half8,Faster R-CNN MobileNetV3-FPN,002_20200902_003152(5).png,2,team,0.9975,0.0
ns_half8,Faster R-CNN MobileNetV3-FPN,002_20200902_003155(5).png,2,team,0.9987,0.848
ns_half8,Faster R-CNN MobileNetV3-FPN,002_20200902_003158(2).png,2,team,0.9988,0.9106
ns_half8,Faster R-CNN MobileNetV3-FPN,002_20200902_003200(9).png,2,team,0.999,0.0
ns_half8,Faster R-CNN MobileNetV3-FPN,002_20200902_003203(7).png,2,team,0.9989,0.0
ns_half8,Faster R-CNN MobileNetV3-FPN,002_20200902_043107(7).png,1,team,0.998,0.369
ns_half8,Faster R-CNN MobileNetV3-FPN,002_20200902_043112(1).png,1,team,0.9994,0.5924
ns_half8,Faster R-CNN MobileNetV3-FPN,002_20200902_043116(4).png,1,team,0.9995,0.6406
ns_half8,Faster R-CNN MobileNetV3-FPN,002_20200902_043120(6).png,1,team,0.9989,0.9381
ns_half8,Faster R-CNN MobileNetV3-FPN,002_20200902_043124(9).png,1,team,0.9992,0.9831
ns_half8,Faster R-CNN MobileNetV3-FPN,002_20200902_043129(2).png,1,team,0.9982,0.0125
ns_half8,Faster R-CNN MobileNetV3-FPN,002_20200902_082641(4).png,2,team,0.9976,0.8568
ns_half8,Faster R-CNN MobileNetV3-FPN,002_20200902_082645(7).png,2,team,0.9979,0.9486
ns_half8,Faster R-CNN MobileNetV3-FPN,002_20200902_082650(0).png,2,team,0.9979,0.9669
ns_half8,Faster R-CNN MobileNetV3-FPN,002_20200902_082654(4).png,2,team,0.9978,0.8422
ns_half8,Faster R-CNN MobileNetV3-FPN,002_20200902_082658(4).png,2,team,0.9987,0.3561
ns_half8,Faster R-CNN MobileNetV3-FPN,002_20200902_082702(8).png,2,team,0.9993,0.0647
ns_half8,Faster R-CNN MobileNetV3-FPN,002_20200905_123055(0).png,2,official,0.9979,0.979
ns_half8,Faster R-CNN MobileNetV3-FPN,002_20200905_123058(4).png,2,official,0.9985,0.9845
ns_half8,Faster R-CNN MobileNetV3-FPN,002_20200905_123102(0).png,2,official,0.9982,0.9908
ns_half8,Faster R-CNN MobileNetV3-FPN,002_20200905_123105(0).png,2,official,0.9989,0.2276
ns_half8,Faster R-CNN MobileNetV3-FPN,002_20200905_123108(4).png,2,official,0.9981,0.3796
ns_half8,Faster R-CNN MobileNetV3-FPN,002_20200905_123112(0).png,2,official,0.9991,0.0
ns_half8,Faster R-CNN MobileNetV3-FPN,002_20200906_003059(0).png,1,official,0.9995,0.9614
ns_half8,Faster R-CNN MobileNetV3-FPN,002_20200906_003114(8).png,1,official,0.999,0.8932
ns_half8,Faster R-CNN MobileNetV3-FPN,002_20200906_003118(7).png,1,official,0.9986,0.8828
ns_half8,Faster R-CNN MobileNetV3-FPN,002_20200906_003122(7).png,1,official,0.9988,0.9454
ns_half8,Faster R-CNN MobileNetV3-FPN,002_20200906_003126(8).png,1,official,0.9992,0.9385
ns_half8,Faster R-CNN MobileNetV3-FPN,002_20200906_003132(7).png,1,official,0.9961,0.9922
ns_half8,Faster R-CNN MobileNetV3-FPN,002_20200908_043119(7).png,2,team,0.998,0.0
ns_half8,Faster R-CNN MobileNetV3-FPN,002_20200908_043124(3).png,2,team,0.9988,0.0354
ns_half8,Faster R-CNN MobileNetV3-FPN,002_20200908_043128(8).png,2,team,0.9989,0.1684
ns_half8,Faster R-CNN MobileNetV3-FPN,002_20200908_043133(4).png,2,team,0.9975,0.9912
ns_half8,Faster R-CNN MobileNetV3-FPN,002_20200908_043137(8).png,2,team,0.9982,0.9876
ns_half8,Faster R-CNN MobileNetV3-FPN,002_20200908_043142(4).png,2,team,0.9972,0.9591
ns_half8,Faster R-CNN MobileNetV3-FPN,002_20200912_021405(0).png,1,team,0.9989,0.0
ns_half8,Faster R-CNN MobileNetV3-FPN,002_20200912_021411(6).png,1,team,0.9981,0.9866
ns_half8,Faster R-CNN MobileNetV3-FPN,002_20200912_021417(8).png,1,team,0.9972,0.9707
ns_half8,Faster R-CNN MobileNetV3-FPN,002_20200912_021420(7).png,1,team,0.9995,0.9635
ns_half8,Faster R-CNN MobileNetV3-FPN,002_20200912_021423(8).png,1,team,0.9986,0.2461
ns_half8,Faster R-CNN MobileNetV3-FPN,002_20200912_021430(0).png,1,team,0.9993,0.9788
ns_half8,Faster R-CNN MobileNetV3-FPN,002_20200912_123204(6).png,1,team,0.9993,0.1819
ns_half8,Faster R-CNN MobileNetV3-FPN,002_20200912_123207(7).png,1,team,0.9992,0.965
ns_half8,Faster R-CNN MobileNetV3-FPN,002_20200912_123210(6).png,1,team,0.9993,0.3586
ns_half8,Faster R-CNN MobileNetV3-FPN,002_20200912_123216(4).png,1,team,0.9988,0.9241
ns_half8,Faster R-CNN MobileNetV3-FPN,002_20200912_123219(3).png,1,team,0.9994,0.3269
ns_half8,Faster R-CNN MobileNetV3-FPN,002_20200912_123222(2).png,1,team,0.9982,0.0692
ns_half8,Faster R-CNN MobileNetV3-FPN,002_20200914_203029(2).png,2,team,0.9985,0.7611
ns_half8,Faster R-CNN MobileNetV3-FPN,002_20200914_203032(1).png,2,team,0.9986,0.0413
ns_half8,Faster R-CNN MobileNetV3-FPN,002_20200914_203035(2).png,2,team,0.9952,0.7374
ns_half8,Faster R-CNN MobileNetV3-FPN,002_20200914_203038(1).png,2,team,0.9946,0.2794
ns_half8,Faster R-CNN MobileNetV3-FPN,002_20200914_203041(1).png,2,team,0.9988,0.0
ns_half8,Faster R-CNN MobileNetV3-FPN,002_20200914_203045(7).png,2,team,0.999,0.0
ns_half8,Faster R-CNN MobileNetV3-FPN,002_20200915_003458(4).png,1,team,0.9994,0.8825
ns_half8,Faster R-CNN MobileNetV3-FPN,002_20200915_003505(7).png,1,team,0.999,0.1961
ns_half8,Faster R-CNN MobileNetV3-FPN,002_20200915_003510(7).png,1,team,0.999,0.0055
ns_half8,Faster R-CNN MobileNetV3-FPN,002_20200915_003515(6).png,1,team,0.9979,0.8662
ns_half8,Faster R-CNN MobileNetV3-FPN,002_20200915_003523(1).png,1,team,0.999,0.9691
ns_half8,Faster R-CNN MobileNetV3-FPN,002_20200915_003532(1).png,1,team,0.9987,0.982
ns_half8,Faster R-CNN MobileNetV3-FPN,002_20200915_163129(0).png,1,team,0.9987,0.9824
ns_half8,Faster R-CNN MobileNetV3-FPN,002_20200915_163133(5).png,1,team,0.9987,0.9834
ns_half8,Faster R-CNN MobileNetV3-FPN,002_20200915_163144(0).png,1,team,0.9988,0.6712
ns_half8,Faster R-CNN MobileNetV3-FPN,002_20200915_163154(5).png,1,team,0.9996,0.595
ns_half8,Faster R-CNN MobileNetV3-FPN,002_20200915_163158(9).png,1,team,0.9992,0.0804
ns_half8,Faster R-CNN MobileNetV3-FPN,002_20200915_163203(4).png,1,team,0.9979,0.8515
ns_half8,Faster R-CNN MobileNetV3-FPN,002_20200915_203209(5).png,1,team,0.9985,0.6607
ns_half8,Faster R-CNN MobileNetV3-FPN,002_20200915_203212(5).png,1,team,0.9991,0.997
ns_half8,Faster R-CNN MobileNetV3-FPN,002_20200915_203215(5).png,1,team,0.999,0.9897
ns_half8,Faster R-CNN MobileNetV3-FPN,002_20200915_203218(5).png,1,team,0.9985,0.9892
ns_half8,Faster R-CNN MobileNetV3-FPN,002_20200915_203224(4).png,1,team,0.9994,0.0451
ns_half8,Faster R-CNN MobileNetV3-FPN,002_20200915_203229(1).png,1,team,0.998,0.4984
ns_half8,Faster R-CNN MobileNetV3-FPN,002_20200917_003224(9).png,2,team,0.9983,0.6047
ns_half8,Faster R-CNN MobileNetV3-FPN,002_20200917_003228(7).png,2,team,0.9985,0.9734
ns_half8,Faster R-CNN MobileNetV3-FPN,002_20200917_003234(6).png,2,team,0.9989,0.8522
ns_half8,Faster R-CNN MobileNetV3-FPN,002_20200917_003238(7).png,2,team,0.9987,0.6262
ns_half8,Faster R-CNN MobileNetV3-FPN,002_20200917_003242(7).png,2,team,0.9994,0.9384
ns_half8,Faster R-CNN MobileNetV3-FPN,002_20200917_003246(7).png,2,team,0.9991,0.9058
ns_half8,Faster R-CNN MobileNetV3-FPN,002_20200917_083653(7).png,1,team,0.9994,0.9886
ns_half8,Faster R-CNN MobileNetV3-FPN,002_20200917_083659(5).png,1,team,0.9983,0.9711
ns_half8,Faster R-CNN MobileNetV3-FPN,002_20200917_083703(5).png,1,team,0.999,0.3173
ns_half8,Faster R-CNN MobileNetV3-FPN,002_20200917_083707(4).png,1,team,0.9995,0.9964
ns_half8,Faster R-CNN MobileNetV3-FPN,002_20200917_083711(6).png,1,team,0.9995,0.9951
ns_half8,Faster R-CNN MobileNetV3-FPN,002_20200917_083721(4).png,1,team,0.9983,0.4827
ns_half8,Faster R-CNN MobileNetV3-FPN,002_20200918_043323(0).png,2,team,0.9985,0.7089
ns_half8,Faster R-CNN MobileNetV3-FPN,002_20200918_043326(6).png,2,team,0.999,0.0
ns_half8,Faster R-CNN MobileNetV3-FPN,002_20200918_043330(5).png,2,team,0.9985,0.2658
ns_half8,Faster R-CNN MobileNetV3-FPN,002_20200918_043334(3).png,2,team,0.9977,0.2947
ns_half8,Faster R-CNN MobileNetV3-FPN,002_20200918_043338(2)__m2.png,2,team,0.9981,0.9893
ns_half8,Faster R-CNN MobileNetV3-FPN,002_20200918_043342(2).png,2,team,0.9966,0.9879
ns_half8,Faster R-CNN MobileNetV3-FPN,002_20200918_123306(7).png,1,team,0.9987,0.912
ns_half8,Faster R-CNN MobileNetV3-FPN,002_20200918_123310(6).png,1,team,0.9991,0.1612
ns_half8,Faster R-CNN MobileNetV3-FPN,002_20200918_123314(6).png,1,team,0.9978,0.0
ns_half8,Faster R-CNN MobileNetV3-FPN,002_20200918_123318(7).png,1,team,0.9993,0.8095
ns_half8,Faster R-CNN MobileNetV3-FPN,002_20200918_123322(5).png,1,team,0.9992,0.9749
ns_half8,Faster R-CNN MobileNetV3-FPN,002_20200918_123331(0).png,1,team,0.9972,0.9127
ns_half8,Faster R-CNN MobileNetV3-FPN,002_20200921_163038(3).png,2,team,0.9987,0.0058
ns_half8,Faster R-CNN MobileNetV3-FPN,002_20200921_163042(3).png,2,team,0.998,0.0128
ns_half8,Faster R-CNN MobileNetV3-FPN,002_20200921_163045(4).png,2,team,0.9989,0.0185
ns_half8,Faster R-CNN MobileNetV3-FPN,002_20200921_163049(6).png,2,team,0.9992,0.0
ns_half8,Faster R-CNN MobileNetV3-FPN,002_20200921_163052(5).png,2,team,0.9986,0.0
ns_half8,Faster R-CNN MobileNetV3-FPN,002_20200921_163055(5).png,2,team,0.9987,0.0
ns_half8,Faster R-CNN MobileNetV3-FPN,002_20200921_202239(4).png,2,team,0.9987,0.9807
ns_half8,Faster R-CNN MobileNetV3-FPN,002_20200921_202244(0).png,2,team,0.9993,0.0072
ns_half8,Faster R-CNN MobileNetV3-FPN,002_20200921_202248(6).png,2,team,0.9939,0.9255
ns_half8,Faster R-CNN MobileNetV3-FPN,002_20200921_202253(0).png,2,team,0.9971,0.9019
ns_half8,Faster R-CNN MobileNetV3-FPN,002_20200921_202257(4).png,2,team,0.9985,0.75
ns_half8,Faster R-CNN MobileNetV3-FPN,002_20200921_202303(6).png,2,team,0.9982,0.036
ns_half8,Faster R-CNN MobileNetV3-FPN,002_20200922_043105(7).png,1,team,0.9959,0.9559
ns_half8,Faster R-CNN MobileNetV3-FPN,002_20200922_043110(2).png,1,team,0.9995,0.9561
ns_half8,Faster R-CNN MobileNetV3-FPN,002_20200922_043114(8).png,1,team,0.9989,0.8405
ns_half8,Faster R-CNN MobileNetV3-FPN,002_20200922_043119(3).png,1,team,0.9986,0.2854
ns_half8,Faster R-CNN MobileNetV3-FPN,002_20200922_043123(8).png,1,team,0.9994,0.0
ns_half8,Faster R-CNN MobileNetV3-FPN,002_20200922_043128(2).png,1,team,0.9991,0.1834
