image_id,box_idx,cx,cy,w,h,box_side_px,edge_dist_norm,local_contrast,ring_mean,machine,resolution,month,source,labeler,n_boxes,n_objects,size_bin,contrast_bin,bg_bin,edge_dist_bin
002_20200622_203053(2),0,0.6107954545454546,0.34789156626506024,0.022727272727272728,0.03313253012048193,9.38083151964686,0.34789156626506024,10.715000000000003,116.84,1,352x332,6,official,,3,3,small,high,bright,center
002_20200622_203053(2),1,0.6193181818181818,0.4186746987951807,0.022727272727272728,0.024096385542168676,8.0,0.38068181818181823,2.8342803030302974,110.3030303030303,1,352x332,6,official,,3,3,small,mid,bright,center
002_20200622_203053(2),2,0.6292613636363636,0.49849397590361444,0.019886363636363636,0.0391566265060241,9.539392014169458,0.37073863636363635,2.6565934065934016,120.9423076923077,1,352x332,6,official,,3,3,small,mid,bright,center
002_20200622_203057(3),0,0.5866477272727273,0.3509036144578313,0.019886363636363636,0.03313253012048193,8.774964387392123,0.3509036144578313,3.28084415584415,113.125,1,352x332,6,official,,3,3,small,mid,bright,center
002_20200622_203057(3),1,0.5909090909090909,0.4171686746987952,0.022727272727272728,0.02710843373493976,8.48528137423857,0.40909090909090906,5.592391304347828,109.3840579710145,1,352x332,6,official,,3,3,small,high,bright,center
002_20200622_203057(3),2,0.6036931818181818,0.4939759036144578,0.019886363636363636,0.03614457831325301,9.16515138991168,0.39630681818181823,2.079047619047614,116.46,1,352x332,6,official,,3,3,small,low,bright,center
002_20200622_203101(3),0,0.6065340909090909,0.3614457831325301,0.019886363636363636,0.018072289156626505,6.48074069840786,0.3614457831325301,3.159147869674186,108.58771929824562,1,352x332,6,official,,3,3,small,mid,bright,center
002_20200622_203101(3),1,0.6065340909090909,0.4246987951807229,0.019886363636363636,0.024096385542168676,7.4833147735478835,0.39346590909090906,4.867063492063494,107.42063492063492,1,352x332,6,official,,3,3,small,high,bright,center
002_20200622_203101(3),2,0.6150568181818182,0.5015060240963856,0.019886363636363636,0.02710843373493976,7.937253933193772,0.38494318181818177,2.756854256854254,113.89393939393939,1,352x332,6,official,,3,3,small,mid,bright,center
002_20200622_203105(4),0,0.5980113636363636,0.3870481927710843,0.02556818181818182,0.03313253012048193,9.9498743710662,0.3870481927710843,5.466977466977468,113.15384615384616,1,352x332,6,official,,3,3,small,high,bright,center
002_20200622_203105(4),1,0.6008522727272727,0.4563253012048193,0.019886363636363636,0.02710843373493976,7.937253933193772,0.3991477272727273,2.614718614718612,108.42424242424242,1,352x332,6,official,,3,3,small,mid,bright,center
002_20200622_203105(4),2,0.6079545454545454,0.5346385542168675,0.017045454545454544,0.02710843373493976,7.3484692283495345,0.3920454545454546,0.07936507936508974,112.08730158730158,1,352x332,6,official,,3,3,small,low,bright,center
002_20200622_203109(3),0,0.5823863636363636,0.3704819277108434,0.022727272727272728,0.024096385542168676,8.0,0.3704819277108434,6.746685606060609,109.60606060606061,1,352x332,6,official,,3,3,small,high,bright,center
002_20200622_203109(3),1,0.5880681818181818,0.4367469879518072,0.017045454545454544,0.030120481927710843,7.745966692414834,0.41193181818181823,2.710606060606054,107.14393939393939,1,352x332,6,official,,3,3,small,mid,bright,center
002_20200622_203109(3),2,0.59375,0.5150602409638554,0.022727272727272728,0.024096385542168676,8.0,0.40625,1.8409090909090935,112.0909090909091,1,352x332,6,official,,3,3,small,low,bright,center
002_20200622_203121(4),0,0.6136363636363636,0.37349397590361444,0.028409090909090908,0.03614457831325301,10.954451150103322,0.37349397590361444,6.827380952380949,114.32738095238095,1,352x332,6,official,,3,3,mid,high,bright,center
002_20200622_203121(4),1,0.6207386363636364,0.4382530120481928,0.019886363636363636,0.02710843373493976,7.937253933193772,0.37926136363636365,0.9880952380952408,108.41666666666667,1,352x332,6,official,,3,3,small,low,bright,center
002_20200622_203121(4),2,0.625,0.5120481927710844,0.028409090909090908,0.030120481927710843,10.0,0.375,1.582307692307694,114.1923076923077,1,352x332,6,official,,3,3,mid,low,bright,center
002_20200623_003346(4),0,0.5596590909090909,0.4683734939759036,0.028409090909090908,0.02710843373493976,9.486832980505138,0.44034090909090906,10.608888888888899,112.62,1,352x332,6,official,,3,3,small,high,bright,center
002_20200623_003346(4),1,0.5667613636363636,0.5391566265060241,0.019886363636363636,0.024096385542168676,7.4833147735478835,0.43323863636363635,2.2361111111111143,104.68253968253968,1,352x332,6,official,,3,3,small,low,bright,center
002_20200623_003346(4),2,0.5809659090909091,0.6370481927710844,0.03125,0.02108433734939759,8.774964387392123,0.3629518072289156,5.357233044733036,111.20138888888889,1,352x332,6,official,,3,3,small,high,bright,center
002_20200623_003350(4),0,0.5667613636363636,0.4066265060240964,0.019886363636363636,0.024096385542168676,7.4833147735478835,0.4066265060240964,7.154761904761898,108.33333333333333,1,352x332,6,official,,3,3,small,high,bright,center
002_20200623_003350(4),1,0.5681818181818182,0.4743975903614458,0.022727272727272728,0.02710843373493976,8.48528137423857,0.43181818181818177,5.4353864734299435,106.78260869565217,1,352x332,6,official,,3,3,small,high,bright,center
002_20200623_003350(4),2,0.578125,0.5768072289156626,0.02556818181818182,0.02710843373493976,9.0,0.421875,5.264660493827165,112.99305555555556,1,352x332,6,official,,3,3,small,high,bright,center
002_20200623_003354(3),0,0.5454545454545454,0.3870481927710843,0.022727272727272728,0.03313253012048193,9.38083151964686,0.3870481927710843,9.571969696969688,112.33333333333333,1,352x332,6,official,,3,3,small,high,bright,center
002_20200623_003354(3),1,0.5568181818181818,0.4563253012048193,0.022727272727272728,0.03313253012048193,9.38083151964686,0.44318181818181823,4.836212121212114,107.00666666666666,1,352x332,6,official,,3,3,small,mid,bright,center
002_20200623_003354(3),2,0.5752840909090909,0.5496987951807228,0.02556818181818182,0.02710843373493976,9.0,0.42471590909090906,6.940586419753089,113.07638888888889,1,352x332,6,official,,3,3,small,high,bright,center
002_20200623_003358(2),0,0.5696022727272727,0.49096385542168675,0.02556818181818182,0.030120481927710843,9.486832980505138,0.4303977272727273,9.11555555555556,114.59333333333333,1,352x332,6,official,,3,3,small,high,bright,center
002_20200623_003358(2),1,0.5724431818181818,0.5617469879518072,0.019886363636363636,0.02108433734939759,7.0,0.42755681818181823,0.5964285714285751,104.025,1,352x332,6,official,,3,3,small,low,mid,center
002_20200623_003358(2),2,0.578125,0.6566265060240963,0.019886363636363636,0.030120481927710843,8.366600265340756,0.34337349397590367,4.7759834368529965,113.31884057971014,1,352x332,6,official,,3,3,small,mid,bright,center
002_20200623_003402(2),0,0.5610795454545454,0.4864457831325301,0.02556818181818182,0.03313253012048193,9.9498743710662,0.4389204545454546,13.749417249417249,118.2948717948718,1,352x332,6,official,,3,3,small,high,bright,center
002_20200623_003402(2),1,0.5639204545454546,0.5617469879518072,0.02556818181818182,0.02108433734939759,7.937253933193771,0.4360795454545454,1.3600288600288621,104.10606060606061,1,352x332,6,official,,3,3,small,low,mid,center
002_20200623_003402(2),2,0.5681818181818182,0.6596385542168675,0.022727272727272728,0.024096385542168676,8.0,0.34036144578313254,3.5596590909090935,110.5909090909091,1,352x332,6,official,,3,3,small,mid,bright,center
002_20200623_003410(2),0,0.5909090909090909,0.3569277108433735,0.022727272727272728,0.02710843373493976,8.48528137423857,0.3569277108433735,7.318236714975839,108.30434782608695,1,352x332,6,official,,3,3,small,high,bright,center
002_20200623_003410(2),1,0.5852272727272727,0.4246987951807229,0.022727272727272728,0.024096385542168676,8.0,0.4147727272727273,3.4938446969697026,100.1969696969697,1,352x332,6,official,,3,3,small,mid,mid,center
002_20200623_003410(2),2,0.5809659090909091,0.5256024096385542,0.019886363636363636,0.02710843373493976,7.937253933193772,0.41903409090909094,7.677128427128437,107.9469696969697,1,352x332,6,official,,3,3,small,high,bright,center
002_20200623_043039(3),0,0.5454545454545454,0.45933734939759036,0.022727272727272728,0.02710843373493976,8.48528137423857,0.4545454545454546,8.461956521739125,112.08695652173913,1,352x332,6,official,,3,3,small,high,bright,center
002_20200623_043039(3),1,0.5610795454545454,0.5286144578313253,0.03125,0.02710843373493976,9.9498743710662,0.4389204545454546,3.547202797202786,107.69871794871794,1,352x332,6,official,,3,3,small,mid,bright,center
002_20200623_043039(3),2,0.5823863636363636,0.6159638554216867,0.017045454545454544,0.02108433734939759,6.48074069840786,0.38403614457831325,7.2794486215538825,110.85087719298245,1,352x332,6,official,,3,3,small,high,bright,center
002_20200623_043043(2),0,0.5852272727272727,0.3930722891566265,0.022727272727272728,0.02108433734939759,7.483314773547883,0.3930722891566265,6.746031746031747,108.81746031746032,1,352x332,6,official,,3,3,small,high,bright,center
002_20200623_043043(2),1,0.5923295454545454,0.46686746987951805,0.019886363636363636,0.030120481927710843,8.366600265340756,0.4076704545454546,2.8908902691511287,107.3623188405797,1,352x332,6,official,,3,3,small,mid,bright,center
002_20200623_043043(2),2,0.5994318181818182,0.5602409638554217,0.022727272727272728,0.024096385542168676,8.0,0.40056818181818177,6.395359848484844,113.09848484848484,1,352x332,6,official,,3,3,small,high,bright,center
002_20200623_043047(2),0,0.5639204545454546,0.4126506024096386,0.02556818181818182,0.024096385542168676,8.48528137423857,0.4126506024096386,8.440217391304344,109.56521739130434,1,352x332,6,official,,3,3,small,high,bright,center
002_20200623_043047(2),1,0.5667613636363636,0.4819277108433735,0.019886363636363636,0.024096385542168676,7.4833147735478835,0.43323863636363635,3.3690476190476204,105.69047619047619,1,352x332,6,official,,3,3,small,mid,bright,center
002_20200623_043047(2),2,0.578125,0.5783132530120482,0.019886363636363636,0.024096385542168676,7.4833147735478835,0.42168674698795183,4.42063492063491,111.77777777777777,1,352x332,6,official,,3,3,small,mid,bright,center
002_20200623_043051(3),0,0.5596590909090909,0.4352409638554217,0.017045454545454544,0.02710843373493976,7.3484692283495345,0.4352409638554217,7.481481481481481,109.05555555555556,1,352x332,6,official,,3,3,small,high,bright,center
002_20200623_043051(3),1,0.5639204545454546,0.5075301204819277,0.02556818181818182,0.03313253012048193,9.9498743710662,0.4360795454545454,4.288461538461533,109.9551282051282,1,352x332,6,official,,3,3,small,mid,bright,center
002_20200623_043051(3),2,0.5681818181818182,0.6039156626506024,0.022727272727272728,0.03313253012048193,9.38083151964686,0.39608433734939763,8.00545454545454,114.46,1,352x332,6,official,,3,3,small,high,bright,center
002_20200623_043055(3),0,0.5738636363636364,0.463855421686747,0.022727272727272728,0.030120481927710843,8.94427190999916,0.42613636363636365,11.411111111111111,112.17361111111111,1,352x332,6,official,,3,3,small,high,bright,center
002_20200623_043055(3),1,0.5795454545454546,0.5376506024096386,0.028409090909090908,0.02710843373493976,9.486832980505138,0.4204545454545454,1.8111111111111171,106.26666666666667,1,352x332,6,official,,3,3,small,low,bright,center
002_20200623_043055(3),2,0.5809659090909091,0.6325301204819277,0.019886363636363636,0.030120481927710843,8.366600265340756,0.3674698795180723,5.507453416149062,112.52173913043478,1,352x332,6,official,,3,3,small,high,bright,center
002_20200623_043059(4),0,0.5625,0.5120481927710844,0.028409090909090908,0.03614457831325301,10.954451150103322,0.4375,8.865476190476187,116.77380952380952,1,352x332,6,official,,3,3,mid,high,bright,center
002_20200623_043059(4),1,0.5681818181818182,0.5873493975903614,0.022727272727272728,0.030120481927710843,8.94427190999916,0.4126506024096386,3.7861111111111114,104.61111111111111,1,352x332,6,official,,3,3,small,mid,mid,center
002_20200623_043059(4),2,0.5809659090909091,0.6852409638554217,0.02556818181818182,0.02710843373493976,9.0,0.31475903614457834,6.057098765432102,113.73611111111111,1,352x332,6,official,,3,3,small,high,bright,center
002_20200623_082258(6),0,0.5454545454545454,0.5180722891566265,0.022727272727272728,0.024096385542168676,8.0,0.4545454545454546,11.414772727272734,113.22727272727273,1,352x332,6,official,,3,3,small,high,bright,center
002_20200623_082258(6),1,0.5653409090909091,0.5813253012048193,0.017045454545454544,0.030120481927710843,7.745966692414834,0.4186746987951807,4.77121212121213,105.87121212121212,1,352x332,6,official,,3,3,small,mid,bright,center
002_20200623_082258(6),2,0.59375,0.6716867469879518,0.022727272727272728,0.03614457831325301,9.797958971132712,0.32831325301204817,7.368589743589737,117.99358974358974,1,352x332,6,official,,3,3,small,high,bright,center
002_20200623_082302(6),0,0.5539772727272727,0.5301204819277109,0.028409090909090908,0.024096385542168676,8.94427190999916,0.4460227272727273,8.058333333333323,110.89583333333333,1,352x332,6,official,,3,3,small,high,bright,center
002_20200623_082302(6),1,0.5625,0.5963855421686747,0.017045454545454544,0.024096385542168676,6.92820323027551,0.4036144578313253,2.495833333333337,102.51666666666667,1,352x332,6,official,,3,3,small,mid,mid,center
002_20200623_082302(6),2,0.5838068181818182,0.6912650602409639,0.019886363636363636,0.02108433734939759,7.0,0.3087349397590361,3.5375850340136026,112.74166666666666,1,352x332,6,official,,3,3,small,mid,bright,center
002_20200623_082306(5),0,0.5696022727272727,0.5,0.02556818181818182,0.030120481927710843,9.486832980505138,0.4303977272727273,9.848888888888894,115.82666666666667,1,352x332,6,official,,3,3,small,high,bright,center
002_20200623_082306(5),1,0.5795454545454546,0.5677710843373494,0.022727272727272728,0.03313253012048193,9.38083151964686,0.4204545454545454,3.6419696969696957,108.15333333333334,1,352x332,6,official,,3,3,small,mid,bright,center
002_20200623_082306(5),2,0.5909090909090909,0.6656626506024096,0.022727272727272728,0.024096385542168676,8.0,0.3343373493975904,5.693181818181813,113.31818181818181,1,352x332,6,official,,3,3,small,high,bright,center
002_20200623_082310(6),0,0.5894886363636364,0.5557228915662651,0.02556818181818182,0.03313253012048193,9.9498743710662,0.41051136363636365,0.8782051282051384,119.21153846153847,1,352x332,6,official,,3,3,small,low,bright,center
002_20200623_082310(6),1,0.5866477272727273,0.47289156626506024,0.03125,0.030120481927710843,10.488088481701515,0.4133522727272727,6.000673400673406,115.53703703703704,1,352x332,6,official,,3,3,mid,high,bright,center
002_20200623_082310(6),2,0.5923295454545454,0.40512048192771083,0.019886363636363636,0.02710843373493976,7.937253933193772,0.40512048192771083,2.8780663780663787,113.89393939393939,1,352x332,6,official,,3,3,small,mid,bright,center
002_20200623_082314(4),0,0.5852272727272727,0.463855421686747,0.022727272727272728,0.018072289156626505,6.928203230275509,0.4147727272727273,6.829166666666666,111.05833333333334,1,352x332,6,official,,3,3,small,high,bright,center
002_20200623_082314(4),1,0.5894886363636364,0.5331325301204819,0.014204545454545454,0.024096385542168676,6.324555320336759,0.41051136363636365,4.8478070175438575,113.12280701754386,1,352x332,6,official,,3,3,small,mid,bright,center
002_20200623_082314(4),2,0.59375,0.6099397590361446,0.022727272727272728,0.02710843373493976,8.48528137423857,0.3900602409638554,0.6636473429951621,113.23913043478261,1,352x332,6,official,,3,3,small,low,bright,center
002_20200623_082318(5),0,0.6008522727272727,0.5677710843373494,0.02556818181818182,0.02710843373493976,9.0,0.3991477272727273,4.6712962962962905,114.15277777777777,1,352x332,6,official,,3,3,small,mid,bright,center
002_20200623_082318(5),1,0.6107954545454546,0.6340361445783133,0.017045454545454544,0.02108433734939759,6.48074069840786,0.36596385542168675,2.781954887218035,109.87719298245614,1,352x332,6,official,,3,3,small,mid,bright,center
002_20200623_082318(5),2,0.625,0.7108433734939759,0.017045454545454544,0.018072289156626505,5.999999999999999,0.28915662650602414,0.9166666666666714,115.47222222222223,1,352x332,6,official,,3,3,small,low,bright,center
002_20200623_123032(7),0,0.6164772727272727,0.4427710843373494,0.028409090909090908,0.030120481927710843,10.0,0.3835227272727273,7.7074358974359,117.3974358974359,1,352x332,6,official,,3,3,mid,high,bright,center
002_20200623_123032(7),1,0.6164772727272727,0.5105421686746988,0.028409090909090908,0.02108433734939759,8.366600265340756,0.3835227272727273,3.4418219461697817,112.92753623188406,1,352x332,6,official,,3,3,small,mid,bright,center
002_20200623_123032(7),2,0.6178977272727273,0.5918674698795181,0.019886363636363636,0.02108433734939759,7.0,0.3821022727272727,0.8209183673469482,112.025,1,352x332,6,official,,3,3,small,low,bright,center
002_20200623_123036(5),0,0.578125,0.516566265060241,0.019886363636363636,0.02108433734939759,7.0,0.421875,6.130442176870744,113.19166666666666,1,352x332,6,official,,3,3,small,high,bright,center
002_20200623_123036(5),1,0.5866477272727273,0.5798192771084337,0.02556818181818182,0.02710843373493976,9.0,0.4133522727272727,3.305555555555557,111.08333333333333,1,352x332,6,official,,3,3,small,mid,bright,center
002_20200623_123036(5),2,0.6008522727272727,0.6581325301204819,0.019886363636363636,0.02108433734939759,7.0,0.3418674698795181,0.8802721088435419,112.46666666666667,1,352x332,6,official,,3,3,small,low,bright,center
002_20200623_123040(5),0,0.5894886363636364,0.5135542168674698,0.02556818181818182,0.02710843373493976,9.0,0.41051136363636365,12.318672839506178,117.25694444444444,1,352x332,6,official,,3,3,small,high,bright,center
002_20200623_123040(5),1,0.5994318181818182,0.5783132530120482,0.022727272727272728,0.024096385542168676,8.0,0.40056818181818177,3.8011363636363598,109.36363636363636,1,352x332,6,official,,3,3,small,mid,bright,center
002_20200623_123040(5),2,0.6136363636363636,0.6551204819277109,0.022727272727272728,0.02108433734939759,7.483314773547883,0.3448795180722891,0.2559523809523796,112.02380952380952,1,352x332,6,official,,3,3,small,low,bright,center
002_20200623_123044(3),0,0.578125,0.463855421686747,0.02556818181818182,0.024096385542168676,8.48528137423857,0.421875,10.298309178743963,112.9927536231884,1,352x332,6,official,,3,3,small,high,bright,center
002_20200623_123044(3),1,0.5795454545454546,0.536144578313253,0.022727272727272728,0.03614457831325301,9.797958971132712,0.4204545454545454,5.84134615384616,110.23717948717949,1,352x332,6,official,,3,3,small,high,bright,center
002_20200623_123044(3),2,0.5838068181818182,0.6340361445783133,0.019886363636363636,0.03313253012048193,8.774964387392123,0.36596385542168675,7.593614718614717,115.54166666666667,1,352x332,6,official,,3,3,small,high,bright,center
002_20200623_123048(4),0,0.5696022727272727,0.5256024096385542,0.02556818181818182,0.02710843373493976,9.0,0.4303977272727273,10.70061728395062,114.19444444444444,1,352x332,6,official,,3,3,small,high,bright,center
002_20200623_123048(4),1,0.5795454545454546,0.6009036144578314,0.022727272727272728,0.03313253012048193,9.38083151964686,0.39909638554216864,5.561212121212122,107.60666666666667,1,352x332,6,official,,3,3,small,high,bright,center
002_20200623_123048(4),2,0.5923295454545454,0.6912650602409639,0.019886363636363636,0.02710843373493976,7.937253933193772,0.3087349397590361,7.942279942279953,116.21212121212122,1,352x332,6,official,,3,3,small,high,bright,center
002_20200623_123052(5),0,0.5710227272727273,0.6099397590361446,0.022727272727272728,0.02710843373493976,8.48528137423857,0.3900602409638554,9.449879227053145,109.46376811594203,1,352x332,6,official,,3,3,small,high,bright,center
002_20200623_123052(5),1,0.5880681818181818,0.7756024096385542,0.022727272727272728,0.02710843373493976,8.48528137423857,0.2243975903614458,4.59299516908213,115.73188405797102,1,352x332,6,official,,3,3,small,mid,bright,center
002_20200623_123052(5),2,0.5823863636363636,0.6807228915662651,0.028409090909090908,0.024096385542168676,8.94427190999916,0.3192771084337349,0.34305555555555145,106.80555555555556,1,352x332,6,official,,3,3,small,low,bright,center
002_20200623_163039(5),0,0.5951704545454546,0.44728915662650603,0.019886363636363636,0.03313253012048193,8.774964387392123,0.4048295454545454,8.093975468975472,112.84722222222223,1,352x332,6,official,,3,3,small,high,bright,center
002_20200623_163039(5),1,0.6150568181818182,0.5858433734939759,0.019886363636363636,0.02710843373493976,7.937253933193772,0.38494318181818177,1.825036075036067,111.49242424242425,1,352x332,6,official,,3,3,small,low,bright,center
002_20200623_163039(5),2,0.6065340909090909,0.5120481927710844,0.02556818181818182,0.024096385542168676,8.48528137423857,0.39346590909090906,1.091787439613526,110.3695652173913,1,352x332,6,official,,3,3,small,low,bright,center
002_20200623_163043(7),0,0.5809659090909091,0.4246987951807229,0.019886363636363636,0.030120481927710843,8.366600265340756,0.41903409090909094,5.6875776397515665,110.1304347826087,1,352x332,6,official,,3,3,small,high,bright,center
002_20200623_163043(7),1,0.5894886363636364,0.4924698795180723,0.02556818181818182,0.02710843373493976,9.0,0.41051136363636365,1.2469135802469111,111.0,1,352x332,6,official,,3,3,small,low,bright,center
002_20200623_163043(7),2,0.5980113636363636,0.5632530120481928,0.02556818181818182,0.030120481927710843,9.486832980505138,0.40198863636363635,1.2111111111111086,114.5,1,352x332,6,official,,3,3,small,low,bright,center
002_20200623_163047(6),0,0.6036931818181818,0.42771084337349397,0.02556818181818182,0.030120481927710843,9.486832980505138,0.39630681818181823,5.882222222222225,113.59333333333333,1,352x332,6,official,,3,3,small,high,bright,center
002_20200623_163047(6),1,0.6122159090909091,0.4894578313253012,0.019886363636363636,0.02710843373493976,7.937253933193772,0.38778409090909094,3.527056277056289,113.43181818181819,1,352x332,6,official,,3,3,small,mid,bright,center
002_20200623_163047(6),2,0.6278409090909091,0.5677710843373494,0.017045454545454544,0.02108433734939759,6.48074069840786,0.37215909090909094,0.9172932330827024,113.70175438596492,1,352x332,6,official,,3,3,small,low,bright,center
002_20200623_163051(7),0,0.5255681818181818,0.4066265060240964,0.022727272727272728,0.024096385542168676,8.0,0.4066265060240964,7.307765151515156,110.65151515151516,1,352x332,6,official,,3,3,small,high,bright,center
002_20200623_163051(7),1,0.5454545454545454,0.46987951807228917,0.017045454545454544,0.030120481927710843,7.745966692414834,0.4545454545454546,5.24545454545455,107.29545454545455,1,352x332,6,official,,3,3,small,high,bright,center
002_20200623_163051(7),2,0.578125,0.5587349397590361,0.019886363636363636,0.02710843373493976,7.937253933193772,0.421875,7.506132756132757,115.20454545454545,1,352x332,6,official,,3,3,small,high,bright,center
002_20200623_163055(6),0,0.5809659090909091,0.44879518072289154,0.019886363636363636,0.030120481927710843,8.366600265340756,0.41903409090909094,11.281573498964804,112.71014492753623,1,352x332,6,official,,3,3,small,high,bright,center
002_20200623_163055(6),1,0.5795454545454546,0.5240963855421686,0.022727272727272728,0.024096385542168676,8.0,0.4204545454545454,6.51136363636364,108.38636363636364,1,352x332,6,official,,3,3,small,high,bright,center
002_20200623_163055(6),2,0.5795454545454546,0.6174698795180723,0.017045454545454544,0.024096385542168676,6.92820323027551,0.3825301204819277,9.38333333333334,110.84166666666667,1,352x332,6,official,,3,3,small,high,bright,center
002_20200623_163059(6),0,0.5568181818181818,0.47289156626506024,0.022727272727272728,0.024096385542168676,8.0,0.44318181818181823,6.19176136363636,112.11363636363636,1,352x332,6,official,,3,3,small,high,bright,center
002_20200623_163059(6),1,0.5653409090909091,0.5421686746987951,0.022727272727272728,0.03614457831325301,9.797958971132712,0.43465909090909094,5.265224358974351,110.02564102564102,1,352x332,6,official,,3,3,small,high,bright,center
002_20200623_163059(6),2,0.5880681818181818,0.6355421686746988,0.028409090909090908,0.024096385542168676,8.94427190999916,0.3644578313253012,6.041666666666671,112.16666666666667,1,352x332,6,official,,3,3,small,high,bright,center
002_20200623_203040(4),0,0.5568181818181818,0.5512048192771084,0.022727272727272728,0.030120481927710843,8.94427190999916,0.44318181818181823,11.561111111111117,114.98611111111111,1,352x332,6,official,,3,3,small,high,bright,center
002_20200623_203040(4),1,0.5752840909090909,0.6219879518072289,0.02556818181818182,0.015060240963855422,6.708203932499369,0.3780120481927711,0.21666666666666856,104.15,1,352x332,6,official,,3,3,small,low,mid,center
002_20200623_203040(4),2,0.5894886363636364,0.7153614457831325,0.019886363636363636,0.02710843373493976,7.937253933193772,0.28463855421686746,4.762265512265515,115.49242424242425,1,352x332,6,official,,3,3,small,mid,bright,center
002_20200623_203044(0),0,0.5511363636363636,0.44728915662650603,0.022727272727272728,0.02710843373493976,8.48528137423857,0.44728915662650603,9.709541062801932,112.69565217391305,1,352x332,6,official,,3,3,small,high,bright,center
002_20200623_203044(0),1,0.5553977272727273,0.5180722891566265,0.02556818181818182,0.030120481927710843,9.486832980505138,0.4446022727272727,6.637777777777785,109.76,1,352x332,6,official,,3,3,small,high,bright,center
002_20200623_203044(0),2,0.5610795454545454,0.6129518072289156,0.02556818181818182,0.03313253012048193,9.9498743710662,0.3870481927710844,11.083333333333329,116.75,1,352x332,6,official,,3,3,small,high,bright,center
002_20200623_203047(7),0,0.5355113636363636,0.45331325301204817,0.02556818181818182,0.03313253012048193,9.9498743710662,0.45331325301204817,9.887917637917639,117.01923076923077,1,352x332,6,official,,3,3,small,high,bright,center
002_20200623_203047(7),1,0.5525568181818182,0.5195783132530121,0.02556818181818182,0.03313253012048193,9.9498743710662,0.44744318181818177,4.079448329448326,111.49358974358974,1,352x332,6,official,,3,3,small,mid,bright,center
002_20200623_203047(7),2,0.5738636363636364,0.6114457831325302,0.022727272727272728,0.03614457831325301,9.797958971132712,0.3885542168674698,5.206730769230774,116.26923076923077,1,352x332,6,official,,3,3,small,high,bright,center
002_20200623_203051(2),0,0.5610795454545454,0.4141566265060241,0.03125,0.02710843373493976,9.9498743710662,0.4141566265060241,7.184926184926184,113.53846153846153,1,352x332,6,official,,3,3,small,high,bright,center
002_20200623_203051(2),1,0.5696022727272727,0.48042168674698793,0.02556818181818182,0.0391566265060241,10.816653826391969,0.4303977272727273,6.301282051282058,113.25,1,352x332,6,official,,3,3,mid,high,bright,center
002_20200623_203051(2),2,0.5795454545454546,0.5783132530120482,0.022727272727272728,0.030120481927710843,8.94427190999916,0.4204545454545454,7.581944444444446,114.88194444444444,1,352x332,6,official,,3,3,small,high,bright,center
002_20200623_203054(7),0,0.5269886363636364,0.44728915662650603,0.02556818181818182,0.03313253012048193,9.9498743710662,0.44728915662650603,13.642579642579648,119.41025641025641,1,352x332,6,official,,3,3,small,high,bright,center
002_20200623_203054(7),1,0.5482954545454546,0.5105421686746988,0.022727272727272728,0.03313253012048193,9.38083151964686,0.4517045454545454,3.4881818181818147,110.92,1,352x332,6,official,,3,3,small,mid,bright,center
002_20200623_203054(7),2,0.5752840909090909,0.6054216867469879,0.02556818181818182,0.04216867469879518,11.224972160321823,0.39457831325301207,9.077175697865343,119.17241379310344,1,352x332,6,official,,3,3,mid,high,bright,center
002_20200623_203058(3),0,0.5667613636363636,0.45180722891566266,0.02556818181818182,0.030120481927710843,9.486832980505138,0.43323863636363635,11.64888888888889,117.56,1,352x332,6,official,,3,3,small,high,bright,center
002_20200623_203058(3),1,0.5795454545454546,0.5180722891566265,0.03409090909090909,0.030120481927710843,10.954451150103322,0.4204545454545454,6.7154761904761955,111.48214285714286,1,352x332,6,official,,3,3,mid,high,bright,center
002_20200623_203058(3),2,0.6051136363636364,0.6144578313253012,0.022727272727272728,0.03614457831325301,9.797958971132712,0.3855421686746988,4.012019230769226,115.73076923076923,1,352x332,6,official,,3,3,small,mid,bright,center
002_20200624_003107(0),0,0.5639204545454546,0.4894578313253012,0.019886363636363636,0.02710843373493976,7.937253933193772,0.4360795454545454,7.68578643578644,114.76515151515152,1,352x332,6,official,,3,3,small,high,bright,center
002_20200624_003107(0),1,0.5653409090909091,0.5617469879518072,0.017045454545454544,0.02710843373493976,7.3484692283495345,0.43465909090909094,3.1349206349206327,107.13492063492063,1,352x332,6,official,,3,3,small,mid,bright,center
002_20200624_003107(0),2,0.5681818181818182,0.6551204819277109,0.022727272727272728,0.02710843373493976,8.48528137423857,0.3448795180722891,8.096618357487927,115.65217391304348,1,352x332,6,official,,3,3,small,high,bright,center
002_20200624_003111(0),0,0.5823863636363636,0.411144578313253,0.028409090909090908,0.02710843373493976,9.486832980505138,0.411144578313253,9.031111111111102,113.52,1,352x332,6,official,,3,3,small,high,bright,center
002_20200624_003111(0),1,0.5838068181818182,0.48493975903614456,0.019886363636363636,0.030120481927710843,8.366600265340756,0.41619318181818177,2.6345755693581765,109.92028985507247,1,352x332,6,official,,3,3,small,mid,bright,center
002_20200624_003111(0),2,0.5838068181818182,0.5828313253012049,0.02556818181818182,0.02710843373493976,9.0,0.41619318181818177,5.530092592592595,114.49305555555556,1,352x332,6,official,,3,3,small,high,bright,center
002_20200624_003115(1),0,0.5639204545454546,0.34186746987951805,0.02556818181818182,0.02710843373493976,9.0,0.34186746987951805,8.613425925925924,112.57638888888889,1,352x332,6,official,,3,3,small,high,bright,center
002_20200624_003115(1),1,0.5710227272727273,0.4126506024096386,0.022727272727272728,0.030120481927710843,8.94427190999916,0.4126506024096386,2.9041666666666686,107.04166666666667,1,352x332,6,official,,3,3,small,mid,bright,center
002_20200624_003115(1),2,0.578125,0.5075301204819277,0.019886363636363636,0.02710843373493976,7.937253933193772,0.421875,9.115440115440123,117.57575757575758,1,352x332,6,official,,3,3,small,high,bright,center
002_20200624_003119(1),0,0.5909090909090909,0.3810240963855422,0.028409090909090908,0.02710843373493976,9.486832980505138,0.3810240963855422,10.075555555555553,114.68666666666667,1,352x332,6,official,,3,3,small,high,bright,center
002_20200624_003119(1),1,0.5866477272727273,0.44879518072289154,0.019886363636363636,0.024096385542168676,7.4833147735478835,0.4133522727272727,0.8432539682539613,106.46825396825396,1,352x332,6,official,,3,3,small,low,bright,center
002_20200624_003119(1),2,0.5795454545454546,0.5466867469879518,0.022727272727272728,0.02108433734939759,7.483314773547883,0.4204545454545454,7.928571428571431,113.57142857142857,1,352x332,6,official,,3,3,small,high,bright,center
002_20200624_003123(1),0,0.5667613636363636,0.37349397590361444,0.019886363636363636,0.024096385542168676,7.4833147735478835,0.37349397590361444,6.365079365079367,109.93650793650794,1,352x332,6,official,,3,3,small,high,bright,center
002_20200624_003123(1),1,0.5639204545454546,0.4503012048192771,0.03125,0.02108433734939759,8.774964387392123,0.4360795454545454,3.966720779220779,108.1875,1,352x332,6,official,,3,3,small,mid,bright,center
002_20200624_003123(1),2,0.5610795454545454,0.5436746987951807,0.02556818181818182,0.02710843373493976,9.0,0.4389204545454546,6.912037037037024,115.65277777777777,1,352x332,6,official,,3,3,small,high,bright,center
002_20200624_003127(0),0,0.5880681818181818,0.37801204819277107,0.022727272727272728,0.03313253012048193,9.38083151964686,0.37801204819277107,8.456363636363633,113.32,1,352x332,6,official,,3,3,small,high,bright,center
002_20200624_003127(0),1,0.5909090909090909,0.44879518072289154,0.028409090909090908,0.03614457831325301,10.954451150103322,0.40909090909090906,5.060714285714283,110.61904761904762,1,352x332,6,official,,3,3,mid,high,bright,center
002_20200624_003127(0),2,0.5923295454545454,0.5451807228915663,0.02556818181818182,0.024096385542168676,8.48528137423857,0.4076704545454546,6.55193236714976,113.7463768115942,1,352x332,6,official,,3,3,small,high,bright,center
002_20200624_043128(1),0,0.546875,0.47289156626506024,0.02556818181818182,0.024096385542168676,8.48528137423857,0.453125,6.550724637681171,112.3840579710145,1,352x332,6,official,,3,3,small,high,bright,center
002_20200624_043128(1),1,0.5582386363636364,0.5391566265060241,0.019886363636363636,0.024096385542168676,7.4833147735478835,0.44176136363636365,2.44047619047619,106.61904761904762,1,352x332,6,official,,3,3,small,mid,bright,center
002_20200624_043128(1),2,0.5809659090909091,0.6310240963855421,0.03125,0.02710843373493976,9.9498743710662,0.36897590361445787,6.984654234654229,114.57051282051282,1,352x332,6,official,,3,3,small,high,bright,center
002_20200624_043132(2),0,0.5795454545454546,0.35843373493975905,0.022727272727272728,0.03614457831325301,9.797958971132712,0.35843373493975905,11.504807692307693,115.85897435897436,1,352x332,6,official,,3,3,small,high,bright,center
002_20200624_043132(2),1,0.5823863636363636,0.4307228915662651,0.022727272727272728,0.030120481927710843,8.94427190999916,0.41761363636363635,2.375,107.75,1,352x332,6,official,,3,3,small,low,bright,center
002_20200624_043132(2),2,0.5852272727272727,0.5286144578313253,0.017045454545454544,0.02710843373493976,7.3484692283495345,0.4147727272727273,7.473544973544975,115.10317460317461,1,352x332,6,official,,3,3,small,high,bright,center
002_20200624_043136(1),0,0.5667613636363636,0.4397590361445783,0.019886363636363636,0.03614457831325301,9.16515138991168,0.43323863636363635,9.47333333333333,114.97333333333333,1,352x332,6,official,,3,3,small,high,bright,center
002_20200624_043136(1),1,0.5710227272727273,0.5105421686746988,0.017045454545454544,0.03313253012048193,8.12403840463596,0.4289772727272727,4.807641633728593,109.73188405797102,1,352x332,6,official,,3,3,small,mid,bright,center
002_20200624_043136(1),2,0.5852272727272727,0.6069277108433735,0.022727272727272728,0.02710843373493976,8.48528137423857,0.3930722891566265,5.316425120772948,113.42753623188406,1,352x332,6,official,,3,3,small,high,bright,center
002_20200624_043140(2),0,0.5511363636363636,0.4954819277108434,0.028409090909090908,0.03313253012048193,10.488088481701515,0.44886363636363635,14.697530864197532,121.19753086419753,1,352x332,6,official,,3,3,mid,high,bright,center
002_20200624_043140(2),1,0.5639204545454546,0.5662650602409639,0.02556818181818182,0.03614457831325301,10.392304845413264,0.4337349397590361,6.845679012345684,109.90123456790124,1,352x332,6,official,,3,3,mid,high,bright,center
002_20200624_043140(2),2,0.5809659090909091,0.6596385542168675,0.02556818181818182,0.03614457831325301,10.392304845413264,0.34036144578313254,8.067901234567913,117.32716049382717,1,352x332,6,official,,3,3,mid,high,bright,center
002_20200624_043144(2),0,0.5823863636363636,0.4608433734939759,0.028409090909090908,0.024096385542168676,8.94427190999916,0.41761363636363635,9.534722222222229,113.40972222222223,1,352x332,6,official,,3,3,small,high,bright,center
002_20200624_043144(2),1,0.5752840909090909,0.5286144578313253,0.02556818181818182,0.03313253012048193,9.9498743710662,0.42471590909090906,5.122766122766123,110.43589743589743,1,352x332,6,official,,3,3,small,high,bright,center
002_20200624_043144(2),2,0.5596590909090909,0.625,0.022727272727272728,0.0391566265060241,10.198039027185569,0.375,9.286562203228883,116.88271604938272,1,352x332,6,official,,3,3,mid,high,bright,center
002_20200624_043148(1),0,0.5738636363636364,0.3810240963855422,0.022727272727272728,0.03313253012048193,9.38083151964686,0.3810240963855422,9.51227272727273,114.16,1,352x332,6,official,,3,3,small,high,bright,center
002_20200624_043148(1),1,0.5724431818181818,0.45331325301204817,0.019886363636363636,0.02710843373493976,7.937253933193772,0.42755681818181823,3.0129870129870255,105.72727272727273,1,352x332,6,official,,3,3,small,mid,bright,center
002_20200624_043148(1),2,0.578125,0.5496987951807228,0.02556818181818182,0.02108433734939759,7.937253933193771,0.421875,4.768759018759013,113.02272727272727,1,352x332,6,official,,3,3,small,mid,bright,center
002_20200624_083045(5),0,0.5894886363636364,0.4246987951807229,0.02556818181818182,0.030120481927710843,9.486832980505138,0.41051136363636365,2.4311111111111074,107.52,1,352x332,6,official,,3,3,small,mid,bright,center
002_20200624_083045(5),1,0.5909090909090909,0.5240963855421686,0.022727272727272728,0.024096385542168676,8.0,0.40909090909090906,7.763257575757578,115.32575757575758,1,352x332,6,official,,3,3,small,high,bright,center
002_20200624_083045(5),2,0.5852272727272727,0.3493975903614458,0.022727272727272728,0.024096385542168676,8.0,0.3493975903614458,7.05823863636364,109.38636363636364,1,352x332,6,official,,3,3,small,high,bright,center
002_20200624_083049(6),0,0.5568181818181818,0.3539156626506024,0.022727272727272728,0.02710843373493976,8.48528137423857,0.3539156626506024,8.674516908212567,110.18840579710145,1,352x332,6,official,,3,3,small,high,bright,center
002_20200624_083049(6),1,0.5696022727272727,0.42771084337349397,0.03125,0.030120481927710843,10.488088481701515,0.42771084337349397,4.094837261503926,109.04938271604938,1,352x332,6,official,,3,3,mid,mid,bright,center
002_20200624_083049(6),2,0.5823863636363636,0.5210843373493976,0.028409090909090908,0.024096385542168676,8.94427190999916,0.41761363636363635,7.134722222222223,115.40972222222223,1,352x332,6,official,,3,3,small,high,bright,center
002_20200624_083053(3),0,0.5482954545454546,0.4292168674698795,0.022727272727272728,0.02710843373493976,8.48528137423857,0.4292168674698795,12.844806763285021,114.1086956521739,1,352x332,6,official,,3,3,small,high,bright,center
002_20200624_083053(3),1,0.5582386363636364,0.5015060240963856,0.019886363636363636,0.02710843373493976,7.937253933193772,0.44176136363636365,1.2265512265512228,107.57575757575758,1,352x332,6,official,,3,3,small,low,bright,center
002_20200624_083053(3),2,0.5724431818181818,0.5993975903614458,0.02556818181818182,0.024096385542168676,8.48528137423857,0.4006024096385542,6.794082125603865,112.55797101449275,1,352x332,6,official,,3,3,small,high,bright,center
002_20200624_083057(4),0,0.5965909090909091,0.35240963855421686,0.022727272727272728,0.024096385542168676,8.0,0.35240963855421686,3.7892992424242493,113.74242424242425,1,352x332,6,official,,3,3,small,mid,bright,center
002_20200624_083057(4),1,0.6036931818181818,0.4186746987951807,0.019886363636363636,0.024096385542168676,7.4833147735478835,0.39630681818181823,2.8134920634920633,111.84920634920636,1,352x332,6,official,,3,3,small,mid,bright,center
002_20200624_083057(4),2,0.6136363636363636,0.4954819277108434,0.028409090909090908,0.03313253012048193,10.488088481701515,0.38636363636363635,3.384511784511787,118.64814814814815,1,352x332,6,official,,3,3,mid,mid,bright,center
002_20200624_083101(4),0,0.5951704545454546,0.44879518072289154,0.02556818181818182,0.030120481927710843,9.486832980505138,0.4048295454545454,5.644444444444446,114.76666666666667,1,352x332,6,official,,3,3,small,high,bright,center
002_20200624_083101(4),1,0.6008522727272727,0.516566265060241,0.03125,0.02710843373493976,9.9498743710662,0.3991477272727273,3.707459207459209,113.52564102564102,1,352x332,6,official,,3,3,small,mid,bright,center
002_20200624_083101(4),2,0.6079545454545454,0.5978915662650602,0.022727272727272728,0.02710843373493976,8.48528137423857,0.3920454545454546,2.0609903381642596,112.6304347826087,1,352x332,6,official,,3,3,small,low,bright,center
002_20200624_083105(5),0,0.609375,0.411144578313253,0.02556818181818182,0.02710843373493976,9.0,0.390625,5.943672839506178,113.99305555555556,1,352x332,6,official,,3,3,small,high,bright,center
002_20200624_083105(5),1,0.6178977272727273,0.4789156626506024,0.02556818181818182,0.030120481927710843,9.486832980505138,0.3821022727272727,2.5733333333333235,112.00666666666666,1,352x332,6,official,,3,3,small,mid,bright,center
002_20200624_083105(5),2,0.6264204545454546,0.5542168674698795,0.019886363636363636,0.024096385542168676,7.4833147735478835,0.3735795454545454,0.4563492063492163,111.34920634920636,1,352x332,6,official,,3,3,small,low,bright,center
002_20200624_123122(6),0,0.5667613636363636,0.4563253012048193,0.03125,0.02710843373493976,9.9498743710662,0.43323863636363635,8.595765345765344,112.73717948717949,1,352x332,6,official,,3,3,small,high,bright,center
002_20200624_123122(6),1,0.5752840909090909,0.5210843373493976,0.02556818181818182,0.024096385542168676,8.48528137423857,0.42471590909090906,2.3466183574879125,108.31884057971014,1,352x332,6,official,,3,3,small,low,bright,center
002_20200624_123122(6),2,0.5809659090909091,0.6219879518072289,0.019886363636363636,0.03313253012048193,8.774964387392123,0.3780120481927711,12.332431457431454,116.31944444444444,1,352x332,6,official,,3,3,small,high,bright,center
002_20200624_123126(4),0,0.5582386363636364,0.3990963855421687,0.019886363636363636,0.02108433734939759,7.0,0.3990963855421687,6.334183673469383,108.375,1,352x332,6,official,,3,3,small,high,bright,center
002_20200624_123126(4),1,0.5738636363636364,0.5677710843373494,0.017045454545454544,0.02108433734939759,6.48074069840786,0.42613636363636365,6.333333333333329,113.0,1,352x332,6,official,,3,3,small,high,bright,center
002_20200624_123126(4),2,0.5653409090909091,0.47289156626506024,0.022727272727272728,0.024096385542168676,8.0,0.43465909090909094,1.458806818181813,108.06818181818181,1,352x332,6,official,,3,3,small,low,bright,center
002_20200624_123129(9),0,0.546875,0.5406626506024096,0.019886363636363636,0.02710843373493976,7.937253933193772,0.453125,8.226911976911978,110.40151515151516,1,352x332,6,official,,3,3,small,high,bright,center
002_20200624_123129(9),1,0.5525568181818182,0.6114457831325302,0.019886363636363636,0.030120481927710843,8.366600265340756,0.3885542168674698,4.555279503105581,106.8695652173913,1,352x332,6,official,,3,3,small,mid,bright,center
002_20200624_123129(9),2,0.5639204545454546,0.7078313253012049,0.02556818181818182,0.024096385542168676,8.48528137423857,0.29216867469879515,6.576086956521735,116.4927536231884,1,352x332,6,official,,3,3,small,high,bright,center
002_20200624_123133(0),0,0.5894886363636364,0.5240963855421686,0.02556818181818182,0.030120481927710843,9.486832980505138,0.41051136363636365,4.182222222222222,119.66,1,352x332,6,official,,3,3,small,mid,bright,center
002_20200624_123133(0),1,0.5909090909090909,0.5873493975903614,0.028409090909090908,0.024096385542168676,8.94427190999916,0.40909090909090906,1.4986111111111171,112.11111111111111,1,352x332,6,official,,3,3,small,low,bright,center
002_20200624_123133(0),2,0.5980113636363636,0.6656626506024096,0.019886363636363636,0.024096385542168676,7.4833147735478835,0.3343373493975904,0.34920634920635507,115.06349206349206,1,352x332,6,official,,3,3,small,low,bright,center
002_20200624_123136(5),0,0.6036931818181818,0.47740963855421686,0.02556818181818182,0.02710843373493976,9.0,0.39630681818181823,5.608024691358025,116.13888888888889,1,352x332,6,official,,3,3,small,high,bright,center
002_20200624_123136(5),1,0.6136363636363636,0.5406626506024096,0.022727272727272728,0.02710843373493976,8.48528137423857,0.38636363636363635,3.7542270531400987,114.76811594202898,1,352x332,6,official,,3,3,small,mid,bright,center
002_20200624_123136(5),2,0.6321022727272727,0.6189759036144579,0.02556818181818182,0.02710843373493976,9.0,0.3678977272727273,0.5725308641975317,114.375,1,352x332,6,official,,3,3,small,low,bright,center
002_20200624_123143(7),0,0.5866477272727273,0.5210843373493976,0.03125,0.030120481927710843,10.488088481701515,0.4133522727272727,12.527609427609434,121.01851851851852,1,352x332,6,official,,3,3,mid,high,bright,center
002_20200624_123143(7),1,0.5909090909090909,0.5858433734939759,0.028409090909090908,0.03313253012048193,10.488088481701515,0.40909090909090906,3.987991021324362,115.50617283950618,1,352x332,6,official,,3,3,mid,mid,bright,center
002_20200624_123143(7),2,0.5951704545454546,0.6656626506024096,0.02556818181818182,0.030120481927710843,9.486832980505138,0.3343373493975904,3.922222222222217,115.46666666666667,1,352x332,6,official,,3,3,small,mid,bright,center
002_20200624_162522(0),0,0.5795454545454546,0.5225903614457831,0.022727272727272728,0.02710843373493976,8.48528137423857,0.4204545454545454,9.84299516908213,115.89855072463769,1,352x332,6,official,,3,3,small,high,bright,center
002_20200624_162522(0),1,0.5880681818181818,0.5933734939759037,0.017045454545454544,0.024096385542168676,6.92820323027551,0.40662650602409633,2.745833333333337,105.64166666666667,1,352x332,6,official,,3,3,small,mid,bright,center
002_20200624_162522(0),2,0.6036931818181818,0.6882530120481928,0.02556818181818182,0.02710843373493976,9.0,0.3117469879518072,5.162037037037038,117.56944444444444,1,352x332,6,official,,3,3,small,high,bright,center
002_20200624_162527(8),0,0.5568181818181818,0.4503012048192771,0.022727272727272728,0.03313253012048193,9.38083151964686,0.44318181818181823,8.429545454545448,115.6,1,352x332,6,official,,3,3,small,high,bright,center
002_20200624_162527(8),1,0.5710227272727273,0.5195783132530121,0.028409090909090908,0.02108433734939759,8.366600265340756,0.4289772727272727,1.9184265010351993,108.78985507246377,1,352x332,6,official,,3,3,small,low,bright,center
002_20200624_162527(8),2,0.5923295454545454,0.6129518072289156,0.019886363636363636,0.02710843373493976,7.937253933193772,0.3870481927710844,7.0811688311688386,114.79545454545455,1,352x332,6,official,,3,3,small,high,bright,center
002_20200624_162531(7),0,0.5625,0.4789156626506024,0.028409090909090908,0.030120481927710843,10.0,0.4375,12.496923076923082,119.57692307692308,1,352x332,6,official,,3,3,mid,high,bright,center
002_20200624_162531(7),1,0.5767045454545454,0.5542168674698795,0.028409090909090908,0.024096385542168676,8.94427190999916,0.4232954545454546,2.0319444444444485,107.56944444444444,1,352x332,6,official,,3,3,small,low,bright,center
002_20200624_162531(7),2,0.5923295454545454,0.6490963855421686,0.019886363636363636,0.02108433734939759,7.0,0.35090361445783136,6.601360544217684,112.86666666666666,1,352x332,6,official,,3,3,small,high,bright,center
002_20200624_162536(8),0,0.6022727272727273,0.44728915662650603,0.022727272727272728,0.02710843373493976,8.48528137423857,0.3977272727272727,6.191425120772948,114.59420289855072,1,352x332,6,official,,3,3,small,high,bright,center
002_20200624_162536(8),1,0.6107954545454546,0.5135542168674698,0.022727272727272728,0.02710843373493976,8.48528137423857,0.3892045454545454,3.7850241545893653,114.5072463768116,1,352x332,6,official,,3,3,small,mid,bright,center
002_20200624_162536(8),2,0.6221590909090909,0.5933734939759037,0.017045454545454544,0.024096385542168676,6.92820323027551,0.37784090909090906,0.4833333333333343,114.725,1,352x332,6,official,,3,3,small,low,bright,center
002_20200624_162540(3),0,0.5852272727272727,0.5225903614457831,0.03409090909090909,0.03313253012048193,11.489125293076059,0.4147727272727273,14.251306165099265,123.7816091954023,1,352x332,6,official,,3,3,large,high,bright,center
002_20200624_162540(3),1,0.5923295454545454,0.5858433734939759,0.03125,0.02710843373493976,9.9498743710662,0.4076704545454546,3.567404817404821,111.36538461538461,1,352x332,6,official,,3,3,small,mid,bright,center
002_20200624_162540(3),2,0.6022727272727273,0.6671686746987951,0.028409090909090908,0.02710843373493976,9.486832980505138,0.33283132530120485,2.177777777777777,116.4,1,352x332,6,official,,3,3,small,low,bright,center
002_20200624_162543(7),0,0.5951704545454546,0.5572289156626506,0.03125,0.030120481927710843,10.488088481701515,0.4048295454545454,8.973512906846238,117.20987654320987,1,352x332,6,official,,3,3,mid,high,bright,center
002_20200624_162543(7),1,0.6065340909090909,0.6174698795180723,0.03125,0.03614457831325301,11.489125293076057,0.3825301204819277,5.762539184952985,113.4367816091954,1,352x332,6,official,,3,3,large,high,bright,center
002_20200624_162543(7),2,0.6235795454545454,0.6957831325301205,0.02556818181818182,0.030120481927710843,9.486832980505138,0.3042168674698795,0.11111111111111427,116.76666666666667,1,352x332,6,official,,3,3,small,low,bright,center
002_20200624_203003(9),0,0.5738636363636364,0.48493975903614456,0.028409090909090908,0.03614457831325301,10.954451150103322,0.42613636363636365,16.546428571428564,122.57142857142857,1,352x332,6,official,,3,3,mid,high,bright,center
002_20200624_203003(9),1,0.5866477272727273,0.5557228915662651,0.02556818181818182,0.03313253012048193,9.9498743710662,0.4133522727272727,5.947746697746695,109.63461538461539,1,352x332,6,official,,3,3,small,high,bright,center
002_20200624_203003(9),2,0.6051136363636364,0.6475903614457831,0.022727272727272728,0.030120481927710843,8.94427190999916,0.3524096385542169,7.338888888888889,115.26388888888889,1,352x332,6,official,,3,3,small,high,bright,center
002_20200624_203012(9),0,0.5639204545454546,0.38403614457831325,0.02556818181818182,0.03313253012048193,9.9498743710662,0.38403614457831325,9.743006993007,113.62179487179488,1,352x332,6,official,,3,3,small,high,bright,center
002_20200624_203012(9),1,0.5625,0.4608433734939759,0.028409090909090908,0.030120481927710843,10.0,0.4375,4.688461538461539,108.28846153846153,1,352x332,6,official,,3,3,mid,mid,bright,center
002_20200624_203012(9),2,0.5639204545454546,0.5572289156626506,0.03125,0.030120481927710843,10.488088481701515,0.4360795454545454,9.456341189674518,116.26543209876543,1,352x332,6,official,,3,3,mid,high,bright,center
002_20200624_203017(4),0,0.5696022727272727,0.40512048192771083,0.036931818181818184,0.0391566265060241,13.0,0.40512048192771083,16.230245315581854,123.78645833333333,1,352x332,6,official,,3,3,large,high,bright,center
002_20200624_203017(4),1,0.5696022727272727,0.47289156626506024,0.02556818181818182,0.024096385542168676,8.48528137423857,0.4303977272727273,2.09299516908213,106.23188405797102,1,352x332,6,official,,3,3,small,low,bright,center
002_20200624_203017(4),2,0.5752840909090909,0.5707831325301205,0.03125,0.02710843373493976,9.9498743710662,0.42471590909090906,7.086247086247084,115.02564102564102,1,352x332,6,official,,3,3,small,high,bright,center
002_20200624_203021(9),0,0.5539772727272727,0.44728915662650603,0.028409090909090908,0.03313253012048193,10.488088481701515,0.4460227272727273,9.498428731762075,117.08024691358025,1,352x332,6,official,,3,3,mid,high,bright,center
002_20200624_203021(9),1,0.5681818181818182,0.5256024096385542,0.028409090909090908,0.02710843373493976,9.486832980505138,0.43181818181818177,3.0222222222222257,108.3,1,352x332,6,official,,3,3,small,mid,bright,center
002_20200624_203021(9),2,0.5852272727272727,0.6144578313253012,0.028409090909090908,0.030120481927710843,10.0,0.3855421686746988,9.000512820512824,115.07051282051282,1,352x332,6,official,,3,3,mid,high,bright,center
002_20200624_203026(4),0,0.5696022727272727,0.49096385542168675,0.02556818181818182,0.030120481927710843,9.486832980505138,0.4303977272727273,10.642222222222216,116.95333333333333,1,352x332,6,official,,3,3,small,high,bright,center
002_20200624_203026(4),1,0.5866477272727273,0.5662650602409639,0.02556818181818182,0.030120481927710843,9.486832980505138,0.4133522727272727,3.2977777777777817,109.85333333333334,1,352x332,6,official,,3,3,small,mid,bright,center
002_20200624_203026(4),2,0.6051136363636364,0.6536144578313253,0.022727272727272728,0.030120481927710843,8.94427190999916,0.3463855421686747,5.091666666666669,114.29166666666667,1,352x332,6,official,,3,3,small,high,bright,center
002_20200624_203044(4),0,0.5653409090909091,0.4352409638554217,0.03409090909090909,0.03313253012048193,11.489125293076059,0.43465909090909094,10.052769070010456,118.3103448275862,1,352x332,6,official,,3,3,large,high,bright,center
002_20200624_203044(4),1,0.5653409090909091,0.516566265060241,0.03409090909090909,0.02710843373493976,10.392304845413264,0.43465909090909094,5.96913580246914,111.9320987654321,1,352x332,6,official,,3,3,mid,high,bright,center
002_20200624_203044(4),2,0.5767045454545454,0.608433734939759,0.028409090909090908,0.030120481927710843,10.0,0.39156626506024095,4.3541025641025755,115.31410256410257,1,352x332,6,official,,3,3,mid,mid,bright,center
002_20200625_003116(4),0,0.5710227272727273,0.5225903614457831,0.028409090909090908,0.03313253012048193,10.488088481701515,0.4289772727272727,13.931200897867555,119.54938271604938,1,352x332,6,official,,3,3,mid,high,bright,center
002_20200625_003116(4),1,0.5809659090909091,0.6009036144578314,0.019886363636363636,0.02710843373493976,7.937253933193772,0.39909638554216864,3.255772005772002,106.79545454545455,1,352x332,6,official,,3,3,small,mid,bright,center
002_20200625_003116(4),2,0.59375,0.697289156626506,0.03409090909090909,0.02710843373493976,10.392304845413264,0.30271084337349397,4.456790123456784,116.69753086419753,1,352x332,6,official,,3,3,mid,mid,bright,center
002_20200625_003120(7),0,0.5681818181818182,0.3539156626506024,0.03977272727272727,0.03313253012048193,12.409673645990857,0.3539156626506024,11.794093003770413,117.20967741935483,1,352x332,6,official,,3,3,large,high,bright,center
002_20200625_003120(7),1,0.5696022727272727,0.42620481927710846,0.02556818181818182,0.03313253012048193,9.9498743710662,0.42620481927710846,5.209207459207448,108.39102564102564,1,352x332,6,official,,3,3,small,high,bright,center
002_20200625_003120(7),2,0.5752840909090909,0.5180722891566265,0.03125,0.03614457831325301,11.489125293076057,0.42471590909090906,10.19644723092999,120.28735632183908,1,352x332,6,official,,3,3,large,high,bright,center
002_20200625_003125(4),0,0.5767045454545454,0.42319277108433734,0.028409090909090908,0.03313253012048193,10.488088481701515,0.42319277108433734,10.841414141414134,115.27777777777777,1,352x332,6,official,,3,3,mid,high,bright,center
002_20200625_003125(4),1,0.5838068181818182,0.49698795180722893,0.02556818181818182,0.030120481927710843,9.486832980505138,0.41619318181818177,2.3644444444444446,108.98666666666666,1,352x332,6,official,,3,3,small,low,bright,center
002_20200625_003125(4),2,0.5965909090909091,0.5903614457831325,0.028409090909090908,0.030120481927710843,10.0,0.40340909090909094,7.456153846153839,113.84615384615384,1,352x332,6,official,,3,3,mid,high,bright,center
002_20200625_003130(0),0,0.5653409090909091,0.3539156626506024,0.028409090909090908,0.02710843373493976,9.486832980505138,0.3539156626506024,6.333333333333343,110.43333333333334,1,352x332,6,official,,3,3,small,high,bright,center
002_20200625_003130(0),1,0.5696022727272727,0.4246987951807229,0.02556818181818182,0.030120481927710843,9.486832980505138,0.4246987951807229,2.397777777777776,107.12,1,352x332,6,official,,3,3,small,low,bright,center
002_20200625_003130(0),2,0.578125,0.5225903614457831,0.02556818181818182,0.02710843373493976,9.0,0.421875,4.76543209876543,114.88888888888889,1,352x332,6,official,,3,3,small,mid,bright,center
002_20200625_003134(4),0,0.5767045454545454,0.41566265060240964,0.028409090909090908,0.03614457831325301,10.954451150103322,0.41566265060240964,10.289285714285711,115.63095238095238,1,352x332,6,official,,3,3,mid,high,bright,center
002_20200625_003134(4),1,0.5809659090909091,0.4894578313253012,0.02556818181818182,0.03313253012048193,9.9498743710662,0.41903409090909094,2.8205128205128176,110.48717948717949,1,352x332,6,official,,3,3,small,mid,bright,center
002_20200625_003134(4),2,0.5852272727272727,0.5858433734939759,0.028409090909090908,0.03313253012048193,10.488088481701515,0.41415662650602414,8.536026936026929,115.98148148148148,1,352x332,6,official,,3,3,mid,high,bright,center
002_20200625_003139(0),0,0.5767045454545454,0.5030120481927711,0.028409090909090908,0.030120481927710843,10.0,0.4232954545454546,8.97333333333333,116.33333333333333,1,352x332,6,official,,3,3,mid,high,bright,center
002_20200625_003139(0),1,0.5809659090909091,0.5828313253012049,0.03125,0.02710843373493976,9.9498743710662,0.41716867469879515,4.686285936285941,107.5448717948718,1,352x332,6,official,,3,3,small,mid,bright,center
002_20200625_003139(0),2,0.59375,0.6746987951807228,0.028409090909090908,0.024096385542168676,8.94427190999916,0.32530120481927716,5.150000000000006,112.6875,1,352x332,6,official,,3,3,small,high,bright,center
002_20200625_042934(9),0,0.5340909090909091,0.4608433734939759,0.028409090909090908,0.030120481927710843,10.0,0.4608433734939759,11.555641025641023,117.02564102564102,1,352x332,6,official,,3,3,mid,high,bright,center
002_20200625_042934(9),1,0.5511363636363636,0.5331325301204819,0.028409090909090908,0.030120481927710843,10.0,0.44886363636363635,5.801794871794883,109.37179487179488,1,352x332,6,official,,3,3,mid,high,bright,center
002_20200625_042934(9),2,0.5752840909090909,0.6234939759036144,0.03125,0.030120481927710843,10.488088481701515,0.37650602409638556,9.532659932659925,116.29629629629629,1,352x332,6,official,,3,3,mid,high,bright,center
002_20200625_042939(2),0,0.5625,0.41566265060240964,0.028409090909090908,0.030120481927710843,10.0,0.41566265060240964,12.245897435897433,114.93589743589743,1,352x332,6,official,,3,3,mid,high,bright,center
002_20200625_042939(2),1,0.5667613636363636,0.4939759036144578,0.02556818181818182,0.030120481927710843,9.486832980505138,0.43323863636363635,4.708888888888893,111.12,1,352x332,6,official,,3,3,small,mid,bright,center
002_20200625_042939(2),2,0.578125,0.5858433734939759,0.02556818181818182,0.03313253012048193,9.9498743710662,0.41415662650602414,7.088966588966585,115.7051282051282,1,352x332,6,official,,3,3,small,high,bright,center
002_20200625_042943(7),0,0.5795454545454546,0.375,0.028409090909090908,0.03313253012048193,10.488088481701515,0.375,12.809315375982052,115.84567901234568,1,352x332,6,official,,3,3,mid,high,bright,center
002_20200625_042943(7),1,0.5909090909090909,0.45180722891566266,0.028409090909090908,0.024096385542168676,8.94427190999916,0.40909090909090906,2.072222222222223,106.78472222222223,1,352x332,6,official,,3,3,small,low,bright,center
002_20200625_042943(7),2,0.6022727272727273,0.5466867469879518,0.028409090909090908,0.02710843373493976,9.486832980505138,0.3977272727272727,8.573333333333338,115.40666666666667,1,352x332,6,official,,3,3,small,high,bright,center
002_20200625_042948(3),0,0.5568181818181818,0.39156626506024095,0.022727272727272728,0.024096385542168676,8.0,0.39156626506024095,7.899147727272734,108.97727272727273,1,352x332,6,official,,3,3,small,high,bright,center
002_20200625_042948(3),1,0.5653409090909091,0.45933734939759036,0.03409090909090909,0.02710843373493976,10.392304845413264,0.43465909090909094,5.3364197530864175,108.53086419753086,1,352x332,6,official,,3,3,mid,high,bright,center
002_20200625_042948(3),2,0.5809659090909091,0.5602409638554217,0.03125,0.030120481927710843,10.488088481701515,0.41903409090909094,10.400561167227835,116.3641975308642,1,352x332,6,official,,3,3,mid,high,bright,center
002_20200625_042952(8),0,0.5923295454545454,0.3930722891566265,0.02556818181818182,0.02710843373493976,9.0,0.3930722891566265,7.816358024691354,110.125,1,352x332,6,official,,3,3,small,high,bright,center
002_20200625_042952(8),1,0.5852272727272727,0.46536144578313254,0.022727272727272728,0.02710843373493976,8.48528137423857,0.4147727272727273,2.5543478260869676,106.1376811594203,1,352x332,6,official,,3,3,small,mid,bright,center
002_20200625_042952(8),2,0.5752840909090909,0.5647590361445783,0.03125,0.03313253012048193,11.0,0.42471590909090906,10.317837465564736,118.45833333333333,1,352x332,6,official,,3,3,mid,high,bright,center
002_20200625_042957(3),0,0.5880681818181818,0.5376506024096386,0.028409090909090908,0.02710843373493976,9.486832980505138,0.41193181818181823,7.557777777777773,112.41333333333333,1,352x332,6,official,,3,3,small,high,bright,center
002_20200625_042957(3),1,0.5923295454545454,0.6144578313253012,0.03125,0.024096385542168676,9.38083151964686,0.3855421686746988,3.010909090909095,104.92,1,352x332,6,official,,3,3,small,mid,bright,center
002_20200625_042957(3),2,0.6022727272727273,0.7078313253012049,0.028409090909090908,0.030120481927710843,10.0,0.29216867469879515,7.157179487179491,117.23717948717949,1,352x332,6,official,,3,3,mid,high,bright,center
002_20200629_082630(7),0,0.5383522727272727,0.4171686746987952,0.03125,0.0391566265060241,11.958260743101398,0.4171686746987952,12.363714063714056,115.18888888888888,1,352x332,6,official,,3,3,large,high,bright,center
002_20200629_082630(7),1,0.5525568181818182,0.48493975903614456,0.02556818181818182,0.03614457831325301,10.392304845413264,0.44744318181818177,6.864197530864203,108.6604938271605,1,352x332,6,official,,3,3,mid,high,bright,center
002_20200629_082630(7),2,0.5738636363636364,0.5753012048192772,0.028409090909090908,0.024096385542168676,8.94427190999916,0.42469879518072284,7.934722222222234,110.90972222222223,1,352x332,6,official,,3,3,small,high,bright,center
002_20200629_082639(2),0,0.5752840909090909,0.5045180722891566,0.02556818181818182,0.03313253012048193,9.9498743710662,0.42471590909090906,10.216200466200462,113.18589743589743,1,352x332,6,official,,3,3,small,high,bright,center
002_20200629_082639(2),1,0.5752840909090909,0.5798192771084337,0.03125,0.02108433734939759,8.774964387392123,0.42018072289156627,4.697871572871577,103.34722222222223,1,352x332,6,official,,3,3,small,mid,mid,center
002_20200629_082639(2),2,0.578125,0.677710843373494,0.02556818181818182,0.024096385542168676,8.48528137423857,0.32228915662650603,6.786835748792271,109.05072463768116,1,352x332,6,official,,3,3,small,high,bright,center
002_20200629_082642(2),0,0.546875,0.5075301204819277,0.02556818181818182,0.02710843373493976,9.0,0.453125,8.932870370370367,110.67361111111111,1,352x332,6,official,,3,3,small,high,bright,center
002_20200629_082642(2),1,0.5596590909090909,0.5753012048192772,0.028409090909090908,0.030120481927710843,10.0,0.42469879518072284,3.877948717948712,103.96794871794872,1,352x332,6,official,,3,3,mid,mid,mid,center
002_20200629_082642(2),2,0.5767045454545454,0.6701807228915663,0.028409090909090908,0.03313253012048193,10.488088481701515,0.32981927710843373,7.586868686868684,113.27777777777777,1,352x332,6,official,,3,3,mid,high,bright,center
002_20200629_082645(4),0,0.5710227272727273,0.4367469879518072,0.03409090909090909,0.030120481927710843,10.954451150103322,0.4289772727272727,11.00595238095238,112.54761904761905,1,352x332,6,official,,3,3,mid,high,bright,center
002_20200629_082645(4),1,0.5809659090909091,0.5090361445783133,0.03125,0.018072289156626505,8.12403840463596,0.41903409090909094,1.3287220026350468,103.26811594202898,1,352x332,6,official,,3,3,small,low,mid,center
002_20200629_082645(4),2,0.5965909090909091,0.6054216867469879,0.028409090909090908,0.024096385542168676,8.94427190999916,0.39457831325301207,6.179166666666674,108.16666666666667,1,352x332,6,official,,3,3,small,high,bright,center
002_20200629_082648(6),0,0.550112,0.410134,0.028409,0.03012,9.9999039997952,0.410134,10.668974358974367,111.35897435897436,1,352x332,6,team,lee,3,3,small,high,bright,center
002_20200629_082648(6),1,0.564438,0.480479,0.028409,0.03012,9.9999039997952,0.435562,3.6825641025641005,106.1025641025641,1,352x332,6,team,lee,3,3,small,mid,bright,center
002_20200629_082648(6),2,0.585549,0.576405,0.028409,0.03012,9.9999039997952,0.414451,3.8746153846153817,111.38461538461539,1,352x332,6,team,lee,3,3,small,mid,bright,center
002_20200629_082651(5),0,0.590299,0.483757,0.028409,0.03012,9.9999039997952,0.409701,7.001282051282061,110.80128205128206,1,352x332,6,team,lee,3,3,small,high,bright,center
002_20200629_082651(5),1,0.589545,0.552504,0.028409,0.03012,9.9999039997952,0.410455,1.6243589743589837,104.72435897435898,1,352x332,6,team,lee,3,3,small,low,bright,center
002_20200629_082651(5),2,0.589545,0.650827,0.028409,0.03012,9.9999039997952,0.34917299999999996,4.2323076923077,110.9423076923077,1,352x332,6,team,lee,3,3,small,mid,bright,center
002_20200629_123235(1),0,0.55277,0.541212,0.028409,0.03012,9.9999039997952,0.44723,9.739230769230772,112.51923076923077,1,352x332,6,team,lee,3,3,small,high,bright,center
002_20200629_123235(1),1,0.567777,0.611224,0.028409,0.03012,9.9999039997952,0.388776,2.095128205128205,103.9551282051282,1,352x332,6,team,lee,3,3,small,low,mid,center
002_20200629_123235(1),2,0.589789,0.703513,0.028409,0.03012,9.9999039997952,0.29648699999999995,2.2110256410256284,116.89102564102564,1,352x332,6,team,lee,3,3,small,low,bright,center
002_20200629_123239(5),0,0.553899,0.529384,0.028409,0.03012,9.9999039997952,0.44610099999999997,11.058205128205131,113.12820512820512,1,352x332,6,team,lee,3,3,small,high,bright,center
002_20200629_123239(5),1,0.561547,0.600335,0.028409,0.03012,9.9999039997952,0.39966500000000005,2.122564102564098,104.3525641025641,1,352x332,6,team,lee,3,3,small,low,mid,center
002_20200629_123239(5),2,0.571744,0.69899,0.028409,0.03012,9.9999039997952,0.30101,5.04538461538462,114.61538461538461,1,352x332,6,team,lee,3,3,small,high,bright,center
002_20200629_123244(1),0,0.56264,0.451741,0.028409,0.03012,9.9999039997952,0.43735999999999997,6.891538461538474,110.96153846153847,1,352x332,6,team,lee,3,3,small,high,bright,center
002_20200629_123244(1),1,0.5667,0.522456,0.028409,0.03012,9.9999039997952,0.4333,4.916666666666671,107.16666666666667,1,352x332,6,team,lee,3,3,small,high,bright,center
002_20200629_123244(1),2,0.580039,0.618381,0.028409,0.03012,9.9999039997952,0.38161900000000004,3.961538461538467,111.96153846153847,1,352x332,6,team,lee,3,3,small,mid,bright,center
002_20200629_123248(5),0,0.576854,0.426309,0.028409,0.03012,9.9999039997952,0.423146,8.858205128205128,111.87820512820512,1,352x332,6,team,lee,3,3,small,high,bright,center
002_20200629_123248(5),1,0.585148,0.500651,0.028409,0.03012,9.9999039997952,0.414852,0.992820512820515,107.76282051282051,1,352x332,6,team,lee,3,3,small,low,bright,center
002_20200629_123248(5),2,0.599473,0.594977,0.028409,0.03012,9.9999039997952,0.40052699999999997,4.134102564102562,112.31410256410257,1,352x332,6,team,lee,3,3,small,mid,bright,center
002_20200629_123253(1),0,0.560204,0.422673,0.028409,0.03012,9.9999039997952,0.422673,10.373589743589733,111.74358974358974,1,352x332,6,team,lee,3,3,small,high,bright,center
002_20200629_123253(1),1,0.570063,0.497077,0.028409,0.03012,9.9999039997952,0.429937,0.8158974358974262,106.93589743589743,1,352x332,6,team,lee,3,3,small,low,bright,center
002_20200629_123253(1),2,0.583983,0.592387,0.028409,0.03012,9.9999039997952,0.407613,3.5289743589743665,111.35897435897436,1,352x332,6,team,lee,3,3,small,mid,bright,center
002_20200629_123257(5),0,0.58342,0.406486,0.028409,0.03012,9.9999039997952,0.406486,8.768461538461537,110.28846153846153,1,352x332,6,team,lee,3,3,small,high,bright,center
002_20200629_123257(5),1,0.5782,0.477816,0.028409,0.03012,9.9999039997952,0.42179999999999995,4.5733333333333235,106.83333333333333,1,352x332,6,team,lee,3,3,small,mid,bright,center
002_20200629_123257(5),2,0.57878,0.576816,0.028409,0.03012,9.9999039997952,0.42122000000000004,3.9825641025640977,112.6025641025641,1,352x332,6,team,lee,3,3,small,mid,bright,center
002_20200629_163454(3),0,0.578722,0.384866,0.028409,0.03012,9.9999039997952,0.384866,7.422564102564095,112.1025641025641,1,352x332,6,team,jung,3,3,small,high,bright,center
002_20200629_163454(3),1,0.586328,0.461741,0.028409,0.03012,9.9999039997952,0.41367200000000004,3.467179487179493,107.73717948717949,1,352x332,6,team,jung,3,3,small,mid,bright,center
002_20200629_163454(3),2,0.597291,0.55371,0.028409,0.03012,9.9999039997952,0.402709,6.088717948717942,115.44871794871794,1,352x332,6,team,jung,3,3,small,high,bright,center
002_20200629_163457(3),0,0.582692,0.488086,0.028409,0.03012,9.9999039997952,0.417308,9.014102564102572,116.06410256410257,1,352x332,6,team,jung,3,3,small,high,bright,center
002_20200629_163457(3),1,0.592513,0.559789,0.028409,0.03012,9.9999039997952,0.40748700000000004,1.7920512820512897,107.28205128205128,1,352x332,6,team,jung,3,3,small,low,bright,center
002_20200629_163457(3),2,0.608333,0.654834,0.028409,0.03012,9.9999039997952,0.345166,5.3430769230769215,113.42307692307692,1,352x332,6,team,jung,3,3,small,high,bright,center
002_20200629_163500(2),0,0.586449,0.5364,0.028409,0.03012,9.9999039997952,0.413551,14.104358974358973,116.22435897435898,1,352x332,6,team,jung,3,3,small,high,bright,center
002_20200629_163500(2),1,0.588427,0.610478,0.028409,0.03012,9.9999039997952,0.38952200000000003,2.8176923076923117,105.5576923076923,1,352x332,6,team,jung,3,3,small,mid,bright,center
002_20200629_163500(2),2,0.591063,0.708319,0.028409,0.03012,9.9999039997952,0.29168099999999997,3.92923076923077,116.51923076923077,1,352x332,6,team,jung,3,3,small,mid,bright,center
002_20200629_163506(3),0,0.578408,0.496181,0.028409,0.03012,9.9999039997952,0.42159199999999997,6.537692307692311,114.0576923076923,1,352x332,6,team,jung,3,3,small,high,bright,center
002_20200629_163506(3),1,0.585592,0.569771,0.028409,0.03012,9.9999039997952,0.414408,3.5989743589743597,107.35897435897436,1,352x332,6,team,jung,3,3,small,mid,bright,center
002_20200629_163506(3),2,0.601412,0.663418,0.028409,0.03012,9.9999039997952,0.33658200000000005,4.490256410256407,115.91025641025641,1,352x332,6,team,jung,3,3,small,mid,bright,center
002_20200629_163513(1),0,0.529696,0.634182,0.028409,0.03012,9.9999039997952,0.365818,11.71076923076923,114.23076923076923,1,352x332,6,team,jung,3,3,small,high,bright,center
002_20200629_163513(1),1,0.549471,0.70267,0.028409,0.03012,9.9999039997952,0.29733,3.98615384615384,107.84615384615384,1,352x332,6,team,jung,3,3,small,mid,bright,center
002_20200629_163513(1),2,0.579133,0.794919,0.028409,0.03012,9.9999039997952,0.20508099999999996,6.078717948717937,115.94871794871794,1,352x332,6,team,jung,3,3,small,high,bright,center
002_20200629_163520(3),0,0.587833,0.535745,0.028409,0.03012,9.9999039997952,0.41216699999999995,8.314871794871792,114.0448717948718,1,352x332,6,team,jung,3,3,small,high,bright,center
002_20200629_163520(3),1,0.590404,0.61206,0.028409,0.03012,9.9999039997952,0.38793999999999995,1.8392307692307668,105.76923076923077,1,352x332,6,team,jung,3,3,small,low,bright,center
002_20200629_163520(3),2,0.597259,0.709271,0.028409,0.03012,9.9999039997952,0.290729,4.748205128205129,115.87820512820512,1,352x332,6,team,jung,3,3,small,mid,bright,center
002_20200629_202528(1),0,0.578249,0.483282,0.028409,0.03012,9.9999039997952,0.421751,6.355384615384608,117.61538461538461,1,352x332,6,team,heo,3,3,small,high,bright,center
002_20200629_202528(1),1,0.574449,0.384581,0.028409,0.03012,9.9999039997952,0.384581,4.328461538461539,107.03846153846153,1,352x332,6,team,heo,3,3,small,mid,bright,center
002_20200629_202528(1),2,0.574449,0.313409,0.028409,0.03012,9.9999039997952,0.313409,7.52820512820513,113.87820512820512,1,352x332,6,team,heo,3,3,small,high,bright,center
002_20200629_202532(5),0,0.588412,0.442106,0.028409,0.03012,9.9999039997952,0.41158799999999995,2.953076923076921,106.67307692307692,1,352x332,6,team,heo,3,3,small,mid,bright,center
002_20200629_202532(5),1,0.589181,0.542368,0.028409,0.03012,9.9999039997952,0.41081900000000005,6.159743589743584,114.83974358974359,1,352x332,6,team,heo,3,3,small,high,bright,center
002_20200629_202532(5),2,0.58995,0.36956,0.028409,0.03012,9.9999039997952,0.36956,5.785897435897425,110.68589743589743,1,352x332,6,team,heo,3,3,small,high,bright,center
002_20200629_202537(0),0,0.586614,0.420231,0.028409,0.03012,9.9999039997952,0.41338600000000003,4.464358974358973,107.72435897435898,1,352x332,6,team,heo,3,3,small,mid,bright,center
002_20200629_202537(0),1,0.580361,0.345832,0.028409,0.03012,9.9999039997952,0.345832,10.630256410256408,114.41025641025641,1,352x332,6,team,heo,3,3,small,high,bright,center
002_20200629_202537(0),2,0.59773,0.518201,0.028409,0.03012,9.9999039997952,0.40227,8.023333333333326,117.58333333333333,1,352x332,6,team,heo,3,3,small,high,bright,center
002_20200629_202541(5),0,0.596203,0.435829,0.028409,0.03012,9.9999039997952,0.40379699999999996,3.8887179487179395,116.44871794871794,1,352x332,6,team,heo,3,3,small,mid,bright,center
002_20200629_202541(5),1,0.600596,0.500372,0.028409,0.03012,9.9999039997952,0.399404,0.40179487179487694,113.12820512820512,1,352x332,6,team,heo,3,3,small,low,bright,center
002_20200629_202541(5),2,0.6075,0.578222,0.028409,0.03012,9.9999039997952,0.39249999999999996,0.5053846153846138,115.86538461538461,1,352x332,6,team,heo,3,3,small,low,bright,center
002_20200629_202546(0),0,0.618307,0.397944,0.028409,0.03012,9.9999039997952,0.38169299999999995,5.677948717948709,114.96794871794872,1,352x332,6,team,heo,3,3,small,high,bright,center
002_20200629_202546(0),1,0.624682,0.466279,0.028409,0.03012,9.9999039997952,0.37531800000000004,2.6294871794871852,114.42948717948718,1,352x332,6,team,heo,3,3,small,mid,bright,center
002_20200629_202546(0),2,0.633181,0.545126,0.028409,0.03012,9.9999039997952,0.366819,1.2951282051282078,117.7051282051282,1,352x332,6,team,heo,3,3,small,low,bright,center
002_20200629_202550(6),0,0.595013,0.345337,0.028409,0.03012,9.9999039997952,0.345337,7.056666666666672,117.16666666666667,1,352x332,6,team,heo,3,3,small,high,bright,center
002_20200629_202550(6),1,0.600122,0.411109,0.028409,0.03012,9.9999039997952,0.39987799999999996,4.411282051282058,114.55128205128206,1,352x332,6,team,heo,3,3,small,mid,bright,center
002_20200629_202550(6),2,0.61034,0.490036,0.028409,0.03012,9.9999039997952,0.38966,0.12538461538461831,119.61538461538461,1,352x332,6,team,heo,3,3,small,low,bright,center
002_20200630_002731(0),0,0.606369,0.402152,0.028409,0.03012,9.9999039997952,0.39363099999999995,8.500769230769222,114.48076923076923,1,352x332,6,team,lee,3,3,small,high,bright,center
002_20200630_002731(0),1,0.608689,0.471636,0.028409,0.03012,9.9999039997952,0.39131099999999996,2.6297435897435975,110.83974358974359,1,352x332,6,team,lee,3,3,small,mid,bright,center
002_20200630_002731(0),2,0.611589,0.555263,0.028409,0.03012,9.9999039997952,0.38841099999999995,3.0717948717948786,114.37179487179488,1,352x332,6,team,lee,3,3,small,mid,bright,center
002_20200630_002735(3),0,0.603783,0.40811,0.028409,0.03012,9.9999039997952,0.39621700000000004,3.785641025641027,112.77564102564102,1,352x332,6,team,lee,3,3,small,mid,bright,center
002_20200630_002735(3),1,0.600883,0.555073,0.028409,0.03012,9.9999039997952,0.39911700000000006,0.9028205128205116,114.51282051282051,1,352x332,6,team,lee,3,3,small,low,bright,center
002_20200630_002735(3),2,0.602043,0.472676,0.028409,0.03012,9.9999039997952,0.397957,1.6607692307692332,112.23076923076923,1,352x332,6,team,lee,3,3,small,low,bright,center
002_20200630_002739(8),0,0.618792,0.400131,0.028409,0.03012,9.9999039997952,0.381208,5.578974358974364,113.35897435897436,1,352x332,6,team,lee,3,3,small,high,bright,center
002_20200630_002739(8),1,0.610673,0.543404,0.028409,0.03012,9.9999039997952,0.389327,1.3789743589743608,115.10897435897436,1,352x332,6,team,lee,3,3,small,low,bright,center
002_20200630_002739(8),2,0.615893,0.464696,0.028409,0.03012,9.9999039997952,0.384107,2.6694871794871773,111.42948717948718,1,352x332,6,team,lee,3,3,small,mid,bright,center
002_20200630_002744(3),0,0.578531,0.34652,0.028409,0.03012,9.9999039997952,0.34652,6.813333333333333,110.58333333333333,1,352x332,6,team,lee,3,3,small,high,bright,center
002_20200630_002744(3),1,0.59129,0.417849,0.028409,0.03012,9.9999039997952,0.40871,1.7848717948717905,106.2948717948718,1,352x332,6,team,lee,3,3,small,low,bright,center
002_20200630_002744(3),2,0.60521,0.514389,0.028409,0.03012,9.9999039997952,0.39479,5.5912820512820645,118.30128205128206,1,352x332,6,team,lee,3,3,small,high,bright,center
002_20200630_002748(7),0,0.553546,0.394749,0.028409,0.03012,9.9999039997952,0.394749,8.810000000000002,112.0,1,352x332,6,team,lee,3,3,small,high,bright,center
002_20200630_002748(7),1,0.565725,0.467923,0.028409,0.03012,9.9999039997952,0.43427499999999997,2.6487179487179446,107.69871794871794,1,352x332,6,team,lee,3,3,small,mid,bright,center
002_20200630_002748(7),2,0.579644,0.570612,0.028409,0.03012,9.9999039997952,0.42035599999999995,5.672820512820508,114.01282051282051,1,352x332,6,team,lee,3,3,small,high,bright,center
002_20200630_002753(4),0,0.574993,0.356195,0.028409,0.03012,9.9999039997952,0.356195,7.652307692307687,109.9423076923077,1,352x332,6,team,lee,3,3,small,high,bright,center
002_20200630_002753(4),1,0.596858,0.526462,0.028409,0.03012,9.9999039997952,0.403142,4.86333333333333,115.33333333333333,1,352x332,6,team,lee,3,3,small,high,bright,center
002_20200630_002753(4),2,0.581779,0.42654,0.028409,0.03012,9.9999039997952,0.41822099999999995,2.782564102564109,106.3525641025641,1,352x332,6,team,lee,3,3,small,mid,bright,center
002_20200630_042952(6),0,0.570165,0.475922,0.028409,0.03012,9.9999039997952,0.42983499999999997,9.714615384615385,112.88461538461539,1,352x332,6,team,jung,3,3,small,high,bright,center
002_20200630_042952(6),1,0.577415,0.548603,0.028409,0.03012,9.9999039997952,0.422585,3.3271794871794924,105.73717948717949,1,352x332,6,team,jung,3,3,small,mid,bright,center
002_20200630_042952(6),2,0.592576,0.645745,0.028409,0.03012,9.9999039997952,0.354255,4.13102564102563,110.64102564102564,1,352x332,6,team,jung,3,3,small,mid,bright,center
002_20200630_042956(9),0,0.560611,0.34729,0.028409,0.03012,9.9999039997952,0.34729,6.7846153846153925,109.63461538461539,1,352x332,6,team,jung,3,3,small,high,bright,center
002_20200630_042956(9),1,0.563906,0.419971,0.028409,0.03012,9.9999039997952,0.419971,3.878974358974361,105.35897435897436,1,352x332,6,team,jung,3,3,small,mid,bright,center
002_20200630_042956(9),2,0.573134,0.517811,0.028409,0.03012,9.9999039997952,0.42686599999999997,6.786923076923074,114.82692307692308,1,352x332,6,team,jung,3,3,small,high,bright,center
002_20200630_043001(5),0,0.554308,0.380655,0.028409,0.03012,9.9999039997952,0.380655,8.235384615384618,109.61538461538461,1,352x332,6,team,jung,3,3,small,high,bright,center
002_20200630_043001(5),1,0.5609,0.455379,0.028409,0.03012,9.9999039997952,0.43910000000000005,3.2820512820512846,105.78205128205128,1,352x332,6,team,jung,3,3,small,mid,bright,center
002_20200630_043001(5),2,0.571547,0.551607,0.028409,0.03012,9.9999039997952,0.428453,6.192051282051281,111.03205128205128,1,352x332,6,team,jung,3,3,small,high,bright,center
002_20200630_043009(0),0,0.602203,0.412148,0.028409,0.03012,9.9999039997952,0.39779699999999996,6.561282051282063,113.30128205128206,1,352x332,6,team,jung,3,3,small,high,bright,center
002_20200630_043009(0),1,0.60484,0.473647,0.028409,0.03012,9.9999039997952,0.39515999999999996,2.9948717948717984,112.7948717948718,1,352x332,6,team,jung,3,3,small,mid,bright,center
002_20200630_043009(0),2,0.607476,0.555413,0.028409,0.03012,9.9999039997952,0.392524,0.7458974358974331,114.43589743589743,1,352x332,6,team,jung,3,3,small,low,bright,center
002_20200630_043018(1),0,0.613424,0.515552,0.028409,0.03012,9.9999039997952,0.38657600000000003,6.664615384615388,114.88461538461539,1,352x332,6,team,jung,3,3,small,high,bright,center
002_20200630_043018(1),1,0.618494,0.580599,0.028409,0.03012,9.9999039997952,0.381506,1.0446153846153834,111.38461538461539,1,352x332,6,team,jung,3,3,small,low,bright,center
002_20200630_043018(1),2,0.625086,0.659624,0.028409,0.03012,9.9999039997952,0.340376,0.8107692307692247,113.23076923076923,1,352x332,6,team,jung,3,3,small,low,bright,center
002_20200630_043022(7),0,0.617891,0.325748,0.028409,0.03012,9.9999039997952,0.325748,7.445897435897436,110.68589743589743,1,352x332,6,team,jung,3,3,small,high,bright,center
002_20200630_043022(7),1,0.611299,0.392839,0.028409,0.03012,9.9999039997952,0.38870099999999996,4.733076923076922,109.42307692307692,1,352x332,6,team,jung,3,3,small,mid,bright,center
002_20200630_043022(7),2,0.608663,0.47181,0.028409,0.03012,9.9999039997952,0.39133700000000005,3.276923076923083,114.82692307692308,1,352x332,6,team,jung,3,3,small,mid,bright,center
002_20200630_083021(2),0,0.577568,0.454127,0.028409,0.03012,9.9999039997952,0.42243200000000003,8.933333333333323,112.58333333333333,1,352x332,6,team,heo,3,3,small,high,bright,center
002_20200630_083021(2),1,0.582253,0.525084,0.028409,0.03012,9.9999039997952,0.417747,3.816666666666677,108.91666666666667,1,352x332,6,team,heo,3,3,small,mid,bright,center
002_20200630_083021(2),2,0.591623,0.621586,0.028409,0.03012,9.9999039997952,0.37841400000000003,6.640512820512811,112.82051282051282,1,352x332,6,team,heo,3,3,small,high,bright,center
002_20200630_083024(2),0,0.53736,0.511608,0.028409,0.03012,9.9999039997952,0.46264000000000005,9.031794871794872,115.12179487179488,1,352x332,6,team,heo,3,3,small,high,bright,center
002_20200630_083024(2),1,0.554228,0.577396,0.028409,0.03012,9.9999039997952,0.422604,2.8887179487179395,106.69871794871794,1,352x332,6,team,heo,3,3,small,mid,bright,center
002_20200630_083024(2),2,0.577722,0.671925,0.028409,0.03012,9.9999039997952,0.328075,6.366153846153836,113.09615384615384,1,352x332,6,team,heo,3,3,small,high,bright,center
002_20200630_083028(7),0,0.584596,0.415635,0.028409,0.03012,9.9999039997952,0.415404,6.011282051282052,110.30128205128206,1,352x332,6,team,heo,3,3,small,high,bright,center
002_20200630_083028(7),1,0.586805,0.488999,0.028409,0.03012,9.9999039997952,0.413195,2.255897435897424,108.68589743589743,1,352x332,6,team,heo,3,3,small,low,bright,center
002_20200630_083028(7),2,0.590485,0.588899,0.028409,0.03012,9.9999039997952,0.40951499999999996,5.435384615384606,112.61538461538461,1,352x332,6,team,heo,3,3,small,high,bright,center
002_20200630_083033(2),0,0.578219,0.386413,0.028409,0.03012,9.9999039997952,0.386413,6.535897435897425,110.68589743589743,1,352x332,6,team,heo,3,3,small,high,bright,center
002_20200630_083033(2),1,0.574943,0.462828,0.028409,0.03012,9.9999039997952,0.425057,3.3446153846153805,108.13461538461539,1,352x332,6,team,heo,3,3,small,mid,bright,center
002_20200630_083033(2),2,0.570029,0.558346,0.028409,0.03012,9.9999039997952,0.429971,5.591794871794875,113.87179487179488,1,352x332,6,team,heo,3,3,small,high,bright,center
002_20200630_083037(7),0,0.575307,0.440625,0.028409,0.03012,9.9999039997952,0.424693,6.9710256410256335,111.89102564102564,1,352x332,6,team,heo,3,3,small,high,bright,center
002_20200630_083037(7),1,0.576122,0.509743,0.028409,0.03012,9.9999039997952,0.423878,0.903589743589734,107.99358974358974,1,352x332,6,team,heo,3,3,small,low,bright,center
002_20200630_083037(7),2,0.578566,0.611692,0.028409,0.03012,9.9999039997952,0.388308,4.163589743589739,111.99358974358974,1,352x332,6,team,heo,3,3,small,mid,bright,center
002_20200630_083042(2),0,0.578882,0.434774,0.028409,0.03012,9.9999039997952,0.421118,7.610512820512824,110.82051282051282,1,352x332,6,team,heo,3,3,small,high,bright,center
002_20200630_083042(2),1,0.578157,0.507749,0.028409,0.03012,9.9999039997952,0.42184299999999997,0.8953846153846143,108.11538461538461,1,352x332,6,team,heo,3,3,small,low,bright,center
002_20200630_083042(2),2,0.577433,0.607609,0.028409,0.03012,9.9999039997952,0.39239100000000005,5.533589743589744,112.49358974358974,1,352x332,6,team,heo,3,3,small,high,bright,center
002_20200630_123220(5),0,0.568735,0.621213,0.028409,0.03012,9.9999039997952,0.378787,12.347179487179488,113.23717948717949,1,352x332,6,team,lee,3,3,small,high,bright,center
002_20200630_123220(5),1,0.583061,0.693956,0.028409,0.03012,9.9999039997952,0.306044,1.160512820512821,107.57051282051282,1,352x332,6,team,lee,3,3,small,low,bright,center
002_20200630_123220(5),2,0.600402,0.79148,0.028409,0.03012,9.9999039997952,0.20852000000000004,5.193076923076916,115.17307692307692,1,352x332,6,team,lee,3,3,small,high,bright,center
002_20200630_123224(9),0,0.590449,0.428088,0.028409,0.03012,9.9999039997952,0.409551,7.1387179487179395,110.44871794871794,1,352x332,6,team,lee,3,3,small,high,bright,center
002_20200630_123224(9),1,0.592711,0.500032,0.028409,0.03012,9.9999039997952,0.407289,1.1041025641025755,108.31410256410257,1,352x332,6,team,lee,3,3,small,low,bright,center
002_20200630_123224(9),2,0.600251,0.603152,0.028409,0.03012,9.9999039997952,0.396848,4.523333333333326,113.33333333333333,1,352x332,6,team,lee,3,3,small,mid,bright,center
002_20200630_123229(5),0,0.550333,0.510791,0.028409,0.03012,9.9999039997952,0.44966700000000004,8.972307692307695,113.6923076923077,1,352x332,6,team,lee,3,3,small,high,bright,center
002_20200630_123229(5),1,0.564252,0.584579,0.028409,0.03012,9.9999039997952,0.41542100000000004,1.8335897435897408,106.74358974358974,1,352x332,6,team,lee,3,3,small,low,bright,center
002_20200630_123229(5),2,0.576431,0.681735,0.028409,0.03012,9.9999039997952,0.318265,6.311282051282063,115.30128205128206,1,352x332,6,team,lee,3,3,small,high,bright,center
002_20200630_123234(0),0,0.585088,0.474654,0.028409,0.03012,9.9999039997952,0.41491199999999995,8.23615384615384,112.09615384615384,1,352x332,6,team,lee,3,3,small,high,bright,center
002_20200630_123234(0),1,0.589231,0.551956,0.028409,0.03012,9.9999039997952,0.41076900000000005,3.0146153846153823,107.13461538461539,1,352x332,6,team,lee,3,3,small,mid,bright,center
002_20200630_123234(0),2,0.59503,0.649463,0.028409,0.03012,9.9999039997952,0.350537,7.128974358974361,112.60897435897436,1,352x332,6,team,lee,3,3,small,high,bright,center
002_20200630_123238(5),0,0.584041,0.444107,0.028409,0.03012,9.9999039997952,0.41595899999999997,9.256923076923087,112.32692307692308,1,352x332,6,team,lee,3,3,small,high,bright,center
002_20200630_123238(5),1,0.594596,0.516051,0.028409,0.03012,9.9999039997952,0.405404,3.488461538461536,108.28846153846153,1,352x332,6,team,lee,3,3,small,mid,bright,center
002_20200630_123238(5),2,0.605152,0.618371,0.028409,0.03012,9.9999039997952,0.381629,5.754871794871789,111.2948717948718,1,352x332,6,team,lee,3,3,small,high,bright,center
002_20200630_123243(0),0,0.582457,0.45169,0.028409,0.03012,9.9999039997952,0.417543,9.978205128205119,111.87820512820512,1,352x332,6,team,lee,3,3,small,high,bright,center
002_20200630_123243(0),1,0.585398,0.526512,0.028409,0.03012,9.9999039997952,0.414602,3.500256410256412,107.41025641025641,1,352x332,6,team,lee,3,3,small,mid,bright,center
002_20200630_123243(0),2,0.590299,0.627314,0.028409,0.03012,9.9999039997952,0.37268599999999996,5.878974358974361,111.85897435897436,1,352x332,6,team,lee,3,3,small,high,bright,center
002_20200630_163223(6),0,0.591525,0.480726,0.028409,0.03012,9.9999039997952,0.40847500000000003,6.836410256410261,121.75641025641026,1,352x332,6,team,jung,3,3,small,high,bright,center
002_20200630_163223(6),1,0.593502,0.545021,0.028409,0.03012,9.9999039997952,0.406498,2.036666666666676,116.41666666666667,1,352x332,6,team,jung,3,3,small,low,bright,center
002_20200630_163223(6),2,0.600753,0.623293,0.028409,0.03012,9.9999039997952,0.376707,1.1848717948717962,116.5448717948718,1,352x332,6,team,jung,3,3,small,low,bright,center
002_20200630_163227(9),0,0.59983,0.439086,0.028409,0.03012,9.9999039997952,0.40017,5.171794871794873,117.87179487179488,1,352x332,6,team,jung,3,3,small,high,bright,center
002_20200630_163227(9),1,0.601148,0.502682,0.028409,0.03012,9.9999039997952,0.398852,2.126410256410267,117.25641025641026,1,352x332,6,team,jung,3,3,small,low,bright,center
002_20200630_163227(9),2,0.60774,0.583051,0.028409,0.03012,9.9999039997952,0.39226000000000005,2.897435897435898,117.6474358974359,1,352x332,6,team,jung,3,3,small,mid,bright,center
002_20200630_163232(4),0,0.607091,0.559002,0.028409,0.03012,9.9999039997952,0.39290899999999995,0.9351282051282084,114.4551282051282,1,352x332,6,team,jung,3,3,small,low,bright,center
002_20200630_163232(4),1,0.606584,0.494492,0.028409,0.03012,9.9999039997952,0.393416,3.25,118.0,1,352x332,6,team,jung,3,3,small,mid,bright,center
002_20200630_163232(4),2,0.609119,0.638564,0.028409,0.03012,9.9999039997952,0.361436,1.7356410256410157,115.27564102564102,1,352x332,6,team,jung,3,3,small,low,bright,center
002_20200630_163237(0),0,0.616953,0.43389,0.028409,0.03012,9.9999039997952,0.383047,5.896153846153837,114.59615384615384,1,352x332,6,team,jung,3,3,small,high,bright,center
002_20200630_163237(0),1,0.617967,0.497325,0.028409,0.03012,9.9999039997952,0.38203299999999996,1.4656410256410197,114.02564102564102,1,352x332,6,team,jung,3,3,small,low,bright,center
002_20200630_163237(0),2,0.624671,0.577902,0.028409,0.03012,9.9999039997952,0.375329,0.6935897435897402,115.24358974358974,1,352x332,6,team,jung,3,3,small,low,bright,center
002_20200630_163241(3),0,0.602362,0.443506,0.028409,0.03012,9.9999039997952,0.39763800000000005,3.2389743589743603,111.60897435897436,1,352x332,6,team,jung,3,3,small,mid,bright,center
002_20200630_163241(3),1,0.603883,0.506941,0.028409,0.03012,9.9999039997952,0.39611700000000005,1.1502564102564037,113.91025641025641,1,352x332,6,team,jung,3,3,small,low,bright,center
002_20200630_163241(3),2,0.608446,0.588653,0.028409,0.03012,9.9999039997952,0.39155399999999996,1.4297435897435946,114.08974358974359,1,352x332,6,team,jung,3,3,small,low,bright,center
002_20200630_163246(0),0,0.598116,0.440589,0.028409,0.03012,9.9999039997952,0.401884,3.4494871794871784,111.17948717948718,1,352x332,6,team,jung,3,3,small,mid,bright,center
002_20200630_163246(0),1,0.606026,0.500691,0.028409,0.03012,9.9999039997952,0.39397400000000005,3.5630769230769204,114.42307692307692,1,352x332,6,team,jung,3,3,small,mid,bright,center
002_20200630_163246(0),2,0.617232,0.58106,0.028409,0.03012,9.9999039997952,0.382768,0.018717948717934974,113.44871794871794,1,352x332,6,team,jung,3,3,small,low,bright,center
002_20200630_202821(1),0,0.562836,0.432368,0.028409,0.03012,9.9999039997952,0.432368,7.5425641025641,113.6025641025641,1,352x332,6,team,heo,3,3,small,high,bright,center
002_20200630_202821(1),1,0.57573,0.498156,0.028409,0.03012,9.9999039997952,0.42427000000000004,0.9817948717948752,109.12179487179488,1,352x332,6,team,heo,3,3,small,low,bright,center
002_20200630_202821(1),2,0.59507,0.592993,0.028409,0.03012,9.9999039997952,0.40493,7.728717948717943,116.19871794871794,1,352x332,6,team,heo,3,3,small,high,bright,center
002_20200630_202825(8),0,0.547038,0.524514,0.028409,0.03012,9.9999039997952,0.452962,7.450769230769225,115.23076923076923,1,352x332,6,team,heo,3,3,small,high,bright,center
002_20200630_202825(8),1,0.556551,0.597644,0.028409,0.03012,9.9999039997952,0.40235600000000005,3.3058974358974353,107.43589743589743,1,352x332,6,team,heo,3,3,small,mid,bright,center
002_20200630_202825(8),2,0.5732,0.692208,0.028409,0.03012,9.9999039997952,0.30779199999999995,4.32692307692308,118.07692307692308,1,352x332,6,team,heo,3,3,small,mid,bright,center
002_20200630_202830(0),0,0.561939,0.429669,0.028409,0.03012,9.9999039997952,0.429669,6.370512820512815,112.32051282051282,1,352x332,6,team,heo,3,3,small,high,bright,center
002_20200630_202830(0),1,0.559819,0.499356,0.028409,0.03012,9.9999039997952,0.44018100000000004,2.184871794871796,110.2948717948718,1,352x332,6,team,heo,3,3,small,low,bright,center
002_20200630_202830(0),2,0.562646,0.596019,0.028409,0.03012,9.9999039997952,0.40398100000000003,5.412307692307692,116.1923076923077,1,352x332,6,team,heo,3,3,small,high,bright,center
002_20200630_202834(7),0,0.606293,0.284692,0.028409,0.03012,9.9999039997952,0.284692,4.535897435897425,114.68589743589743,1,352x332,6,team,heo,3,3,small,mid,bright,center
002_20200630_202834(7),1,0.608425,0.350217,0.028409,0.03012,9.9999039997952,0.350217,3.285641025641027,111.52564102564102,1,352x332,6,team,heo,3,3,small,mid,bright,center
002_20200630_202834(7),2,0.611621,0.431557,0.028409,0.03012,9.9999039997952,0.38837900000000003,1.054102564102564,116.31410256410257,1,352x332,6,team,heo,3,3,small,low,bright,center
002_20200630_202839(2),0,0.594448,0.593552,0.028409,0.03012,9.9999039997952,0.405552,7.340512820512814,114.57051282051282,1,352x332,6,team,heo,3,3,small,high,bright,center
002_20200630_202839(2),1,0.602551,0.656031,0.028409,0.03012,9.9999039997952,0.34396899999999997,3.8233333333333235,114.08333333333333,1,352x332,6,team,heo,3,3,small,mid,bright,center
002_20200630_202839(2),2,0.61581,0.734911,0.028409,0.03012,9.9999039997952,0.265089,0.23923076923077247,119.01923076923077,1,352x332,6,team,heo,3,3,small,low,bright,center
002_20200630_202843(7),0,0.601462,0.497975,0.028409,0.03012,9.9999039997952,0.39853799999999995,2.970256410256411,116.91025641025641,1,352x332,6,team,heo,3,3,small,mid,bright,center
002_20200630_202843(7),1,0.604841,0.563177,0.028409,0.03012,9.9999039997952,0.39515900000000004,1.1299999999999955,114.0,1,352x332,6,team,heo,3,3,small,low,bright,center
002_20200630_202843(7),2,0.610923,0.643426,0.028409,0.03012,9.9999039997952,0.35657399999999995,2.888974358974366,117.85897435897436,1,352x332,6,team,heo,3,3,small,mid,bright,center
002_20200701_003844(7),0,0.569707,0.371423,0.028409,0.03012,9.9999039997952,0.371423,7.015897435897429,113.18589743589743,1,352x332,7,team,jung,3,3,small,high,bright,center
002_20200701_003844(7),1,0.57498,0.444104,0.028409,0.03012,9.9999039997952,0.42501999999999995,3.612307692307695,109.9423076923077,1,352x332,7,team,jung,3,3,small,mid,bright,center
002_20200701_003844(7),2,0.58289,0.541944,0.028409,0.03012,9.9999039997952,0.41711,7.109743589743587,118.83974358974359,1,352x332,7,team,jung,3,3,small,high,bright,center
002_20200701_003849(2),0,0.5829,0.293776,0.028409,0.03012,9.9999039997952,0.293776,6.3033333333333275,113.58333333333333,1,352x332,7,team,jung,3,3,small,high,bright,center
002_20200701_003849(2),1,0.576816,0.367962,0.028409,0.03012,9.9999039997952,0.367962,3.2517948717948713,108.12179487179488,1,352x332,7,team,jung,3,3,small,mid,bright,center
002_20200701_003849(2),2,0.574787,0.466878,0.028409,0.03012,9.9999039997952,0.42521299999999995,6.239743589743597,117.33974358974359,1,352x332,7,team,jung,3,3,small,high,bright,center
002_20200701_003853(8),0,0.55982,0.388879,0.028409,0.03012,9.9999039997952,0.388879,9.081538461538472,113.21153846153847,1,352x332,7,team,jung,3,3,small,high,bright,center
002_20200701_003853(8),1,0.569048,0.460163,0.028409,0.03012,9.9999039997952,0.430952,2.9751282051282004,108.9551282051282,1,352x332,7,team,jung,3,3,small,mid,bright,center
002_20200701_003853(8),2,0.583549,0.557304,0.028409,0.03012,9.9999039997952,0.416451,6.739999999999995,116.75,1,352x332,7,team,jung,3,3,small,high,bright,center
002_20200701_003858(2),0,0.590506,0.405279,0.028409,0.03012,9.9999039997952,0.405279,5.0248717948718,115.5448717948718,1,352x332,7,team,jung,3,3,small,high,bright,center
002_20200701_003858(2),1,0.600646,0.470864,0.028409,0.03012,9.9999039997952,0.399354,3.9656410256410197,117.02564102564102,1,352x332,7,team,jung,3,3,small,mid,bright,center
002_20200701_003858(2),2,0.610787,0.548276,0.028409,0.03012,9.9999039997952,0.38921300000000003,1.0484615384615381,117.28846153846153,1,352x332,7,team,jung,3,3,small,low,bright,center
002_20200701_003902(7),0,0.615873,0.439795,0.028409,0.03012,9.9999039997952,0.384127,5.25,116.0,1,352x332,7,team,jung,3,3,small,high,bright,center
002_20200701_003902(7),1,0.622464,0.504305,0.028409,0.03012,9.9999039997952,0.377536,2.5502564102564094,117.16025641025641,1,352x332,7,team,jung,3,3,small,mid,bright,center
002_20200701_003902(7),2,0.633112,0.582255,0.028409,0.03012,9.9999039997952,0.366888,0.19769230769230717,115.8076923076923,1,352x332,7,team,jung,3,3,small,low,bright,center
002_20200701_003907(0),0,0.588685,0.40575,0.028409,0.03012,9.9999039997952,0.40575,6.180000000000007,115.0,1,352x332,7,team,jung,3,3,small,high,bright,center
002_20200701_003907(0),1,0.595784,0.470798,0.028409,0.03012,9.9999039997952,0.404216,1.2930769230769243,114.67307692307692,1,352x332,7,team,jung,3,3,small,low,bright,center
002_20200701_003907(0),2,0.603896,0.547135,0.028409,0.03012,9.9999039997952,0.396104,0.9353846153846064,117.11538461538461,1,352x332,7,team,jung,3,3,small,low,bright,center
002_20200701_042952(8),0,0.555449,0.396892,0.028409,0.03012,9.9999039997952,0.396892,6.380769230769232,112.48076923076923,1,352x332,7,team,jung,3,3,small,high,bright,center
002_20200701_042952(8),1,0.564334,0.470385,0.028409,0.03012,9.9999039997952,0.435666,3.252564102564108,112.1025641025641,1,352x332,7,team,jung,3,3,small,mid,bright,center
002_20200701_042952(8),2,0.579545,0.566612,0.028409,0.03012,9.9999039997952,0.420455,6.24179487179488,117.87179487179488,1,352x332,7,team,jung,3,3,small,high,bright,center
002_20200701_042957(2),0,0.562786,0.399609,0.028409,0.03012,9.9999039997952,0.399609,6.016153846153841,112.09615384615384,1,352x332,7,team,jung,3,3,small,high,bright,center
002_20200701_042957(2),1,0.568059,0.471591,0.028409,0.03012,9.9999039997952,0.431941,3.120769230769227,110.73076923076923,1,352x332,7,team,jung,3,3,small,mid,bright,center
002_20200701_042957(2),2,0.579924,0.568034,0.028409,0.03012,9.9999039997952,0.420076,6.643589743589743,116.49358974358974,1,352x332,7,team,jung,3,3,small,high,bright,center
002_20200701_043001(6),0,0.556722,0.354284,0.028409,0.03012,9.9999039997952,0.354284,7.543333333333322,111.58333333333333,1,352x332,7,team,jung,3,3,small,high,bright,center
002_20200701_043001(6),1,0.562654,0.428363,0.028409,0.03012,9.9999039997952,0.428363,3.427692307692311,110.8076923076923,1,352x332,7,team,jung,3,3,small,mid,bright,center
002_20200701_043001(6),2,0.574519,0.522709,0.028409,0.03012,9.9999039997952,0.425481,6.526153846153846,118.34615384615384,1,352x332,7,team,jung,3,3,small,high,bright,center
002_20200701_043006(4),0,0.60164,0.413611,0.028409,0.03012,9.9999039997952,0.39836000000000005,4.366666666666674,114.66666666666667,1,352x332,7,team,jung,3,3,small,mid,bright,center
002_20200701_043006(4),1,0.600626,0.478121,0.028409,0.03012,9.9999039997952,0.399374,3.3574358974358915,114.6474358974359,1,352x332,7,team,jung,3,3,small,mid,bright,center
002_20200701_043006(4),2,0.602147,0.556608,0.028409,0.03012,9.9999039997952,0.397853,0.8794871794871852,115.92948717948718,1,352x332,7,team,jung,3,3,small,low,bright,center
002_20200701_043010(8),0,0.613079,0.326641,0.028409,0.03012,9.9999039997952,0.326641,3.650769230769228,112.98076923076923,1,352x332,7,team,jung,3,3,small,mid,bright,center
002_20200701_043010(8),1,0.613738,0.390936,0.028409,0.03012,9.9999039997952,0.386262,2.0730769230769255,109.92307692307692,1,352x332,7,team,jung,3,3,small,low,bright,center
002_20200701_043010(8),2,0.619011,0.469907,0.028409,0.03012,9.9999039997952,0.380989,0.8733333333333348,114.58333333333333,1,352x332,7,team,jung,3,3,small,low,bright,center
002_20200701_043015(3),0,0.600291,0.393892,0.028409,0.03012,9.9999039997952,0.393892,6.231025641025639,113.89102564102564,1,352x332,7,team,jung,3,3,small,high,bright,center
002_20200701_043015(3),1,0.607542,0.460284,0.028409,0.03012,9.9999039997952,0.392458,1.2925641025641,111.6025641025641,1,352x332,7,team,jung,3,3,small,low,bright,center
002_20200701_043015(3),2,0.616111,0.537158,0.028409,0.03012,9.9999039997952,0.38388900000000004,0.7456410256410209,116.02564102564102,1,352x332,7,team,jung,3,3,small,low,bright,center
002_20200701_083109(4),0,0.552827,0.452585,0.028409,0.03012,9.9999039997952,0.44717300000000004,9.759230769230768,114.26923076923077,1,352x332,7,team,lee,3,3,small,high,bright,center
002_20200701_083109(4),1,0.56112,0.528526,0.028409,0.03012,9.9999039997952,0.43888000000000005,2.5874358974358955,109.8974358974359,1,352x332,7,team,lee,3,3,small,mid,bright,center
002_20200701_083109(4),2,0.57243,0.620455,0.028409,0.03012,9.9999039997952,0.379545,6.283589743589744,114.74358974358974,1,352x332,7,team,lee,3,3,small,high,bright,center
002_20200701_083113(8),0,0.560511,0.414674,0.028409,0.03012,9.9999039997952,0.414674,11.0851282051282,113.9551282051282,1,352x332,7,team,lee,3,3,small,high,bright,center
002_20200701_083113(8),1,0.575011,0.483544,0.028409,0.03012,9.9999039997952,0.42498899999999995,5.28153846153846,110.71153846153847,1,352x332,7,team,lee,3,3,small,high,bright,center
002_20200701_083113(8),2,0.596469,0.578239,0.028409,0.03012,9.9999039997952,0.403531,6.258461538461532,115.28846153846153,1,352x332,7,team,lee,3,3,small,high,bright,center
002_20200701_083121(4),0,0.551093,0.382877,0.028409,0.03012,9.9999039997952,0.382877,6.692820512820518,111.26282051282051,1,352x332,7,team,lee,3,3,small,high,bright,center
002_20200701_083121(4),1,0.557124,0.456419,0.028409,0.03012,9.9999039997952,0.44287600000000005,3.9448717948718013,108.5448717948718,1,352x332,7,team,lee,3,3,small,mid,bright,center
002_20200701_083121(4),2,0.572957,0.556342,0.028409,0.03012,9.9999039997952,0.42704299999999995,4.564358974358981,115.97435897435898,1,352x332,7,team,lee,3,3,small,mid,bright,center
002_20200701_083126(0),0,0.580329,0.447306,0.028409,0.03012,9.9999039997952,0.419671,12.823846153846162,115.40384615384616,1,352x332,7,team,lee,3,3,small,high,bright,center
002_20200701_083126(0),1,0.590271,0.520217,0.028409,0.03012,9.9999039997952,0.409729,3.062307692307698,110.6923076923077,1,352x332,7,team,lee,3,3,small,mid,bright,center
002_20200701_083126(0),2,0.602699,0.617723,0.028409,0.03012,9.9999039997952,0.382277,4.193076923076916,113.92307692307692,1,352x332,7,team,lee,3,3,small,mid,bright,center
002_20200701_083130(4),0,0.557732,0.473909,0.028409,0.03012,9.9999039997952,0.442268,10.823076923076925,115.17307692307692,1,352x332,7,team,lee,3,3,small,high,bright,center
002_20200701_083130(4),1,0.567675,0.543306,0.028409,0.03012,9.9999039997952,0.43232499999999996,1.8756410256410163,108.52564102564102,1,352x332,7,team,lee,3,3,small,low,bright,center
002_20200701_083130(4),2,0.58176,0.641691,0.028409,0.03012,9.9999039997952,0.358309,4.191025641025632,113.89102564102564,1,352x332,7,team,lee,3,3,small,mid,bright,center
002_20200701_083142(6),0,0.581106,0.452888,0.028409,0.03012,9.9999039997952,0.418894,7.91205128205128,113.28205128205128,1,352x332,7,team,lee,3,3,small,high,bright,center
002_20200701_083142(6),1,0.590386,0.521758,0.028409,0.03012,9.9999039997952,0.40961400000000003,3.329743589743586,109.58974358974359,1,352x332,7,team,lee,3,3,small,mid,bright,center
002_20200701_083142(6),2,0.608945,0.620143,0.028409,0.03012,9.9999039997952,0.379857,4.715897435897432,114.68589743589743,1,352x332,7,team,lee,3,3,small,mid,bright,center
002_20200701_123318(7),0,0.549884,0.424837,0.028409,0.03012,9.9999039997952,0.424837,7.051282051282058,117.05128205128206,1,352x332,7,team,heo,3,3,small,high,bright,center
002_20200701_123318(7),1,0.566575,0.495622,0.028409,0.03012,9.9999039997952,0.43342499999999995,2.6169230769230865,111.57692307692308,1,352x332,7,team,heo,3,3,small,mid,bright,center
002_20200701_123318(7),2,0.591611,0.588528,0.028409,0.03012,9.9999039997952,0.408389,7.431538461538466,119.46153846153847,1,352x332,7,team,heo,3,3,small,high,bright,center
002_20200701_123321(8),0,0.539646,0.301343,0.028409,0.03012,9.9999039997952,0.301343,7.586410256410261,117.00641025641026,1,352x332,7,team,heo,3,3,small,high,bright,center
002_20200701_123321(8),1,0.562183,0.3644,0.028409,0.03012,9.9999039997952,0.3644,3.9161538461538328,108.34615384615384,1,352x332,7,team,heo,3,3,small,mid,bright,center
002_20200701_123321(8),2,0.595989,0.44936,0.028409,0.03012,9.9999039997952,0.404011,6.539487179487182,117.17948717948718,1,352x332,7,team,heo,3,3,small,high,bright,center
002_20200701_123325(0),0,0.567724,0.445637,0.028409,0.03012,9.9999039997952,0.432276,7.748205128205129,114.62820512820512,1,352x332,7,team,heo,3,3,small,high,bright,center
002_20200701_123325(0),1,0.574507,0.520741,0.028409,0.03012,9.9999039997952,0.425493,3.4141025641025635,110.06410256410257,1,352x332,7,team,heo,3,3,small,mid,bright,center
002_20200701_123325(0),2,0.585057,0.619815,0.028409,0.03012,9.9999039997952,0.380185,4.096410256410266,116.00641025641026,1,352x332,7,team,heo,3,3,small,mid,bright,center
002_20200701_123328(2),0,0.585089,0.390585,0.028409,0.03012,9.9999039997952,0.390585,7.022307692307692,112.4423076923077,1,352x332,7,team,heo,3,3,small,high,bright,center
002_20200701_123328(2),1,0.585822,0.464488,0.028409,0.03012,9.9999039997952,0.41417800000000005,3.7520512820512835,108.03205128205128,1,352x332,7,team,heo,3,3,small,mid,bright,center
002_20200701_123328(2),2,0.588757,0.561729,0.028409,0.03012,9.9999039997952,0.411243,8.428717948717946,116.69871794871794,1,352x332,7,team,heo,3,3,small,high,bright,center
002_20200701_123331(2),0,0.554217,0.365383,0.028409,0.03012,9.9999039997952,0.365383,9.640769230769223,114.23076923076923,1,352x332,7,team,heo,3,3,small,high,bright,center
002_20200701_123331(2),1,0.565201,0.439366,0.028409,0.03012,9.9999039997952,0.43479900000000005,2.5741025641025743,109.31410256410257,1,352x332,7,team,heo,3,3,small,mid,bright,center
002_20200701_123331(2),2,0.578769,0.5339,0.028409,0.03012,9.9999039997952,0.421231,5.132051282051279,117.53205128205128,1,352x332,7,team,heo,3,3,small,high,bright,center
002_20200701_123334(3),0,0.55283,0.410177,0.028409,0.03012,9.9999039997952,0.410177,8.8474358974359,114.3974358974359,1,352x332,7,team,heo,3,3,small,high,bright,center
002_20200701_123334(3),1,0.565957,0.487594,0.028409,0.03012,9.9999039997952,0.43404299999999996,3.049487179487187,111.42948717948718,1,352x332,7,team,heo,3,3,small,mid,bright,center
002_20200701_123334(3),2,0.582366,0.579799,0.028409,0.03012,9.9999039997952,0.41763399999999995,4.80641025641026,116.25641025641026,1,352x332,7,team,heo,3,3,small,mid,bright,center
002_20200701_163004(7),0,0.559618,0.439582,0.028409,0.03012,9.9999039997952,0.439582,9.132051282051279,114.53205128205128,1,352x332,7,team,jung,3,3,small,high,bright,center
002_20200701_163004(7),1,0.583348,0.505274,0.028409,0.03012,9.9999039997952,0.416652,4.11897435897437,111.35897435897436,1,352x332,7,team,jung,3,3,small,mid,bright,center
002_20200701_163004(7),2,0.618942,0.589137,0.028409,0.03012,9.9999039997952,0.381058,6.154615384615383,117.13461538461539,1,352x332,7,team,jung,3,3,small,high,bright,center
002_20200701_163017(3),0,0.589481,0.491755,0.028409,0.03012,9.9999039997952,0.41051899999999997,8.234615384615381,116.63461538461539,1,352x332,7,team,jung,3,3,small,high,bright,center
002_20200701_163017(3),1,0.594755,0.563737,0.028409,0.03012,9.9999039997952,0.40524499999999997,2.4112820512820576,109.05128205128206,1,352x332,7,team,jung,3,3,small,low,bright,center
002_20200701_163017(3),2,0.604642,0.663674,0.028409,0.03012,9.9999039997952,0.336326,4.988205128205124,118.87820512820512,1,352x332,7,team,jung,3,3,small,high,bright,center
002_20200701_163021(2),0,0.560937,0.505973,0.028409,0.03012,9.9999039997952,0.439063,9.382051282051279,118.03205128205128,1,352x332,7,team,jung,3,3,small,high,bright,center
002_20200701_163021(2),1,0.587962,0.565376,0.028409,0.03012,9.9999039997952,0.412038,4.049999999999997,109.75,1,352x332,7,team,jung,3,3,small,mid,bright,center
002_20200701_163021(2),2,0.627511,0.650637,0.028409,0.03012,9.9999039997952,0.349363,5.526153846153846,118.34615384615384,1,352x332,7,team,jung,3,3,small,high,bright,center
002_20200701_163024(9),0,0.561797,0.509957,0.028409,0.03012,9.9999039997952,0.438203,9.382820512820516,118.26282051282051,1,352x332,7,team,jung,3,3,small,high,bright,center
002_20200701_163024(9),1,0.586845,0.57565,0.028409,0.03012,9.9999039997952,0.41315500000000005,3.1330769230769135,109.67307692307692,1,352x332,7,team,jung,3,3,small,mid,bright,center
002_20200701_163024(9),2,0.621121,0.662308,0.028409,0.03012,9.9999039997952,0.337692,5.762307692307687,119.4423076923077,1,352x332,7,team,jung,3,3,small,high,bright,center
002_20200701_163029(1),0,0.544791,0.438493,0.028409,0.03012,9.9999039997952,0.438493,8.547692307692301,114.5576923076923,1,352x332,7,team,jung,3,3,small,high,bright,center
002_20200701_163029(1),1,0.566543,0.503487,0.028409,0.03012,9.9999039997952,0.433457,4.636153846153846,111.34615384615384,1,352x332,7,team,jung,3,3,small,mid,bright,center
002_20200701_163029(1),2,0.602137,0.593639,0.028409,0.03012,9.9999039997952,0.39786299999999997,7.791282051282053,120.05128205128206,1,352x332,7,team,jung,3,3,small,high,bright,center
002_20200701_163033(0),0,0.590598,0.516456,0.028409,0.03012,9.9999039997952,0.40940200000000004,7.644615384615392,115.63461538461539,1,352x332,7,team,jung,3,3,small,high,bright,center
002_20200701_163033(0),1,0.595872,0.590535,0.028409,0.03012,9.9999039997952,0.40412800000000004,2.511538461538464,107.46153846153847,1,352x332,7,team,jung,3,3,small,mid,bright,center
002_20200701_163033(0),2,0.606418,0.688375,0.028409,0.03012,9.9999039997952,0.31162500000000004,4.430000000000007,119.75,1,352x332,7,team,jung,3,3,small,mid,bright,center
002_20200701_203037(6),0,0.587062,0.391892,0.028409,0.03012,9.9999039997952,0.391892,9.027435897435893,111.8974358974359,1,352x332,7,team,lee,3,3,small,high,bright,center
002_20200701_203037(6),1,0.588222,0.465681,0.028409,0.03012,9.9999039997952,0.411778,3.723333333333329,108.58333333333333,1,352x332,7,team,lee,3,3,small,mid,bright,center
002_20200701_203037(6),2,0.594022,0.565296,0.028409,0.03012,9.9999039997952,0.40597799999999995,5.197692307692307,118.3076923076923,1,352x332,7,team,lee,3,3,small,high,bright,center
002_20200701_203040(8),0,0.569646,0.478783,0.028409,0.03012,9.9999039997952,0.430354,9.74230769230769,115.4423076923077,1,352x332,7,team,lee,3,3,small,high,bright,center
002_20200701_203040(8),1,0.574866,0.553187,0.028409,0.03012,9.9999039997952,0.425134,3.318461538461534,110.78846153846153,1,352x332,7,team,lee,3,3,small,mid,bright,center
002_20200701_203040(8),2,0.578345,0.650342,0.028409,0.03012,9.9999039997952,0.349658,4.808461538461529,117.53846153846153,1,352x332,7,team,lee,3,3,small,mid,bright,center
002_20200701_203043(9),0,0.569849,0.51041,0.028409,0.03012,9.9999039997952,0.43015099999999995,9.019487179487186,116.42948717948718,1,352x332,7,team,lee,3,3,small,high,bright,center
002_20200701_203043(9),1,0.560569,0.586659,0.028409,0.03012,9.9999039997952,0.41334099999999996,4.044358974358971,109.72435897435898,1,352x332,7,team,lee,3,3,small,mid,bright,center
002_20200701_203043(9),2,0.55187,0.680125,0.028409,0.03012,9.9999039997952,0.319875,4.725897435897437,119.68589743589743,1,352x332,7,team,lee,3,3,small,mid,bright,center
002_20200701_203046(9),0,0.613522,0.387718,0.028409,0.03012,9.9999039997952,0.386478,2.515897435897429,113.43589743589743,1,352x332,7,team,lee,3,3,small,mid,bright,center
002_20200701_203046(9),1,0.617983,0.449681,0.028409,0.03012,9.9999039997952,0.38201700000000005,1.9320512820512903,113.03205128205128,1,352x332,7,team,lee,3,3,small,low,bright,center
002_20200701_203046(9),2,0.62646,0.529146,0.028409,0.03012,9.9999039997952,0.37354,1.4325641025641005,116.8525641025641,1,352x332,7,team,lee,3,3,small,low,bright,center
002_20200701_203050(0),0,0.613897,0.498575,0.028409,0.03012,9.9999039997952,0.386103,3.6771794871794867,118.98717948717949,1,352x332,7,team,lee,3,3,small,mid,bright,center
002_20200701_203050(0),1,0.615637,0.56437,0.028409,0.03012,9.9999039997952,0.384363,0.7394871794871847,117.67948717948718,1,352x332,7,team,lee,3,3,small,low,bright,center
002_20200701_203050(0),2,0.615637,0.642463,0.028409,0.03012,9.9999039997952,0.357537,0.5189743589743614,119.60897435897436,1,352x332,7,team,lee,3,3,small,low,bright,center
002_20200701_203053(0),0,0.612633,0.508614,0.028409,0.03012,9.9999039997952,0.387367,4.254102564102567,119.31410256410257,1,352x332,7,team,lee,3,3,small,mid,bright,center
002_20200701_203053(0),1,0.61754,0.571996,0.028409,0.03012,9.9999039997952,0.38246,3.292820512820512,117.26282051282051,1,352x332,7,team,lee,3,3,small,mid,bright,center
002_20200701_203053(0),2,0.629139,0.653353,0.028409,0.03012,9.9999039997952,0.34664700000000004,1.670256410256414,118.91025641025641,1,352x332,7,team,lee,3,3,small,low,bright,center
002_20200702_002742(2),0,0.577122,0.361364,0.028409,0.03012,9.9999039997952,0.361364,8.6648717948718,115.5448717948718,1,352x332,7,team,heo,3,3,small,high,bright,center
002_20200702_002742(2),1,0.579653,0.43115,0.028409,0.03012,9.9999039997952,0.420347,2.8320512820512818,110.03205128205128,1,352x332,7,team,heo,3,3,small,mid,bright,center
002_20200702_002742(2),2,0.585982,0.528447,0.028409,0.03012,9.9999039997952,0.414018,5.953589743589731,122.74358974358974,1,352x332,7,team,heo,3,3,small,high,bright,center
002_20200702_002746(8),0,0.577397,0.470365,0.028409,0.03012,9.9999039997952,0.42260299999999995,9.812564102564096,116.1025641025641,1,352x332,7,team,heo,3,3,small,high,bright,center
002_20200702_002746(8),1,0.586476,0.540951,0.028409,0.03012,9.9999039997952,0.413524,3.6828205128205127,111.76282051282051,1,352x332,7,team,heo,3,3,small,mid,bright,center
002_20200702_002746(8),2,0.601001,0.635281,0.028409,0.03012,9.9999039997952,0.364719,3.4907692307692315,118.98076923076923,1,352x332,7,team,heo,3,3,small,mid,bright,center
002_20200702_002751(2),0,0.563431,0.415113,0.028409,0.03012,9.9999039997952,0.415113,10.56923076923077,116.01923076923077,1,352x332,7,team,heo,3,3,small,high,bright,center
002_20200702_002751(2),1,0.564784,0.486862,0.028409,0.03012,9.9999039997952,0.43521600000000005,1.581025641025633,112.14102564102564,1,352x332,7,team,heo,3,3,small,low,bright,center
002_20200702_002751(2),2,0.567491,0.586593,0.028409,0.03012,9.9999039997952,0.41340699999999997,4.112820512820505,119.01282051282051,1,352x332,7,team,heo,3,3,small,mid,bright,center
002_20200702_002755(8),0,0.618714,0.407019,0.028409,0.03012,9.9999039997952,0.381286,3.8276923076923026,117.5576923076923,1,352x332,7,team,heo,3,3,small,mid,bright,center
002_20200702_002755(8),1,0.622012,0.473457,0.028409,0.03012,9.9999039997952,0.377988,1.8023076923076928,120.1923076923077,1,352x332,7,team,heo,3,3,small,low,bright,center
002_20200702_002755(8),2,0.627949,0.548287,0.028409,0.03012,9.9999039997952,0.372051,0.5507692307692196,121.23076923076923,1,352x332,7,team,heo,3,3,small,low,bright,center
002_20200702_002800(1),0,0.593102,0.469128,0.028409,0.03012,9.9999039997952,0.406898,5.527179487179495,119.23717948717949,1,352x332,7,team,heo,3,3,small,high,bright,center
002_20200702_002800(1),1,0.593656,0.531365,0.028409,0.03012,9.9999039997952,0.40634400000000004,3.236923076923077,120.32692307692308,1,352x332,7,team,heo,3,3,small,mid,bright,center
002_20200702_002800(1),2,0.596979,0.610042,0.028409,0.03012,9.9999039997952,0.389958,0.5376923076923106,119.0576923076923,1,352x332,7,team,heo,3,3,small,low,bright,center
002_20200702_002804(8),0,0.607324,0.422953,0.028409,0.03012,9.9999039997952,0.392676,6.247435897435892,116.6474358974359,1,352x332,7,team,heo,3,3,small,high,bright,center
002_20200702_002804(8),1,0.604982,0.487513,0.028409,0.03012,9.9999039997952,0.395018,2.283846153846156,118.65384615384616,1,352x332,7,team,heo,3,3,small,low,bright,center
002_20200702_002804(8),2,0.605762,0.563661,0.028409,0.03012,9.9999039997952,0.394238,0.32846153846153925,119.53846153846153,1,352x332,7,team,heo,3,3,small,low,bright,center
002_20200702_042930(4),0,0.569377,0.419709,0.028409,0.03012,9.9999039997952,0.419709,12.082820512820504,117.51282051282051,1,352x332,7,team,jung,3,3,small,high,bright,center
002_20200702_042930(4),1,0.569377,0.490992,0.028409,0.03012,9.9999039997952,0.430623,5.751794871794871,116.87179487179488,1,352x332,7,team,jung,3,3,small,high,bright,center
002_20200702_042930(4),2,0.573332,0.587435,0.028409,0.03012,9.9999039997952,0.41256499999999996,5.508717948717944,118.69871794871794,1,352x332,7,team,jung,3,3,small,high,bright,center
002_20200702_042933(6),0,0.569149,0.335687,0.028409,0.03012,9.9999039997952,0.335687,7.200000000000003,112.5,1,352x332,7,team,jung,3,3,small,high,bright,center
002_20200702_042933(6),1,0.571684,0.406648,0.028409,0.03012,9.9999039997952,0.406648,3.2548717948717893,111.5448717948718,1,352x332,7,team,jung,3,3,small,mid,bright,center
002_20200702_042933(6),2,0.578276,0.503413,0.028409,0.03012,9.9999039997952,0.421724,4.576153846153844,121.09615384615384,1,352x332,7,team,jung,3,3,small,mid,bright,center
002_20200702_042937(8),0,0.577977,0.349519,0.028409,0.03012,9.9999039997952,0.349519,8.357692307692304,112.8076923076923,1,352x332,7,team,jung,3,3,small,high,bright,center
002_20200702_042937(8),1,0.58254,0.423168,0.028409,0.03012,9.9999039997952,0.41746000000000005,2.6941025641025647,112.31410256410257,1,352x332,7,team,jung,3,3,small,mid,bright,center
002_20200702_042937(8),2,0.592681,0.519395,0.028409,0.03012,9.9999039997952,0.407319,5.510512820512815,121.32051282051282,1,352x332,7,team,jung,3,3,small,high,bright,center
002_20200702_042945(5),0,0.624215,0.278145,0.028409,0.03012,9.9999039997952,0.278145,6.828974358974364,119.10897435897436,1,352x332,7,team,jung,3,3,small,high,bright,center
002_20200702_042945(5),1,0.622897,0.345935,0.028409,0.03012,9.9999039997952,0.345935,1.7374358974359012,114.8974358974359,1,352x332,7,team,jung,3,3,small,low,bright,center
002_20200702_042945(5),2,0.620919,0.423508,0.028409,0.03012,9.9999039997952,0.379081,1.945897435897436,117.43589743589743,1,352x332,7,team,jung,3,3,small,low,bright,center
002_20200702_042949(9),0,0.598517,0.344142,0.028409,0.03012,9.9999039997952,0.344142,3.8358974358974365,117.18589743589743,1,352x332,7,team,jung,3,3,small,mid,bright,center
002_20200702_042949(9),1,0.596996,0.406502,0.028409,0.03012,9.9999039997952,0.40300400000000003,2.6556410256410174,115.27564102564102,1,352x332,7,team,jung,3,3,small,mid,bright,center
002_20200702_042949(9),2,0.596489,0.486602,0.028409,0.03012,9.9999039997952,0.40351099999999995,3.1425641025641085,119.1025641025641,1,352x332,7,team,jung,3,3,small,mid,bright,center
002_20200702_042954(6),0,0.591195,0.375732,0.028409,0.03012,9.9999039997952,0.375732,7.915641025641023,116.52564102564102,1,352x332,7,team,jung,3,3,small,high,bright,center
002_20200702_042954(6),1,0.591854,0.443521,0.028409,0.03012,9.9999039997952,0.408146,4.827179487179492,116.23717948717949,1,352x332,7,team,jung,3,3,small,mid,bright,center
002_20200702_042954(6),2,0.597127,0.521094,0.028409,0.03012,9.9999039997952,0.40287300000000004,2.531282051282062,118.30128205128206,1,352x332,7,team,jung,3,3,small,mid,bright,center
002_20200706_083031(0),0,0.590001,0.480462,0.028409,0.03012,9.9999039997952,0.409999,8.325384615384607,118.61538461538461,1,352x332,7,team,lee,3,3,small,high,bright,center
002_20200706_083031(0),1,0.612923,0.535212,0.028409,0.03012,9.9999039997952,0.387077,2.3171794871794873,113.73717948717949,1,352x332,7,team,lee,3,3,small,low,bright,center
002_20200706_083031(0),2,0.641342,0.605927,0.028409,0.03012,9.9999039997952,0.35865800000000003,1.0479487179487137,115.21794871794872,1,352x332,7,team,lee,3,3,small,low,bright,center
002_20200706_083035(5),0,0.593226,0.479513,0.028409,0.03012,9.9999039997952,0.40677399999999997,6.91153846153847,116.21153846153847,1,352x332,7,team,lee,3,3,small,high,bright,center
002_20200706_083035(5),1,0.603487,0.541004,0.028409,0.03012,9.9999039997952,0.396513,2.8887179487179395,114.19871794871794,1,352x332,7,team,lee,3,3,small,mid,bright,center
002_20200706_083035(5),2,0.617764,0.619523,0.028409,0.03012,9.9999039997952,0.38047699999999995,2.5671794871794873,115.98717948717949,1,352x332,7,team,lee,3,3,small,mid,bright,center
002_20200706_083039(2),0,0.589643,0.481055,0.028409,0.03012,9.9999039997952,0.41035699999999997,6.06794871794871,114.96794871794872,1,352x332,7,team,lee,3,3,small,high,bright,center
002_20200706_083039(2),1,0.599012,0.546803,0.028409,0.03012,9.9999039997952,0.400988,1.2625641025640988,112.3525641025641,1,352x332,7,team,lee,3,3,small,low,bright,center
002_20200706_083039(2),2,0.609719,0.622957,0.028409,0.03012,9.9999039997952,0.377043,0.4769230769230859,114.07692307692308,1,352x332,7,team,lee,3,3,small,low,bright,center
002_20200706_083042(4),0,0.545525,0.428654,0.028409,0.03012,9.9999039997952,0.428654,7.656666666666666,111.91666666666667,1,352x332,7,team,lee,3,3,small,high,bright,center
002_20200706_083042(4),1,0.558284,0.497523,0.028409,0.03012,9.9999039997952,0.441716,2.6112820512820605,108.55128205128206,1,352x332,7,team,lee,3,3,small,mid,bright,center
002_20200706_083042(4),2,0.583223,0.589759,0.028409,0.03012,9.9999039997952,0.41024099999999997,6.796410256410269,115.50641025641026,1,352x332,7,team,lee,3,3,small,high,bright,center
002_20200706_083045(5),0,0.53943,0.516732,0.028409,0.03012,9.9999039997952,0.46057000000000003,9.486666666666665,114.66666666666667,1,352x332,7,team,lee,3,3,small,high,bright,center
002_20200706_083045(5),1,0.554908,0.587201,0.028409,0.03012,9.9999039997952,0.412799,2.8002564102564094,106.41025641025641,1,352x332,7,team,lee,3,3,small,mid,bright,center
002_20200706_083045(5),2,0.575849,0.682767,0.028409,0.03012,9.9999039997952,0.317233,3.8376923076923077,116.0576923076923,1,352x332,7,team,lee,3,3,small,mid,bright,center
002_20200706_083049(6),0,0.554799,0.444773,0.028409,0.03012,9.9999039997952,0.444773,10.970256410256411,111.41025641025641,1,352x332,7,team,lee,3,3,small,high,bright,center
002_20200706_083049(6),1,0.560598,0.516717,0.028409,0.03012,9.9999039997952,0.43940199999999996,4.717948717948715,109.96794871794872,1,352x332,7,team,lee,3,3,small,mid,bright,center
002_20200706_083049(6),2,0.570458,0.612642,0.028409,0.03012,9.9999039997952,0.387358,4.389743589743588,114.08974358974359,1,352x332,7,team,lee,3,3,small,mid,bright,center
002_20200706_123023(3),0,0.59763,0.289676,0.028409,0.03012,9.9999039997952,0.289676,6.088205128205118,116.37820512820512,1,352x332,7,team,heo,3,3,small,high,bright,center
002_20200706_123023(3),1,0.596586,0.353372,0.028409,0.03012,9.9999039997952,0.353372,2.957179487179488,111.98717948717949,1,352x332,7,team,heo,3,3,small,mid,bright,center
002_20200706_123023(3),2,0.596586,0.429806,0.028409,0.03012,9.9999039997952,0.40341400000000005,0.28692307692307395,113.82692307692308,1,352x332,7,team,heo,3,3,small,low,bright,center
002_20200706_123027(1),0,0.609416,0.340905,0.028409,0.03012,9.9999039997952,0.340905,3.3430769230769215,112.67307692307692,1,352x332,7,team,heo,3,3,small,mid,bright,center
002_20200706_123027(1),1,0.615712,0.403213,0.028409,0.03012,9.9999039997952,0.38428799999999996,1.130769230769232,110.98076923076923,1,352x332,7,team,heo,3,3,small,low,bright,center
002_20200706_123027(1),2,0.625682,0.478317,0.028409,0.03012,9.9999039997952,0.37431800000000004,0.4456410256410237,115.77564102564102,1,352x332,7,team,heo,3,3,small,low,bright,center
002_20200706_123031(0),0,0.589959,0.368798,0.028409,0.03012,9.9999039997952,0.368798,4.078461538461539,112.78846153846153,1,352x332,7,team,heo,3,3,small,mid,bright,center
002_20200706_123031(0),1,0.595335,0.429857,0.028409,0.03012,9.9999039997952,0.40466500000000005,2.283846153846156,112.65384615384616,1,352x332,7,team,heo,3,3,small,low,bright,center
002_20200706_123031(0),2,0.603013,0.508013,0.028409,0.03012,9.9999039997952,0.396987,0.31205128205128574,115.28205128205128,1,352x332,7,team,heo,3,3,small,low,bright,center
002_20200706_123035(0),0,0.565118,0.431863,0.028409,0.03012,9.9999039997952,0.431863,7.694102564102565,113.56410256410257,1,352x332,7,team,heo,3,3,small,high,bright,center
002_20200706_123035(0),1,0.572112,0.503318,0.028409,0.03012,9.9999039997952,0.42788800000000005,2.0989743589743597,110.10897435897436,1,352x332,7,team,heo,3,3,small,low,bright,center
002_20200706_123035(0),2,0.582285,0.60039,0.028409,0.03012,9.9999039997952,0.39961,4.762820512820511,115.01282051282051,1,352x332,7,team,heo,3,3,small,mid,bright,center
002_20200706_123038(9),0,0.584135,0.32444,0.028409,0.03012,9.9999039997952,0.32444,6.938717948717937,111.44871794871794,1,352x332,7,team,heo,3,3,small,high,bright,center
002_20200706_123038(9),1,0.58667,0.396314,0.028409,0.03012,9.9999039997952,0.396314,2.5164102564102677,108.50641025641026,1,352x332,7,team,heo,3,3,small,mid,bright,center
002_20200706_123038(9),2,0.591738,0.495728,0.028409,0.03012,9.9999039997952,0.408262,5.839487179487179,119.17948717948718,1,352x332,7,team,heo,3,3,small,high,bright,center
002_20200706_123042(9),0,0.559283,0.406088,0.028409,0.03012,9.9999039997952,0.406088,7.171794871794873,111.62179487179488,1,352x332,7,team,heo,3,3,small,high,bright,center
002_20200706_123042(9),1,0.56752,0.474205,0.028409,0.03012,9.9999039997952,0.43248,2.4025641025640994,108.6025641025641,1,352x332,7,team,heo,3,3,small,low,bright,center
002_20200706_123042(9),2,0.579876,0.572016,0.028409,0.03012,9.9999039997952,0.42012400000000005,5.915128205128198,115.2051282051282,1,352x332,7,team,heo,3,3,small,high,bright,center
002_20200706_163436(9),0,0.586449,0.563754,0.028409,0.03012,9.9999039997952,0.413551,9.955384615384617,119.11538461538461,1,352x332,7,team,jung,3,3,small,high,bright,center
002_20200706_163436(9),1,0.602167,0.624501,0.028409,0.03012,9.9999039997952,0.375499,2.639230769230778,113.26923076923077,1,352x332,7,team,jung,3,3,small,mid,bright,center
002_20200706_163436(9),2,0.620928,0.697075,0.028409,0.03012,9.9999039997952,0.302925,0.5905128205128136,116.92948717948718,1,352x332,7,team,jung,3,3,small,low,bright,center
002_20200706_163440(2),0,0.609991,0.553495,0.028409,0.03012,9.9999039997952,0.39000900000000005,6.582307692307694,117.9423076923077,1,352x332,7,team,jung,3,3,small,high,bright,center
002_20200706_163440(2),1,0.612526,0.61693,0.028409,0.03012,9.9999039997952,0.38307,1.3525641025641022,111.8525641025641,1,352x332,7,team,jung,3,3,small,low,bright,center
002_20200706_163440(2),2,0.616583,0.692729,0.028409,0.03012,9.9999039997952,0.30727099999999996,1.0271794871794953,116.01282051282051,1,352x332,7,team,jung,3,3,small,low,bright,center
002_20200706_163443(1),0,0.588919,0.50892,0.028409,0.03012,9.9999039997952,0.41108100000000003,6.231538461538463,117.46153846153847,1,352x332,7,team,jung,3,3,small,high,bright,center
002_20200706_163443(1),1,0.601087,0.571817,0.028409,0.03012,9.9999039997952,0.39891299999999996,1.1038461538461632,113.65384615384616,1,352x332,7,team,jung,3,3,small,low,bright,center
002_20200706_163443(1),2,0.613763,0.645466,0.028409,0.03012,9.9999039997952,0.354534,0.269999999999996,115.0,1,352x332,7,team,jung,3,3,small,low,bright,center
002_20200706_163445(8),0,0.538544,0.536878,0.028409,0.03012,9.9999039997952,0.461456,8.260256410256403,114.16025641025641,1,352x332,7,team,jung,3,3,small,high,bright,center
002_20200706_163445(8),1,0.554262,0.604614,0.028409,0.03012,9.9999039997952,0.395386,3.6925641025641056,107.6025641025641,1,352x332,7,team,jung,3,3,small,mid,bright,center
002_20200706_163445(8),2,0.580559,0.697245,0.028409,0.03012,9.9999039997952,0.302755,4.44923076923078,116.26923076923077,1,352x332,7,team,jung,3,3,small,mid,bright,center
002_20200706_163448(8),0,0.587303,0.414423,0.028409,0.03012,9.9999039997952,0.412697,7.713333333333324,112.83333333333333,1,352x332,7,team,jung,3,3,small,high,bright,center
002_20200706_163448(8),1,0.588621,0.485706,0.028409,0.03012,9.9999039997952,0.41137900000000005,4.302820512820517,110.26282051282051,1,352x332,7,team,jung,3,3,small,mid,bright,center
002_20200706_163448(8),2,0.594553,0.584944,0.028409,0.03012,9.9999039997952,0.405447,6.006666666666675,116.41666666666667,1,352x332,7,team,jung,3,3,small,high,bright,center
002_20200706_163451(8),0,0.550644,0.461246,0.028409,0.03012,9.9999039997952,0.449356,6.963076923076926,112.92307692307692,1,352x332,7,team,jung,3,3,small,high,bright,center
002_20200706_163451(8),1,0.561292,0.532745,0.028409,0.03012,9.9999039997952,0.438708,1.8335897435897408,110.24358974358974,1,352x332,7,team,jung,3,3,small,low,bright,center
002_20200706_163451(8),2,0.574475,0.627359,0.028409,0.03012,9.9999039997952,0.372641,5.40384615384616,114.90384615384616,1,352x332,7,team,jung,3,3,small,high,bright,center
002_20200706_203038(8),0,0.549455,0.448953,0.028409,0.03012,9.9999039997952,0.448953,12.7323076923077,116.1923076923077,1,352x332,7,team,lee,3,3,small,high,bright,center
002_20200706_203038(8),1,0.567683,0.521864,0.028409,0.03012,9.9999039997952,0.43231699999999995,2.747179487179494,109.48717948717949,1,352x332,7,team,lee,3,3,small,mid,bright,center
002_20200706_203038(8),2,0.585082,0.616735,0.028409,0.03012,9.9999039997952,0.38326499999999997,4.696153846153834,113.84615384615384,1,352x332,7,team,lee,3,3,small,mid,bright,center
002_20200706_203042(0),0,0.563985,0.443169,0.028409,0.03012,9.9999039997952,0.43601500000000004,7.110512820512824,111.07051282051282,1,352x332,7,team,lee,3,3,small,high,bright,center
002_20200706_203042(0),1,0.601683,0.60864,0.028409,0.03012,9.9999039997952,0.39136000000000004,6.498205128205129,111.87820512820512,1,352x332,7,team,lee,3,3,small,high,bright,center
002_20200706_203042(0),2,0.579818,0.509517,0.028409,0.03012,9.9999039997952,0.42018200000000006,2.1169230769230865,107.07692307692308,1,352x332,7,team,lee,3,3,small,low,bright,center
002_20200706_203045(2),0,0.559554,0.504316,0.028409,0.03012,9.9999039997952,0.440446,9.180000000000007,113.75,1,352x332,7,team,lee,3,3,small,high,bright,center
002_20200706_203045(2),1,0.578113,0.570726,0.028409,0.03012,9.9999039997952,0.421887,3.85230769230769,105.4423076923077,1,352x332,7,team,lee,3,3,small,mid,bright,center
002_20200706_203045(2),2,0.600152,0.666651,0.028409,0.03012,9.9999039997952,0.333349,6.420769230769224,112.23076923076923,1,352x332,7,team,lee,3,3,small,high,bright,center
002_20200706_203048(5),0,0.553656,0.515497,0.028409,0.03012,9.9999039997952,0.44634399999999996,8.234871794871793,113.0448717948718,1,352x332,7,team,lee,3,3,small,high,bright,center
002_20200706_203048(5),1,0.572505,0.582645,0.028409,0.03012,9.9999039997952,0.41735500000000003,2.1925641025641056,104.1025641025641,1,352x332,7,team,lee,3,3,small,low,mid,center
002_20200706_203048(5),2,0.601156,0.673774,0.028409,0.03012,9.9999039997952,0.326226,7.8246153846153845,113.13461538461539,1,352x332,7,team,lee,3,3,small,high,bright,center
002_20200706_203051(7),0,0.564383,0.368238,0.028409,0.03012,9.9999039997952,0.368238,7.621538461538464,109.46153846153847,1,352x332,7,team,lee,3,3,small,high,bright,center
002_20200706_203051(7),1,0.578508,0.435009,0.028409,0.03012,9.9999039997952,0.421492,2.487435897435901,104.3974358974359,1,352x332,7,team,lee,3,3,small,mid,mid,center
002_20200706_203051(7),2,0.599697,0.535477,0.028409,0.03012,9.9999039997952,0.40030299999999996,6.760256410256403,112.91025641025641,1,352x332,7,team,lee,3,3,small,high,bright,center
002_20200706_203058(1),0,0.571676,0.3608,0.028409,0.03012,9.9999039997952,0.3608,7.96076923076923,109.48076923076923,1,352x332,7,team,lee,3,3,small,high,bright,center
002_20200706_203058(1),1,0.573938,0.431145,0.028409,0.03012,9.9999039997952,0.42606200000000005,3.6825641025641005,105.1025641025641,1,352x332,7,team,lee,3,3,small,mid,bright,center
002_20200706_203058(1),2,0.582231,0.529469,0.028409,0.03012,9.9999039997952,0.41776899999999995,7.075641025641019,113.52564102564102,1,352x332,7,team,lee,3,3,small,high,bright,center
002_20200707_003535(3),0,0.558629,0.488878,0.028409,0.03012,9.9999039997952,0.44137099999999996,9.576410256410256,116.50641025641026,1,352x332,7,team,heo,3,3,small,high,bright,center
002_20200707_003535(3),1,0.560619,0.559924,0.028409,0.03012,9.9999039997952,0.439381,1.9923076923076906,108.1923076923077,1,352x332,7,team,heo,3,3,small,low,bright,center
002_20200707_003535(3),2,0.563273,0.659106,0.028409,0.03012,9.9999039997952,0.34089400000000003,4.58461538461539,115.13461538461539,1,352x332,7,team,heo,3,3,small,mid,bright,center
002_20200707_003543(3),0,0.543279,0.480773,0.028409,0.03012,9.9999039997952,0.45672100000000004,11.77205128205128,117.28205128205128,1,352x332,7,team,heo,3,3,small,high,bright,center
002_20200707_003543(3),1,0.562837,0.548358,0.028409,0.03012,9.9999039997952,0.43716299999999997,2.4651282051282095,109.7051282051282,1,352x332,7,team,heo,3,3,small,mid,bright,center
002_20200707_003543(3),2,0.583843,0.640519,0.028409,0.03012,9.9999039997952,0.35948100000000005,5.625128205128206,114.4551282051282,1,352x332,7,team,heo,3,3,small,high,bright,center
002_20200707_003547(4),0,0.588279,0.404663,0.028409,0.03012,9.9999039997952,0.404663,8.258717948717944,112.69871794871794,1,352x332,7,team,heo,3,3,small,high,bright,center
002_20200707_003547(4),1,0.58527,0.478841,0.028409,0.03012,9.9999039997952,0.41473000000000004,3.684871794871796,110.2948717948718,1,352x332,7,team,heo,3,3,small,mid,bright,center
002_20200707_003547(4),2,0.586774,0.575352,0.028409,0.03012,9.9999039997952,0.413226,4.418717948717941,114.94871794871794,1,352x332,7,team,heo,3,3,small,mid,bright,center
002_20200707_003551(2),0,0.562877,0.29521,0.028409,0.03012,9.9999039997952,0.29521,9.116410256410262,114.25641025641026,1,352x332,7,team,heo,3,3,small,high,bright,center
002_20200707_003551(2),1,0.556122,0.366824,0.028409,0.03012,9.9999039997952,0.366824,2.741538461538468,107.46153846153847,1,352x332,7,team,heo,3,3,small,mid,bright,center
002_20200707_003551(2),2,0.549367,0.467084,0.028409,0.03012,9.9999039997952,0.45063299999999995,5.880769230769232,115.48076923076923,1,352x332,7,team,heo,3,3,small,high,bright,center
002_20200707_003555(2),0,0.588659,0.423407,0.028409,0.03012,9.9999039997952,0.41134099999999996,8.56794871794871,112.71794871794872,1,352x332,7,team,heo,3,3,small,high,bright,center
002_20200707_003555(2),1,0.587134,0.496147,0.028409,0.03012,9.9999039997952,0.41286599999999996,2.082820512820504,109.76282051282051,1,352x332,7,team,heo,3,3,small,low,bright,center
002_20200707_003555(2),2,0.591708,0.593942,0.028409,0.03012,9.9999039997952,0.40605800000000003,5.65384615384616,113.65384615384616,1,352x332,7,team,heo,3,3,small,high,bright,center
002_20200707_003603(4),0,0.564149,0.433513,0.028409,0.03012,9.9999039997952,0.433513,7.199743589743591,112.58974358974359,1,352x332,7,team,heo,3,3,small,high,bright,center
002_20200707_003603(4),1,0.568762,0.507963,0.028409,0.03012,9.9999039997952,0.431238,3.3641025641025664,110.06410256410257,1,352x332,7,team,heo,3,3,small,mid,bright,center
002_20200707_003603(4),2,0.577476,0.601432,0.028409,0.03012,9.9999039997952,0.39856800000000003,5.8687179487179435,113.44871794871794,1,352x332,7,team,heo,3,3,small,high,bright,center
002_20200707_043323(4),0,0.59256,0.459668,0.028409,0.03012,9.9999039997952,0.40744,4.692307692307693,116.4423076923077,1,352x332,7,team,heo,3,3,small,mid,bright,center
002_20200707_043323(4),1,0.60374,0.518279,0.028409,0.03012,9.9999039997952,0.39625999999999995,3.8669230769230865,116.32692307692308,1,352x332,7,team,heo,3,3,small,mid,bright,center
002_20200707_043323(4),2,0.621132,0.59467,0.028409,0.03012,9.9999039997952,0.378868,0.5261538461538464,115.65384615384616,1,352x332,7,team,heo,3,3,small,low,bright,center
002_20200707_043327(5),0,0.618017,0.415434,0.028409,0.03012,9.9999039997952,0.38198299999999996,4.088205128205118,114.12820512820512,1,352x332,7,team,heo,3,3,small,mid,bright,center
002_20200707_043327(5),1,0.620592,0.48095,0.028409,0.03012,9.9999039997952,0.37940799999999997,2.8474358974359006,113.8974358974359,1,352x332,7,team,heo,3,3,small,mid,bright,center
002_20200707_043327(5),2,0.627028,0.55602,0.028409,0.03012,9.9999039997952,0.37297199999999997,0.4969230769230819,116.82692307692308,1,352x332,7,team,heo,3,3,small,low,bright,center
002_20200707_043331(4),0,0.597143,0.513857,0.028409,0.03012,9.9999039997952,0.402857,8.222820512820505,117.01282051282051,1,352x332,7,team,heo,3,3,small,high,bright,center
002_20200707_043331(4),1,0.603363,0.579806,0.028409,0.03012,9.9999039997952,0.396637,3.4200000000000017,112.75,1,352x332,7,team,heo,3,3,small,mid,bright,center
002_20200707_043331(4),2,0.611657,0.657297,0.028409,0.03012,9.9999039997952,0.342703,0.03307692307691923,114.07692307692308,1,352x332,7,team,heo,3,3,small,low,bright,center
002_20200707_043441(2),0,0.596928,0.399125,0.028409,0.03012,9.9999039997952,0.399125,6.731538461538463,114.96153846153847,1,352x332,7,team,lee,3,3,small,high,bright,center
002_20200707_043441(2),1,0.602147,0.46369,0.028409,0.03012,9.9999039997952,0.397853,2.3458974358974274,111.93589743589743,1,352x332,7,team,lee,3,3,small,low,bright,center
002_20200707_043441(2),2,0.610847,0.539938,0.028409,0.03012,9.9999039997952,0.38915299999999997,0.26076923076922753,116.48076923076923,1,352x332,7,team,lee,3,3,small,low,bright,center
002_20200707_043449(4),0,0.597966,0.505982,0.028409,0.03012,9.9999039997952,0.402034,9.628717948717949,116.69871794871794,1,352x332,7,team,lee,3,3,small,high,bright,center
002_20200707_043449(4),1,0.603185,0.570547,0.028409,0.03012,9.9999039997952,0.39681500000000003,4.0930769230769215,113.17307692307692,1,352x332,7,team,lee,3,3,small,mid,bright,center
002_20200707_043449(4),2,0.611305,0.651715,0.028409,0.03012,9.9999039997952,0.34828499999999996,0.014358974358984256,114.52564102564102,1,352x332,7,team,lee,3,3,small,low,bright,center
002_20200707_043453(4),0,0.588924,0.497455,0.028409,0.03012,9.9999039997952,0.411076,5.772307692307692,115.1923076923077,1,352x332,7,team,lee,3,3,small,high,bright,center
002_20200707_043453(4),1,0.599363,0.558945,0.028409,0.03012,9.9999039997952,0.400637,0.6976923076923072,111.8076923076923,1,352x332,7,team,lee,3,3,small,low,bright,center
002_20200707_043453(4),2,0.610383,0.635194,0.028409,0.03012,9.9999039997952,0.36480599999999996,0.8951282051282021,114.7948717948718,1,352x332,7,team,lee,3,3,small,low,bright,center
002_20200707_083007(7),0,0.569839,0.298356,0.028409,0.03012,9.9999039997952,0.298356,6.557692307692307,114.5576923076923,1,352x332,7,team,jung,3,3,small,high,bright,center
002_20200707_083007(7),1,0.572409,0.371038,0.028409,0.03012,9.9999039997952,0.371038,4.131794871794881,106.62179487179488,1,352x332,7,team,jung,3,3,small,mid,bright,center
002_20200707_083007(7),2,0.579265,0.470066,0.028409,0.03012,9.9999039997952,0.42073499999999997,8.99179487179488,115.37179487179488,1,352x332,7,team,jung,3,3,small,high,bright,center
002_20200707_083011(7),0,0.559132,0.369759,0.028409,0.03012,9.9999039997952,0.369759,5.918717948717941,111.19871794871794,1,352x332,7,team,jung,3,3,small,high,bright,center
002_20200707_083011(7),1,0.562193,0.44332,0.028409,0.03012,9.9999039997952,0.43780699999999995,2.398974358974371,107.60897435897436,1,352x332,7,team,jung,3,3,small,low,bright,center
002_20200707_083011(7),2,0.569443,0.538365,0.028409,0.03012,9.9999039997952,0.43055699999999997,9.28923076923077,115.01923076923077,1,352x332,7,team,jung,3,3,small,high,bright,center
002_20200707_083015(6),0,0.584604,0.372227,0.028409,0.03012,9.9999039997952,0.372227,7.093846153846158,111.15384615384616,1,352x332,7,team,jung,3,3,small,high,bright,center
002_20200707_083015(6),1,0.577353,0.444909,0.028409,0.03012,9.9999039997952,0.422647,3.8830769230769135,108.92307692307692,1,352x332,7,team,jung,3,3,small,mid,bright,center
002_20200707_083015(6),2,0.57208,0.54205,0.028409,0.03012,9.9999039997952,0.42791999999999997,6.21076923076923,116.48076923076923,1,352x332,7,team,jung,3,3,small,high,bright,center
002_20200707_083019(7),0,0.595677,0.427136,0.028409,0.03012,9.9999039997952,0.404323,4.694358974358977,115.47435897435898,1,352x332,7,team,jung,3,3,small,mid,bright,center
002_20200707_083019(7),1,0.597655,0.490033,0.028409,0.03012,9.9999039997952,0.40234499999999995,4.240256410256407,114.91025641025641,1,352x332,7,team,jung,3,3,small,mid,bright,center
002_20200707_083019(7),2,0.606224,0.5711,0.028409,0.03012,9.9999039997952,0.393776,1.174871794871791,115.0448717948718,1,352x332,7,team,jung,3,3,small,low,bright,center
002_20200707_083023(7),0,0.596139,0.406356,0.028409,0.03012,9.9999039997952,0.403861,3.0302564102564133,112.66025641025641,1,352x332,7,team,jung,3,3,small,mid,bright,center
002_20200707_083023(7),1,0.601412,0.470651,0.028409,0.03012,9.9999039997952,0.39858800000000005,2.6525641025640994,112.6025641025641,1,352x332,7,team,jung,3,3,small,mid,bright,center
002_20200707_083023(7),2,0.611958,0.549621,0.028409,0.03012,9.9999039997952,0.388042,0.9043589743589848,114.22435897435898,1,352x332,7,team,jung,3,3,small,low,bright,center
002_20200707_083027(5),0,0.614987,0.451462,0.028409,0.03012,9.9999039997952,0.38501300000000005,7.2789743589743665,114.60897435897436,1,352x332,7,team,jung,3,3,small,high,bright,center
002_20200707_083027(5),1,0.62026,0.512962,0.028409,0.03012,9.9999039997952,0.37973999999999997,4.033076923076919,114.92307692307692,1,352x332,7,team,jung,3,3,small,mid,bright,center
002_20200707_083027(5),2,0.62817,0.595427,0.028409,0.03012,9.9999039997952,0.37183,2.4779487179487205,113.96794871794872,1,352x332,7,team,jung,3,3,small,mid,bright,center
002_20200707_123124(2),0,0.579592,0.460152,0.028409,0.03012,9.9999039997952,0.420408,10.178205128205121,113.37820512820512,1,352x332,7,team,lee,3,3,small,high,bright,center
002_20200707_123124(2),1,0.582492,0.533941,0.028409,0.03012,9.9999039997952,0.417508,3.113589743589742,109.99358974358974,1,352x332,7,team,lee,3,3,small,mid,bright,center
002_20200707_123124(2),2,0.587132,0.63417,0.028409,0.03012,9.9999039997952,0.36583,4.993333333333325,113.58333333333333,1,352x332,7,team,lee,3,3,small,high,bright,center
002_20200707_123128(4),0,0.554259,0.463145,0.028409,0.03012,9.9999039997952,0.44574100000000005,10.405641025641017,112.77564102564102,1,352x332,7,team,lee,3,3,small,high,bright,center
002_20200707_123128(4),1,0.564061,0.535889,0.028409,0.03012,9.9999039997952,0.43593899999999997,3.1238461538461593,108.90384615384616,1,352x332,7,team,lee,3,3,small,mid,bright,center
002_20200707_123128(4),2,0.577632,0.634212,0.028409,0.03012,9.9999039997952,0.365788,7.426153846153838,114.09615384615384,1,352x332,7,team,lee,3,3,small,high,bright,center
002_20200707_123132(4),0,0.564589,0.367218,0.028409,0.03012,9.9999039997952,0.367218,7.934615384615384,110.13461538461539,1,352x332,7,team,lee,3,3,small,high,bright,center
002_20200707_123132(4),1,0.56685,0.439961,0.028409,0.03012,9.9999039997952,0.43315000000000003,3.0856410256410243,109.02564102564102,1,352x332,7,team,lee,3,3,small,mid,bright,center
002_20200707_123132(4),2,0.573636,0.539084,0.028409,0.03012,9.9999039997952,0.42636399999999997,8.388461538461527,115.53846153846153,1,352x332,7,team,lee,3,3,small,high,bright,center
002_20200707_123136(3),0,0.597914,0.527238,0.028409,0.03012,9.9999039997952,0.40208600000000005,10.62717948717949,118.73717948717949,1,352x332,7,team,lee,3,3,small,high,bright,center
002_20200707_123136(3),1,0.609977,0.594386,0.028409,0.03012,9.9999039997952,0.390023,1.5723076923076889,112.6923076923077,1,352x332,7,team,lee,3,3,small,low,bright,center
002_20200707_123136(3),2,0.62204,0.668728,0.028409,0.03012,9.9999039997952,0.331272,0.23461538461538112,115.38461538461539,1,352x332,7,team,lee,3,3,small,low,bright,center
002_20200707_123140(3),0,0.590704,0.415262,0.028409,0.03012,9.9999039997952,0.409296,6.128974358974361,114.35897435897436,1,352x332,7,team,lee,3,3,small,high,bright,center
002_20200707_123140(3),1,0.592444,0.480442,0.028409,0.03012,9.9999039997952,0.40755600000000003,2.666410256410259,114.25641025641026,1,352x332,7,team,lee,3,3,small,mid,bright,center
002_20200707_123140(3),2,0.599404,0.55915,0.028409,0.03012,9.9999039997952,0.40059599999999995,1.3358974358974365,116.18589743589743,1,352x332,7,team,lee,3,3,small,low,bright,center
002_20200707_123144(3),0,0.593993,0.445085,0.028409,0.03012,9.9999039997952,0.406007,7.60512820512821,115.2051282051282,1,352x332,7,team,lee,3,3,small,high,bright,center
002_20200707_123144(3),1,0.595501,0.509035,0.028409,0.03012,9.9999039997952,0.40449900000000005,4.322820512820513,115.26282051282051,1,352x332,7,team,lee,3,3,small,mid,bright,center
002_20200707_123144(3),2,0.605302,0.59297,0.028409,0.03012,9.9999039997952,0.394698,2.6712820512820628,116.05128205128206,1,352x332,7,team,lee,3,3,small,mid,bright,center
002_20200708_093546(5),0,0.588328,0.449944,0.028409,0.03012,9.9999039997952,0.41167200000000004,6.2925641025641,111.3525641025641,1,352x332,7,team,heo,3,3,small,high,bright,center
002_20200708_093546(5),1,0.593342,0.515057,0.028409,0.03012,9.9999039997952,0.40665799999999996,1.836410256410261,113.75641025641026,1,352x332,7,team,heo,3,3,small,low,bright,center
002_20200708_093546(5),2,0.598355,0.591465,0.028409,0.03012,9.9999039997952,0.40164500000000003,0.493076923076913,112.07692307692308,1,352x332,7,team,heo,3,3,small,low,bright,center
002_20200708_093556(1),0,0.58503,0.386207,0.028409,0.03012,9.9999039997952,0.386207,4.010256410256403,109.16025641025641,1,352x332,7,team,heo,3,3,small,mid,bright,center
002_20200708_093556(1),1,0.588436,0.448311,0.028409,0.03012,9.9999039997952,0.41156400000000004,2.2892307692307696,110.01923076923077,1,352x332,7,team,heo,3,3,small,low,bright,center
002_20200708_093556(1),2,0.594566,0.528467,0.028409,0.03012,9.9999039997952,0.40543399999999996,1.1907692307692201,112.48076923076923,1,352x332,7,team,heo,3,3,small,low,bright,center
002_20200708_093600(2),0,0.614032,0.435884,0.028409,0.03012,9.9999039997952,0.385968,8.027948717948718,111.96794871794872,1,352x332,7,team,heo,3,3,small,high,bright,center
002_20200708_093600(2),1,0.617721,0.49847,0.028409,0.03012,9.9999039997952,0.38227900000000004,1.914615384615388,110.88461538461539,1,352x332,7,team,heo,3,3,small,low,bright,center
002_20200708_093600(2),2,0.620181,0.576702,0.028409,0.03012,9.9999039997952,0.379819,0.4512820512820639,110.44871794871794,1,352x332,7,team,heo,3,3,small,low,bright,center
002_20200708_093604(2),0,0.571785,0.468734,0.028409,0.03012,9.9999039997952,0.428215,10.77153846153847,112.21153846153847,1,352x332,7,team,heo,3,3,small,high,bright,center
002_20200708_093604(2),1,0.584416,0.538375,0.028409,0.03012,9.9999039997952,0.41558399999999995,1.5153846153846189,107.86538461538461,1,352x332,7,team,heo,3,3,small,low,bright,center
002_20200708_093604(2),2,0.601258,0.632122,0.028409,0.03012,9.9999039997952,0.36787800000000004,4.336410256410261,110.25641025641026,1,352x332,7,team,heo,3,3,small,mid,bright,center
002_20200708_093608(1),0,0.559486,0.412605,0.028409,0.03012,9.9999039997952,0.412605,9.179743589743595,109.08974358974359,1,352x332,7,team,heo,3,3,small,high,bright,center
002_20200708_093608(1),1,0.565905,0.483215,0.028409,0.03012,9.9999039997952,0.434095,4.592051282051287,109.78205128205128,1,352x332,7,team,heo,3,3,small,mid,bright,center
002_20200708_093608(1),2,0.576336,0.5819,0.028409,0.03012,9.9999039997952,0.4181,5.4466666666666725,111.16666666666667,1,352x332,7,team,heo,3,3,small,high,bright,center
002_20200708_093612(3),0,0.562803,0.498434,0.028409,0.03012,9.9999039997952,0.43719699999999995,7.299230769230775,111.01923076923077,1,352x332,7,team,heo,3,3,small,high,bright,center
002_20200708_093612(3),1,0.564803,0.571255,0.028409,0.03012,9.9999039997952,0.42874500000000004,2.3684615384615313,107.03846153846153,1,352x332,7,team,heo,3,3,small,low,bright,center
002_20200708_093612(3),2,0.570805,0.669528,0.028409,0.03012,9.9999039997952,0.330472,4.454358974358982,110.97435897435898,1,352x332,7,team,heo,3,3,small,mid,bright,center
002_20200708_122738(0),0,0.595049,0.418593,0.028409,0.03012,9.9999039997952,0.40495099999999995,5.9820512820512874,112.53205128205128,1,352x332,7,team,jung,3,3,small,high,bright,center
002_20200708_122738(0),1,0.598091,0.486867,0.028409,0.03012,9.9999039997952,0.40190899999999996,1.7056410256410288,115.52564102564102,1,352x332,7,team,jung,3,3,small,low,bright,center
002_20200708_122738(0),2,0.604175,0.565354,0.028409,0.03012,9.9999039997952,0.395825,1.8199999999999932,116.25,1,352x332,7,team,jung,3,3,small,low,bright,center
002_20200708_122742(0),0,0.600966,0.46343,0.028409,0.03012,9.9999039997952,0.399034,5.332307692307694,113.1923076923077,1,352x332,7,team,jung,3,3,small,high,bright,center
002_20200708_122742(0),1,0.606036,0.529553,0.028409,0.03012,9.9999039997952,0.393964,2.339230769230767,111.51923076923077,1,352x332,7,team,jung,3,3,small,low,bright,center
002_20200708_122742(0),2,0.613135,0.60589,0.028409,0.03012,9.9999039997952,0.386865,0.03641025641026374,111.74358974358974,1,352x332,7,team,jung,3,3,small,low,bright,center
002_20200708_122745(8),0,0.596776,0.429235,0.028409,0.03012,9.9999039997952,0.403224,5.74666666666667,110.16666666666667,1,352x332,7,team,jung,3,3,small,high,bright,center
002_20200708_122745(8),1,0.603406,0.498707,0.028409,0.03012,9.9999039997952,0.396594,1.8661538461538356,111.34615384615384,1,352x332,7,team,jung,3,3,small,low,bright,center
002_20200708_122745(8),2,0.613157,0.574796,0.028409,0.03012,9.9999039997952,0.38684300000000005,0.22974358974359177,112.08974358974359,1,352x332,7,team,jung,3,3,small,low,bright,center
002_20200708_122749(9),0,0.574453,0.386921,0.028409,0.03012,9.9999039997952,0.386921,10.744358974358974,113.22435897435898,1,352x332,7,team,jung,3,3,small,high,bright,center
002_20200708_122749(9),1,0.584594,0.460032,0.028409,0.03012,9.9999039997952,0.41540600000000005,2.9566666666666777,109.41666666666667,1,352x332,7,team,jung,3,3,small,mid,bright,center
002_20200708_122749(9),2,0.603354,0.550883,0.028409,0.03012,9.9999039997952,0.39664600000000005,4.595384615384617,118.61538461538461,1,352x332,7,team,jung,3,3,small,mid,bright,center
002_20200708_122753(9),0,0.544553,0.421431,0.028409,0.03012,9.9999039997952,0.421431,7.73282051282051,110.51282051282051,1,352x332,7,team,jung,3,3,small,high,bright,center
002_20200708_122753(9),1,0.556722,0.491854,0.028409,0.03012,9.9999039997952,0.44327799999999995,2.301025641025632,109.64102564102564,1,352x332,7,team,jung,3,3,small,low,bright,center
002_20200708_122753(9),2,0.573454,0.588081,0.028409,0.03012,9.9999039997952,0.41191900000000004,5.558461538461529,117.03846153846153,1,352x332,7,team,jung,3,3,small,high,bright,center
002_20200708_122757(9),0,0.563546,0.560678,0.028409,0.03012,9.9999039997952,0.436454,13.231538461538463,114.71153846153847,1,352x332,7,team,jung,3,3,small,high,bright,center
002_20200708_122757(9),1,0.581293,0.628951,0.028409,0.03012,9.9999039997952,0.37104899999999996,2.3015384615384704,107.46153846153847,1,352x332,7,team,jung,3,3,small,low,bright,center
002_20200708_122757(9),2,0.602588,0.72034,0.028409,0.03012,9.9999039997952,0.27966,6.249230769230778,117.26923076923077,1,352x332,7,team,jung,3,3,small,high,bright,center
002_20200708_123746(2),0,0.599044,0.450825,0.028409,0.03012,9.9999039997952,0.400956,6.002820512820506,110.76282051282051,1,352x332,7,team,lee,3,3,small,high,bright,center
002_20200708_123746(2),1,0.605076,0.514775,0.028409,0.03012,9.9999039997952,0.39492400000000005,2.120769230769227,113.23076923076923,1,352x332,7,team,lee,3,3,small,low,bright,center
002_20200708_123746(2),2,0.614124,0.593114,0.028409,0.03012,9.9999039997952,0.385876,0.31538461538461604,112.63461538461539,1,352x332,7,team,lee,3,3,small,low,bright,center
002_20200708_123750(2),0,0.595947,0.499475,0.028409,0.03012,9.9999039997952,0.404053,3.710512820512818,113.32051282051282,1,352x332,7,team,lee,3,3,small,mid,bright,center
002_20200708_123750(2),1,0.600587,0.564041,0.028409,0.03012,9.9999039997952,0.399413,1.7389743589743603,108.85897435897436,1,352x332,7,team,lee,3,3,small,low,bright,center
002_20200708_123750(2),2,0.605227,0.639674,0.028409,0.03012,9.9999039997952,0.36032600000000004,1.2900000000000063,109.0,1,352x332,7,team,lee,3,3,small,low,bright,center
002_20200708_123754(3),0,0.603568,0.382605,0.028409,0.03012,9.9999039997952,0.382605,6.073846153846162,107.65384615384616,1,352x332,7,team,lee,3,3,small,high,bright,center
002_20200708_123754(3),1,0.61337,0.527293,0.028409,0.03012,9.9999039997952,0.38663000000000003,1.0746153846153845,112.13461538461539,1,352x332,7,team,lee,3,3,small,low,bright,center
002_20200708_123754(3),2,0.6096,0.449753,0.028409,0.03012,9.9999039997952,0.39039999999999997,0.7420512820512783,109.03205128205128,1,352x332,7,team,lee,3,3,small,low,bright,center
002_20200708_123800(1),0,0.5716,0.371729,0.028409,0.03012,9.9999039997952,0.371729,9.046410256410269,108.50641025641026,1,352x332,7,team,lee,3,3,small,high,bright,center
002_20200708_123800(1),1,0.570846,0.445272,0.028409,0.03012,9.9999039997952,0.42915400000000004,2.3828205128205155,107.26282051282051,1,352x332,7,team,lee,3,3,small,low,bright,center
002_20200708_123800(1),2,0.569338,0.547593,0.028409,0.03012,9.9999039997952,0.430662,6.225897435897437,113.43589743589743,1,352x332,7,team,lee,3,3,small,high,bright,center
002_20200708_123804(2),0,0.571827,0.469399,0.028409,0.03012,9.9999039997952,0.428173,9.412564102564104,110.3525641025641,1,352x332,7,team,lee,3,3,small,high,bright,center
002_20200708_123804(2),1,0.577104,0.540544,0.028409,0.03012,9.9999039997952,0.42289600000000005,2.4010256410256403,107.39102564102564,1,352x332,7,team,lee,3,3,small,low,bright,center
002_20200708_123804(2),2,0.58389,0.640466,0.028409,0.03012,9.9999039997952,0.359534,3.225897435897437,110.18589743589743,1,352x332,7,team,lee,3,3,small,mid,bright,center
002_20200708_123808(2),0,0.567731,0.470035,0.028409,0.03012,9.9999039997952,0.432269,7.4910256410256295,109.64102564102564,1,352x332,7,team,lee,3,3,small,high,bright,center
002_20200708_123808(2),1,0.575271,0.544377,0.028409,0.03012,9.9999039997952,0.424729,2.077948717948715,106.46794871794872,1,352x332,7,team,lee,3,3,small,low,bright,center
002_20200708_123808(2),2,0.587334,0.638703,0.028409,0.03012,9.9999039997952,0.361297,4.493076923076913,111.42307692307692,1,352x332,7,team,lee,3,3,small,mid,bright,center
002_20200708_163727(3),0,0.605981,0.441709,0.028409,0.03012,9.9999039997952,0.394019,4.752564102564108,109.3525641025641,1,352x332,7,team,heo,3,3,small,mid,bright,center
002_20200708_163727(3),1,0.609846,0.508088,0.028409,0.03012,9.9999039997952,0.390154,0.49230769230769056,109.4423076923077,1,352x332,7,team,heo,3,3,small,low,bright,center
002_20200708_163727(3),2,0.619121,0.584301,0.028409,0.03012,9.9999039997952,0.38087899999999997,0.24589743589743307,110.31410256410257,1,352x332,7,team,heo,3,3,small,low,bright,center
002_20200708_163731(2),0,0.609785,0.450921,0.028409,0.03012,9.9999039997952,0.390215,3.847692307692313,110.3076923076923,1,352x332,7,team,heo,3,3,small,mid,bright,center
002_20200708_163731(2),1,0.609785,0.517153,0.028409,0.03012,9.9999039997952,0.390215,1.708717948717947,109.44871794871794,1,352x332,7,team,heo,3,3,small,low,bright,center
002_20200708_163731(2),2,0.615775,0.594272,0.028409,0.03012,9.9999039997952,0.38422500000000004,0.06820512820512192,109.87179487179488,1,352x332,7,team,heo,3,3,small,low,bright,center
002_20200708_163735(1),0,0.615958,0.505105,0.028409,0.03012,9.9999039997952,0.384042,4.859230769230777,112.51923076923077,1,352x332,7,team,heo,3,3,small,high,bright,center
002_20200708_163735(1),1,0.620289,0.572452,0.028409,0.03012,9.9999039997952,0.379711,2.7902564102564043,107.41025641025641,1,352x332,7,team,heo,3,3,small,mid,bright,center
002_20200708_163735(1),2,0.62847,0.652044,0.028409,0.03012,9.9999039997952,0.34795600000000004,0.6851282051282084,109.0448717948718,1,352x332,7,team,heo,3,3,small,low,bright,center
002_20200708_163739(3),0,0.543037,0.395916,0.028409,0.03012,9.9999039997952,0.395916,9.101282051282055,110.30128205128206,1,352x332,7,team,heo,3,3,small,high,bright,center
002_20200708_163739(3),1,0.560788,0.465619,0.028409,0.03012,9.9999039997952,0.43921200000000005,2.350769230769231,107.23076923076923,1,352x332,7,team,heo,3,3,small,low,bright,center
002_20200708_163739(3),2,0.582483,0.558325,0.028409,0.03012,9.9999039997952,0.417517,7.0179487179487126,115.96794871794872,1,352x332,7,team,heo,3,3,small,high,bright,center
002_20200708_163743(1),0,0.575093,0.469225,0.028409,0.03012,9.9999039997952,0.42490700000000003,11.036666666666676,112.41666666666667,1,352x332,7,team,heo,3,3,small,high,bright,center
002_20200708_163743(1),1,0.588748,0.539907,0.028409,0.03012,9.9999039997952,0.41125199999999995,1.7715384615384693,107.21153846153847,1,352x332,7,team,heo,3,3,small,low,bright,center
002_20200708_163743(1),2,0.605615,0.635285,0.028409,0.03012,9.9999039997952,0.364715,5.54205128205129,112.78205128205128,1,352x332,7,team,heo,3,3,small,high,bright,center
002_20200708_163747(2),0,0.571797,0.463374,0.028409,0.03012,9.9999039997952,0.428203,10.220512820512823,111.32051282051282,1,352x332,7,team,heo,3,3,small,high,bright,center
002_20200708_163747(2),1,0.578952,0.536073,0.028409,0.03012,9.9999039997952,0.421048,2.8087179487179412,107.94871794871794,1,352x332,7,team,heo,3,3,small,mid,bright,center
002_20200708_163747(2),2,0.590281,0.630897,0.028409,0.03012,9.9999039997952,0.36910299999999996,5.375641025641016,112.77564102564102,1,352x332,7,team,heo,3,3,small,high,bright,center
002_20200708_203120(0),0,0.555596,0.432538,0.028409,0.03012,9.9999039997952,0.432538,6.884358974358975,110.72435897435898,1,352x332,7,team,jung,3,3,small,high,bright,center
002_20200708_203120(0),1,0.563709,0.505649,0.028409,0.03012,9.9999039997952,0.436291,2.5551282051281987,108.9551282051282,1,352x332,7,team,jung,3,3,small,mid,bright,center
002_20200708_203120(0),2,0.574356,0.600801,0.028409,0.03012,9.9999039997952,0.39919899999999997,5.614871794871789,114.7948717948718,1,352x332,7,team,jung,3,3,small,high,bright,center
002_20200708_203124(1),0,0.592728,0.341903,0.028409,0.03012,9.9999039997952,0.341903,6.632564102564103,109.3525641025641,1,352x332,7,team,jung,3,3,small,high,bright,center
002_20200708_203124(1),1,0.588165,0.415014,0.028409,0.03012,9.9999039997952,0.41183499999999995,3.8743589743589837,106.22435897435898,1,352x332,7,team,jung,3,3,small,mid,bright,center
002_20200708_203124(1),2,0.585122,0.513392,0.028409,0.03012,9.9999039997952,0.41487799999999997,5.751794871794871,117.87179487179488,1,352x332,7,team,jung,3,3,small,high,bright,center
002_20200708_203128(1),0,0.562598,0.362783,0.028409,0.03012,9.9999039997952,0.362783,7.505897435897424,109.18589743589743,1,352x332,7,team,jung,3,3,small,high,bright,center
002_20200708_203128(1),1,0.574475,0.433829,0.028409,0.03012,9.9999039997952,0.42552500000000004,4.039487179487182,106.42948717948718,1,352x332,7,team,jung,3,3,small,mid,bright,center
002_20200708_203128(1),2,0.592728,0.529519,0.028409,0.03012,9.9999039997952,0.40727199999999997,6.730000000000004,116.5,1,352x332,7,team,jung,3,3,small,high,bright,center
002_20200708_203132(0),0,0.581218,0.409681,0.028409,0.03012,9.9999039997952,0.409681,8.140256410256413,109.66025641025641,1,352x332,7,team,jung,3,3,small,high,bright,center
002_20200708_203132(0),1,0.587459,0.479566,0.028409,0.03012,9.9999039997952,0.41254100000000005,3.385128205128211,106.4551282051282,1,352x332,7,team,jung,3,3,small,mid,bright,center
002_20200708_203132(0),2,0.599476,0.578108,0.028409,0.03012,9.9999039997952,0.400524,5.3612820512820605,115.05128205128206,1,352x332,7,team,jung,3,3,small,high,bright,center
002_20200708_203135(9),0,0.545161,0.409624,0.028409,0.03012,9.9999039997952,0.409624,7.223333333333329,108.08333333333333,1,352x332,7,team,jung,3,3,small,high,bright,center
002_20200708_203135(9),1,0.556823,0.480048,0.028409,0.03012,9.9999039997952,0.44317700000000004,3.012820512820511,106.01282051282051,1,352x332,7,team,jung,3,3,small,mid,bright,center
002_20200708_203135(9),2,0.572953,0.575214,0.028409,0.03012,9.9999039997952,0.424786,6.346410256410266,114.00641025641026,1,352x332,7,team,jung,3,3,small,high,bright,center
002_20200708_203139(9),0,0.554283,0.439403,0.028409,0.03012,9.9999039997952,0.439403,8.451794871794874,110.12179487179488,1,352x332,7,team,jung,3,3,small,high,bright,center
002_20200708_203139(9),1,0.573398,0.505795,0.028409,0.03012,9.9999039997952,0.42660200000000004,1.9592307692307713,107.26923076923077,1,352x332,7,team,jung,3,3,small,low,bright,center
002_20200708_203139(9),2,0.600423,0.598044,0.028409,0.03012,9.9999039997952,0.39957699999999996,7.646666666666675,112.66666666666667,1,352x332,7,team,jung,3,3,small,high,bright,center
002_20200713_090619(5),0,0.54712,0.540154,0.028409,0.03012,9.9999039997952,0.45287999999999995,8.756153846153836,113.09615384615384,1,352x332,7,team,lee,3,3,small,high,bright,center
002_20200713_090619(5),1,0.55292,0.607793,0.028409,0.03012,9.9999039997952,0.392207,2.858205128205128,106.87820512820512,1,352x332,7,team,lee,3,3,small,mid,bright,center
002_20200713_090619(5),2,0.563359,0.707408,0.028409,0.03012,9.9999039997952,0.29259199999999996,4.143589743589743,119.74358974358974,1,352x332,7,team,lee,3,3,small,mid,bright,center
002_20200713_090624(6),0,0.553105,0.501747,0.028409,0.03012,9.9999039997952,0.44689500000000004,6.205384615384617,114.61538461538461,1,352x332,7,team,lee,3,3,small,high,bright,center
002_20200713_090624(6),1,0.558012,0.571279,0.028409,0.03012,9.9999039997952,0.428721,2.4341025641025738,107.56410256410257,1,352x332,7,team,lee,3,3,small,mid,bright,center
002_20200713_090624(6),2,0.561581,0.670137,0.028409,0.03012,9.9999039997952,0.329863,5.584871794871802,119.2948717948718,1,352x332,7,team,lee,3,3,small,high,bright,center
002_20200713_090627(7),0,0.575689,0.470217,0.028409,0.03012,9.9999039997952,0.424311,9.100512820512819,112.82051282051282,1,352x332,7,team,lee,3,3,small,high,bright,center
002_20200713_090627(7),1,0.56177,0.639316,0.028409,0.03012,9.9999039997952,0.360684,4.513589743589733,118.74358974358974,1,352x332,7,team,lee,3,3,small,mid,bright,center
002_20200713_090627(7),2,0.56815,0.541546,0.028409,0.03012,9.9999039997952,0.43184999999999996,3.708974358974359,108.10897435897436,1,352x332,7,team,lee,3,3,small,mid,bright,center
002_20200713_090630(9),0,0.564681,0.487198,0.028409,0.03012,9.9999039997952,0.435319,8.450512820512813,114.07051282051282,1,352x332,7,team,lee,3,3,small,high,bright,center
002_20200713_090630(9),1,0.561781,0.556067,0.028409,0.03012,9.9999039997952,0.438219,2.243846153846164,107.65384615384616,1,352x332,7,team,lee,3,3,small,low,bright,center
002_20200713_090630(9),2,0.559462,0.655682,0.028409,0.03012,9.9999039997952,0.344318,4.383333333333326,118.58333333333333,1,352x332,7,team,lee,3,3,small,mid,bright,center
002_20200713_090633(9),0,0.561921,0.491468,0.028409,0.03012,9.9999039997952,0.438079,6.436666666666667,112.16666666666667,1,352x332,7,team,lee,3,3,small,high,bright,center
002_20200713_090633(9),1,0.556568,0.560053,0.028409,0.03012,9.9999039997952,0.439947,4.292307692307688,108.1923076923077,1,352x332,7,team,lee,3,3,small,mid,bright,center
002_20200713_090633(9),2,0.554783,0.657493,0.028409,0.03012,9.9999039997952,0.342507,5.446153846153834,118.34615384615384,1,352x332,7,team,lee,3,3,small,high,bright,center
002_20200713_090637(0),0,0.548054,0.529807,0.028409,0.03012,9.9999039997952,0.45194599999999996,9.484871794871793,113.2948717948718,1,352x332,7,team,lee,3,3,small,high,bright,center
002_20200713_090637(0),1,0.556173,0.599907,0.028409,0.03012,9.9999039997952,0.40009300000000003,2.924615384615393,106.88461538461539,1,352x332,7,team,lee,3,3,small,mid,bright,center
002_20200713_090637(0),2,0.570092,0.699522,0.028409,0.03012,9.9999039997952,0.300478,2.315384615384616,118.61538461538461,1,352x332,7,team,lee,3,3,small,low,bright,center
002_20200713_123402(2),0,0.57626,0.546139,0.028409,0.03012,9.9999039997952,0.42374,7.776153846153846,113.59615384615384,1,352x332,7,team,heo,3,3,small,high,bright,center
002_20200713_123402(2),1,0.585068,0.613379,0.028409,0.03012,9.9999039997952,0.386621,2.0602564102564145,107.41025641025641,1,352x332,7,team,heo,3,3,small,low,bright,center
002_20200713_123402(2),2,0.600017,0.711994,0.028409,0.03012,9.9999039997952,0.288006,5.194615384615389,120.13461538461539,1,352x332,7,team,heo,3,3,small,high,bright,center
002_20200713_123406(6),0,0.576817,0.45761,0.028409,0.03012,9.9999039997952,0.423183,7.091025641025638,112.14102564102564,1,352x332,7,team,heo,3,3,small,high,bright,center
002_20200713_123406(6),1,0.579926,0.526811,0.028409,0.03012,9.9999039997952,0.42007399999999995,3.519743589743598,108.83974358974359,1,352x332,7,team,heo,3,3,small,mid,bright,center
002_20200713_123406(6),2,0.588473,0.627317,0.028409,0.03012,9.9999039997952,0.372683,5.55641025641026,117.00641025641026,1,352x332,7,team,heo,3,3,small,high,bright,center
002_20200713_123411(2),0,0.563824,0.344824,0.028409,0.03012,9.9999039997952,0.344824,9.305128205128199,111.2051282051282,1,352x332,7,team,heo,3,3,small,high,bright,center
002_20200713_123411(2),1,0.573989,0.414516,0.028409,0.03012,9.9999039997952,0.414516,2.8984615384615324,107.03846153846153,1,352x332,7,team,heo,3,3,small,mid,bright,center
002_20200713_123411(2),2,0.586864,0.51151,0.028409,0.03012,9.9999039997952,0.41313599999999995,5.58461538461539,118.88461538461539,1,352x332,7,team,heo,3,3,small,high,bright,center
002_20200713_123415(6),0,0.580917,0.493454,0.028409,0.03012,9.9999039997952,0.419083,9.959999999999994,115.5,1,352x332,7,team,heo,3,3,small,high,bright,center
002_20200713_123415(6),1,0.577587,0.565862,0.028409,0.03012,9.9999039997952,0.42241300000000004,4.319230769230771,108.01923076923077,1,352x332,7,team,heo,3,3,small,mid,bright,center
002_20200713_123415(6),2,0.575429,0.665765,0.028409,0.03012,9.9999039997952,0.33423499999999995,5.941794871794869,115.62179487179488,1,352x332,7,team,heo,3,3,small,high,bright,center
002_20200713_123420(2),0,0.584784,0.434884,0.028409,0.03012,9.9999039997952,0.41521600000000003,6.365641025641025,109.77564102564102,1,352x332,7,team,heo,3,3,small,high,bright,center
002_20200713_123420(2),1,0.588346,0.507255,0.028409,0.03012,9.9999039997952,0.41165399999999996,2.7817948717948724,108.87179487179488,1,352x332,7,team,heo,3,3,small,mid,bright,center
002_20200713_123420(2),2,0.597249,0.606686,0.028409,0.03012,9.9999039997952,0.39331400000000005,5.72179487179487,115.12179487179488,1,352x332,7,team,heo,3,3,small,high,bright,center
002_20200713_123424(6),0,0.563552,0.53589,0.028409,0.03012,9.9999039997952,0.43644799999999995,11.3776923076923,114.3076923076923,1,352x332,7,team,heo,3,3,small,high,bright,center
002_20200713_123424(6),1,0.576264,0.60777,0.028409,0.03012,9.9999039997952,0.39222999999999997,3.2038461538461576,106.40384615384616,1,352x332,7,team,heo,3,3,small,mid,bright,center
002_20200713_123424(6),2,0.594423,0.702754,0.028409,0.03012,9.9999039997952,0.297246,5.285641025641027,116.52564102564102,1,352x332,7,team,heo,3,3,small,high,bright,center
002_20200713_163527(7),0,0.571382,0.495535,0.028409,0.03012,9.9999039997952,0.42861800000000005,5.8700000000000045,120.0,1,352x332,7,team,heo,3,3,small,high,bright,center
002_20200713_163527(7),1,0.568211,0.398041,0.028409,0.03012,9.9999039997952,0.398041,1.89487179487179,106.5448717948718,1,352x332,7,team,heo,3,3,small,low,bright,center
002_20200713_163527(7),2,0.566309,0.323409,0.028409,0.03012,9.9999039997952,0.323409,9.077948717948715,111.21794871794872,1,352x332,7,team,heo,3,3,small,high,bright,center
002_20200713_163532(0),0,0.576565,0.510806,0.028409,0.03012,9.9999039997952,0.423435,5.536410256410264,118.50641025641026,1,352x332,7,team,heo,3,3,small,high,bright,center
002_20200713_163532(0),1,0.56481,0.412485,0.028409,0.03012,9.9999039997952,0.412485,1.1551282051282072,105.7051282051282,1,352x332,7,team,heo,3,3,small,low,bright,center
002_20200713_163532(0),2,0.555015,0.343246,0.028409,0.03012,9.9999039997952,0.343246,8.653333333333322,110.33333333333333,1,352x332,7,team,heo,3,3,small,high,bright,center
002_20200713_163536(6),0,0.571417,0.538095,0.028409,0.03012,9.9999039997952,0.42858300000000005,7.7905128205128165,115.07051282051282,1,352x332,7,team,heo,3,3,small,high,bright,center
002_20200713_163536(6),1,0.558521,0.440109,0.028409,0.03012,9.9999039997952,0.440109,2.5376923076923106,105.3076923076923,1,352x332,7,team,heo,3,3,small,mid,bright,center
002_20200713_163536(6),2,0.551357,0.372507,0.028409,0.03012,9.9999039997952,0.372507,10.434615384615384,111.13461538461539,1,352x332,7,team,heo,3,3,small,high,bright,center
002_20200713_163541(1),0,0.566157,0.41533,0.028409,0.03012,9.9999039997952,0.41533,7.7064102564102654,110.50641025641026,1,352x332,7,team,heo,3,3,small,high,bright,center
002_20200713_163541(1),1,0.574152,0.48545,0.028409,0.03012,9.9999039997952,0.425848,3.0292307692307787,108.26923076923077,1,352x332,7,team,heo,3,3,small,mid,bright,center
002_20200713_163541(1),2,0.585053,0.58254,0.028409,0.03012,9.9999039997952,0.41494699999999995,7.621282051282051,114.80128205128206,1,352x332,7,team,heo,3,3,small,high,bright,center
002_20200713_163551(8),0,0.555729,0.40007,0.028409,0.03012,9.9999039997952,0.40007,6.095641025641015,108.52564102564102,1,352x332,7,team,heo,3,3,small,high,bright,center
002_20200713_163551(8),1,0.558382,0.469678,0.028409,0.03012,9.9999039997952,0.44161799999999996,1.8056410256410231,106.52564102564102,1,352x332,7,team,heo,3,3,small,low,bright,center
002_20200713_163551(8),2,0.563687,0.568816,0.028409,0.03012,9.9999039997952,0.431184,6.685128205128208,114.4551282051282,1,352x332,7,team,heo,3,3,small,high,bright,center
002_20200713_163657(7),0,0.577946,0.442389,0.028409,0.03012,9.9999039997952,0.42205400000000004,8.360769230769222,111.73076923076923,1,352x332,7,team,jung,3,3,small,high,bright,center
002_20200713_163657(7),1,0.581963,0.512234,0.028409,0.03012,9.9999039997952,0.418037,3.2902564102564043,110.16025641025641,1,352x332,7,team,jung,3,3,small,mid,bright,center
002_20200713_163657(7),2,0.590505,0.610777,0.028409,0.03012,9.9999039997952,0.389223,5.374358974358984,117.72435897435898,1,352x332,7,team,jung,3,3,small,high,bright,center
002_20200713_202453(5),0,0.578925,0.358947,0.028409,0.03012,9.9999039997952,0.358947,6.884358974358975,116.22435897435898,1,352x332,7,team,jung,3,3,small,high,bright,center
002_20200713_202453(5),1,0.588559,0.429908,0.028409,0.03012,9.9999039997952,0.41144099999999995,2.60512820512821,109.9551282051282,1,352x332,7,team,jung,3,3,small,mid,bright,center
002_20200713_202453(5),2,0.603263,0.52291,0.028409,0.03012,9.9999039997952,0.396737,7.546666666666667,120.91666666666667,1,352x332,7,team,jung,3,3,small,high,bright,center
002_20200713_202457(9),0,0.553928,0.379201,0.028409,0.03012,9.9999039997952,0.379201,8.028461538461528,117.53846153846153,1,352x332,7,team,jung,3,3,small,high,bright,center
002_20200713_202457(9),1,0.564576,0.450162,0.028409,0.03012,9.9999039997952,0.43542400000000003,2.815128205128204,111.2051282051282,1,352x332,7,team,jung,3,3,small,mid,bright,center
002_20200713_202457(9),2,0.584857,0.544776,0.028409,0.03012,9.9999039997952,0.41514300000000004,5.808974358974368,119.35897435897436,1,352x332,7,team,jung,3,3,small,high,bright,center
002_20200713_202502(4),0,0.564334,0.381146,0.028409,0.03012,9.9999039997952,0.381146,6.324358974358972,116.97435897435898,1,352x332,7,team,jung,3,3,small,high,bright,center
002_20200713_202502(4),1,0.573461,0.452107,0.028409,0.03012,9.9999039997952,0.426539,2.150769230769228,112.48076923076923,1,352x332,7,team,jung,3,3,small,low,bright,center
002_20200713_202502(4),2,0.586137,0.548335,0.028409,0.03012,9.9999039997952,0.413863,8.42307692307692,119.92307692307692,1,352x332,7,team,jung,3,3,small,high,bright,center
002_20200713_202507(0),0,0.58953,0.348354,0.028409,0.03012,9.9999039997952,0.348354,3.2810256410256358,114.39102564102564,1,352x332,7,team,jung,3,3,small,mid,bright,center
002_20200713_202507(0),1,0.600061,0.413277,0.028409,0.03012,9.9999039997952,0.39993900000000004,2.635128205128211,113.7051282051282,1,352x332,7,team,jung,3,3,small,mid,bright,center
002_20200713_202507(0),2,0.616442,0.488952,0.028409,0.03012,9.9999039997952,0.38355799999999995,0.1664102564102592,120.00641025641026,1,352x332,7,team,jung,3,3,small,low,bright,center
002_20200713_202511(3),0,0.585044,0.348997,0.028409,0.03012,9.9999039997952,0.348997,3.984102564102571,111.81410256410257,1,352x332,7,team,jung,3,3,small,mid,bright,center
002_20200713_202511(3),1,0.590188,0.414434,0.028409,0.03012,9.9999039997952,0.40981199999999995,1.35230769230769,112.1923076923077,1,352x332,7,team,jung,3,3,small,low,bright,center
002_20200713_202511(3),2,0.59876,0.490777,0.028409,0.03012,9.9999039997952,0.40124000000000004,0.365128205128201,118.7948717948718,1,352x332,7,team,jung,3,3,small,low,bright,center
002_20200713_202515(8),0,0.609755,0.459801,0.028409,0.03012,9.9999039997952,0.39024499999999995,4.441794871794869,114.12179487179488,1,352x332,7,team,jung,3,3,small,mid,bright,center
002_20200713_202515(8),1,0.635116,0.600008,0.028409,0.03012,9.9999039997952,0.364884,0.710256410256406,115.91025641025641,1,352x332,7,team,jung,3,3,small,low,bright,center
002_20200713_202515(8),2,0.620987,0.52203,0.028409,0.03012,9.9999039997952,0.37901300000000004,2.572051282051291,115.03205128205128,1,352x332,7,team,jung,3,3,small,mid,bright,center
002_20200714_002645(1),0,0.59088,0.523573,0.028409,0.03012,9.9999039997952,0.40912000000000004,8.319999999999993,116.25,1,352x332,7,team,lee,3,3,small,high,bright,center
002_20200714_002645(1),1,0.601587,0.588375,0.028409,0.03012,9.9999039997952,0.398413,3.6328205128205155,113.26282051282051,1,352x332,7,team,lee,3,3,small,mid,bright,center
002_20200714_002645(1),2,0.619433,0.662636,0.028409,0.03012,9.9999039997952,0.337364,0.24897435897436537,115.60897435897436,1,352x332,7,team,lee,3,3,small,low,bright,center
002_20200714_002649(5),0,0.604189,0.367952,0.028409,0.03012,9.9999039997952,0.367952,5.201282051282064,110.05128205128206,1,352x332,7,team,lee,3,3,small,high,bright,center
002_20200714_002649(5),1,0.609988,0.433132,0.028409,0.03012,9.9999039997952,0.390012,2.374871794871794,109.7948717948718,1,352x332,7,team,lee,3,3,small,low,bright,center
002_20200714_002649(5),2,0.622168,0.511225,0.028409,0.03012,9.9999039997952,0.37783199999999995,0.6617948717948821,116.87179487179488,1,352x332,7,team,lee,3,3,small,low,bright,center
002_20200714_002654(1),0,0.599044,0.298779,0.028409,0.03012,9.9999039997952,0.298779,4.486923076923077,110.57692307692308,1,352x332,7,team,lee,3,3,small,mid,bright,center
002_20200714_002654(1),1,0.600204,0.365189,0.028409,0.03012,9.9999039997952,0.365189,4.381538461538469,107.96153846153847,1,352x332,7,team,lee,3,3,small,mid,bright,center
002_20200714_002654(1),2,0.606584,0.443282,0.028409,0.03012,9.9999039997952,0.393416,0.1284615384615364,113.03846153846153,1,352x332,7,team,lee,3,3,small,low,bright,center
002_20200714_002658(5),0,0.581959,0.394024,0.028409,0.03012,9.9999039997952,0.394024,8.967948717948715,114.21794871794872,1,352x332,7,team,lee,3,3,small,high,bright,center
002_20200714_002658(5),1,0.584858,0.465353,0.028409,0.03012,9.9999039997952,0.415142,3.708717948717947,111.44871794871794,1,352x332,7,team,lee,3,3,small,mid,bright,center
002_20200714_002658(5),2,0.589498,0.561893,0.028409,0.03012,9.9999039997952,0.41050200000000003,6.538974358974372,120.60897435897436,1,352x332,7,team,lee,3,3,small,high,bright,center
002_20200714_002703(0),0,0.575521,0.401665,0.028409,0.03012,9.9999039997952,0.401665,9.147435897435898,115.1474358974359,1,352x332,7,team,lee,3,3,small,high,bright,center
002_20200714_002703(0),1,0.580045,0.471211,0.028409,0.03012,9.9999039997952,0.41995499999999997,6.591794871794875,112.37179487179488,1,352x332,7,team,lee,3,3,small,high,bright,center
002_20200714_002703(0),2,0.591354,0.569534,0.028409,0.03012,9.9999039997952,0.40864599999999995,6.796153846153842,119.34615384615384,1,352x332,7,team,lee,3,3,small,high,bright,center
002_20200714_002707(5),0,0.557171,0.401942,0.028409,0.03012,9.9999039997952,0.401942,10.154102564102573,114.81410256410257,1,352x332,7,team,lee,3,3,small,high,bright,center
002_20200714_002707(5),1,0.56587,0.473271,0.028409,0.03012,9.9999039997952,0.43413,2.8058974358974353,111.18589743589743,1,352x332,7,team,lee,3,3,small,mid,bright,center
002_20200714_002707(5),2,0.579789,0.569811,0.028409,0.03012,9.9999039997952,0.420211,4.312564102564096,118.1025641025641,1,352x332,7,team,lee,3,3,small,mid,bright,center
002_20200714_042619(3),0,0.614655,0.455442,0.028409,0.03012,9.9999039997952,0.38534500000000005,6.262307692307687,113.4423076923077,1,352x332,7,team,jung,3,3,small,high,bright,center
002_20200714_042619(3),1,0.621114,0.518568,0.028409,0.03012,9.9999039997952,0.37888599999999995,0.9530769230769209,113.67307692307692,1,352x332,7,team,jung,3,3,small,low,bright,center
002_20200714_042619(3),2,0.630666,0.59621,0.028409,0.03012,9.9999039997952,0.36933400000000005,1.4407692307692201,113.23076923076923,1,352x332,7,team,jung,3,3,small,low,bright,center
002_20200714_042623(8),0,0.607736,0.429099,0.028409,0.03012,9.9999039997952,0.39226399999999995,4.351538461538468,110.71153846153847,1,352x332,7,team,jung,3,3,small,mid,bright,center
002_20200714_042623(8),1,0.615646,0.493394,0.028409,0.03012,9.9999039997952,0.384354,0.7264102564102615,111.50641025641026,1,352x332,7,team,jung,3,3,small,low,bright,center
002_20200714_042623(8),2,0.630147,0.569569,0.028409,0.03012,9.9999039997952,0.369853,0.5164102564102677,113.99358974358974,1,352x332,7,team,jung,3,3,small,low,bright,center
002_20200714_042628(4),0,0.597523,0.374414,0.028409,0.03012,9.9999039997952,0.374414,6.598205128205123,110.62820512820512,1,352x332,7,team,jung,3,3,small,high,bright,center
002_20200714_042628(4),1,0.602137,0.440106,0.028409,0.03012,9.9999039997952,0.39786299999999997,2.3856410256410214,110.02564102564102,1,352x332,7,team,jung,3,3,small,low,bright,center
002_20200714_042628(4),2,0.609388,0.516282,0.028409,0.03012,9.9999039997952,0.39061199999999996,1.0938461538461581,115.09615384615384,1,352x332,7,team,jung,3,3,small,low,bright,center
002_20200714_042632(8),0,0.563181,0.405657,0.028409,0.03012,9.9999039997952,0.405657,7.438461538461539,112.28846153846153,1,352x332,7,team,jung,3,3,small,high,bright,center
002_20200714_042632(8),1,0.57175,0.47694,0.028409,0.03012,9.9999039997952,0.42825,3.865128205128201,111.9551282051282,1,352x332,7,team,jung,3,3,small,mid,bright,center
002_20200714_042632(8),2,0.586911,0.573383,0.028409,0.03012,9.9999039997952,0.41308900000000004,4.914358974358976,118.72435897435898,1,352x332,7,team,jung,3,3,small,high,bright,center
002_20200714_042637(4),0,0.565488,0.390091,0.028409,0.03012,9.9999039997952,0.390091,7.790000000000006,112.75,1,352x332,7,team,jung,3,3,small,high,bright,center
002_20200714_042637(4),1,0.574057,0.461374,0.028409,0.03012,9.9999039997952,0.42594299999999996,1.7600000000000051,111.0,1,352x332,7,team,jung,3,3,small,low,bright,center
002_20200714_042637(4),2,0.587899,0.55572,0.028409,0.03012,9.9999039997952,0.41210100000000005,5.062051282051286,118.78205128205128,1,352x332,7,team,jung,3,3,small,high,bright,center
002_20200714_042641(8),0,0.5426136363636364,0.3629518072289157,0.022727272727272728,0.03313253012048193,9.38083151964686,0.3629518072289157,12.89333333333333,114.39333333333333,1,352x332,7,official,,3,3,small,high,bright,center
002_20200714_042641(8),1,0.5511363636363636,0.4352409638554217,0.022727272727272728,0.03313253012048193,9.38083151964686,0.4352409638554217,6.330606060606073,110.85333333333334,1,352x332,7,official,,3,3,small,high,bright,center
002_20200714_042641(8),2,0.5653409090909091,0.5331325301204819,0.022727272727272728,0.030120481927710843,8.94427190999916,0.43465909090909094,7.974999999999994,117.25,1,352x332,7,official,,3,3,small,high,bright,center
002_20200714_083054(2),0,0.5610795454545454,0.42771084337349397,0.02556818181818182,0.030120481927710843,9.486832980505138,0.42771084337349397,11.75777777777779,116.18,1,352x332,7,official,,3,3,small,high,bright,center
002_20200714_083054(2),1,0.5653409090909091,0.4954819277108434,0.022727272727272728,0.02710843373493976,8.48528137423857,0.43465909090909094,1.8478260869565304,110.68115942028986,1,352x332,7,official,,3,3,small,low,bright,center
002_20200714_083054(2),2,0.5738636363636364,0.5948795180722891,0.022727272727272728,0.02710843373493976,8.48528137423857,0.4051204819277109,8.606884057971016,114.89855072463769,1,352x332,7,official,,3,3,small,high,bright,center
002_20200714_083057(5),0,0.5525568181818182,0.39457831325301207,0.02556818181818182,0.03614457831325301,10.392304845413264,0.39457831325301207,11.679012345679013,114.75308641975309,1,352x332,7,official,,3,3,mid,high,bright,center
002_20200714_083057(5),1,0.5596590909090909,0.4683734939759036,0.028409090909090908,0.02710843373493976,9.486832980505138,0.44034090909090906,6.591111111111104,109.31333333333333,1,352x332,7,official,,3,3,small,high,bright,center
002_20200714_083057(5),2,0.5838068181818182,0.5692771084337349,0.019886363636363636,0.030120481927710843,8.366600265340756,0.41619318181818177,2.6846790890269148,118.92753623188406,1,352x332,7,official,,3,3,small,mid,bright,center
002_20200714_083101(7),0,0.5610795454545454,0.39006024096385544,0.02556818181818182,0.0391566265060241,10.816653826391969,0.39006024096385544,15.057539682539684,118.61309523809524,1,352x332,7,official,,3,3,mid,high,bright,center
002_20200714_083101(7),1,0.5738636363636364,0.45933734939759036,0.022727272727272728,0.03313253012048193,9.38083151964686,0.42613636363636365,3.413939393939401,109.68666666666667,1,352x332,7,official,,3,3,small,mid,bright,center
002_20200714_083101(7),2,0.5866477272727273,0.5557228915662651,0.02556818181818182,0.03313253012048193,9.9498743710662,0.4133522727272727,9.975135975135984,117.35897435897436,1,352x332,7,official,,3,3,small,high,bright,center
002_20200714_083106(2),0,0.5525568181818182,0.44728915662650603,0.02556818181818182,0.02710843373493976,9.0,0.44728915662650603,7.554012345679013,110.98611111111111,1,352x332,7,official,,3,3,small,high,bright,center
002_20200714_083106(2),1,0.5625,0.5135542168674698,0.022727272727272728,0.02108433734939759,7.483314773547883,0.4375,3.011904761904759,107.33333333333333,1,352x332,7,official,,3,3,small,mid,bright,center
002_20200714_083106(2),2,0.5866477272727273,0.6114457831325302,0.02556818181818182,0.024096385542168676,8.48528137423857,0.3885542168674698,7.336352657004838,110.90579710144928,1,352x332,7,official,,3,3,small,high,bright,center
002_20200714_083110(8),0,0.5511363636363636,0.4789156626506024,0.022727272727272728,0.024096385542168676,8.0,0.44886363636363635,9.561079545454547,112.54545454545455,1,352x332,7,official,,3,3,small,high,bright,center
002_20200714_083110(8),1,0.5696022727272727,0.5436746987951807,0.019886363636363636,0.02710843373493976,7.937253933193772,0.4303977272727273,3.3228715728715628,108.0530303030303,1,352x332,7,official,,3,3,small,mid,bright,center
002_20200714_083110(8),2,0.5951704545454546,0.6430722891566265,0.019886363636363636,0.02710843373493976,7.937253933193772,0.3569277108433735,6.962842712842715,111.61363636363636,1,352x332,7,official,,3,3,small,high,bright,center
002_20200714_083115(1),0,0.5639204545454546,0.5120481927710844,0.019886363636363636,0.03614457831325301,9.16515138991168,0.4360795454545454,8.5652380952381,116.22,1,352x332,7,official,,3,3,small,high,bright,center
002_20200714_083115(1),1,0.5681818181818182,0.5813253012048193,0.022727272727272728,0.030120481927710843,8.94427190999916,0.4186746987951807,5.547222222222231,107.65972222222223,1,352x332,7,official,,3,3,small,high,bright,center
002_20200714_083115(1),2,0.5795454545454546,0.6822289156626506,0.022727272727272728,0.02710843373493976,8.48528137423857,0.31777108433734935,7.952898550724626,114.8695652173913,1,352x332,7,official,,3,3,small,high,bright,center
002_20200714_123109(8),0,0.5610795454545454,0.516566265060241,0.02556818181818182,0.02108433734939759,7.937253933193771,0.4389204545454546,12.47258297258297,118.4090909090909,1,352x332,7,official,,3,3,small,high,bright,center
002_20200714_123109(8),1,0.5767045454545454,0.5858433734939759,0.022727272727272728,0.02710843373493976,8.48528137423857,0.41415662650602414,3.035628019323667,108.85507246376811,1,352x332,7,official,,3,3,small,mid,bright,center
002_20200714_123109(8),2,0.5994318181818182,0.6807228915662651,0.028409090909090908,0.024096385542168676,8.94427190999916,0.3192771084337349,4.99444444444444,119.31944444444444,1,352x332,7,official,,3,3,small,high,bright,center
002_20200714_123113(1),0,0.5795454545454546,0.2891566265060241,0.022727272727272728,0.024096385542168676,8.0,0.2891566265060241,5.873579545454547,113.54545454545455,1,352x332,7,official,,3,3,small,high,bright,center
002_20200714_123113(1),1,0.5809659090909091,0.3614457831325301,0.03125,0.024096385542168676,9.38083151964686,0.3614457831325301,4.855757575757579,109.94666666666667,1,352x332,7,official,,3,3,small,mid,bright,center
002_20200714_123113(1),2,0.5880681818181818,0.4578313253012048,0.028409090909090908,0.024096385542168676,8.94427190999916,0.41193181818181823,8.015277777777769,117.90277777777777,1,352x332,7,official,,3,3,small,high,bright,center
002_20200714_123117(3),0,0.5795454545454546,0.4427710843373494,0.022727272727272728,0.024096385542168676,8.0,0.4204545454545454,8.029356060606062,113.31060606060606,1,352x332,7,official,,3,3,small,high,bright,center
002_20200714_123117(3),1,0.5852272727272727,0.5135542168674698,0.028409090909090908,0.02710843373493976,9.486832980505138,0.4147727272727273,2.566666666666663,112.0,1,352x332,7,official,,3,3,small,mid,bright,center
002_20200714_123117(3),2,0.5909090909090909,0.6114457831325302,0.022727272727272728,0.030120481927710843,8.94427190999916,0.3885542168674698,7.473611111111111,117.42361111111111,1,352x332,7,official,,3,3,small,high,bright,center
002_20200714_123120(4),0,0.5738636363636364,0.4367469879518072,0.028409090909090908,0.024096385542168676,8.94427190999916,0.42613636363636365,9.651388888888889,114.38888888888889,1,352x332,7,official,,3,3,small,high,bright,center
002_20200714_123120(4),1,0.5823863636363636,0.5090361445783133,0.022727272727272728,0.030120481927710843,8.94427190999916,0.41761363636363635,2.927777777777777,111.46527777777777,1,352x332,7,official,,3,3,small,mid,bright,center
002_20200714_123120(4),2,0.5951704545454546,0.6009036144578314,0.02556818181818182,0.02710843373493976,9.0,0.39909638554216864,6.42206790123457,116.52083333333333,1,352x332,7,official,,3,3,small,high,bright,center
002_20200714_123123(5),0,0.5667613636363636,0.5075301204819277,0.02556818181818182,0.02710843373493976,9.0,0.43323863636363635,12.147376543209873,117.9375,1,352x332,7,official,,3,3,small,high,bright,center
002_20200714_123123(5),1,0.5738636363636364,0.5828313253012049,0.022727272727272728,0.02710843373493976,8.48528137423857,0.41716867469879515,2.091787439613526,108.20289855072464,1,352x332,7,official,,3,3,small,low,bright,center
002_20200714_123123(5),2,0.578125,0.6807228915662651,0.02556818181818182,0.024096385542168676,8.48528137423857,0.3192771084337349,5.570652173913047,118.69565217391305,1,352x332,7,official,,3,3,small,high,bright,center
002_20200714_123126(4),0,0.5582386363636364,0.463855421686747,0.02556818181818182,0.030120481927710843,9.486832980505138,0.44176136363636365,9.442222222222227,114.72,1,352x332,7,official,,3,3,small,high,bright,center
002_20200714_123126(4),1,0.5639204545454546,0.5346385542168675,0.03125,0.02710843373493976,9.9498743710662,0.4360795454545454,5.1668609168609265,110.42948717948718,1,352x332,7,official,,3,3,small,high,bright,center
002_20200714_123126(4),2,0.5795454545454546,0.6340361445783133,0.028409090909090908,0.02710843373493976,9.486832980505138,0.36596385542168675,4.993333333333339,116.72666666666667,1,352x332,7,official,,3,3,small,high,bright,center
002_20200714_163046(2),0,0.5880681818181818,0.4141566265060241,0.028409090909090908,0.02710843373493976,9.486832980505138,0.41193181818181823,6.217777777777769,114.50666666666666,1,352x332,7,official,,3,3,small,high,bright,center
002_20200714_163046(2),1,0.5880681818181818,0.48042168674698793,0.028409090909090908,0.02710843373493976,9.486832980505138,0.41193181818181823,4.4466666666666725,114.94666666666667,1,352x332,7,official,,3,3,small,mid,bright,center
002_20200714_163046(2),2,0.59375,0.5572289156626506,0.028409090909090908,0.030120481927710843,10.0,0.40625,0.6102564102564116,118.66025641025641,1,352x332,7,official,,3,3,mid,low,bright,center
002_20200714_163049(8),0,0.5965909090909091,0.41566265060240964,0.03409090909090909,0.030120481927710843,10.954451150103322,0.40340909090909094,9.80952380952381,117.80952380952381,1,352x332,7,official,,3,3,mid,high,bright,center
002_20200714_163049(8),1,0.6065340909090909,0.4879518072289157,0.02556818181818182,0.030120481927710843,9.486832980505138,0.39346590909090906,3.086666666666673,114.42,1,352x332,7,official,,3,3,small,mid,bright,center
002_20200714_163049(8),2,0.6164772727272727,0.5557228915662651,0.028409090909090908,0.03313253012048193,10.488088481701515,0.3835227272727273,1.9069584736251386,115.71604938271605,1,352x332,7,official,,3,3,mid,low,bright,center
002_20200714_163053(5),0,0.5653409090909091,0.4608433734939759,0.022727272727272728,0.030120481927710843,8.94427190999916,0.43465909090909094,6.220833333333331,113.95833333333333,1,352x332,7,official,,3,3,small,high,bright,center
002_20200714_163053(5),1,0.5809659090909091,0.5210843373493976,0.02556818181818182,0.024096385542168676,8.48528137423857,0.41903409090909094,4.963164251207729,110.28260869565217,1,352x332,7,official,,3,3,small,high,bright,center
002_20200714_163053(5),2,0.6022727272727273,0.5918674698795181,0.022727272727272728,0.02710843373493976,8.48528137423857,0.3977272727272727,0.4323671497584485,109.95652173913044,1,352x332,7,official,,3,3,small,low,bright,center
002_20200714_163056(8),0,0.6022727272727273,0.45933734939759036,0.028409090909090908,0.02710843373493976,9.486832980505138,0.3977272727272727,5.760000000000005,112.56,1,352x332,7,official,,3,3,small,high,bright,center
002_20200714_163056(8),1,0.609375,0.5240963855421686,0.03125,0.030120481927710843,10.488088481701515,0.390625,3.4874298540965185,110.64197530864197,1,352x332,7,official,,3,3,mid,mid,bright,center
002_20200714_163056(8),2,0.6193181818181818,0.5978915662650602,0.028409090909090908,0.02710843373493976,9.486832980505138,0.38068181818181823,0.0288888888888863,109.87333333333333,1,352x332,7,official,,3,3,small,low,bright,center
002_20200714_163100(2),0,0.5823863636363636,0.46536144578313254,0.022727272727272728,0.02710843373493976,8.48528137423857,0.41761363636363635,6.4353864734299435,112.1159420289855,1,352x332,7,official,,3,3,small,high,bright,center
002_20200714_163100(2),1,0.5923295454545454,0.5256024096385542,0.02556818181818182,0.02710843373493976,9.0,0.4076704545454546,4.972993827160494,110.36805555555556,1,352x332,7,official,,3,3,small,high,bright,center
002_20200714_163100(2),2,0.6079545454545454,0.6069277108433735,0.022727272727272728,0.02710843373493976,8.48528137423857,0.3920454545454546,0.8291062801932441,108.89855072463769,1,352x332,7,official,,3,3,small,low,bright,center
002_20200714_163103(5),0,0.5809659090909091,0.4292168674698795,0.02556818181818182,0.02710843373493976,9.0,0.41903409090909094,6.692901234567913,110.34722222222223,1,352x332,7,official,,3,3,small,high,bright,center
002_20200714_163103(5),1,0.5852272727272727,0.49698795180722893,0.022727272727272728,0.030120481927710843,8.94427190999916,0.4147727272727273,4.248611111111117,110.04861111111111,1,352x332,7,official,,3,3,small,mid,bright,center
002_20200714_163103(5),2,0.5980113636363636,0.572289156626506,0.02556818181818182,0.030120481927710843,9.486832980505138,0.40198863636363635,0.7022222222222183,110.38,1,352x332,7,official,,3,3,small,low,bright,center
002_20200714_225756(0),0,0.5454545454545454,0.45481927710843373,0.022727272727272728,0.030120481927710843,8.94427190999916,0.4545454545454546,8.972222222222229,113.78472222222223,1,352x332,7,official,,3,3,small,high,bright,center
002_20200714_225756(0),1,0.5625,0.5210843373493976,0.022727272727272728,0.030120481927710843,8.94427190999916,0.4375,4.36388888888888,111.63888888888889,1,352x332,7,official,,3,3,small,mid,bright,center
002_20200714_225756(0),2,0.5894886363636364,0.6114457831325302,0.02556818181818182,0.030120481927710843,9.486832980505138,0.3885542168674698,6.951111111111118,117.04,1,352x332,7,official,,3,3,small,high,bright,center
002_20200714_225759(8),0,0.578125,0.43373493975903615,0.02556818181818182,0.030120481927710843,9.486832980505138,0.421875,10.586666666666659,114.52,1,352x332,7,official,,3,3,small,high,bright,center
002_20200714_225759(8),1,0.5838068181818182,0.5015060240963856,0.02556818181818182,0.02710843373493976,9.0,0.41619318181818177,3.5640432098765444,111.02083333333333,1,352x332,7,official,,3,3,small,mid,bright,center
002_20200714_225759(8),2,0.5951704545454546,0.6054216867469879,0.02556818181818182,0.030120481927710843,9.486832980505138,0.39457831325301207,6.7222222222222285,116.7,1,352x332,7,official,,3,3,small,high,bright,center
002_20200714_225803(3),0,0.5610795454545454,0.4563253012048193,0.02556818181818182,0.02710843373493976,9.0,0.4389204545454546,11.901234567901227,114.77777777777777,1,352x332,7,official,,3,3,small,high,bright,center
002_20200714_225803(3),1,0.5653409090909091,0.5271084337349398,0.022727272727272728,0.024096385542168676,8.0,0.43465909090909094,1.9412878787878753,109.12878787878788,1,352x332,7,official,,3,3,small,low,bright,center
002_20200714_225803(3),2,0.5696022727272727,0.6265060240963856,0.019886363636363636,0.03614457831325301,9.16515138991168,0.37349397590361444,7.820952380952377,117.77333333333333,1,352x332,7,official,,3,3,small,high,bright,center
002_20200714_225807(3),0,0.6008522727272727,0.4352409638554217,0.02556818181818182,0.02710843373493976,9.0,0.3991477272727273,8.911265432098773,115.92361111111111,1,352x332,7,official,,3,3,small,high,bright,center
002_20200714_225807(3),1,0.6136363636363636,0.5015060240963856,0.028409090909090908,0.02710843373493976,9.486832980505138,0.38636363636363635,2.01111111111112,114.7,1,352x332,7,official,,3,3,small,low,bright,center
002_20200714_225807(3),2,0.6264204545454546,0.5753012048192772,0.02556818181818182,0.030120481927710843,9.486832980505138,0.3735795454545454,0.9933333333333252,117.42666666666666,1,352x332,7,official,,3,3,small,low,bright,center
002_20200714_225810(5),0,0.5866477272727273,0.45481927710843373,0.03125,0.030120481927710843,10.488088481701515,0.4133522727272727,9.592929292929298,117.11111111111111,1,352x332,7,official,,3,3,mid,high,bright,center
002_20200714_225810(5),1,0.5852272727272727,0.5210843373493976,0.022727272727272728,0.024096385542168676,8.0,0.4147727272727273,2.6666666666666714,114.91666666666667,1,352x332,7,official,,3,3,small,mid,bright,center
002_20200714_225810(5),2,0.5852272727272727,0.5993975903614458,0.022727272727272728,0.024096385542168676,8.0,0.4006024096385542,1.1278409090909065,117.0909090909091,1,352x332,7,official,,3,3,small,low,bright,center
002_20200714_225817(4),0,0.5838068181818182,0.3132530120481928,0.02556818181818182,0.030120481927710843,9.486832980505138,0.3132530120481928,5.288888888888877,113.1,1,352x332,7,official,,3,3,small,high,bright,center
002_20200714_225817(4),1,0.5838068181818182,0.3795180722891566,0.02556818181818182,0.024096385542168676,8.48528137423857,0.3795180722891566,3.2650966183574894,108.69565217391305,1,352x332,7,official,,3,3,small,mid,bright,center
002_20200714_225817(4),2,0.5852272727272727,0.4563253012048193,0.022727272727272728,0.02710843373493976,8.48528137423857,0.4147727272727273,0.7729468599033851,115.71739130434783,1,352x332,7,official,,3,3,small,low,bright,center
002_20200715_002443(4),0,0.5497159090909091,0.4246987951807229,0.02556818181818182,0.024096385542168676,8.48528137423857,0.4246987951807229,10.772946859903385,112.71739130434783,1,352x332,7,official,,3,3,small,high,bright,center
002_20200715_002443(4),1,0.5553977272727273,0.4954819277108434,0.02556818181818182,0.02710843373493976,9.0,0.4446022727272727,3.061728395061735,113.0,1,352x332,7,official,,3,3,small,mid,bright,center
002_20200715_002443(4),2,0.5667613636363636,0.5978915662650602,0.02556818181818182,0.02710843373493976,9.0,0.40210843373493976,8.129629629629633,116.72222222222223,1,352x332,7,official,,3,3,small,high,bright,center
002_20200715_002447(9),0,0.5710227272727273,0.40963855421686746,0.022727272727272728,0.030120481927710843,8.94427190999916,0.40963855421686746,7.55694444444444,110.69444444444444,1,352x332,7,official,,3,3,small,high,bright,center
002_20200715_002447(9),1,0.5795454545454546,0.48042168674698793,0.022727272727272728,0.02710843373493976,8.48528137423857,0.4204545454545454,4.600845410628011,109.58695652173913,1,352x332,7,official,,3,3,small,mid,bright,center
002_20200715_002447(9),2,0.5965909090909091,0.5768072289156626,0.028409090909090908,0.03313253012048193,10.488088481701515,0.40340909090909094,8.644893378226712,119.1358024691358,1,352x332,7,official,,3,3,mid,high,bright,center
002_20200715_002456(9),0,0.5440340909090909,0.40963855421686746,0.03125,0.030120481927710843,10.488088481701515,0.40963855421686746,10.316835016835014,113.92592592592592,1,352x332,7,official,,3,3,mid,high,bright,center
002_20200715_002456(9),1,0.5525568181818182,0.48343373493975905,0.03125,0.03313253012048193,11.0,0.44744318181818177,7.488685556867367,114.27380952380952,1,352x332,7,official,,3,3,mid,high,bright,center
002_20200715_002456(9),2,0.5653409090909091,0.5798192771084337,0.022727272727272728,0.02710843373493976,8.48528137423857,0.42018072289156627,7.129227053140099,115.43478260869566,1,352x332,7,official,,3,3,small,high,bright,center
002_20200715_002509(0),0,0.6036931818181818,0.4006024096385542,0.02556818181818182,0.024096385542168676,8.48528137423857,0.39630681818181823,2.8689613526569957,112.35507246376811,1,352x332,7,official,,3,3,small,mid,bright,center
002_20200715_002509(0),1,0.6065340909090909,0.46536144578313254,0.019886363636363636,0.02108433734939759,7.0,0.39346590909090906,3.89251700680272,112.93333333333334,1,352x332,7,official,,3,3,small,mid,bright,center
002_20200715_002509(0),2,0.6164772727272727,0.5451807228915663,0.028409090909090908,0.018072289156626505,7.745966692414834,0.3835227272727273,0.018181818181815856,116.23484848484848,1,352x332,7,official,,3,3,small,low,bright,center
002_20200715_002513(4),0,0.5923295454545454,0.4292168674698795,0.019886363636363636,0.02710843373493976,7.937253933193772,0.4076704545454546,6.142857142857139,112.0,1,352x332,7,official,,3,3,small,high,bright,center
002_20200715_002513(4),1,0.6036931818181818,0.4954819277108434,0.02556818181818182,0.02710843373493976,9.0,0.39630681818181823,1.2330246913580254,114.09722222222223,1,352x332,7,official,,3,3,small,low,bright,center
002_20200715_002513(4),2,0.6136363636363636,0.5692771084337349,0.022727272727272728,0.024096385542168676,8.0,0.38636363636363635,0.25946969696970257,115.0530303030303,1,352x332,7,official,,3,3,small,low,bright,center
002_20200715_002517(9),0,0.583479,0.388898,0.028409,0.03012,9.9999039997952,0.388898,7.072564102564101,113.8525641025641,1,352x332,7,team,jung,3,3,small,high,bright,center
002_20200715_002517(9),1,0.59362,0.450336,0.028409,0.03012,9.9999039997952,0.40637999999999996,3.3997435897435935,114.58974358974359,1,352x332,7,team,jung,3,3,small,mid,bright,center
002_20200715_002517(9),2,0.607383,0.527133,0.028409,0.03012,9.9999039997952,0.392617,0.15846153846153754,117.53846153846153,1,352x332,7,team,jung,3,3,small,low,bright,center
002_20200715_042354(7),0,0.601618,0.459682,0.028409,0.03012,9.9999039997952,0.398382,4.194102564102565,112.06410256410257,1,352x332,7,team,heo,3,3,small,mid,bright,center
002_20200715_042354(7),1,0.604349,0.52483,0.028409,0.03012,9.9999039997952,0.395651,2.3433333333333337,113.08333333333333,1,352x332,7,team,heo,3,3,small,low,bright,center
002_20200715_042354(7),2,0.610494,0.600837,0.028409,0.03012,9.9999039997952,0.389506,0.7069230769230757,115.42307692307692,1,352x332,7,team,heo,3,3,small,low,bright,center
002_20200715_042358(9),0,0.601354,0.659536,0.028409,0.03012,9.9999039997952,0.340464,0.8717948717948758,116.12820512820512,1,352x332,7,team,heo,3,3,small,low,bright,center
002_20200715_042358(9),1,0.585298,0.517671,0.028409,0.03012,9.9999039997952,0.414702,8.339487179487179,115.42948717948718,1,352x332,7,team,heo,3,3,small,high,bright,center
002_20200715_042358(9),2,0.591245,0.580722,0.028409,0.03012,9.9999039997952,0.408755,2.275897435897434,111.43589743589743,1,352x332,7,team,heo,3,3,small,low,bright,center
002_20200715_042403(5),0,0.608282,0.477346,0.028409,0.03012,9.9999039997952,0.391718,7.713589743589736,113.24358974358974,1,352x332,7,team,heo,3,3,small,high,bright,center
002_20200715_042403(5),1,0.611874,0.540188,0.028409,0.03012,9.9999039997952,0.38812599999999997,2.916410256410259,112.00641025641026,1,352x332,7,team,heo,3,3,small,mid,bright,center
002_20200715_042403(5),2,0.617262,0.618265,0.028409,0.03012,9.9999039997952,0.38173500000000005,0.050769230769219575,114.73076923076923,1,352x332,7,team,heo,3,3,small,low,bright,center
002_20200715_042408(0),0,0.562266,0.466188,0.028409,0.03012,9.9999039997952,0.43773399999999996,7.88102564102563,114.64102564102564,1,352x332,7,team,heo,3,3,small,high,bright,center
002_20200715_042408(0),1,0.573626,0.532834,0.028409,0.03012,9.9999039997952,0.42637400000000003,3.7674358974359023,113.3974358974359,1,352x332,7,team,heo,3,3,small,mid,bright,center
002_20200715_042408(0),2,0.594074,0.630795,0.028409,0.03012,9.9999039997952,0.369205,5.898974358974371,117.60897435897436,1,352x332,7,team,heo,3,3,small,high,bright,center
002_20200715_042412(5),0,0.571838,0.504576,0.028409,0.03012,9.9999039997952,0.42816200000000004,9.285641025641027,117.77564102564102,1,352x332,7,team,heo,3,3,small,high,bright,center
002_20200715_042412(5),1,0.584579,0.573707,0.028409,0.03012,9.9999039997952,0.41542100000000004,2.0405128205128165,110.57051282051282,1,352x332,7,team,heo,3,3,small,low,bright,center
002_20200715_042412(5),2,0.602566,0.669855,0.028409,0.03012,9.9999039997952,0.330145,6.3302564102564105,118.91025641025641,1,352x332,7,team,heo,3,3,small,high,bright,center
002_20200715_042416(9),0,0.554196,0.452329,0.028409,0.03012,9.9999039997952,0.445804,10.040256410256404,114.66025641025641,1,352x332,7,team,heo,3,3,small,high,bright,center
002_20200715_042416(9),1,0.566122,0.522209,0.028409,0.03012,9.9999039997952,0.433878,3.6156410256410254,112.27564102564102,1,352x332,7,team,heo,3,3,small,mid,bright,center
002_20200715_042416(9),2,0.579304,0.618044,0.028409,0.03012,9.9999039997952,0.38195599999999996,5.571025641025642,116.39102564102564,1,352x332,7,team,heo,3,3,small,high,bright,center
002_20200715_083116(0),0,0.545648,0.491532,0.028409,0.03012,9.9999039997952,0.454352,7.907692307692301,117.0576923076923,1,352x332,7,team,jung,3,3,small,high,bright,center
002_20200715_083116(0),1,0.55949,0.56002,0.028409,0.03012,9.9999039997952,0.43998000000000004,2.578205128205127,110.62820512820512,1,352x332,7,team,jung,3,3,small,mid,bright,center
002_20200715_083116(0),2,0.579924,0.652969,0.028409,0.03012,9.9999039997952,0.347031,5.169487179487177,117.42948717948718,1,352x332,7,team,jung,3,3,small,high,bright,center
002_20200715_083120(5),0,0.559967,0.48523,0.028409,0.03012,9.9999039997952,0.440033,9.424615384615393,117.13461538461539,1,352x332,7,team,jung,3,3,small,high,bright,center
002_20200715_083120(5),1,0.570107,0.552635,0.028409,0.03012,9.9999039997952,0.42989299999999997,2.0046153846153913,109.88461538461539,1,352x332,7,team,jung,3,3,small,low,bright,center
002_20200715_083120(5),2,0.584929,0.6494,0.028409,0.03012,9.9999039997952,0.3506,5.360256410256412,116.91025641025641,1,352x332,7,team,jung,3,3,small,high,bright,center
002_20200715_083124(9),0,0.541678,0.494666,0.028409,0.03012,9.9999039997952,0.458322,7.280000000000001,116.75,1,352x332,7,team,jung,3,3,small,high,bright,center
002_20200715_083124(9),1,0.555368,0.562401,0.028409,0.03012,9.9999039997952,0.43759899999999996,3.5615384615384613,108.96153846153847,1,352x332,7,team,jung,3,3,small,mid,bright,center
002_20200715_083124(9),2,0.575649,0.657553,0.028409,0.03012,9.9999039997952,0.34244699999999995,4.7074358974359,116.3974358974359,1,352x332,7,team,jung,3,3,small,mid,bright,center
002_20200715_083129(4),0,0.558756,0.452107,0.028409,0.03012,9.9999039997952,0.44124399999999997,7.39487179487179,114.0448717948718,1,352x332,7,team,jung,3,3,small,high,bright,center
002_20200715_083129(4),1,0.574475,0.522531,0.028409,0.03012,9.9999039997952,0.42552500000000004,3.269743589743598,110.08974358974359,1,352x332,7,team,jung,3,3,small,mid,bright,center
002_20200715_083129(4),2,0.594249,0.61822,0.028409,0.03012,9.9999039997952,0.38178,7.036923076923074,114.82692307692308,1,352x332,7,team,jung,3,3,small,high,bright,center
002_20200715_083134(0),0,0.555221,0.487608,0.028409,0.03012,9.9999039997952,0.44477900000000004,13.437435897435904,119.1474358974359,1,352x332,7,team,jung,3,3,small,high,bright,center
002_20200715_083134(0),1,0.571446,0.555343,0.028409,0.03012,9.9999039997952,0.428554,2.8828205128205155,108.76282051282051,1,352x332,7,team,jung,3,3,small,mid,bright,center
002_20200715_083134(0),2,0.593756,0.652646,0.028409,0.03012,9.9999039997952,0.34735400000000005,6.113846153846154,115.65384615384616,1,352x332,7,team,jung,3,3,small,high,bright,center
002_20200715_083138(5),0,0.539489,0.552635,0.028409,0.03012,9.9999039997952,0.447365,6.8415384615384625,113.96153846153847,1,352x332,7,team,jung,3,3,small,high,bright,center
002_20200715_083138(5),1,0.553686,0.623059,0.028409,0.03012,9.9999039997952,0.37694099999999997,2.847948717948711,107.21794871794872,1,352x332,7,team,jung,3,3,small,mid,bright,center
002_20200715_083138(5),2,0.574982,0.716061,0.028409,0.03012,9.9999039997952,0.28393900000000005,6.877948717948712,117.21794871794872,1,352x332,7,team,jung,3,3,small,high,bright,center
002_20200721_163237(8),0,0.481931,0.657595,0.028409,0.03012,9.9999039997952,0.34240499999999996,7.815641025641028,108.52564102564102,1,352x332,7,team,lee,1,1,small,high,bright,center
002_20200721_163239(7),0,0.841442,0.560643,0.028409,0.03012,9.9999039997952,0.15855799999999998,3.106410256410257,103.25641025641026,1,352x332,7,team,lee,1,1,small,mid,mid,center
002_20200721_163244(4),0,0.522419,0.490766,0.028409,0.03012,9.9999039997952,0.47758100000000003,3.2635897435897334,107.24358974358974,1,352x332,7,team,lee,1,1,small,mid,bright,center
002_20200721_163245(6),0,0.508888,0.548248,0.028409,0.03012,9.9999039997952,0.45175200000000004,9.921794871794873,119.62179487179488,1,352x332,7,team,lee,1,1,small,high,bright,center
002_20200721_163248(8),0,0.537441,0.534155,0.028409,0.03012,9.9999039997952,0.46255900000000005,6.558974358974368,107.60897435897436,1,352x332,7,team,lee,1,1,small,high,bright,center
002_20200721_163249(9),0,0.521707,0.598509,0.028409,0.03012,9.9999039997952,0.40149100000000004,4.827948717948715,105.71794871794872,1,352x332,7,team,lee,1,1,small,mid,bright,center
002_20200721_163253(3),0,0.864096,0.545721,0.028409,0.03012,9.9999039997952,0.13590400000000002,4.967179487179493,104.48717948717949,1,352x332,7,team,lee,1,1,small,high,mid,near
002_20200721_163253(9),0,0.848677,0.503407,0.028409,0.03012,9.9999039997952,0.15132299999999999,3.9353846153846064,103.36538461538461,1,352x332,7,team,lee,1,1,small,mid,mid,center
002_20200721_163257(5),0,0.82888,0.433842,0.028409,0.03012,9.9999039997952,0.17112000000000005,4.98615384615384,101.59615384615384,1,352x332,7,team,lee,1,1,small,high,mid,center
002_20200721_163257(9),0,0.851369,0.503884,0.028409,0.03012,9.9999039997952,0.14863099999999996,4.057179487179482,108.73717948717949,1,352x332,7,team,lee,1,1,small,mid,bright,near
002_20200721_163301(1),0,0.834491,0.44892,0.028409,0.03012,9.9999039997952,0.16550900000000002,4.3997435897435935,102.58974358974359,1,352x332,7,team,lee,1,1,small,mid,mid,center
002_20200721_163302(4),0,0.835963,0.519411,0.028409,0.03012,9.9999039997952,0.164037,7.498461538461527,108.53846153846153,1,352x332,7,team,lee,1,1,small,high,bright,center
002_20200722_003343(8),0,0.516764,0.548681,0.028409,0.03012,9.9999039997952,0.451319,2.749743589743588,107.58974358974359,1,352x332,7,team,heo,1,1,small,mid,bright,center
002_20200722_003354(1),0,0.499192,0.552818,0.028409,0.03012,9.9999039997952,0.44718199999999997,4.405128205128207,109.2051282051282,1,352x332,7,team,heo,1,1,small,mid,bright,center
002_20200722_043432(7),0,0.51025,0.406754,0.028409,0.03012,9.9999039997952,0.406754,2.6910256410256324,111.14102564102564,1,352x332,7,team,lee,1,1,small,mid,bright,center
002_20200722_043437(0),0,0.497731,0.429625,0.028409,0.03012,9.9999039997952,0.429625,7.80358974358974,107.99358974358974,1,352x332,7,team,lee,1,1,small,high,bright,center
002_20200722_083131(9),0,0.518773,0.507862,0.028409,0.03012,9.9999039997952,0.48122699999999996,1.3569230769230813,116.32692307692308,1,352x332,7,team,jung,1,1,small,low,bright,center
002_20200722_083136(6),0,0.518715,0.540912,0.028409,0.03012,9.9999039997952,0.45908800000000005,6.808974358974368,112.35897435897436,1,352x332,7,team,jung,1,1,small,high,bright,center
002_20200722_130939(5),0,0.501768,0.566973,0.028409,0.03012,9.9999039997952,0.43302700000000005,4.117435897435897,114.3974358974359,1,352x332,7,team,heo,1,1,small,mid,bright,center
002_20200722_130944(0),0,0.514756,0.414559,0.028409,0.03012,9.9999039997952,0.414559,5.970769230769221,111.48076923076923,1,352x332,7,team,heo,1,1,small,high,bright,center
002_20200722_162848(2),0,0.542037,0.477071,0.028409,0.03012,9.9999039997952,0.457963,3.0807692307692207,113.48076923076923,1,352x332,7,team,lee,1,1,small,mid,bright,center
002_20200722_162852(6),0,0.512564,0.475143,0.028409,0.03012,9.9999039997952,0.475143,7.865641025641025,116.02564102564102,1,352x332,7,team,lee,1,1,small,high,bright,center
002_20200723_003208(1),0,0.546589,0.452234,0.028409,0.03012,9.9999039997952,0.452234,9.494358974358974,113.22435897435898,1,352x332,7,team,jung,1,1,small,high,bright,center
002_20200723_003212(6),0,0.543007,0.400513,0.028409,0.03012,9.9999039997952,0.400513,2.754102564102567,109.81410256410257,1,352x332,7,team,jung,1,1,small,mid,bright,center
002_20200723_043256(5),0,0.523594,0.568095,0.028409,0.03012,9.9999039997952,0.431905,2.8930769230769187,111.42307692307692,1,352x332,7,team,heo,1,1,small,mid,bright,center
002_20200723_043258(3),0,0.54253,0.525597,0.028409,0.03012,9.9999039997952,0.45747000000000004,7.109999999999999,115.0,1,352x332,7,team,heo,1,1,small,high,bright,center
002_20200723_082303(8),0,0.526746,0.579373,0.028409,0.03012,9.9999039997952,0.420627,3.1102564102564116,111.66025641025641,1,352x332,7,team,lee,1,1,small,mid,bright,center
002_20200723_082309(9),0,0.524029,0.490245,0.028409,0.03012,9.9999039997952,0.47597100000000003,7.94076923076922,114.98076923076923,1,352x332,7,team,lee,1,1,small,high,bright,center
002_20200723_123129(3),0,0.514166,0.494398,0.028409,0.03012,9.9999039997952,0.485834,5.245897435897433,114.43589743589743,1,352x332,7,team,jung,1,1,small,high,bright,center
002_20200723_123133(9),0,0.52962,0.439569,0.028409,0.03012,9.9999039997952,0.439569,2.950512820512813,113.32051282051282,1,352x332,7,team,jung,1,1,small,mid,bright,center
002_20200723_162937(5),0,0.546413,0.592303,0.028409,0.03012,9.9999039997952,0.407697,0.9161538461538328,110.59615384615384,1,352x332,7,team,heo,1,1,small,low,bright,center
002_20200723_162948(2),0,0.549891,0.507788,0.028409,0.03012,9.9999039997952,0.450109,3.157692307692301,111.5576923076923,1,352x332,7,team,heo,1,1,small,mid,bright,center
002_20200723_203129(9),0,0.524605,0.566437,0.028409,0.03012,9.9999039997952,0.43356300000000003,5.541282051282053,113.05128205128206,1,352x332,7,team,lee,1,1,small,high,bright,center
002_20200723_203134(3),0,0.526902,0.582395,0.028409,0.03012,9.9999039997952,0.417605,5.945641025641024,110.52564102564102,1,352x332,7,team,lee,1,1,small,high,bright,center
002_20200724_003201(9),0,0.521161,0.501745,0.028409,0.03012,9.9999039997952,0.478839,1.566923076923075,115.07692307692308,1,352x332,7,team,jung,1,1,small,low,bright,center
002_20200724_003206(4),0,0.522578,0.547837,0.028409,0.03012,9.9999039997952,0.452163,1.6266666666666652,113.41666666666667,1,352x332,7,team,jung,1,1,small,low,bright,center
002_20200727_091655(1),0,0.529267,0.553726,0.028409,0.03012,9.9999039997952,0.44627399999999995,5.317179487179487,107.48717948717949,1,352x332,7,team,heo,1,1,small,high,bright,center
002_20200727_091657(1),0,0.510257,0.270607,0.028409,0.03012,9.9999039997952,0.270607,1.72128205128206,109.30128205128206,1,352x332,7,team,heo,1,1,small,low,bright,center
002_20200727_123300(5),0,0.596447,0.582421,0.024272,0.03012,9.999951999372797,0.40355300000000005,4.200769230769225,109.73076923076923,1,412x332,7,team,jung,1,1,small,mid,bright,center
002_20200727_123306(5),0,0.577554,0.506313,0.024272,0.03012,9.999951999372797,0.422446,4.3315384615384716,110.96153846153847,1,412x332,7,team,jung,1,1,small,mid,bright,center
002_20200727_163511(2),0,0.565971,0.596976,0.024272,0.03012,9.999951999372797,0.40302400000000005,4.077179487179492,113.73717948717949,1,412x332,7,team,lee,1,1,small,mid,bright,center
002_20200727_163515(3),0,0.585238,0.564075,0.024272,0.03012,9.999951999372797,0.41476199999999996,5.599743589743596,108.08974358974359,1,412x332,7,team,lee,1,1,small,high,bright,center
002_20200727_204612(5),0,0.585112,0.564029,0.024272,0.03012,9.999951999372797,0.41488800000000003,3.721538461538472,115.96153846153847,1,412x332,7,team,jung,1,1,small,mid,bright,center
002_20200727_204634(7),0,0.599099,0.621072,0.024272,0.03012,9.999951999372797,0.37892800000000004,6.6112820512820605,110.05128205128206,1,412x332,7,team,jung,1,1,small,high,bright,center
002_20200728_014051(7),0,0.591309,0.447512,0.024272,0.03012,9.999951999372797,0.408691,1.3043589743589763,113.72435897435898,1,412x332,7,team,heo,1,1,small,low,bright,center
002_20200728_014055(8),0,0.583888,0.507325,0.024272,0.03012,9.999951999372797,0.41611200000000004,3.981538461538463,109.46153846153847,1,412x332,7,team,heo,1,1,small,mid,bright,center
002_20200728_043519(6),0,0.588917,0.431479,0.024272,0.03012,9.999951999372797,0.411083,3.2066666666666777,112.16666666666667,1,412x332,7,team,lee,1,1,small,mid,bright,center
002_20200728_043558(2),0,0.578192,0.420547,0.024272,0.03012,9.999951999372797,0.420547,2.351025641025629,110.64102564102564,1,412x332,7,team,lee,1,1,small,low,bright,center
002_20200728_083046(1),0,0.592713,0.5205,0.024272,0.03012,9.999951999372797,0.40728699999999995,9.255128205128202,117.4551282051282,1,412x332,7,team,jung,1,1,small,high,bright,center
002_20200728_083049(8),0,0.583123,0.497965,0.024272,0.03012,9.999951999372797,0.41687700000000005,7.172307692307697,114.4423076923077,1,412x332,7,team,jung,1,1,small,high,bright,center
002_20200728_123133(9),0,0.61014,0.474079,0.024272,0.03012,9.999951999372797,0.38986,6.623589743589733,111.74358974358974,1,412x332,7,team,heo,1,1,small,high,bright,center
002_20200728_123137(7),0,0.584536,0.640772,0.024272,0.03012,9.999951999372797,0.359228,4.887692307692305,108.5576923076923,1,412x332,7,team,heo,1,1,small,high,bright,center
002_20200728_163521(8),0,0.565746,0.586621,0.024272,0.03012,9.999951999372797,0.41337900000000005,2.7220512820512823,110.53205128205128,1,412x332,7,team,lee,1,1,small,mid,bright,center
002_20200728_163525(0),0,0.615959,0.676435,0.024272,0.03012,9.999951999372797,0.323565,1.3894871794871761,110.17948717948718,1,412x332,7,team,lee,1,1,small,low,bright,center
002_20200810_202919(7),0,0.425791,0.543804,0.031646,0.03012,9.9999879989048,0.425791,5.0943589743589826,116.22435897435898,1,316x332,8,team,jung,1,1,small,high,bright,center
002_20200810_202923(8),0,0.432906,0.402338,0.031646,0.03012,9.9999879989048,0.402338,2.805384615384611,116.86538461538461,1,316x332,8,team,jung,1,1,small,mid,bright,center
002_20200811_003007(9),0,0.409171,0.422783,0.031646,0.03012,9.9999879989048,0.409171,6.7464102564102575,112.25641025641026,1,316x332,8,team,heo,1,1,small,high,bright,center
002_20200811_003029(6),0,0.424117,0.47434,0.031646,0.03012,9.9999879989048,0.424117,3.386153846153846,112.09615384615384,1,316x332,8,team,heo,1,1,small,mid,bright,center
002_20200811_043034(0),0,0.435922,0.467112,0.031646,0.03012,9.9999879989048,0.435922,2.0407692307692287,114.73076923076923,1,316x332,8,team,lee,1,1,small,low,bright,center
002_20200811_043038(0),0,0.417225,0.435562,0.031646,0.03012,9.9999879989048,0.417225,7.139743589743588,113.33974358974359,1,316x332,8,team,lee,1,1,small,high,bright,center
002_20200814_032746(6),0,0.416852,0.551819,0.031646,0.03012,9.9999879989048,0.416852,6.660512820512821,114.07051282051282,1,316x332,8,team,jung,1,1,small,high,bright,center
002_20200814_032749(8),0,0.42541,0.45296,0.031646,0.03012,9.9999879989048,0.42541,3.458717948717947,116.69871794871794,1,316x332,8,team,jung,1,1,small,mid,bright,center
002_20200814_042920(3),0,0.42316,0.394239,0.031646,0.03012,9.9999879989048,0.394239,5.780256410256413,112.66025641025641,1,316x332,8,team,heo,1,1,small,high,bright,center
002_20200814_042924(9),0,0.43365,0.400183,0.031646,0.03012,9.9999879989048,0.400183,5.313333333333333,111.58333333333333,1,316x332,8,team,heo,1,1,small,high,bright,center
002_20200814_083424(4),0,0.400454,0.513487,0.031646,0.03012,9.9999879989048,0.400454,5.133333333333326,114.58333333333333,1,316x332,8,team,lee,1,1,small,high,bright,center
002_20200814_083428(5),0,0.435439,0.619218,0.031646,0.03012,9.9999879989048,0.38078199999999995,6.656666666666666,110.16666666666667,1,316x332,8,team,lee,1,1,small,high,bright,center
002_20200814_123337(2),0,0.438022,0.514992,0.031646,0.03012,9.9999879989048,0.438022,9.251025641025635,117.14102564102564,1,316x332,8,team,jung,1,1,small,high,bright,center
002_20200814_123341(8),0,0.403054,0.488479,0.031646,0.03012,9.9999879989048,0.403054,7.480512820512814,118.07051282051282,1,316x332,8,team,jung,1,1,small,high,bright,center
002_20200814_163500(4),0,0.421155,0.448221,0.031646,0.03012,9.9999879989048,0.421155,6.367435897435897,113.1474358974359,1,316x332,8,team,heo,1,1,small,high,bright,center
002_20200814_163506(3),0,0.398087,0.620628,0.031646,0.03012,9.9999879989048,0.37937200000000004,6.646410256410263,113.75641025641026,1,316x332,8,team,heo,1,1,small,high,bright,center
002_20200814_203159(5),0,0.428156,0.331767,0.031646,0.03012,9.9999879989048,0.331767,3.216153846153844,117.84615384615384,1,316x332,8,team,lee,1,1,small,mid,bright,center
002_20200814_203205(7),0,0.456968,0.281097,0.031646,0.03012,9.9999879989048,0.281097,4.762307692307687,118.1923076923077,1,316x332,8,team,lee,1,1,small,mid,bright,center
002_20200818_082854(5),0,0.423839,0.558898,0.031646,0.03012,9.9999879989048,0.423839,6.099487179487184,113.17948717948718,1,316x332,8,team,jung,1,1,small,high,bright,center
002_20200818_082858(4),0,0.440029,0.370943,0.031646,0.03012,9.9999879989048,0.370943,2.720256410256411,110.91025641025641,1,316x332,8,team,jung,1,1,small,mid,bright,center
002_20200818_123358(2),0,0.424131,0.450078,0.031646,0.03012,9.9999879989048,0.424131,4.157692307692301,119.3076923076923,1,316x332,8,team,heo,1,1,small,mid,bright,center
002_20200818_123404(8),0,0.425959,0.390729,0.031646,0.03012,9.9999879989048,0.390729,2.2710256410256306,116.89102564102564,1,316x332,8,team,heo,1,1,small,low,bright,center
002_20200818_162920(4),0,0.425458,0.468588,0.031646,0.03012,9.9999879989048,0.425458,3.161025641025631,118.14102564102564,1,316x332,8,team,lee,1,1,small,mid,bright,center
002_20200818_162926(0),0,0.409926,0.523512,0.031646,0.03012,9.9999879989048,0.409926,2.660512820512821,117.07051282051282,1,316x332,8,team,lee,1,1,small,mid,bright,center
002_20200818_203120(5),0,0.42149,0.583842,0.031646,0.03012,9.9999879989048,0.41615800000000003,4.864102564102566,111.31410256410257,1,316x332,8,team,jung,1,1,small,high,bright,center
002_20200818_203125(0),0,0.409452,0.63409,0.031646,0.03012,9.9999879989048,0.36590999999999996,6.845641025641015,109.77564102564102,1,316x332,8,team,jung,1,1,small,high,bright,center
002_20200819_003332(8),0,0.445659,0.43957,0.031646,0.03012,9.9999879989048,0.43957,0.8607692307692218,115.48076923076923,1,316x332,8,team,heo,1,1,small,low,bright,center
002_20200819_003335(8),0,0.440791,0.514758,0.031646,0.03012,9.9999879989048,0.440791,2.667692307692306,118.5576923076923,1,316x332,8,team,heo,1,1,small,mid,bright,center
002_20200819_043606(7),0,0.393641,0.581,0.031646,0.03012,9.9999879989048,0.393641,3.1171794871794845,114.98717948717949,1,316x332,8,team,lee,1,1,small,mid,bright,center
002_20200819_043611(2),0,0.438153,0.459624,0.031646,0.03012,9.9999879989048,0.438153,2.4364102564102694,115.00641025641026,1,316x332,8,team,lee,1,1,small,mid,bright,center
002_20200819_083137(5),0,0.41336,0.285091,0.031646,0.03012,9.9999879989048,0.285091,1.4687179487179378,114.19871794871794,1,316x332,8,team,jung,1,1,small,low,bright,center
002_20200819_083145(2),0,0.408854,0.407649,0.031646,0.03012,9.9999879989048,0.407649,5.426410256410264,114.25641025641026,1,316x332,8,team,jung,1,1,small,high,bright,center
002_20200819_124134(7),0,0.397695,0.431063,0.031646,0.03012,9.9999879989048,0.397695,7.242820512820515,116.26282051282051,1,316x332,8,team,heo,1,1,small,high,bright,center
002_20200819_124140(8),0,0.425002,0.520539,0.031646,0.03012,9.9999879989048,0.425002,4.065384615384616,119.61538461538461,1,316x332,8,team,heo,1,1,small,mid,bright,center
002_20200819_162347(4),0,0.405509,0.502198,0.031646,0.03012,9.9999879989048,0.405509,7.516666666666666,118.91666666666667,1,316x332,8,team,lee,1,1,small,high,bright,center
002_20200819_162352(0),0,0.416877,0.523022,0.031646,0.03012,9.9999879989048,0.416877,2.680000000000007,122.25,1,316x332,8,team,lee,1,1,small,mid,bright,center
002_20200821_150301(4),0,0.413238,0.445328,0.031646,0.03012,9.9999879989048,0.413238,1.1894871794871875,119.17948717948718,1,316x332,8,team,jung,1,1,small,low,bright,center
002_20200821_150305(3),0,0.442238,0.590668,0.031646,0.03012,9.9999879989048,0.40933200000000003,3.5392307692307696,112.76923076923077,1,316x332,8,team,jung,1,1,small,mid,bright,center
002_20200821_163620(7),0,0.435009,0.673826,0.031646,0.03012,9.9999879989048,0.32617399999999996,8.13666666666667,113.91666666666667,1,316x332,8,team,heo,1,1,small,high,bright,center
002_20200821_163624(8),0,0.426999,0.556435,0.031646,0.03012,9.9999879989048,0.426999,2.4551282051282044,118.4551282051282,1,316x332,8,team,heo,1,1,small,mid,bright,center
002_20200821_203950(2),0,0.428093,0.515472,0.031646,0.03012,9.9999879989048,0.428093,4.450000000000003,118.25,1,316x332,8,team,lee,1,1,small,mid,bright,center
002_20200821_203953(0),0,0.446479,0.494421,0.031646,0.03012,9.9999879989048,0.446479,1.4071794871794907,117.73717948717949,1,316x332,8,team,lee,1,1,small,low,bright,center
002_20200826_023155(3),0,0.395978,0.458192,0.031646,0.03012,9.9999879989048,0.395978,4.005384615384614,115.61538461538461,1,316x332,8,team,jung,1,1,small,mid,bright,center
002_20200826_023200(9),0,0.397656,0.514169,0.031646,0.03012,9.9999879989048,0.397656,4.833333333333329,113.58333333333333,1,316x332,8,team,jung,1,1,small,mid,bright,center
002_20200826_043121(8),0,0.451513,0.424565,0.031646,0.03012,9.9999879989048,0.424565,5.3630769230769175,115.17307692307692,1,316x332,8,team,heo,1,1,small,high,bright,center
002_20200826_043125(8),0,0.455557,0.493525,0.031646,0.03012,9.9999879989048,0.455557,0.19769230769230717,118.0576923076923,1,316x332,8,team,heo,1,1,small,low,bright,center
002_20200826_123052(0),0,0.398538,0.443871,0.031646,0.03012,9.9999879989048,0.398538,4.139487179487176,111.17948717948718,1,316x332,8,team,lee,1,1,small,mid,bright,center
002_20200826_123059(6),0,0.435354,0.393792,0.031646,0.03012,9.9999879989048,0.393792,3.4084615384615375,111.53846153846153,1,316x332,8,team,lee,1,1,small,mid,bright,center
002_20200827_162026(7),0,0.770869,0.593562,0.031646,0.03012,9.9999879989048,0.22913099999999997,9.260256410256403,103.16025641025641,1,316x332,8,team,jung,1,1,small,high,mid,center
002_20200827_162032(0),0,0.799738,0.407402,0.031646,0.03012,9.9999879989048,0.20026200000000005,6.372051282051288,100.28205128205128,1,316x332,8,team,jung,1,1,small,high,mid,center
002_20200831_083541(7),0,0.789445,0.45202,0.031646,0.03012,9.9999879989048,0.21055500000000005,2.1784615384615336,107.78846153846153,1,316x332,8,team,heo,1,1,small,low,bright,center
002_20200831_083545(0),0,0.785038,0.624583,0.031646,0.03012,9.9999879989048,0.214962,3.4738461538461536,106.90384615384616,1,316x332,8,team,heo,1,1,small,mid,bright,center
002_20200831_123127(7),0,0.75749,0.381487,0.031646,0.03012,9.9999879989048,0.24251,6.386410256410258,101.75641025641026,1,316x332,8,team,lee,1,1,small,high,mid,center
002_20200831_123134(5),0,0.73398,0.37413,0.031646,0.03012,9.9999879989048,0.26602000000000003,3.756923076923087,111.32692307692308,1,316x332,8,team,lee,1,1,small,mid,bright,center
002_20200831_163123(9),0,0.797799,0.362463,0.031646,0.03012,9.9999879989048,0.20220099999999996,7.722820512820505,103.26282051282051,1,316x332,8,team,jung,1,1,small,high,mid,center
002_20200831_163130(0),0,0.804804,0.372464,0.031646,0.03012,9.9999879989048,0.19519600000000004,4.030512820512811,109.82051282051282,1,316x332,8,team,jung,1,1,small,mid,bright,center
002_20200831_203044(7),0,0.781128,0.524116,0.031646,0.03012,9.9999879989048,0.21887199999999996,7.498461538461527,106.53846153846153,1,316x332,8,team,heo,1,1,small,high,bright,center
002_20200831_203049(3),0,0.802255,0.50794,0.031646,0.03012,9.9999879989048,0.19774499999999995,7.442051282051281,110.78205128205128,1,316x332,8,team,heo,1,1,small,high,bright,center
002_20200901_003102(0),0,0.774994,0.537996,0.031646,0.03012,9.9999879989048,0.22500600000000004,6.608461538461526,106.78846153846153,1,316x332,9,team,lee,1,1,small,high,bright,center
002_20200901_003105(0),0,0.776474,0.5259,0.031646,0.03012,9.9999879989048,0.223526,6.5815384615384716,110.46153846153847,1,316x332,9,team,lee,1,1,small,high,bright,center
002_20200901_003108(0),0,0.772023,0.374623,0.031646,0.03012,9.9999879989048,0.22797699999999999,9.186666666666667,110.41666666666667,1,316x332,9,team,lee,1,1,small,high,bright,center
002_20200901_003111(0),0,0.754358,0.527375,0.031646,0.03012,9.9999879989048,0.24564200000000003,6.927435897435899,111.3974358974359,1,316x332,9,team,lee,1,1,small,high,bright,center
002_20200901_003114(0),0,0.787726,0.511718,0.031646,0.03012,9.9999879989048,0.21227399999999996,5.65102564102564,113.64102564102564,1,316x332,9,team,lee,1,1,small,high,bright,center
002_20200901_003117(0),0,0.783611,0.526481,0.031646,0.03012,9.9999879989048,0.21638900000000005,10.1276923076923,114.3076923076923,1,316x332,9,team,lee,1,1,small,high,bright,center
002_20200901_043047(9),0,0.790302,0.366541,0.031646,0.03012,9.9999879989048,0.20969800000000005,4.876923076923077,108.57692307692308,1,316x332,9,team,lee,1,1,small,high,bright,center
002_20200901_043050(9),0,0.797724,0.438537,0.031646,0.03012,9.9999879989048,0.202276,7.725641025641025,111.52564102564102,1,316x332,9,team,lee,1,1,small,high,bright,center
002_20200901_043055(4),0,0.7985,0.549317,0.031646,0.03012,9.9999879989048,0.2015,4.9779487179487205,112.71794871794872,1,316x332,9,team,lee,1,1,small,high,bright,center
002_20200901_043058(4),0,0.773831,0.508705,0.031646,0.03012,9.9999879989048,0.22616899999999995,6.195128205128199,113.7051282051282,1,316x332,9,team,lee,1,1,small,high,bright,center
002_20200901_043104(4),0,0.795454,0.518895,0.031646,0.03012,9.9999879989048,0.204546,7.9574358974359,115.6474358974359,1,316x332,9,team,lee,1,1,small,high,bright,center
002_20200901_083206(9),0,0.788235,0.418782,0.031646,0.03012,9.9999879989048,0.21176499999999998,2.697435897435895,109.3974358974359,1,316x332,9,team,heo,1,1,small,mid,bright,center
002_20200901_083213(5),0,0.768215,0.32004,0.031646,0.03012,9.9999879989048,0.23178500000000002,7.586410256410261,111.25641025641026,1,316x332,9,team,heo,1,1,small,high,bright,center
002_20200901_083714(2),0,0.793016,0.568862,0.031646,0.03012,9.9999879989048,0.20698399999999995,6.670000000000002,108.75,1,316x332,9,team,jung,1,1,small,high,bright,center
002_20200901_083717(4),0,0.790706,0.575936,0.031646,0.03012,9.9999879989048,0.20929399999999998,4.896410256410263,108.50641025641026,1,316x332,9,team,jung,1,1,small,high,bright,center
002_20200901_083721(9),0,0.797662,0.548319,0.031646,0.03012,9.9999879989048,0.20233800000000002,8.0176923076923,111.3076923076923,1,316x332,9,team,jung,1,1,small,high,bright,center
002_20200901_083726(4),0,0.781529,0.55737,0.031646,0.03012,9.9999879989048,0.21847099999999997,6.526923076923083,108.82692307692308,1,316x332,9,team,jung,1,1,small,high,bright,center
002_20200901_083730(8),0,0.771642,0.553778,0.031646,0.03012,9.9999879989048,0.22835799999999995,8.589743589743591,110.08974358974359,1,316x332,9,team,jung,1,1,small,high,bright,center
002_20200901_083735(4),0,0.771052,0.579439,0.031646,0.03012,9.9999879989048,0.22894800000000004,8.915897435897435,110.18589743589743,1,316x332,9,team,jung,1,1,small,high,bright,center
002_20200901_123248(2),0,0.794412,0.552978,0.031646,0.03012,9.9999879989048,0.205588,7.786410256410264,111.00641025641026,1,316x332,9,team,heo,1,1,small,high,bright,center
002_20200901_123251(2),0,0.794718,0.575444,0.031646,0.03012,9.9999879989048,0.20528199999999996,5.659743589743584,110.58974358974359,1,316x332,9,team,heo,1,1,small,high,bright,center
002_20200901_123256(0),0,0.794692,0.427911,0.031646,0.03012,9.9999879989048,0.20530800000000005,3.842051282051287,110.28205128205128,1,316x332,9,team,heo,1,1,small,mid,bright,center
002_20200901_123300(3),0,0.796979,0.472858,0.031646,0.03012,9.9999879989048,0.203021,5.499487179487176,109.42948717948718,1,316x332,9,team,heo,1,1,small,high,bright,center
002_20200901_123304(6),0,0.775664,0.561246,0.031646,0.03012,9.9999879989048,0.22433599999999998,5.504615384615391,108.88461538461539,1,316x332,9,team,heo,1,1,small,high,bright,center
002_20200901_123309(1),0,0.793323,0.524382,0.031646,0.03012,9.9999879989048,0.206677,8.705641025641029,110.52564102564102,1,316x332,9,team,heo,1,1,small,high,bright,center
002_20200901_190126(8),0,0.804145,0.520589,0.031646,0.03012,9.9999879989048,0.195855,8.346666666666678,106.91666666666667,1,316x332,9,team,lee,1,1,small,high,bright,center
002_20200901_190132(2),0,0.770352,0.503318,0.031646,0.03012,9.9999879989048,0.22964799999999996,3.7405128205128193,108.82051282051282,1,316x332,9,team,lee,1,1,small,mid,bright,center
002_20200901_190331(8),0,0.742207,0.318993,0.031646,0.03012,9.9999879989048,0.25779300000000005,4.64769230769231,105.8076923076923,1,316x332,9,team,jung,1,1,small,mid,bright,center
002_20200901_190334(8),0,0.812146,0.509002,0.031646,0.03012,9.9999879989048,0.18785399999999997,4.025128205128198,109.7051282051282,1,316x332,9,team,jung,1,1,small,mid,bright,center
002_20200901_190337(5),0,0.787769,0.505239,0.031646,0.03012,9.9999879989048,0.21223099999999995,5.727692307692308,111.8076923076923,1,316x332,9,team,jung,1,1,small,high,bright,center
002_20200901_190344(1),0,0.781004,0.582373,0.031646,0.03012,9.9999879989048,0.21899599999999997,5.213589743589736,108.74358974358974,1,316x332,9,team,jung,1,1,small,high,bright,center
002_20200901_203149(6),0,0.778482,0.496374,0.031646,0.03012,9.9999879989048,0.221518,2.2425641025641028,110.3525641025641,1,316x332,9,team,lee,1,1,small,low,bright,center
002_20200901_203156(2),0,0.803034,0.358265,0.031646,0.03012,9.9999879989048,0.19696599999999997,8.415641025641023,106.52564102564102,1,316x332,9,team,lee,1,1,small,high,bright,center
002_20200901_203200(2),0,0.791765,0.565518,0.031646,0.03012,9.9999879989048,0.20823499999999995,4.92307692307692,109.67307692307692,1,316x332,9,team,lee,1,1,small,high,bright,center
002_20200901_203204(5),0,0.7621,0.513659,0.031646,0.03012,9.9999879989048,0.2379,5.064358974358981,111.97435897435898,1,316x332,9,team,lee,1,1,small,high,bright,center
002_20200901_203208(8),0,0.786276,0.540523,0.031646,0.03012,9.9999879989048,0.21372400000000003,5.678974358974358,110.85897435897436,1,316x332,9,team,lee,1,1,small,high,bright,center
002_20200901_203213(2),0,0.793304,0.550818,0.031646,0.03012,9.9999879989048,0.206696,5.908205128205125,109.12820512820512,1,316x332,9,team,lee,1,1,small,high,bright,center
002_20200902_003106(3),0,0.801422,0.403555,0.031646,0.03012,9.9999879989048,0.19857800000000003,6.071794871794879,109.12179487179488,1,316x332,9,team,jung,1,1,small,high,bright,center
002_20200902_003115(0),0,0.734283,0.406367,0.031646,0.03012,9.9999879989048,0.265717,7.956923076923076,114.07692307692308,1,316x332,9,team,jung,1,1,small,high,bright,center
002_20200902_003119(5),0,0.797037,0.470437,0.031646,0.03012,9.9999879989048,0.202963,8.167435897435894,115.1474358974359,1,316x332,9,team,jung,1,1,small,high,bright,center
002_20200902_003123(6),0,0.760015,0.410508,0.031646,0.03012,9.9999879989048,0.239985,7.217435897435891,116.1474358974359,1,316x332,9,team,jung,1,1,small,high,bright,center
002_20200902_003127(7),0,0.780388,0.575922,0.031646,0.03012,9.9999879989048,0.21961200000000003,6.543846153846161,111.15384615384616,1,316x332,9,team,jung,1,1,small,high,bright,center
002_20200902_003132(0),0,0.803177,0.59552,0.031646,0.03012,9.9999879989048,0.19682299999999997,4.86897435897437,110.10897435897436,1,316x332,9,team,jung,1,1,small,high,bright,center
002_20200902_043107(7),0,0.801839,0.422967,0.031646,0.03012,9.9999879989048,0.19816100000000003,6.060769230769225,112.48076923076923,1,316x332,9,team,heo,1,1,small,high,bright,center
002_20200902_043112(1),0,0.78315,0.554614,0.031646,0.03012,9.9999879989048,0.21685,5.230000000000004,113.25,1,316x332,9,team,heo,1,1,small,high,bright,center
002_20200902_043116(4),0,0.764838,0.508828,0.031646,0.03012,9.9999879989048,0.23516199999999998,7.986923076923077,117.57692307692308,1,316x332,9,team,heo,1,1,small,high,bright,center
002_20200902_043120(6),0,0.773794,0.405917,0.031646,0.03012,9.9999879989048,0.22620600000000002,7.201794871794874,112.62179487179488,1,316x332,9,team,heo,1,1,small,high,bright,center
002_20200902_043124(9),0,0.762694,0.523636,0.031646,0.03012,9.9999879989048,0.23730600000000002,8.9325641025641,116.8525641025641,1,316x332,9,team,heo,1,1,small,high,bright,center
002_20200902_043129(2),0,0.729614,0.498626,0.031646,0.03012,9.9999879989048,0.270386,7.326666666666668,118.91666666666667,1,316x332,9,team,heo,1,1,small,high,bright,center
002_20200902_082600(3),0,0.766168,0.403166,0.031646,0.03012,9.9999879989048,0.23383200000000004,5.247179487179494,104.73717948717949,1,316x332,9,team,lee,1,1,small,high,bright,center
002_20200902_082609(0),0,0.799733,0.405951,0.031646,0.03012,9.9999879989048,0.20026699999999997,6.724358974358978,108.22435897435898,1,316x332,9,team,lee,1,1,small,high,bright,center
002_20200902_082613(2),0,0.765822,0.428318,0.031646,0.03012,9.9999879989048,0.234178,6.34615384615384,109.59615384615384,1,316x332,9,team,lee,1,1,small,high,bright,center
002_20200902_082621(8),0,0.802879,0.51154,0.031646,0.03012,9.9999879989048,0.197121,3.536666666666676,113.91666666666667,1,316x332,9,team,lee,1,1,small,mid,bright,center
002_20200902_082626(3),0,0.803066,0.380241,0.031646,0.03012,9.9999879989048,0.19693400000000005,0.6569230769230785,110.82692307692308,1,316x332,9,team,lee,1,1,small,low,bright,center
002_20200902_082638(8),0,0.806697,0.466986,0.031646,0.03012,9.9999879989048,0.193303,2.423589743589744,113.24358974358974,1,316x332,9,team,lee,1,1,small,mid,bright,center
002_20200904_230034(7),0,0.77721,0.433643,0.031646,0.03012,9.9999879989048,0.22279000000000004,9.824871794871797,109.0448717948718,1,316x332,9,team,jung,1,1,small,high,bright,center
002_20200904_230038(7),0,0.777864,0.407544,0.031646,0.03012,9.9999879989048,0.222136,8.362564102564107,105.6025641025641,1,316x332,9,team,jung,1,1,small,high,bright,center
002_20200904_230042(8),0,0.767202,0.434758,0.031646,0.03012,9.9999879989048,0.23279799999999995,5.555128205128199,101.7051282051282,1,316x332,9,team,jung,1,1,small,high,mid,center
002_20200904_230047(1),0,0.782524,0.426304,0.031646,0.03012,9.9999879989048,0.217476,4.47128205128206,100.05128205128206,1,316x332,9,team,jung,1,1,small,mid,mid,center
002_20200904_230050(8),0,0.769625,0.418333,0.031646,0.03012,9.9999879989048,0.230375,6.302820512820517,100.26282051282051,1,316x332,9,team,jung,1,1,small,high,mid,center
002_20200904_230054(7),0,0.774546,0.53374,0.031646,0.03012,9.9999879989048,0.22545400000000004,6.833333333333329,102.33333333333333,1,316x332,9,team,jung,1,1,small,high,mid,center
002_20200904_230301(9),0,0.758556,0.53392,0.031646,0.03012,9.9999879989048,0.241444,8.08794871794872,107.46794871794872,1,316x332,9,team,heo,1,1,small,high,bright,center
002_20200904_230305(2),0,0.779042,0.472864,0.031646,0.03012,9.9999879989048,0.220958,8.090256410256416,100.91025641025641,1,316x332,9,team,heo,1,1,small,high,mid,center
002_20200904_230308(3),0,0.778822,0.421714,0.031646,0.03012,9.9999879989048,0.22117799999999999,6.814615384615394,100.38461538461539,1,316x332,9,team,heo,1,1,small,high,mid,center
002_20200904_230314(3),0,0.768522,0.392396,0.031646,0.03012,9.9999879989048,0.23147799999999996,6.980769230769226,99.73076923076923,1,316x332,9,team,heo,1,1,small,high,mid,center
002_20200904_230345(2),0,0.793362,0.44538,0.031646,0.03012,9.9999879989048,0.206638,6.60230769230769,104.4423076923077,1,316x332,9,team,heo,1,1,small,high,mid,center
002_20200904_230349(3),0,0.785444,0.342646,0.031646,0.03012,9.9999879989048,0.21455599999999997,4.530512820512811,101.57051282051282,1,316x332,9,team,heo,1,1,small,mid,mid,center
002_20200905_003146(9),0,0.776338,0.526165,0.031646,0.03012,9.9999879989048,0.22366200000000003,5.216666666666669,109.41666666666667,1,316x332,9,team,lee,1,1,small,high,bright,center
002_20200905_003154(8),0,0.795289,0.472948,0.031646,0.03012,9.9999879989048,0.20471099999999998,6.091794871794875,111.87179487179488,1,316x332,9,team,lee,1,1,small,high,bright,center
002_20200905_003158(8),0,0.766602,0.506532,0.031646,0.03012,9.9999879989048,0.233398,3.0615384615384613,107.21153846153847,1,316x332,9,team,lee,1,1,small,mid,bright,center
002_20200905_003202(9),0,0.767867,0.59306,0.031646,0.03012,9.9999879989048,0.23213300000000003,9.163846153846166,104.90384615384616,1,316x332,9,team,lee,1,1,small,high,bright,center
002_20200905_003210(8),0,0.752766,0.624236,0.031646,0.03012,9.9999879989048,0.24723399999999995,10.134102564102562,104.06410256410257,1,316x332,9,team,lee,1,1,small,high,mid,center
002_20200905_003220(7),0,0.748747,0.358413,0.031646,0.03012,9.9999879989048,0.25125299999999995,8.27538461538461,104.36538461538461,1,316x332,9,team,lee,1,1,small,high,mid,center
002_20200905_043116(7),0,0.782261,0.545911,0.031646,0.03012,9.9999879989048,0.21773900000000002,2.5479487179487137,109.21794871794872,1,316x332,9,team,jung,1,1,small,mid,bright,center
002_20200905_043119(3),0,0.797708,0.608609,0.031646,0.03012,9.9999879989048,0.20229200000000003,3.291025641025641,105.64102564102564,1,316x332,9,team,jung,1,1,small,mid,bright,center
002_20200905_043122(0),0,0.785832,0.642601,0.031646,0.03012,9.9999879989048,0.21416800000000003,0.8441025641025703,104.56410256410257,1,316x332,9,team,jung,1,1,small,low,mid,center
002_20200905_043124(6),0,0.782317,0.642027,0.031646,0.03012,9.9999879989048,0.21768299999999996,3.4825641025640977,104.1025641025641,1,316x332,9,team,jung,1,1,small,mid,mid,center
002_20200905_043129(6),0,0.796801,0.681396,0.031646,0.03012,9.9999879989048,0.20319900000000002,1.2592307692307685,107.26923076923077,1,316x332,9,team,jung,1,1,small,low,bright,center
002_20200905_043135(3),0,0.741905,0.582634,0.031646,0.03012,9.9999879989048,0.25809499999999996,3.217692307692303,109.5576923076923,1,316x332,9,team,jung,1,1,small,mid,bright,center
002_20200905_083100(6),0,0.802698,0.369639,0.031646,0.03012,9.9999879989048,0.19730199999999998,9.44025641025641,104.91025641025641,1,316x332,9,team,heo,1,1,small,high,bright,center
002_20200905_083104(6),0,0.775553,0.382097,0.031646,0.03012,9.9999879989048,0.22444699999999995,7.015384615384619,103.61538461538461,1,316x332,9,team,heo,1,1,small,high,mid,center
002_20200905_083116(7),0,0.79565,0.490873,0.031646,0.03012,9.9999879989048,0.20435000000000003,1.8558974358974325,108.68589743589743,1,316x332,9,team,heo,1,1,small,low,bright,center
002_20200905_083120(6),0,0.795142,0.478806,0.031646,0.03012,9.9999879989048,0.20485799999999998,3.9351282051282084,109.7051282051282,1,316x332,9,team,heo,1,1,small,mid,bright,center
002_20200905_083124(7),0,0.793975,0.455222,0.031646,0.03012,9.9999879989048,0.206025,2.6284615384615364,109.28846153846153,1,316x332,9,team,heo,1,1,small,mid,bright,center
002_20200905_083134(7),0,0.778647,0.480042,0.031646,0.03012,9.9999879989048,0.22135300000000002,3.373333333333335,109.58333333333333,1,316x332,9,team,heo,1,1,small,mid,bright,center
002_20200905_123051(5),0,0.812048,0.44617,0.031646,0.03012,9.9999879989048,0.187952,2.9735897435897414,109.99358974358974,1,316x332,9,team,heo,1,1,small,mid,bright,center
002_20200905_123055(5),0,0.777575,0.465473,0.031646,0.03012,9.9999879989048,0.22242499999999998,4.47948717948718,112.42948717948718,1,316x332,9,team,heo,1,1,small,mid,bright,center
002_20200905_123059(6),0,0.785957,0.453696,0.031646,0.03012,9.9999879989048,0.21404299999999998,1.7382051282051236,112.12820512820512,1,316x332,9,team,heo,1,1,small,low,bright,center
002_20200905_123103(4),0,0.7800632911392406,0.45331325301204817,0.03481012658227848,0.02710843373493976,9.9498743710662,0.21993670886075944,4.633255633255644,105.46153846153847,1,316x332,9,official,,1,1,small,mid,bright,center
002_20200905_123107(5),0,0.7689873417721519,0.44126506024096385,0.0379746835443038,0.03313253012048193,11.489125293076059,0.2310126582278481,4.955329153605007,107.40229885057471,1,316x332,9,official,,1,1,large,high,bright,center
002_20200905_123111(6),0,0.7974683544303798,0.37801204819277107,0.03164556962025317,0.03313253012048193,10.488088481701515,0.20253164556962022,7.014814814814812,106.31481481481481,1,316x332,9,official,,1,1,mid,high,bright,center
002_20200905_163920(4),0,0.7674050632911392,0.4894578313253012,0.028481012658227847,0.03313253012048193,9.9498743710662,0.23259493670886078,6.9090909090909065,111.0,1,316x332,9,official,,1,1,small,high,bright,center
002_20200905_163924(2),0,0.7642405063291139,0.45331325301204817,0.028481012658227847,0.02710843373493976,9.0,0.2357594936708861,5.8989197530864175,108.47916666666667,1,316x332,9,official,,1,1,small,high,bright,center
002_20200905_163928(3),0,0.7800632911392406,0.4307228915662651,0.028481012658227847,0.030120481927710843,9.486832980505138,0.21993670886075944,6.071111111111108,108.62666666666667,1,316x332,9,official,,1,1,small,high,bright,center
002_20200905_163932(3),0,0.7784810126582279,0.41566265060240964,0.03164556962025317,0.03614457831325301,10.954451150103322,0.2215189873417721,4.419047619047618,114.20238095238095,1,316x332,9,official,,1,1,mid,mid,bright,center
002_20200905_163936(3),0,0.7974683544303798,0.42168674698795183,0.03164556962025317,0.030120481927710843,10.0,0.20253164556962022,1.8199999999999932,113.25,1,316x332,9,official,,1,1,mid,low,bright,center
002_20200905_163940(2),0,0.7911392405063291,0.5120481927710844,0.02531645569620253,0.024096385542168676,8.0,0.2088607594936709,1.2982954545454533,115.20454545454545,1,316x332,9,official,,1,1,small,low,bright,center
002_20200905_203836(3),0,0.8069620253164557,0.411144578313253,0.03164556962025317,0.02710843373493976,9.486832980505138,0.19303797468354433,1.173333333333332,109.67333333333333,1,316x332,9,official,,1,1,small,low,bright,center
002_20200905_203840(3),0,0.7958860759493671,0.411144578313253,0.028481012658227847,0.02710843373493976,9.0,0.2041139240506329,3.445216049382708,109.84027777777777,1,316x332,9,official,,1,1,small,mid,bright,center
002_20200905_203844(2),0,0.7863924050632911,0.5798192771084337,0.03481012658227848,0.02710843373493976,9.9498743710662,0.2136075949367089,2.5619658119658197,109.33974358974359,1,316x332,9,official,,1,1,small,mid,bright,center
002_20200905_203848(4),0,0.7800632911392406,0.48493975903614456,0.028481012658227847,0.030120481927710843,9.486832980505138,0.21993670886075944,3.4911111111111097,111.91333333333333,1,316x332,9,official,,1,1,small,mid,bright,center
002_20200905_203856(3),0,0.7753164556962026,0.7228915662650602,0.0379746835443038,0.030120481927710843,10.954451150103322,0.22468354430379744,5.00238095238096,112.11904761904762,1,316x332,9,official,,1,1,mid,high,bright,center
002_20200905_203900(3),0,0.7927215189873418,0.7168674698795181,0.028481012658227847,0.030120481927710843,9.486832980505138,0.20727848101265822,2.0955555555555634,111.84,1,316x332,9,official,,1,1,small,low,bright,center
002_20200906_003059(0),0,0.7816455696202531,0.4819277108433735,0.02531645569620253,0.030120481927710843,8.94427190999916,0.2183544303797469,2.995833333333323,114.70833333333333,1,316x332,9,official,,1,1,small,mid,bright,center
002_20200906_003114(8),0,0.7911392405063291,0.44728915662650603,0.0379746835443038,0.03313253012048193,11.489125293076059,0.2088607594936709,4.801724137931046,113.88505747126437,1,316x332,9,official,,1,1,large,mid,bright,center
002_20200906_003118(7),0,0.7943037974683544,0.42319277108433734,0.03164556962025317,0.02710843373493976,9.486832980505138,0.20569620253164556,3.657777777777767,110.41333333333333,1,316x332,9,official,,1,1,small,mid,bright,center
002_20200906_003122(7),0,0.8006329113924051,0.4759036144578313,0.03164556962025317,0.030120481927710843,10.0,0.1993670886075949,1.7053846153846166,112.11538461538461,1,316x332,9,official,,1,1,mid,low,bright,center
002_20200906_003126(8),0,0.7816455696202531,0.44879518072289154,0.02531645569620253,0.030120481927710843,8.94427190999916,0.2183544303797469,1.2833333333333314,111.33333333333333,1,316x332,9,official,,1,1,small,low,bright,center
002_20200906_003132(7),0,0.7911392405063291,0.47289156626506024,0.03164556962025317,0.024096385542168676,8.94427190999916,0.2088607594936709,0.06111111111111711,112.42361111111111,1,316x332,9,official,,1,1,small,low,bright,center
002_20200907_184813(1),0,0.805379746835443,0.32981927710843373,0.022151898734177215,0.02710843373493976,7.937253933193772,0.194620253164557,2.2124819624819594,108.37121212121212,1,316x332,9,official,,1,1,small,low,bright,center
002_20200907_184815(7),0,0.7705696202531646,0.7304216867469879,0.028481012658227847,0.02710843373493976,9.0,0.22943037974683544,0.5138888888888999,114.84722222222223,1,316x332,9,official,,1,1,small,low,bright,center
002_20200907_184818(2),0,0.7658227848101266,0.4954819277108434,0.02531645569620253,0.03313253012048193,9.38083151964686,0.23417721518987344,1.8900000000000006,114.14,1,316x332,9,official,,1,1,small,low,bright,center
002_20200907_184823(7),0,0.7974683544303798,0.5692771084337349,0.02531645569620253,0.03614457831325301,9.797958971132712,0.20253164556962022,2.34375,112.75,1,316x332,9,official,,1,1,small,low,bright,center
002_20200907_184826(3),0,0.7879746835443038,0.5798192771084337,0.03164556962025317,0.02108433734939759,8.366600265340756,0.21202531645569622,1.8248447204968983,109.23913043478261,1,316x332,9,official,,1,1,small,low,bright,center
002_20200907_184828(8),0,0.7721518987341772,0.5271084337349398,0.03164556962025317,0.030120481927710843,10.0,0.22784810126582278,1.7282051282051185,113.62820512820512,1,316x332,9,official,,1,1,mid,low,bright,center
002_20200907_204635(5),0,0.7737341772151899,0.3463855421686747,0.03481012658227848,0.030120481927710843,10.488088481701515,0.2262658227848101,3.149831649831654,103.74074074074075,1,316x332,9,official,,1,1,mid,mid,mid,center
002_20200907_204640(0),0,0.8006329113924051,0.5331325301204819,0.03164556962025317,0.030120481927710843,10.0,0.1993670886075949,3.5869230769230853,110.07692307692308,1,316x332,9,official,,1,1,mid,mid,bright,center
002_20200907_204644(5),0,0.7943037974683544,0.4382530120481928,0.03164556962025317,0.03313253012048193,10.488088481701515,0.20569620253164556,3.4206509539842926,110.80246913580247,1,316x332,9,official,,1,1,mid,mid,bright,center
002_20200907_204649(0),0,0.7689873417721519,0.3313253012048193,0.03164556962025317,0.030120481927710843,10.0,0.2310126582278481,6.953076923076921,104.92307692307692,1,316x332,9,official,,1,1,mid,high,bright,center
002_20200907_204653(4),0,0.7848101265822784,0.3855421686746988,0.03164556962025317,0.03614457831325301,10.954451150103322,0.21518987341772156,7.115476190476187,106.27380952380952,1,316x332,9,official,,1,1,mid,high,bright,center
002_20200907_204657(8),0,0.767927,0.395258,0.031646,0.03012,9.9999879989048,0.23207299999999997,6.161025641025631,104.89102564102564,1,316x332,9,team,jung,1,1,small,high,bright,center
002_20200908_003259(2),0,0.788137,0.374137,0.031646,0.03012,9.9999879989048,0.21186300000000002,7.826153846153844,111.59615384615384,1,316x332,9,team,lee,1,1,small,high,bright,center
002_20200908_003303(8),0,0.792324,0.392239,0.031646,0.03012,9.9999879989048,0.20767599999999997,5.161282051282058,108.80128205128206,1,316x332,9,team,lee,1,1,small,high,bright,center
002_20200908_003308(2),0,0.760322,0.430241,0.031646,0.03012,9.9999879989048,0.23967799999999995,2.9992307692307776,109.26923076923077,1,316x332,9,team,lee,1,1,small,mid,bright,center
002_20200908_003312(9),0,0.790885,0.417406,0.031646,0.03012,9.9999879989048,0.20911500000000005,5.754102564102567,112.56410256410257,1,316x332,9,team,lee,1,1,small,high,bright,center
002_20200908_003321(8),0,0.805007,0.420945,0.031646,0.03012,9.9999879989048,0.19499299999999997,4.5617948717948735,112.62179487179488,1,316x332,9,team,lee,1,1,small,mid,bright,center
002_20200908_003330(9),0,0.780447,0.464754,0.031646,0.03012,9.9999879989048,0.219553,4.95410256410257,111.81410256410257,1,316x332,9,team,lee,1,1,small,high,bright,center
002_20200908_043104(3),0,0.777739,0.437594,0.031646,0.03012,9.9999879989048,0.22226100000000004,9.234358974358983,108.22435897435898,1,316x332,9,team,jung,1,1,small,high,bright,center
002_20200908_043108(7),0,0.800997,0.404657,0.031646,0.03012,9.9999879989048,0.19900300000000004,6.493846153846164,107.40384615384616,1,316x332,9,team,jung,1,1,small,high,bright,center
002_20200908_043113(2),0,0.762016,0.479009,0.031646,0.03012,9.9999879989048,0.23798399999999997,7.248205128205129,109.37820512820512,1,316x332,9,team,jung,1,1,small,high,bright,center
002_20200908_043117(6),0,0.78603,0.379362,0.031646,0.03012,9.9999879989048,0.21397,5.005128205128202,110.9551282051282,1,316x332,9,team,jung,1,1,small,high,bright,center
002_20200908_043122(1),0,0.774683,0.414801,0.031646,0.03012,9.9999879989048,0.225317,5.720256410256411,111.66025641025641,1,316x332,9,team,jung,1,1,small,high,bright,center
002_20200908_043126(7),0,0.784522,0.427051,0.031646,0.03012,9.9999879989048,0.21547799999999995,5.95794871794871,111.71794871794872,1,316x332,9,team,jung,1,1,small,high,bright,center
002_20200912_021405(0),0,0.778428,0.504222,0.031646,0.03012,9.9999879989048,0.221572,3.3697435897435923,107.83974358974359,1,316x332,9,team,heo,1,1,small,mid,bright,center
002_20200912_021411(6),0,0.770643,0.303837,0.031646,0.03012,9.9999879989048,0.22935700000000003,9.132820512820516,106.51282051282051,1,316x332,9,team,heo,1,1,small,high,bright,center
002_20200912_021417(8),0,0.799661,0.340006,0.031646,0.03012,9.9999879989048,0.20033900000000004,3.3174358974358995,102.6474358974359,1,316x332,9,team,heo,1,1,small,mid,mid,center
002_20200912_021420(7),0,0.81343,0.431804,0.031646,0.03012,9.9999879989048,0.18657,3.745897435897433,104.68589743589743,1,316x332,9,team,heo,1,1,small,mid,bright,center
002_20200912_021423(8),0,0.80624,0.37113,0.031646,0.03012,9.9999879989048,0.19376000000000004,2.5405128205128165,103.57051282051282,1,316x332,9,team,heo,1,1,small,mid,mid,center
002_20200912_021430(0),0,0.783667,0.451552,0.031646,0.03012,9.9999879989048,0.216333,3.4735897435897414,106.49358974358974,1,316x332,9,team,heo,1,1,small,mid,bright,center
002_20200912_043042(7),0,0.768681,0.427828,0.031646,0.03012,9.9999879989048,0.23131900000000005,3.8443589743589826,107.97435897435898,1,316x332,9,team,lee,1,1,small,mid,bright,center
002_20200912_043047(4),0,0.781196,0.449213,0.031646,0.03012,9.9999879989048,0.218804,3.3505128205128187,108.57051282051282,1,316x332,9,team,lee,1,1,small,mid,bright,center
002_20200912_043051(8),0,0.771818,0.463084,0.031646,0.03012,9.9999879989048,0.228182,3.745641025641021,109.52564102564102,1,316x332,9,team,lee,1,1,small,mid,bright,center
002_20200912_043056(4),0,0.767511,0.399068,0.031646,0.03012,9.9999879989048,0.23248899999999995,7.7251282051282,102.7051282051282,1,316x332,9,team,lee,1,1,small,high,mid,center
002_20200912_043105(3),0,0.756706,0.479147,0.031646,0.03012,9.9999879989048,0.243294,7.891025641025635,106.39102564102564,1,316x332,9,team,lee,1,1,small,high,bright,center
002_20200912_043123(2),0,0.800991,0.418792,0.031646,0.03012,9.9999879989048,0.199009,5.630256410256408,104.91025641025641,1,316x332,9,team,lee,1,1,small,high,bright,center
002_20200912_123204(6),0,0.785634,0.596935,0.031646,0.03012,9.9999879989048,0.21436599999999995,9.00820512820512,110.12820512820512,1,316x332,9,team,jung,1,1,small,high,bright,center
002_20200912_123207(7),0,0.791515,0.507157,0.031646,0.03012,9.9999879989048,0.20848500000000003,2.6656410256410226,111.02564102564102,1,316x332,9,team,jung,1,1,small,mid,bright,center
002_20200912_123210(6),0,0.774577,0.5553,0.031646,0.03012,9.9999879989048,0.22542300000000004,7.3669230769230865,107.82692307692308,1,316x332,9,team,jung,1,1,small,high,bright,center
002_20200912_123216(4),0,0.786967,0.475718,0.031646,0.03012,9.9999879989048,0.21303300000000003,6.295641025641018,110.77564102564102,1,316x332,9,team,jung,1,1,small,high,bright,center
002_20200912_123219(3),0,0.789018,0.454904,0.031646,0.03012,9.9999879989048,0.210982,5.787435897435898,110.6474358974359,1,316x332,9,team,jung,1,1,small,high,bright,center
002_20200912_123222(2),0,0.755666,0.490318,0.031646,0.03012,9.9999879989048,0.24433400000000005,5.63666666666667,114.41666666666667,1,316x332,9,team,jung,1,1,small,high,bright,center
002_20200912_163052(9),0,0.778906,0.459078,0.031646,0.03012,9.9999879989048,0.221094,8.094871794871793,113.5448717948718,1,316x332,9,team,heo,1,1,small,high,bright,center
002_20200912_163058(9),0,0.793838,0.545697,0.031646,0.03012,9.9999879989048,0.20616199999999996,5.843846153846158,111.40384615384616,1,316x332,9,team,heo,1,1,small,high,bright,center
002_20200912_163101(7),0,0.775959,0.533245,0.031646,0.03012,9.9999879989048,0.22404100000000005,4.823589743589736,111.74358974358974,1,316x332,9,team,heo,1,1,small,mid,bright,center
002_20200912_163104(6),0,0.787213,0.569175,0.031646,0.03012,9.9999879989048,0.21278699999999995,7.108717948717938,112.44871794871794,1,316x332,9,team,heo,1,1,small,high,bright,center
002_20200912_163113(5),0,0.768589,0.42043,0.031646,0.03012,9.9999879989048,0.23141100000000003,7.065128205128204,111.4551282051282,1,316x332,9,team,heo,1,1,small,high,bright,center
002_20200912_163116(5),0,0.791767,0.442743,0.031646,0.03012,9.9999879989048,0.208233,8.060000000000002,114.25,1,316x332,9,team,heo,1,1,small,high,bright,center
002_20200912_202615(3),0,0.766932,0.590688,0.031646,0.03012,9.9999879989048,0.23306800000000005,4.35564102564102,107.27564102564102,1,316x332,9,team,lee,1,1,small,mid,bright,center
002_20200912_202619(7),0,0.773933,0.662814,0.031646,0.03012,9.9999879989048,0.22606700000000002,7.111538461538473,109.71153846153847,1,316x332,9,team,lee,1,1,small,high,bright,center
002_20200912_202628(8),0,0.793964,0.526707,0.031646,0.03012,9.9999879989048,0.206036,5.371025641025639,107.89102564102564,1,316x332,9,team,lee,1,1,small,high,bright,center
002_20200912_202633(1),0,0.78669,0.627351,0.031646,0.03012,9.9999879989048,0.21331,3.890769230769223,103.23076923076923,1,316x332,9,team,lee,1,1,small,mid,mid,center
002_20200912_202637(8),0,0.790125,0.438932,0.031646,0.03012,9.9999879989048,0.20987500000000003,2.4953846153846087,103.61538461538461,1,316x332,9,team,lee,1,1,small,mid,mid,center
002_20200912_202646(7),0,0.780209,0.546267,0.031646,0.03012,9.9999879989048,0.21979099999999996,3.216153846153844,103.59615384615384,1,316x332,9,team,lee,1,1,small,mid,mid,center
002_20200914_082846(9),0,0.764853,0.441185,0.031646,0.03012,9.9999879989048,0.235147,3.599487179487184,107.17948717948718,1,316x332,9,team,jung,1,1,small,mid,bright,center
002_20200914_082856(2),0,0.783003,0.411676,0.031646,0.03012,9.9999879989048,0.216997,2.5999999999999943,104.25,1,316x332,9,team,jung,1,1,small,mid,mid,center
002_20200914_082904(6),0,0.763155,0.497952,0.031646,0.03012,9.9999879989048,0.23684499999999997,1.998717948717939,106.94871794871794,1,316x332,9,team,jung,1,1,small,low,bright,center
002_20200914_082910(5),0,0.777417,0.425047,0.031646,0.03012,9.9999879989048,0.22258299999999998,8.320256410256405,102.16025641025641,1,316x332,9,team,jung,1,1,small,high,mid,center
002_20200914_082918(3),0,0.790978,0.582342,0.031646,0.03012,9.9999879989048,0.20902200000000004,7.891794871794872,104.12179487179488,1,316x332,9,team,jung,1,1,small,high,mid,center
002_20200914_082925(8),0,0.784259,0.459008,0.031646,0.03012,9.9999879989048,0.21574099999999996,9.005384615384614,107.36538461538461,1,316x332,9,team,jung,1,1,small,high,bright,center
002_20200914_123926(8),0,0.755642,0.463711,0.031646,0.03012,9.9999879989048,0.24435799999999996,8.523846153846165,105.65384615384616,1,316x332,9,team,heo,1,1,small,high,bright,center
002_20200914_123931(3),0,0.781475,0.438879,0.031646,0.03012,9.9999879989048,0.21852499999999997,5.408205128205125,105.62820512820512,1,316x332,9,team,heo,1,1,small,high,bright,center
002_20200914_123935(7),0,0.775906,0.508998,0.031646,0.03012,9.9999879989048,0.22409400000000002,5.532564102564109,108.1025641025641,1,316x332,9,team,heo,1,1,small,high,bright,center
002_20200914_123940(1),0,0.790577,0.509621,0.031646,0.03012,9.9999879989048,0.20942300000000003,3.03153846153846,106.21153846153847,1,316x332,9,team,heo,1,1,small,mid,bright,center
002_20200914_123944(7),0,0.775147,0.527305,0.031646,0.03012,9.9999879989048,0.22485299999999997,3.265641025641017,106.77564102564102,1,316x332,9,team,heo,1,1,small,mid,bright,center
002_20200914_123949(5),0,0.77152,0.58122,0.031646,0.03012,9.9999879989048,0.22848000000000002,2.2533333333333303,106.33333333333333,1,316x332,9,team,heo,1,1,small,low,bright,center
002_20200914_163056(7),0,0.789318,0.509661,0.031646,0.03012,9.9999879989048,0.21068200000000004,0.19435897435897687,112.27564102564102,1,316x332,9,team,lee,1,1,small,low,bright,center
002_20200914_163101(1),0,0.77612,0.425719,0.031646,0.03012,9.9999879989048,0.22387999999999997,3.0728205128205133,110.51282051282051,1,316x332,9,team,lee,1,1,small,mid,bright,center
002_20200914_163105(7),0,0.807052,0.433336,0.031646,0.03012,9.9999879989048,0.192948,2.9410256410256324,110.39102564102564,1,316x332,9,team,lee,1,1,small,mid,bright,center
002_20200914_163110(1),0,0.761884,0.451131,0.031646,0.03012,9.9999879989048,0.238116,5.641282051282062,108.55128205128206,1,316x332,9,team,lee,1,1,small,high,bright,center
002_20200914_163114(5),0,0.77845,0.409877,0.031646,0.03012,9.9999879989048,0.22155000000000002,9.415897435897435,108.93589743589743,1,316x332,9,team,lee,1,1,small,high,bright,center
002_20200914_163119(3),0,0.743763,0.521172,0.031646,0.03012,9.9999879989048,0.25623700000000005,9.209743589743596,109.08974358974359,1,316x332,9,team,lee,1,1,small,high,bright,center
002_20200914_202928(5),0,0.769114,0.424809,0.031646,0.03012,9.9999879989048,0.23088600000000004,6.2264102564102615,106.50641025641026,1,316x332,9,team,jung,1,1,small,high,bright,center
002_20200914_202931(6),0,0.789216,0.550707,0.031646,0.03012,9.9999879989048,0.21078399999999997,4.882051282051279,108.53205128205128,1,316x332,9,team,jung,1,1,small,high,bright,center
002_20200914_202934(5),0,0.774001,0.555383,0.031646,0.03012,9.9999879989048,0.22599899999999995,7.612564102564107,109.1025641025641,1,316x332,9,team,jung,1,1,small,high,bright,center
002_20200914_202937(6),0,0.763856,0.56159,0.031646,0.03012,9.9999879989048,0.23614400000000002,4.501282051282061,108.80128205128206,1,316x332,9,team,jung,1,1,small,mid,bright,center
002_20200914_202943(5),0,0.787517,0.532972,0.031646,0.03012,9.9999879989048,0.21248299999999998,6.2153846153846075,110.86538461538461,1,316x332,9,team,jung,1,1,small,high,bright,center
002_20200914_202948(1),0,0.761344,0.443018,0.031646,0.03012,9.9999879989048,0.23865599999999998,7.382307692307691,111.9423076923077,1,316x332,9,team,jung,1,1,small,high,bright,center
002_20200915_003458(4),0,0.733869,0.29087,0.031646,0.03012,9.9999879989048,0.266131,8.35512820512821,107.2051282051282,1,316x332,9,team,heo,1,1,small,high,bright,center
002_20200915_003505(7),0,0.785889,0.560985,0.031646,0.03012,9.9999879989048,0.21411100000000005,6.460512820512818,107.32051282051282,1,316x332,9,team,heo,1,1,small,high,bright,center
002_20200915_003510(7),0,0.77701,0.618184,0.031646,0.03012,9.9999879989048,0.22299000000000002,11.248205128205129,109.37820512820512,1,316x332,9,team,heo,1,1,small,high,bright,center
002_20200915_003515(6),0,0.757297,0.567796,0.031646,0.03012,9.9999879989048,0.242703,6.761282051282052,107.30128205128206,1,316x332,9,team,heo,1,1,small,high,bright,center
002_20200915_003523(1),0,0.792226,0.553876,0.031646,0.03012,9.9999879989048,0.20777400000000001,5.646153846153837,107.09615384615384,1,316x332,9,team,heo,1,1,small,high,bright,center
002_20200915_003532(1),0,0.771758,0.444156,0.031646,0.03012,9.9999879989048,0.22824199999999994,8.381282051282056,105.80128205128206,1,316x332,9,team,heo,1,1,small,high,bright,center
002_20200915_043352(7),0,0.804609,0.468197,0.031646,0.03012,9.9999879989048,0.19539099999999998,5.268205128205125,103.87820512820512,1,316x332,9,team,lee,1,1,small,high,mid,center
002_20200915_043355(3),0,0.784919,0.477854,0.031646,0.03012,9.9999879989048,0.21508099999999997,9.396410256410263,109.50641025641026,1,316x332,9,team,lee,1,1,small,high,bright,center
002_20200915_043358(1),0,0.77363,0.556159,0.031646,0.03012,9.9999879989048,0.22636999999999996,4.841025641025638,102.89102564102564,1,316x332,9,team,lee,1,1,small,mid,mid,center
002_20200915_043401(0),0,0.791145,0.513364,0.031646,0.03012,9.9999879989048,0.208855,8.355384615384608,106.86538461538461,1,316x332,9,team,lee,1,1,small,high,bright,center
002_20200915_043406(9),0,0.761093,0.456714,0.031646,0.03012,9.9999879989048,0.23890699999999998,6.553076923076915,106.67307692307692,1,316x332,9,team,lee,1,1,small,high,bright,center
002_20200915_043416(7),0,0.772645,0.453502,0.031646,0.03012,9.9999879989048,0.22735499999999997,6.484358974358983,107.97435897435898,1,316x332,9,team,lee,1,1,small,high,bright,center
002_20200915_083053(7),0,0.7817,0.489874,0.031646,0.03012,9.9999879989048,0.21830000000000005,5.376666666666665,108.16666666666667,1,316x332,9,team,jung,1,1,small,high,bright,center
002_20200915_083056(7),0,0.789622,0.53365,0.031646,0.03012,9.9999879989048,0.21037799999999995,8.541794871794878,109.87179487179488,1,316x332,9,team,jung,1,1,small,high,bright,center
002_20200915_083101(1),0,0.785934,0.573437,0.031646,0.03012,9.9999879989048,0.21406599999999998,5.487179487179489,107.48717948717949,1,316x332,9,team,jung,1,1,small,high,bright,center
002_20200915_083104(1),0,0.781832,0.418477,0.031646,0.03012,9.9999879989048,0.21816800000000003,3.4776923076923083,113.3076923076923,1,316x332,9,team,jung,1,1,small,mid,bright,center
002_20200915_083107(1),0,0.777478,0.447506,0.031646,0.03012,9.9999879989048,0.222522,3.072307692307689,112.1923076923077,1,316x332,9,team,jung,1,1,small,mid,bright,center
002_20200915_083117(6),0,0.774909,0.637573,0.031646,0.03012,9.9999879989048,0.22509100000000004,2.4653846153846075,107.61538461538461,1,316x332,9,team,jung,1,1,small,mid,bright,center
002_20200915_123113(2),0,0.761235,0.409176,0.031646,0.03012,9.9999879989048,0.238765,9.431025641025641,107.89102564102564,1,316x332,9,team,heo,1,1,small,high,bright,center
002_20200915_123117(6),0,0.797163,0.470946,0.031646,0.03012,9.9999879989048,0.20283700000000005,9.874615384615382,110.13461538461539,1,316x332,9,team,heo,1,1,small,high,bright,center
002_20200915_123126(5),0,0.761877,0.479337,0.031646,0.03012,9.9999879989048,0.23812299999999997,6.250769230769222,108.23076923076923,1,316x332,9,team,heo,1,1,small,high,bright,center
002_20200915_123131(1),0,0.795569,0.40931,0.031646,0.03012,9.9999879989048,0.20443100000000003,2.963333333333324,109.83333333333333,1,316x332,9,team,heo,1,1,small,mid,bright,center
002_20200915_123135(7),0,0.793342,0.427765,0.031646,0.03012,9.9999879989048,0.206658,3.2620512820512886,109.03205128205128,1,316x332,9,team,heo,1,1,small,mid,bright,center
002_20200915_123140(1),0,0.801651,0.439978,0.031646,0.03012,9.9999879989048,0.198349,2.4479487179487194,110.21794871794872,1,316x332,9,team,heo,1,1,small,mid,bright,center
002_20200915_163129(0),0,0.804373,0.572733,0.031646,0.03012,9.9999879989048,0.195627,2.996923076923082,111.32692307692308,1,316x332,9,team,lee,1,1,small,mid,bright,center
002_20200915_163133(5),0,0.793785,0.595151,0.031646,0.03012,9.9999879989048,0.20621500000000004,4.902307692307687,111.9423076923077,1,316x332,9,team,lee,1,1,small,high,bright,center
002_20200915_163144(0),0,0.805843,0.622754,0.031646,0.03012,9.9999879989048,0.19415700000000002,4.045641025641018,110.02564102564102,1,316x332,9,team,lee,1,1,small,mid,bright,center
002_20200915_163154(5),0,0.784843,0.365507,0.031646,0.03012,9.9999879989048,0.21515700000000004,7.69358974358974,110.74358974358974,1,316x332,9,team,lee,1,1,small,high,bright,center
002_20200915_163158(9),0,0.769743,0.51535,0.031646,0.03012,9.9999879989048,0.23025700000000004,5.666410256410259,110.75641025641026,1,316x332,9,team,lee,1,1,small,high,bright,center
002_20200915_163203(4),0,0.796645,0.542704,0.031646,0.03012,9.9999879989048,0.20335499999999995,5.866666666666674,108.41666666666667,1,316x332,9,team,lee,1,1,small,high,bright,center
002_20200915_203209(5),0,0.800451,0.536,0.031646,0.03012,9.9999879989048,0.19954899999999998,3.6158974358974376,107.18589743589743,1,316x332,9,team,jung,1,1,small,mid,bright,center
002_20200915_203212(5),0,0.781389,0.454241,0.031646,0.03012,9.9999879989048,0.218611,2.9607692307692304,107.23076923076923,1,316x332,9,team,jung,1,1,small,mid,bright,center
002_20200915_203215(5),0,0.793479,0.455751,0.031646,0.03012,9.9999879989048,0.20652099999999995,2.22179487179487,107.37179487179488,1,316x332,9,team,jung,1,1,small,low,bright,center
002_20200915_203218(5),0,0.791371,0.477623,0.031646,0.03012,9.9999879989048,0.20862899999999995,5.376923076923077,107.07692307692308,1,316x332,9,team,jung,1,1,small,high,bright,center
002_20200915_203224(4),0,0.811395,0.527381,0.031646,0.03012,9.9999879989048,0.18860500000000002,2.5915384615384625,105.46153846153847,1,316x332,9,team,jung,1,1,small,mid,bright,center
002_20200915_203229(1),0,0.804907,0.568358,0.031646,0.03012,9.9999879989048,0.19509299999999996,2.7320512820512874,107.03205128205128,1,316x332,9,team,jung,1,1,small,mid,bright,center
002_20200916_003104(1),0,0.810184,0.451972,0.031646,0.03012,9.9999879989048,0.18981599999999998,1.4156410256410226,105.02564102564102,1,316x332,9,team,heo,1,1,small,low,bright,center
002_20200916_003107(1),0,0.793759,0.611869,0.031646,0.03012,9.9999879989048,0.206241,4.253076923076918,105.42307692307692,1,316x332,9,team,heo,1,1,small,mid,bright,center
002_20200916_003110(0),0,0.800295,0.547801,0.031646,0.03012,9.9999879989048,0.19970500000000002,2.264102564102572,108.81410256410257,1,316x332,9,team,heo,1,1,small,low,bright,center
002_20200916_003113(0),0,0.800196,0.502182,0.031646,0.03012,9.9999879989048,0.19980399999999998,2.082820512820504,110.76282051282051,1,316x332,9,team,heo,1,1,small,low,bright,center
002_20200916_003115(9),0,0.773101,0.514944,0.031646,0.03012,9.9999879989048,0.22689899999999996,1.8658974358974376,113.43589743589743,1,316x332,9,team,heo,1,1,small,low,bright,center
002_20200916_003118(8),0,0.803318,0.594689,0.031646,0.03012,9.9999879989048,0.19668200000000002,2.841025641025638,110.14102564102564,1,316x332,9,team,heo,1,1,small,mid,bright,center
002_20200916_043147(8),0,0.800161,0.487344,0.031646,0.03012,9.9999879989048,0.199839,3.0856410256410243,117.77564102564102,1,316x332,9,team,lee,1,1,small,mid,bright,center
002_20200916_043150(7),0,0.800911,0.582231,0.031646,0.03012,9.9999879989048,0.19908899999999996,1.8912820512820616,112.80128205128206,1,316x332,9,team,lee,1,1,small,low,bright,center
002_20200916_043153(7),0,0.799912,0.450427,0.031646,0.03012,9.9999879989048,0.20008800000000004,2.9441025641025647,115.31410256410257,1,316x332,9,team,lee,1,1,small,mid,bright,center
002_20200916_043156(6),0,0.791615,0.495333,0.031646,0.03012,9.9999879989048,0.20838500000000004,2.1299999999999955,116.75,1,316x332,9,team,lee,1,1,small,low,bright,center
002_20200916_043202(6),0,0.786409,0.645539,0.031646,0.03012,9.9999879989048,0.21359099999999998,4.750512820512824,115.57051282051282,1,316x332,9,team,lee,1,1,small,mid,bright,center
002_20200916_043211(3),0,0.800487,0.492093,0.031646,0.03012,9.9999879989048,0.19951300000000005,3.648974358974371,118.60897435897436,1,316x332,9,team,lee,1,1,small,mid,bright,center
002_20200916_083037(0),0,0.778253,0.454043,0.031646,0.03012,9.9999879989048,0.22174700000000003,2.200512820512813,107.32051282051282,1,316x332,9,team,jung,1,1,small,low,bright,center
002_20200916_083045(8),0,0.800806,0.574871,0.031646,0.03012,9.9999879989048,0.19919399999999998,3.5946153846153805,112.13461538461539,1,316x332,9,team,jung,1,1,small,mid,bright,center
002_20200916_083050(2),0,0.784632,0.539067,0.031646,0.03012,9.9999879989048,0.215368,3.8628205128205053,112.51282051282051,1,316x332,9,team,jung,1,1,small,mid,bright,center
002_20200916_083057(6),0,0.7875,0.491956,0.031646,0.03012,9.9999879989048,0.21250000000000002,5.141282051282062,105.80128205128206,1,316x332,9,team,jung,1,1,small,high,bright,center
002_20200916_083106(3),0,0.769569,0.63962,0.031646,0.03012,9.9999879989048,0.23043100000000005,6.858974358974365,103.85897435897436,1,316x332,9,team,jung,1,1,small,high,mid,center
002_20200916_083126(7),0,0.777313,0.538856,0.031646,0.03012,9.9999879989048,0.22268699999999997,9.376666666666665,107.91666666666667,1,316x332,9,team,jung,1,1,small,high,bright,center
002_20200916_122636(6),0,0.773826,0.425391,0.031646,0.03012,9.9999879989048,0.226174,7.00333333333333,108.08333333333333,1,316x332,9,team,heo,1,1,small,high,bright,center
002_20200916_122641(1),0,0.77237,0.424183,0.031646,0.03012,9.9999879989048,0.22763,6.868205128205119,107.12820512820512,1,316x332,9,team,heo,1,1,small,high,bright,center
002_20200916_122645(6),0,0.794738,0.40944,0.031646,0.03012,9.9999879989048,0.20526199999999994,5.577692307692303,109.0576923076923,1,316x332,9,team,heo,1,1,small,high,bright,center
002_20200916_122650(1)__m1,0,0.781051,0.4506,0.031646,0.03012,9.9999879989048,0.21894899999999995,4.549743589743585,113.33974358974359,1,316x332,9,team,heo,1,1,small,mid,bright,center
002_20200916_122654(7),0,0.771092,0.41457,0.031646,0.03012,9.9999879989048,0.228908,5.072564102564101,114.6025641025641,1,316x332,9,team,heo,1,1,small,high,bright,center
002_20200916_122659(2),0,0.787154,0.400466,0.031646,0.03012,9.9999879989048,0.21284599999999998,4.613589743589742,113.74358974358974,1,316x332,9,team,heo,1,1,small,mid,bright,center
002_20200916_203122(3),0,0.807353,0.464489,0.031646,0.03012,9.9999879989048,0.192647,3.11897435897437,114.85897435897436,1,316x332,9,team,lee,1,1,small,mid,bright,center
002_20200916_203126(3),0,0.791373,0.503286,0.031646,0.03012,9.9999879989048,0.208627,0.5110256410256397,113.64102564102564,1,316x332,9,team,lee,1,1,small,low,bright,center
002_20200916_203130(2),0,0.802836,0.521894,0.031646,0.03012,9.9999879989048,0.197164,4.298205128205126,114.12820512820512,1,316x332,9,team,lee,1,1,small,mid,bright,center
002_20200916_203134(2),0,0.801579,0.53021,0.031646,0.03012,9.9999879989048,0.19842099999999996,2.0461538461538424,112.34615384615384,1,316x332,9,team,lee,1,1,small,low,bright,center
002_20200916_203138(2),0,0.791754,0.511753,0.031646,0.03012,9.9999879989048,0.20824600000000004,3.358461538461526,113.53846153846153,1,316x332,9,team,lee,1,1,small,mid,bright,center
002_20200916_203142(2),0,0.805598,0.478789,0.031646,0.03012,9.9999879989048,0.19440199999999996,4.7717948717948815,111.62179487179488,1,316x332,9,team,lee,1,1,small,mid,bright,center
002_20200917_003202(9),0,0.773899,0.445546,0.031646,0.03012,9.9999879989048,0.226101,5.319999999999993,113.0,1,316x332,9,team,jung,1,1,small,high,bright,center
002_20200917_003206(8),0,0.766313,0.448901,0.031646,0.03012,9.9999879989048,0.23368699999999998,3.5912820512820645,112.05128205128206,1,316x332,9,team,jung,1,1,small,mid,bright,center
002_20200917_003210(8),0,0.803913,0.498271,0.031646,0.03012,9.9999879989048,0.196087,0.9125641025641045,112.6025641025641,1,316x332,9,team,jung,1,1,small,low,bright,center
002_20200917_003214(8),0,0.802656,0.466885,0.031646,0.03012,9.9999879989048,0.19734399999999996,4.0689743589743586,113.85897435897436,1,316x332,9,team,jung,1,1,small,mid,bright,center
002_20200917_003218(8),0,0.787158,0.521522,0.031646,0.03012,9.9999879989048,0.21284199999999998,4.099230769230772,114.01923076923077,1,316x332,9,team,jung,1,1,small,mid,bright,center
002_20200917_003222(9),0,0.800056,0.536151,0.031646,0.03012,9.9999879989048,0.199944,3.5023076923076957,111.6923076923077,1,316x332,9,team,jung,1,1,small,mid,bright,center
002_20200917_043057(1),0,0.77867,0.575488,0.031646,0.03012,9.9999879989048,0.22133000000000003,2.730000000000004,113.25,1,316x332,9,team,heo,1,1,small,mid,bright,center
002_20200917_043101(1),0,0.800272,0.592504,0.031646,0.03012,9.9999879989048,0.19972800000000002,2.1810256410256414,114.64102564102564,1,316x332,9,team,heo,1,1,small,low,bright,center
002_20200917_043105(2),0,0.791335,0.67031,0.031646,0.03012,9.9999879989048,0.208665,4.166153846153833,116.59615384615384,1,316x332,9,team,heo,1,1,small,mid,bright,center
002_20200917_043109(1),0,0.794793,0.57289,0.031646,0.03012,9.9999879989048,0.20520700000000003,1.4110256410256312,118.64102564102564,1,316x332,9,team,heo,1,1,small,low,bright,center
002_20200917_043113(2),0,0.777585,0.549088,0.031646,0.03012,9.9999879989048,0.22241500000000003,2.913589743589739,117.99358974358974,1,316x332,9,team,heo,1,1,small,mid,bright,center
002_20200917_043117(2),0,0.779342,0.548697,0.031646,0.03012,9.9999879989048,0.22065800000000002,1.6910256410256324,119.64102564102564,1,316x332,9,team,heo,1,1,small,low,bright,center
002_20200917_083653(7),0,0.777085,0.468151,0.031646,0.03012,9.9999879989048,0.22291499999999997,10.467435897435891,112.6474358974359,1,316x332,9,team,lee,1,1,small,high,bright,center
002_20200917_083659(5),0,0.758418,0.394115,0.031646,0.03012,9.9999879989048,0.24158199999999996,9.223589743589741,111.49358974358974,1,316x332,9,team,lee,1,1,small,high,bright,center
002_20200917_083703(5),0,0.76459,0.504233,0.031646,0.03012,9.9999879989048,0.23541,8.383076923076914,114.17307692307692,1,316x332,9,team,lee,1,1,small,high,bright,center
002_20200917_083707(4),0,0.769804,0.470188,0.031646,0.03012,9.9999879989048,0.23019599999999996,5.20794871794871,107.21794871794872,1,316x332,9,team,lee,1,1,small,high,bright,center
002_20200917_083711(6),0,0.782522,0.462201,0.031646,0.03012,9.9999879989048,0.21747799999999995,3.205897435897427,108.43589743589743,1,316x332,9,team,lee,1,1,small,mid,bright,center
002_20200917_083721(4),0,0.802927,0.638121,0.031646,0.03012,9.9999879989048,0.19707300000000005,7.331282051282059,107.30128205128206,1,316x332,9,team,lee,1,1,small,high,bright,center
002_20200917_123052(0),0,0.806052,0.449102,0.031646,0.03012,9.9999879989048,0.193948,4.288461538461533,108.78846153846153,1,316x332,9,team,jung,1,1,small,mid,bright,center
002_20200917_123056(0),0,0.806565,0.459947,0.031646,0.03012,9.9999879989048,0.19343500000000002,4.782307692307697,111.1923076923077,1,316x332,9,team,jung,1,1,small,mid,bright,center
002_20200917_123100(0),0,0.804608,0.466762,0.031646,0.03012,9.9999879989048,0.195392,3.062564102564096,112.6025641025641,1,316x332,9,team,jung,1,1,small,mid,bright,center
002_20200917_123116(1),0,0.78588,0.401081,0.031646,0.03012,9.9999879989048,0.21411999999999998,3.9341025641025738,106.31410256410257,1,316x332,9,team,jung,1,1,small,mid,bright,center
002_20200917_123120(2),0,0.796145,0.370224,0.031646,0.03012,9.9999879989048,0.203855,7.847435897435901,107.8974358974359,1,316x332,9,team,jung,1,1,small,high,bright,center
002_20200917_123124(2),0,0.755265,0.370619,0.031646,0.03012,9.9999879989048,0.24473500000000004,6.836666666666673,107.41666666666667,1,316x332,9,team,jung,1,1,small,high,bright,center
002_20200917_162809(7),0,0.775855,0.391945,0.031646,0.03012,9.9999879989048,0.22414500000000004,6.913589743589739,108.24358974358974,1,316x332,9,team,heo,1,1,small,high,bright,center
002_20200917_162813(7),0,0.765403,0.478934,0.031646,0.03012,9.9999879989048,0.23459700000000006,8.972820512820505,111.51282051282051,1,316x332,9,team,heo,1,1,small,high,bright,center
002_20200917_162817(7),0,0.793725,0.555382,0.031646,0.03012,9.9999879989048,0.206275,7.307692307692307,109.5576923076923,1,316x332,9,team,heo,1,1,small,high,bright,center
002_20200917_162821(7),0,0.780261,0.350639,0.031646,0.03012,9.9999879989048,0.21973900000000002,2.1005128205128187,111.07051282051282,1,316x332,9,team,heo,1,1,small,low,bright,center
002_20200917_162825(6),0,0.790458,0.519186,0.031646,0.03012,9.9999879989048,0.209542,6.240256410256407,117.16025641025641,1,316x332,9,team,heo,1,1,small,high,bright,center
002_20200917_162829(8),0,0.77542,0.442238,0.031646,0.03012,9.9999879989048,0.22458,2.2774358974358933,113.1474358974359,1,316x332,9,team,heo,1,1,small,low,bright,center
002_20200917_202944(0),0,0.779231,0.495341,0.031646,0.03012,9.9999879989048,0.220769,4.570512820512818,107.32051282051282,1,316x332,9,team,lee,1,1,small,mid,bright,center
002_20200917_202952(6),0,0.780417,0.514489,0.031646,0.03012,9.9999879989048,0.21958299999999997,7.1002564102564065,116.66025641025641,1,316x332,9,team,lee,1,1,small,high,bright,center
002_20200917_202955(7),0,0.766448,0.565655,0.031646,0.03012,9.9999879989048,0.23355199999999998,3.8843589743589746,115.22435897435898,1,316x332,9,team,lee,1,1,small,mid,bright,center
002_20200917_202958(6),0,0.785721,0.542729,0.031646,0.03012,9.9999879989048,0.214279,4.4751282051282,116.7051282051282,1,316x332,9,team,lee,1,1,small,mid,bright,center
002_20200917_203001(5),0,0.790474,0.531657,0.031646,0.03012,9.9999879989048,0.209526,8.138461538461527,119.03846153846153,1,316x332,9,team,lee,1,1,small,high,bright,center
002_20200917_203004(3),0,0.752836,0.436576,0.031646,0.03012,9.9999879989048,0.24716400000000005,7.292307692307688,114.4423076923077,1,316x332,9,team,lee,1,1,small,high,bright,center
002_20200918_003438(7),0,0.779284,0.458599,0.031646,0.03012,9.9999879989048,0.22071600000000002,4.920769230769224,118.23076923076923,1,316x332,9,team,jung,1,1,small,high,bright,center
002_20200918_003442(6),0,0.813892,0.642793,0.031646,0.03012,9.9999879989048,0.18610800000000005,2.039743589743594,117.33974358974359,1,316x332,9,team,jung,1,1,small,low,bright,center
002_20200918_003445(5),0,0.757962,0.480634,0.031646,0.03012,9.9999879989048,0.24203799999999998,6.161025641025631,120.64102564102564,1,316x332,9,team,jung,1,1,small,high,bright,center
002_20200918_003448(4),0,0.788517,0.735028,0.031646,0.03012,9.9999879989048,0.21148299999999998,3.0733333333333235,119.33333333333333,1,316x332,9,team,jung,1,1,small,mid,bright,center
002_20200918_003451(0),0,0.801295,0.714248,0.031646,0.03012,9.9999879989048,0.19870500000000002,3.319999999999993,117.5,1,316x332,9,team,jung,1,1,small,mid,bright,center
002_20200918_003453(6),0,0.79527,0.655051,0.031646,0.03012,9.9999879989048,0.20472999999999997,2.7069230769230757,114.57692307692308,1,316x332,9,team,jung,1,1,small,mid,bright,center
002_20200918_043330(3),0,0.459603,0.526481,0.031646,0.03012,9.9999879989048,0.459603,3.955897435897427,116.68589743589743,1,316x332,9,team,heo,1,1,small,mid,bright,center
002_20200918_043332(9),0,0.806658,0.401131,0.031646,0.03012,9.9999879989048,0.193342,4.252307692307696,111.9423076923077,1,316x332,9,team,heo,1,1,small,mid,bright,center
002_20200918_043335(6),0,0.801925,0.523455,0.031646,0.03012,9.9999879989048,0.198075,4.924615384615393,117.13461538461539,1,316x332,9,team,heo,1,1,small,high,bright,center
002_20200918_043338(2)__m1,0,0.778795,0.557323,0.031646,0.03012,9.9999879989048,0.22120499999999998,4.318717948717946,116.19871794871794,1,316x332,9,team,heo,1,1,small,mid,bright,center
002_20200918_043341(9),0,0.79793,0.368993,0.031646,0.03012,9.9999879989048,0.20206999999999997,3.8943589743589797,116.97435897435898,1,316x332,9,team,heo,1,1,small,mid,bright,center
002_20200918_043345(9),0,0.791222,0.440658,0.031646,0.03012,9.9999879989048,0.20877800000000002,4.900000000000006,119.75,1,316x332,9,team,heo,1,1,small,high,bright,center
002_20200918_083240(7),0,0.764158,0.498907,0.031646,0.03012,9.9999879989048,0.235842,3.696153846153834,113.09615384615384,1,316x332,9,team,lee,1,1,small,mid,bright,center
002_20200918_083244(8),0,0.790213,0.585389,0.031646,0.03012,9.9999879989048,0.20978699999999995,3.061025641025637,110.14102564102564,1,316x332,9,team,lee,1,1,small,mid,bright,center
002_20200918_083248(7),0,0.790722,0.599265,0.031646,0.03012,9.9999879989048,0.20927799999999996,2.2576923076923094,110.5576923076923,1,316x332,9,team,lee,1,1,small,low,bright,center
002_20200918_083254(8),0,0.764264,0.660094,0.031646,0.03012,9.9999879989048,0.23573599999999995,8.048974358974363,109.60897435897436,1,316x332,9,team,lee,1,1,small,high,bright,center
002_20200918_083302(6),0,0.764697,0.584486,0.031646,0.03012,9.9999879989048,0.23530300000000004,7.49179487179488,108.37179487179488,1,316x332,9,team,lee,1,1,small,high,bright,center
002_20200918_083306(7),0,0.779394,0.616919,0.031646,0.03012,9.9999879989048,0.22060599999999997,5.59615384615384,104.09615384615384,1,316x332,9,team,lee,1,1,small,high,mid,center
002_20200918_123306(7),0,0.757362,0.463817,0.031646,0.03012,9.9999879989048,0.24263800000000002,6.209743589743596,113.83974358974359,1,316x332,9,team,jung,1,1,small,high,bright,center
002_20200918_123310(6),0,0.79309,0.419427,0.031646,0.03012,9.9999879989048,0.20691000000000004,7.927435897435899,111.6474358974359,1,316x332,9,team,jung,1,1,small,high,bright,center
002_20200918_123314(6),0,0.765459,0.451052,0.031646,0.03012,9.9999879989048,0.234541,4.253846153846155,111.65384615384616,1,316x332,9,team,jung,1,1,small,mid,bright,center
002_20200918_123318(7),0,0.782348,0.405775,0.031646,0.03012,9.9999879989048,0.21765199999999996,2.292820512820512,115.26282051282051,1,316x332,9,team,jung,1,1,small,low,bright,center
002_20200918_123322(5),0,0.794244,0.421287,0.031646,0.03012,9.9999879989048,0.20575600000000005,4.482564102564098,114.8525641025641,1,316x332,9,team,jung,1,1,small,mid,bright,center
002_20200918_123331(0),0,0.77222,0.548929,0.031646,0.03012,9.9999879989048,0.22777999999999998,4.529230769230779,116.26923076923077,1,316x332,9,team,jung,1,1,small,mid,bright,center
002_20200918_163302(9),0,0.788457,0.605254,0.031646,0.03012,9.9999879989048,0.21154300000000004,2.5392307692307696,107.01923076923077,1,316x332,9,team,heo,1,1,small,mid,bright,center
002_20200918_163306(9),0,0.803128,0.541333,0.031646,0.03012,9.9999879989048,0.19687200000000005,5.60179487179488,110.62179487179488,1,316x332,9,team,heo,1,1,small,high,bright,center
002_20200918_163310(9),0,0.800307,0.583167,0.031646,0.03012,9.9999879989048,0.199693,4.391794871794872,111.12179487179488,1,316x332,9,team,heo,1,1,small,mid,bright,center
002_20200918_163314(9),0,0.773645,0.654386,0.031646,0.03012,9.9999879989048,0.22635499999999997,4.430256410256405,105.91025641025641,1,316x332,9,team,heo,1,1,small,mid,bright,center
002_20200918_163318(8),0,0.785158,0.516408,0.031646,0.03012,9.9999879989048,0.21484199999999998,9.002564102564108,111.3525641025641,1,316x332,9,team,heo,1,1,small,high,bright,center
002_20200918_163322(9),0,0.796593,0.44584,0.031646,0.03012,9.9999879989048,0.203407,7.7151282051282095,108.9551282051282,1,316x332,9,team,heo,1,1,small,high,bright,center
002_20200921_111929(2),0,0.778353,0.493801,0.031646,0.03012,9.9999879989048,0.22164700000000004,7.038205128205121,111.87820512820512,1,316x332,9,team,lee,1,1,small,high,bright,center
002_20200921_111932(4),0,0.772078,0.547921,0.031646,0.03012,9.9999879989048,0.22792199999999996,4.8105128205128125,106.57051282051282,1,316x332,9,team,lee,1,1,small,mid,bright,center
002_20200921_111939(0),0,0.798783,0.564233,0.031646,0.03012,9.9999879989048,0.20121699999999998,5.530256410256413,106.41025641025641,1,316x332,9,team,lee,1,1,small,high,bright,center
002_20200921_111942(1),0,0.776959,0.525175,0.031646,0.03012,9.9999879989048,0.22304100000000004,9.674615384615393,109.63461538461539,1,316x332,9,team,lee,1,1,small,high,bright,center
002_20200921_111948(3),0,0.792197,0.450574,0.031646,0.03012,9.9999879989048,0.20780299999999996,7.38051282051282,107.07051282051282,1,316x332,9,team,lee,1,1,small,high,bright,center
002_20200921_111951(8),0,0.755538,0.556578,0.031646,0.03012,9.9999879989048,0.24446199999999996,8.447435897435895,106.1474358974359,1,316x332,9,team,lee,1,1,small,high,bright,center
002_20200921_123148(8),0,0.788808,0.549828,0.031646,0.03012,9.9999879989048,0.21119200000000005,5.02820512820513,105.12820512820512,1,316x332,9,team,jung,1,1,small,high,bright,center
002_20200921_123153(3),0,0.771651,0.419421,0.031646,0.03012,9.9999879989048,0.22834900000000002,9.55205128205128,107.28205128205128,1,316x332,9,team,jung,1,1,small,high,bright,center
002_20200921_123157(8),0,0.791932,0.532771,0.031646,0.03012,9.9999879989048,0.20806800000000003,5.624871794871794,105.7948717948718,1,316x332,9,team,jung,1,1,small,high,bright,center
002_20200921_123202(3),0,0.766862,0.455818,0.031646,0.03012,9.9999879989048,0.23313799999999996,4.19641025641026,107.75641025641026,1,316x332,9,team,jung,1,1,small,mid,bright,center
002_20200921_123206(8),0,0.773812,0.494243,0.031646,0.03012,9.9999879989048,0.22618799999999994,6.376666666666665,110.66666666666667,1,316x332,9,team,jung,1,1,small,high,bright,center
002_20200921_123211(3),0,0.769138,0.419685,0.031646,0.03012,9.9999879989048,0.230862,6.333333333333329,109.83333333333333,1,316x332,9,team,jung,1,1,small,high,bright,center
002_20200921_163052(8),0,0.795433,0.452108,0.031646,0.03012,9.9999879989048,0.20456700000000005,5.802307692307693,106.6923076923077,1,316x332,9,team,heo,1,1,small,high,bright,center
002_20200921_163055(8),0,0.777748,0.637744,0.031646,0.03012,9.9999879989048,0.222252,8.442051282051281,108.78205128205128,1,316x332,9,team,heo,1,1,small,high,bright,center
002_20200921_163102(0),0,0.787628,0.420873,0.031646,0.03012,9.9999879989048,0.212372,7.3887179487179395,109.44871794871794,1,316x332,9,team,heo,1,1,small,high,bright,center
002_20200921_163105(3),0,0.767836,0.388946,0.031646,0.03012,9.9999879989048,0.23216400000000004,6.862564102564107,106.6025641025641,1,316x332,9,team,heo,1,1,small,high,bright,center
002_20200921_163110(2),0,0.76884,0.365951,0.031646,0.03012,9.9999879989048,0.23116000000000003,6.901794871794877,104.87179487179488,1,316x332,9,team,heo,1,1,small,high,bright,center
002_20200921_163113(3),0,0.75074,0.439547,0.031646,0.03012,9.9999879989048,0.24926000000000004,5.26102564102564,107.89102564102564,1,316x332,9,team,heo,1,1,small,high,bright,center
002_20200921_202245(2),0,0.7817,0.487038,0.031646,0.03012,9.9999879989048,0.21830000000000005,5.783846153846156,110.15384615384616,1,316x332,9,team,lee,1,1,small,high,bright,center
002_20200921_202254(1),0,0.804778,0.469951,0.031646,0.03012,9.9999879989048,0.195222,3.9399999999999977,108.75,1,316x332,9,team,lee,1,1,small,mid,bright,center
002_20200921_202257(2),0,0.775047,0.438815,0.031646,0.03012,9.9999879989048,0.22495299999999996,2.2494871794871756,109.17948717948718,1,316x332,9,team,lee,1,1,small,low,bright,center
002_20200921_202300(1),0,0.807591,0.504289,0.031646,0.03012,9.9999879989048,0.19240900000000005,0.7066666666666777,109.66666666666667,1,316x332,9,team,lee,1,1,small,low,bright,center
002_20200921_202312(1),0,0.78162,0.668418,0.031646,0.03012,9.9999879989048,0.21838000000000002,3.7307692307692264,108.23076923076923,1,316x332,9,team,lee,1,1,small,mid,bright,center
002_20200921_202315(3),0,0.785634,0.688656,0.031646,0.03012,9.9999879989048,0.21436599999999995,1.6056410256410203,108.02564102564102,1,316x332,9,team,lee,1,1,small,low,bright,center
002_20200922_003107(0),0,0.780427,0.426377,0.031646,0.03012,9.9999879989048,0.21957300000000002,7.150512820512816,105.07051282051282,1,316x332,9,team,jung,1,1,small,high,bright,center
002_20200922_003116(0),0,0.774789,0.469253,0.031646,0.03012,9.9999879989048,0.22521100000000005,6.770256410256408,108.41025641025641,1,316x332,9,team,jung,1,1,small,high,bright,center
002_20200922_003120(5),0,0.770373,0.439876,0.031646,0.03012,9.9999879989048,0.22962700000000003,5.328205128205127,107.87820512820512,1,316x332,9,team,jung,1,1,small,high,bright,center
002_20200922_003123(5),0,0.779369,0.382896,0.031646,0.03012,9.9999879989048,0.22063100000000002,2.832307692307694,107.9423076923077,1,316x332,9,team,jung,1,1,small,mid,bright,center
002_20200922_003129(5),0,0.80473,0.422671,0.031646,0.03012,9.9999879989048,0.19527000000000005,3.7582051282051196,109.62820512820512,1,316x332,9,team,jung,1,1,small,mid,bright,center
002_20200922_003134(1),0,0.808548,0.474562,0.031646,0.03012,9.9999879989048,0.19145199999999996,4.4964102564102575,112.25641025641026,1,316x332,9,team,jung,1,1,small,mid,bright,center
002_20200922_043105(7),0,0.796425,0.472785,0.031646,0.03012,9.9999879989048,0.20357499999999995,1.9579487179487103,113.46794871794872,1,316x332,9,team,heo,1,1,small,low,bright,center
002_20200922_043110(2),0,0.814922,0.429984,0.031646,0.03012,9.9999879989048,0.18507799999999996,4.033076923076919,114.17307692307692,1,316x332,9,team,heo,1,1,small,mid,bright,center
002_20200922_043114(8),0,0.812427,0.420184,0.031646,0.03012,9.9999879989048,0.187573,4.7082051282051225,114.12820512820512,1,316x332,9,team,heo,1,1,small,mid,bright,center
002_20200922_043119(3),0,0.794949,0.414235,0.031646,0.03012,9.9999879989048,0.20505099999999998,5.2410256410256295,110.89102564102564,1,316x332,9,team,heo,1,1,small,high,bright,center
002_20200922_043123(8),0,0.782424,0.388037,0.031646,0.03012,9.9999879989048,0.217576,6.636153846153846,110.84615384615384,1,316x332,9,team,heo,1,1,small,high,bright,center
002_20200922_043128(2),0,0.792012,0.502526,0.031646,0.03012,9.9999879989048,0.20798799999999995,3.2802564102564133,110.66025641025641,1,316x332,9,team,heo,1,1,small,mid,bright,center
002_20200922_083752(7),0,0.790386,0.545043,0.031646,0.03012,9.9999879989048,0.20961399999999997,7.9012820512820525,109.30128205128206,1,316x332,9,team,lee,1,1,small,high,bright,center
002_20200922_083755(7),0,0.794766,0.526192,0.031646,0.03012,9.9999879989048,0.20523400000000003,6.219743589743587,110.83974358974359,1,316x332,9,team,lee,1,1,small,high,bright,center
002_20200922_083758(7),0,0.78125,0.433924,0.031646,0.03012,9.9999879989048,0.21875,6.102051282051278,109.78205128205128,1,316x332,9,team,lee,1,1,small,high,bright,center
002_20200922_083801(7),0,0.798136,0.580674,0.031646,0.03012,9.9999879989048,0.20186400000000004,4.2192307692307764,110.26923076923077,1,316x332,9,team,lee,1,1,small,mid,bright,center
002_20200922_083807(4),0,0.771699,0.57823,0.031646,0.03012,9.9999879989048,0.22830099999999998,8.638461538461527,114.53846153846153,1,316x332,9,team,lee,1,1,small,high,bright,center
002_20200922_083810(4),0,0.756906,0.62838,0.031646,0.03012,9.9999879989048,0.24309400000000003,6.90384615384616,111.90384615384616,1,316x332,9,team,lee,1,1,small,high,bright,center
002_20200922_122708(6),0,0.801283,0.543381,0.031646,0.03012,9.9999879989048,0.19871700000000003,1.1235897435897328,115.24358974358974,1,316x332,9,team,jung,1,1,small,low,bright,center
002_20200922_122713(0),0,0.794335,0.481092,0.031646,0.03012,9.9999879989048,0.205665,4.359230769230777,116.76923076923077,1,316x332,9,team,jung,1,1,small,mid,bright,center
002_20200922_122717(4),0,0.787511,0.562823,0.031646,0.03012,9.9999879989048,0.21248900000000004,2.5630769230769204,113.92307692307692,1,316x332,9,team,jung,1,1,small,mid,bright,center
002_20200922_122721(8),0,0.814493,0.506775,0.031646,0.03012,9.9999879989048,0.18550699999999998,0.3453846153846172,115.86538461538461,1,316x332,9,team,jung,1,1,small,low,bright,center
002_20200922_122724(8),0,0.779535,0.557263,0.031646,0.03012,9.9999879989048,0.22046500000000002,2.1510256410256403,113.89102564102564,1,316x332,9,team,jung,1,1,small,low,bright,center
002_20200922_122727(6),0,0.798512,0.443595,0.031646,0.03012,9.9999879989048,0.201488,3.294102564102573,114.81410256410257,1,316x332,9,team,jung,1,1,small,mid,bright,center
002_20200922_163053(8)__m1,0,0.790878,0.436689,0.031646,0.03012,9.9999879989048,0.20912200000000003,7.308974358974368,110.35897435897436,1,316x332,9,team,heo,1,1,small,high,bright,center
002_20200922_163056(8),0,0.765843,0.460123,0.031646,0.03012,9.9999879989048,0.23415699999999995,8.694102564102565,111.06410256410257,1,316x332,9,team,heo,1,1,small,high,bright,center
002_20200922_163059(6),0,0.791703,0.615978,0.031646,0.03012,9.9999879989048,0.20829699999999995,4.491282051282056,107.05128205128206,1,316x332,9,team,heo,1,1,small,mid,bright,center
002_20200922_163102(5),0,0.775471,0.633733,0.031646,0.03012,9.9999879989048,0.22452899999999998,5.715897435897432,108.68589743589743,1,316x332,9,team,heo,1,1,small,high,bright,center
002_20200922_163105(5),0,0.769307,0.508247,0.031646,0.03012,9.9999879989048,0.23069300000000004,5.112820512820505,112.76282051282051,1,316x332,9,team,heo,1,1,small,high,bright,center
002_20200922_163110(0),0,0.784541,0.564339,0.031646,0.03012,9.9999879989048,0.21545899999999996,4.350512820512819,110.57051282051282,1,316x332,9,team,heo,1,1,small,mid,bright,center
002_20200622_203136(3),0,0.5379746835443038,0.4457831325301205,0.05063291139240506,0.04216867469879518,14.966629547095765,0.4457831325301205,12.359126984126988,87.30555555555556,2,316x332,6,official,,3,3,large,high,mid,center
002_20200622_203136(3),1,0.5395569620253164,0.5090361445783133,0.04113924050632911,0.04216867469879518,13.49073756323204,0.46044303797468356,6.2292707292707235,79.45454545454545,2,316x332,6,official,,3,3,large,high,dark,center
002_20200622_203136(3),2,0.5427215189873418,0.588855421686747,0.04113924050632911,0.0391566265060241,13.0,0.411144578313253,6.90122657790927,82.68229166666667,2,316x332,6,official,,3,3,large,high,dark,center
002_20200622_203140(8),0,0.5174050632911392,0.45331325301204817,0.04113924050632911,0.0391566265060241,13.0,0.45331325301204817,9.435342702169635,83.32291666666667,2,316x332,6,official,,3,3,large,high,dark,center
002_20200622_203140(8),1,0.5221518987341772,0.5195783132530121,0.04430379746835443,0.0391566265060241,13.490737563232042,0.4778481012658228,5.742035742035739,79.93434343434343,2,316x332,6,official,,3,3,large,high,dark,center
002_20200622_203140(8),2,0.5284810126582279,0.5933734939759037,0.04430379746835443,0.04216867469879518,14.0,0.40662650602409633,7.899359743897563,84.9656862745098,2,316x332,6,official,,3,3,large,high,dark,center
002_20200622_203145(3),0,0.5110759493670886,0.4563253012048193,0.03481012658227848,0.02710843373493976,9.9498743710662,0.4563253012048193,4.8364413364413394,76.37179487179488,2,316x332,6,official,,3,3,small,mid,dark,center
002_20200622_203145(3),1,0.5142405063291139,0.5210843373493976,0.028481012658227847,0.030120481927710843,9.486832980505138,0.47891566265060237,1.9977777777777703,75.22,2,316x332,6,official,,3,3,small,low,dark,center
002_20200622_203145(3),2,0.5237341772151899,0.5993975903614458,0.03481012658227848,0.030120481927710843,10.488088481701515,0.4006024096385542,1.0544332210998988,77.82716049382717,2,316x332,6,official,,3,3,mid,low,dark,center
002_20200622_203149(8),0,0.5110759493670886,0.44728915662650603,0.03481012658227848,0.02710843373493976,9.9498743710662,0.44728915662650603,3.0911033411033344,75.26282051282051,2,316x332,6,official,,3,3,small,mid,dark,center
002_20200622_203149(8),1,0.5189873417721519,0.5918674698795181,0.03164556962025317,0.02710843373493976,9.486832980505138,0.4081325301204819,0.04888888888888232,76.86,2,316x332,6,official,,3,3,small,low,dark,center
002_20200622_203149(8),2,0.509493670886076,0.5150602409638554,0.0379746835443038,0.024096385542168676,9.797958971132713,0.4849397590361446,3.667467948717942,75.61538461538461,2,316x332,6,official,,3,3,small,mid,dark,center
002_20200622_203154(3),0,0.5063291139240507,0.45481927710843373,0.03164556962025317,0.030120481927710843,10.0,0.45481927710843373,7.933076923076925,78.17307692307692,2,316x332,6,official,,3,3,mid,high,dark,center
002_20200622_203154(3),1,0.5142405063291139,0.5225903614457831,0.028481012658227847,0.03313253012048193,9.9498743710662,0.4774096385542169,1.7125097125097142,76.35897435897436,2,316x332,6,official,,3,3,small,low,dark,center
002_20200622_203154(3),2,0.5189873417721519,0.5963855421686747,0.03164556962025317,0.030120481927710843,10.0,0.4036144578313253,1.6274358974359018,77.8974358974359,2,316x332,6,official,,3,3,mid,low,dark,center
002_20200622_203158(8),0,0.5300632911392406,0.44879518072289154,0.03481012658227848,0.030120481927710843,10.488088481701515,0.44879518072289154,5.529068462401796,76.76543209876543,2,316x332,6,official,,3,3,mid,high,dark,center
002_20200622_203158(8),1,0.5348101265822784,0.516566265060241,0.03164556962025317,0.03313253012048193,10.488088481701515,0.46518987341772156,2.4040404040404155,76.72222222222223,2,316x332,6,official,,3,3,mid,low,dark,center
002_20200622_203158(8),2,0.5443037974683544,0.5993975903614458,0.0379746835443038,0.030120481927710843,10.954451150103322,0.4006024096385542,1.5500000000000114,79.41666666666667,2,316x332,6,official,,3,3,mid,low,dark,center
002_20200623_003351(2),0,0.495253164556962,0.4563253012048193,0.03481012658227848,0.03313253012048193,11.0,0.4563253012048193,9.225550964187335,78.29166666666667,2,316x332,6,official,,3,3,mid,high,dark,center
002_20200623_003351(2),1,0.5015822784810127,0.5256024096385542,0.03481012658227848,0.03313253012048193,11.0,0.4743975903614458,4.147973238882329,73.61904761904762,2,316x332,6,official,,3,3,mid,mid,dark,center
002_20200623_003351(2),2,0.5126582278481012,0.6234939759036144,0.04430379746835443,0.024096385542168676,10.583005244258363,0.37650602409638556,5.345238095238088,78.13095238095238,2,316x332,6,official,,3,3,mid,high,dark,center
002_20200623_003355(7),0,0.47151898734177217,0.4623493975903614,0.0379746835443038,0.0391566265060241,12.489995996796797,0.4623493975903614,14.23221670802316,83.55913978494624,2,316x332,6,official,,3,3,large,high,dark,center
002_20200623_003355(7),1,0.47943037974683544,0.5301204819277109,0.03481012658227848,0.030120481927710843,10.488088481701515,0.4698795180722891,3.1286195286195237,73.07407407407408,2,316x332,6,official,,3,3,mid,mid,dark,center
002_20200623_003355(7),2,0.4889240506329114,0.6295180722891566,0.03481012658227848,0.03614457831325301,11.489125293076057,0.37048192771084343,8.606321839080465,83.35632183908046,2,316x332,6,official,,3,3,large,high,dark,center
002_20200623_003400(2),0,0.495253164556962,0.4608433734939759,0.03481012658227848,0.030120481927710843,10.488088481701515,0.4608433734939759,8.005162738496068,77.45061728395062,2,316x332,6,official,,3,3,mid,high,dark,center
002_20200623_003400(2),1,0.5015822784810127,0.536144578313253,0.03481012658227848,0.030120481927710843,10.488088481701515,0.463855421686747,3.5731762065095296,76.19135802469135,2,316x332,6,official,,3,3,mid,mid,dark,center
002_20200623_003400(2),2,0.5079113924050633,0.625,0.03481012658227848,0.03313253012048193,11.0,0.375,6.9285222353404095,82.7797619047619,2,316x332,6,official,,3,3,mid,high,dark,center
002_20200623_003404(7),0,0.4825949367088608,0.45331325301204817,0.03481012658227848,0.03313253012048193,11.0,0.45331325301204817,8.71477764659582,79.20238095238095,2,316x332,6,official,,3,3,mid,high,dark,center
002_20200623_003404(7),1,0.48417721518987344,0.5271084337349398,0.0379746835443038,0.030120481927710843,10.954451150103322,0.47289156626506024,5.091666666666669,75.16666666666667,2,316x332,6,official,,3,3,mid,high,dark,center
002_20200623_003404(7),2,0.495253164556962,0.625,0.03481012658227848,0.02710843373493976,9.9498743710662,0.375,5.811577311577324,81.06410256410257,2,316x332,6,official,,3,3,small,high,dark,center
002_20200623_003409(2),0,0.48417721518987344,0.45481927710843373,0.03164556962025317,0.030120481927710843,10.0,0.45481927710843373,6.286666666666676,75.41666666666667,2,316x332,6,official,,3,3,mid,high,dark,center
002_20200623_003409(2),1,0.4873417721518987,0.5271084337349398,0.02531645569620253,0.024096385542168676,8.0,0.47289156626506024,0.36837121212121815,72.21212121212122,2,316x332,6,official,,3,3,small,low,dark,center
002_20200623_003409(2),2,0.4920886075949367,0.6234939759036144,0.028481012658227847,0.030120481927710843,9.486832980505138,0.37650602409638556,6.435555555555567,81.94666666666667,2,316x332,6,official,,3,3,small,high,dark,center
002_20200623_003413(7),0,0.5031645569620253,0.45331325301204817,0.03164556962025317,0.02710843373493976,9.486832980505138,0.45331325301204817,6.071111111111122,75.26,2,316x332,6,official,,3,3,small,high,dark,center
002_20200623_003413(7),1,0.5079113924050633,0.5271084337349398,0.03481012658227848,0.030120481927710843,10.488088481701515,0.47289156626506024,1.6459034792368072,73.69135802469135,2,316x332,6,official,,3,3,mid,low,dark,center
002_20200623_003413(7),2,0.5174050632911392,0.6204819277108434,0.03481012658227848,0.030120481927710843,10.488088481701515,0.37951807228915657,6.064870931537598,82.40123456790124,2,316x332,6,official,,3,3,mid,high,dark,center
002_20200623_043056(0),0,0.49683544303797467,0.44728915662650603,0.0379746835443038,0.03313253012048193,11.489125293076059,0.44728915662650603,10.90229885057471,80.06896551724138,2,316x332,6,official,,3,3,large,high,dark,center
002_20200623_043056(0),1,0.5031645569620253,0.5195783132530121,0.0379746835443038,0.0391566265060241,12.489995996796797,0.48042168674698793,7.240901571546729,78.74731182795699,2,316x332,6,official,,3,3,large,high,dark,center
002_20200623_043056(0),2,0.5158227848101266,0.6174698795180723,0.03164556962025317,0.04216867469879518,11.832159566199232,0.3825301204819277,7.269841269841265,86.70555555555555,2,316x332,6,official,,3,3,large,high,mid,center
002_20200623_043100(6),0,0.5015822784810127,0.45481927710843373,0.03481012658227848,0.03614457831325301,11.489125293076057,0.45481927710843373,11.187304075235105,80.48275862068965,2,316x332,6,official,,3,3,large,high,dark,center
002_20200623_043100(6),1,0.5110759493670886,0.5225903614457831,0.04113924050632911,0.0391566265060241,13.0,0.4774096385542169,6.526565581854044,78.73958333333333,2,316x332,6,official,,3,3,large,high,dark,center
002_20200623_043100(6),2,0.5189873417721519,0.6189759036144579,0.03164556962025317,0.045180722891566265,12.24744871391589,0.38102409638554213,8.805161290322587,88.81182795698925,2,316x332,6,official,,3,3,large,high,mid,center
002_20200623_043105(0),0,0.4889240506329114,0.45180722891566266,0.04113924050632911,0.04216867469879518,13.49073756323204,0.45180722891566266,15.26995226995227,85.92929292929293,2,316x332,6,official,,3,3,large,high,dark,center
002_20200623_043105(0),1,0.495253164556962,0.5180722891566265,0.03481012658227848,0.04216867469879518,12.409673645990857,0.4819277108433735,8.488269794721418,80.80645161290323,2,316x332,6,official,,3,3,large,high,dark,center
002_20200623_043105(0),2,0.5063291139240507,0.6174698795180723,0.03164556962025317,0.04216867469879518,11.832159566199232,0.3825301204819277,7.774603174603186,87.4888888888889,2,316x332,6,official,,3,3,large,high,mid,center
002_20200623_043109(4),0,0.4825949367088608,0.4578313253012048,0.04113924050632911,0.04216867469879518,13.49073756323204,0.4578313253012048,17.954434454434463,87.58080808080808,2,316x332,6,official,,3,3,large,high,mid,center
002_20200623_043109(4),1,0.4889240506329114,0.5256024096385542,0.03481012658227848,0.0391566265060241,11.958260743101398,0.4743975903614458,8.480186480186475,79.33333333333333,2,316x332,6,official,,3,3,large,high,dark,center
002_20200623_043109(4),2,0.49683544303797467,0.6174698795180723,0.0379746835443038,0.04819277108433735,13.85640646055102,0.3825301204819277,11.895526960784323,92.33823529411765,2,316x332,6,official,,3,3,large,high,mid,center
002_20200623_043115(4),0,0.47151898734177217,0.45481927710843373,0.0379746835443038,0.030120481927710843,10.954451150103322,0.45481927710843373,8.620238095238093,78.05357142857143,2,316x332,6,official,,3,3,mid,high,dark,center
002_20200623_043115(4),1,0.4778481012658228,0.5271084337349398,0.03164556962025317,0.04216867469879518,11.832159566199232,0.47289156626506024,6.944444444444443,79.44444444444444,2,316x332,6,official,,3,3,large,high,dark,center
002_20200623_043115(4),2,0.48575949367088606,0.6174698795180723,0.03481012658227848,0.05421686746987952,14.071247279470288,0.3825301204819277,11.060461760461763,92.91904761904762,2,316x332,6,official,,3,3,large,high,mid,center
002_20200623_043120(0),0,0.49841772151898733,0.45331325301204817,0.04113924050632911,0.0391566265060241,13.0,0.45331325301204817,11.681552021696262,82.55729166666667,2,316x332,6,official,,3,3,large,high,dark,center
002_20200623_043120(0),1,0.504746835443038,0.5225903614457831,0.04746835443037975,0.02710843373493976,11.618950038622252,0.4774096385542169,3.700000000000003,74.9,2,316x332,6,official,,3,3,large,mid,dark,center
002_20200623_043120(0),2,0.5126582278481012,0.6204819277108434,0.03164556962025317,0.03614457831325301,10.954451150103322,0.37951807228915657,7.885714285714286,86.16071428571429,2,316x332,6,official,,3,3,mid,high,mid,center
002_20200623_082249(3),0,0.504746835443038,0.48042168674698793,0.028481012658227847,0.0391566265060241,10.816653826391969,0.48042168674698793,10.995879120879124,83.63690476190476,2,316x332,6,official,,3,3,mid,high,dark,center
002_20200623_082249(3),1,0.5142405063291139,0.5451807228915663,0.028481012658227847,0.030120481927710843,9.486832980505138,0.45481927710843373,3.513333333333321,78.14666666666666,2,316x332,6,official,,3,3,small,mid,dark,center
002_20200623_082249(3),2,0.5253164556962026,0.6265060240963856,0.0379746835443038,0.04216867469879518,12.96148139681572,0.37349397590361444,5.348214285714278,86.39583333333333,2,316x332,6,official,,3,3,large,high,mid,center
002_20200623_082253(8),0,0.5332278481012658,0.4367469879518072,0.04746835443037975,0.03614457831325301,13.416407864998739,0.4367469879518072,9.955050505050508,84.44949494949495,2,316x332,6,official,,3,3,large,high,dark,center
002_20200623_082253(8),1,0.5300632911392406,0.5015060240963856,0.03481012658227848,0.03313253012048193,11.0,0.46993670886075944,4.4193231011412735,77.45238095238095,2,316x332,6,official,,3,3,mid,mid,dark,center
002_20200623_082253(8),2,0.5411392405063291,0.5843373493975904,0.0379746835443038,0.04216867469879518,12.96148139681572,0.4156626506024096,6.526785714285708,86.3125,2,316x332,6,official,,3,3,large,high,mid,center
002_20200623_082258(4),0,0.5205696202531646,0.46987951807228917,0.03481012658227848,0.04216867469879518,12.409673645990857,0.46987951807228917,8.144742354419762,84.20967741935483,2,316x332,6,official,,3,3,large,high,dark,center
002_20200623_082258(4),1,0.5253164556962026,0.5346385542168675,0.0379746835443038,0.03313253012048193,11.489125293076059,0.46536144578313254,1.9182340647857927,80.13793103448276,2,316x332,6,official,,3,3,large,low,dark,center
002_20200623_082258(4),2,0.5268987341772152,0.6114457831325302,0.03481012658227848,0.04216867469879518,12.409673645990857,0.3885542168674698,5.6164641809803015,87.06451612903226,2,316x332,6,official,,3,3,large,high,mid,center
002_20200623_082302(7),0,0.47943037974683544,0.411144578313253,0.03481012658227848,0.02710843373493976,9.9498743710662,0.411144578313253,7.37140637140638,77.17948717948718,2,316x332,6,official,,3,3,small,high,dark,center
002_20200623_082302(7),1,0.4920886075949367,0.4743975903614458,0.028481012658227847,0.02710843373493976,9.0,0.4743975903614458,4.180555555555557,73.29166666666667,2,316x332,6,official,,3,3,small,mid,dark,center
002_20200623_082302(7),2,0.5126582278481012,0.5753012048192772,0.03164556962025317,0.030120481927710843,10.0,0.42469879518072284,6.624615384615382,81.38461538461539,2,316x332,6,official,,3,3,mid,high,dark,center
002_20200623_082307(2),0,0.495253164556962,0.4186746987951807,0.03481012658227848,0.030120481927710843,10.488088481701515,0.4186746987951807,10.286307519640857,79.41358024691358,2,316x332,6,official,,3,3,mid,high,dark,center
002_20200623_082307(2),1,0.5,0.49096385542168675,0.0379746835443038,0.03614457831325301,11.999999999999998,0.49096385542168675,7.941666666666663,76.87222222222222,2,316x332,6,official,,3,3,large,high,dark,center
002_20200623_082307(2),2,0.5158227848101266,0.5873493975903614,0.0379746835443038,0.030120481927710843,10.954451150103322,0.4126506024096386,6.388095238095232,83.69642857142857,2,316x332,6,official,,3,3,mid,high,dark,center
002_20200623_082311(8),0,0.47468354430379744,0.4322289156626506,0.05063291139240506,0.045180722891566265,15.491933384829668,0.4322289156626506,17.326801801801793,90.13513513513513,2,316x332,6,official,,3,3,large,high,mid,center
002_20200623_082311(8),1,0.4762658227848101,0.5045180722891566,0.03481012658227848,0.0391566265060241,11.958260743101398,0.4762658227848101,6.547008547008545,79.77777777777777,2,316x332,6,official,,3,3,large,high,dark,center
002_20200623_082311(8),2,0.4762658227848101,0.6024096385542169,0.03481012658227848,0.04819277108433735,13.2664991614216,0.3975903614457831,12.44002525252526,93.16161616161617,2,316x332,6,official,,3,3,large,high,mid,center
002_20200623_123042(0),0,0.5189873417721519,0.38403614457831325,0.0379746835443038,0.0391566265060241,12.489995996796797,0.38403614457831325,8.81782464846981,81.91397849462365,2,316x332,6,official,,3,3,large,high,dark,center
002_20200623_123042(0),1,0.5253164556962026,0.45180722891566266,0.0379746835443038,0.03614457831325301,11.999999999999998,0.45180722891566266,3.950000000000003,75.58888888888889,2,316x332,6,official,,3,3,large,mid,dark,center
002_20200623_123042(0),2,0.5316455696202531,0.5301204819277109,0.03164556962025317,0.04819277108433735,12.649110640673518,0.4683544303797469,8.287499999999994,86.875,2,316x332,6,official,,3,3,large,high,mid,center
002_20200623_123046(4),0,0.5474683544303798,0.5346385542168675,0.02531645569620253,0.02710843373493976,8.48528137423857,0.4525316455696202,0.16364734299517636,79.07246376811594,2,316x332,6,official,,3,3,small,low,dark,center
002_20200623_123046(4),1,0.5332278481012658,0.45481927710843373,0.03481012658227848,0.030120481927710843,10.488088481701515,0.45481927710843373,3.65712682379349,73.9753086419753,2,316x332,6,official,,3,3,mid,mid,dark,center
002_20200623_123046(4),2,0.5268987341772152,0.39006024096385544,0.03481012658227848,0.02710843373493976,9.9498743710662,0.39006024096385544,6.492812742812745,77.4423076923077,2,316x332,6,official,,3,3,small,high,dark,center
002_20200623_123051(1),0,0.5395569620253164,0.4427710843373494,0.03481012658227848,0.03614457831325301,11.489125293076057,0.4427710843373494,6.869383490073147,78.50574712643679,2,316x332,6,official,,3,3,large,high,dark,center
002_20200623_123051(1),1,0.5427215189873418,0.5090361445783133,0.03481012658227848,0.03614457831325301,11.489125293076057,0.4572784810126582,4.82993730407523,79.03448275862068,2,316x332,6,official,,3,3,large,mid,dark,center
002_20200623_123051(1),2,0.5458860759493671,0.588855421686747,0.03481012658227848,0.03313253012048193,11.0,0.411144578313253,4.986078315623772,80.88690476190476,2,316x332,6,official,,3,3,mid,high,dark,center
002_20200623_123055(5),0,0.47151898734177217,0.4006024096385542,0.05063291139240506,0.030120481927710843,12.649110640673518,0.4006024096385542,12.049999999999997,85.59375,2,316x332,6,official,,2,2,large,high,dark,center
002_20200623_123055(5),1,0.4873417721518987,0.5677710843373494,0.0379746835443038,0.045180722891566265,13.416407864998739,0.43222891566265065,9.419696969696972,88.91414141414141,2,316x332,6,official,,2,2,large,high,mid,center
002_20200623_123100(0),0,0.47468354430379744,0.411144578313253,0.03164556962025317,0.03313253012048193,10.488088481701515,0.411144578313253,11.550841750841741,81.29629629629629,2,316x332,6,official,,3,3,mid,high,dark,center
002_20200623_123100(0),1,0.4778481012658228,0.48493975903614456,0.03164556962025317,0.030120481927710843,10.0,0.4778481012658228,2.9710256410256335,72.89102564102564,2,316x332,6,official,,3,3,mid,mid,dark,center
002_20200623_123100(0),2,0.47468354430379744,0.5843373493975904,0.02531645569620253,0.030120481927710843,8.94427190999916,0.4156626506024096,4.112499999999997,80.5,2,316x332,6,official,,3,3,small,mid,dark,center
002_20200623_123104(5),0,0.49683544303797467,0.3930722891566265,0.03164556962025317,0.02710843373493976,9.486832980505138,0.3930722891566265,6.73555555555555,75.91333333333333,2,316x332,6,official,,3,3,small,high,dark,center
002_20200623_123104(5),1,0.5031645569620253,0.4623493975903614,0.03164556962025317,0.03313253012048193,10.488088481701515,0.4623493975903614,4.645791245791244,72.01851851851852,2,316x332,6,official,,3,3,mid,mid,dark,center
002_20200623_123104(5),2,0.5142405063291139,0.5632530120481928,0.028481012658227847,0.030120481927710843,9.486832980505138,0.4367469879518072,5.808888888888887,79.65333333333334,2,316x332,6,official,,3,3,small,high,dark,center
002_20200623_163020(3),0,0.5126582278481012,0.4352409638554217,0.03164556962025317,0.03313253012048193,10.488088481701515,0.4352409638554217,6.218181818181819,77.5,2,316x332,6,official,,3,3,mid,high,dark,center
002_20200623_163020(3),1,0.5205696202531646,0.49698795180722893,0.028481012658227847,0.030120481927710843,9.486832980505138,0.47943037974683544,2.6755555555555475,76.52,2,316x332,6,official,,3,3,small,mid,dark,center
002_20200623_163020(3),2,0.5348101265822784,0.5753012048192772,0.03164556962025317,0.030120481927710843,10.0,0.42469879518072284,0.02846153846152788,78.53846153846153,2,316x332,6,official,,3,3,mid,low,dark,center
002_20200623_163023(3),0,0.4873417721518987,0.411144578313253,0.03164556962025317,0.045180722891566265,12.24744871391589,0.411144578313253,6.393763440860212,81.05376344086021,2,316x332,6,official,,3,3,large,high,dark,center
002_20200623_163023(3),1,0.509493670886076,0.4713855421686747,0.0379746835443038,0.045180722891566265,13.416407864998739,0.4713855421686747,8.601515151515144,82.31818181818181,2,316x332,6,official,,3,3,large,high,dark,center
002_20200623_163023(3),2,0.5348101265822784,0.5421686746987951,0.0379746835443038,0.04216867469879518,12.96148139681572,0.45783132530120485,5.805059523809533,84.57291666666667,2,316x332,6,official,,3,3,large,high,dark,center
002_20200623_163026(3),0,0.5158227848101266,0.4036144578313253,0.0379746835443038,0.04216867469879518,12.96148139681572,0.4036144578313253,8.604910714285722,82.05729166666667,2,316x332,6,official,,3,3,large,high,dark,center
002_20200623_163026(3),1,0.5189873417721519,0.4683734939759036,0.03164556962025317,0.02710843373493976,9.486832980505138,0.4683734939759036,2.1599999999999966,73.56,2,316x332,6,official,,3,3,small,low,dark,center
002_20200623_163026(3),2,0.5300632911392406,0.5481927710843374,0.04746835443037975,0.030120481927710843,12.247448713915892,0.4518072289156626,2.551182795698921,78.89784946236558,2,316x332,6,official,,3,3,large,mid,dark,center
002_20200623_163029(6),0,0.4889240506329114,0.3614457831325301,0.028481012658227847,0.03614457831325301,10.392304845413264,0.3614457831325301,9.052469135802482,76.56172839506173,2,316x332,6,official,,3,3,mid,high,dark,center
002_20200623_163029(6),1,0.49050632911392406,0.4322289156626506,0.0379746835443038,0.02710843373493976,10.392304845413264,0.4322289156626506,3.253086419753089,71.67901234567901,2,316x332,6,official,,3,3,mid,mid,dark,center
002_20200623_163029(6),2,0.4920886075949367,0.5316265060240963,0.03481012658227848,0.02710843373493976,9.9498743710662,0.46837349397590367,4.263986013986013,80.50641025641026,2,316x332,6,official,,3,3,small,mid,dark,center
002_20200623_163032(5),0,0.4810126582278481,0.49698795180722893,0.03164556962025317,0.030120481927710843,10.0,0.4810126582278481,6.092051282051287,78.78205128205128,2,316x332,6,official,,3,3,mid,high,dark,center
002_20200623_163032(5),1,0.49841772151898733,0.5632530120481928,0.022151898734177215,0.024096385542168676,7.4833147735478835,0.4367469879518072,1.128968253968253,72.11111111111111,2,316x332,6,official,,3,3,small,low,dark,center
002_20200623_163032(5),2,0.5300632911392406,0.6551204819277109,0.03481012658227848,0.02710843373493976,9.9498743710662,0.3448795180722891,5.835858585858588,81.91666666666667,2,316x332,6,official,,3,3,small,high,dark,center
002_20200623_163035(5),0,0.5031645569620253,0.36596385542168675,0.03164556962025317,0.02710843373493976,9.486832980505138,0.36596385542168675,4.859999999999999,74.02666666666667,2,316x332,6,official,,3,3,small,high,dark,center
002_20200623_163035(5),1,0.5031645569620253,0.4367469879518072,0.03164556962025317,0.024096385542168676,8.94427190999916,0.4367469879518072,0.7097222222222257,70.34722222222223,2,316x332,6,official,,3,3,small,low,dark,center
002_20200623_163035(5),2,0.504746835443038,0.5301204819277109,0.03481012658227848,0.030120481927710843,10.488088481701515,0.4698795180722891,6.665768799102125,81.28395061728395,2,316x332,6,official,,3,3,mid,high,dark,center
002_20200623_203033(6),0,0.47943037974683544,0.4563253012048193,0.04113924050632911,0.045180722891566265,13.96424004376894,0.4563253012048193,13.306184012066367,86.25490196078431,2,316x332,6,official,,3,3,large,high,mid,center
002_20200623_203033(6),1,0.4825949367088608,0.5225903614457831,0.03481012658227848,0.0391566265060241,11.958260743101398,0.4774096385542169,7.249611499611504,78.30555555555556,2,316x332,6,official,,3,3,large,high,dark,center
002_20200623_203033(6),2,0.49683544303797467,0.6204819277108434,0.04430379746835443,0.03614457831325301,12.96148139681572,0.37951807228915657,5.735119047619051,84.35416666666667,2,316x332,6,official,,3,3,large,high,dark,center
002_20200623_203038(0),0,0.4825949367088608,0.45481927710843373,0.03481012658227848,0.030120481927710843,10.488088481701515,0.45481927710843373,9.15387205387205,78.96296296296296,2,316x332,6,official,,3,3,mid,high,dark,center
002_20200623_203038(0),1,0.4889240506329114,0.5256024096385542,0.03481012658227848,0.03313253012048193,11.0,0.4743975903614458,3.27720385674931,75.54166666666667,2,316x332,6,official,,3,3,mid,mid,dark,center
002_20200623_203038(0),2,0.49841772151898733,0.6204819277108434,0.03481012658227848,0.03614457831325301,11.489125293076057,0.37951807228915657,5.511233019853705,83.98850574712644,2,316x332,6,official,,3,3,large,high,dark,center
002_20200623_203042(5),0,0.495253164556962,0.4563253012048193,0.028481012658227847,0.03313253012048193,9.9498743710662,0.4563253012048193,8.860528360528363,78.62820512820512,2,316x332,6,official,,3,3,small,high,dark,center
002_20200623_203042(5),1,0.5,0.5210843373493976,0.03164556962025317,0.030120481927710843,10.0,0.47891566265060237,3.6641025641025635,74.81410256410257,2,316x332,6,official,,3,3,mid,mid,dark,center
002_20200623_203042(5),2,0.5126582278481012,0.6234939759036144,0.02531645569620253,0.04216867469879518,10.583005244258361,0.37650602409638556,5.907738095238088,86.50595238095238,2,316x332,6,official,,3,3,mid,high,mid,center
002_20200623_203047(0),0,0.48417721518987344,0.4578313253012048,0.04430379746835443,0.04216867469879518,14.0,0.4578313253012048,15.7686074429772,88.29411764705883,2,316x332,6,official,,3,3,large,high,mid,center
002_20200623_203047(0),1,0.49050632911392406,0.5240963855421686,0.03164556962025317,0.030120481927710843,10.0,0.47590361445783136,1.3012820512820582,73.55128205128206,2,316x332,6,official,,3,3,mid,low,dark,center
002_20200623_203047(0),2,0.5015822784810127,0.6204819277108434,0.03481012658227848,0.030120481927710843,10.488088481701515,0.37951807228915657,4.224915824915826,82.37037037037037,2,316x332,6,official,,3,3,mid,mid,dark,center
002_20200623_203050(0),0,0.48575949367088606,0.4066265060240964,0.04113924050632911,0.030120481927710843,11.40175425099138,0.4066265060240964,8.914235190097259,81.29885057471265,2,316x332,6,official,,3,3,mid,high,dark,center
002_20200623_203050(0),1,0.495253164556962,0.4789156626506024,0.028481012658227847,0.030120481927710843,9.486832980505138,0.4789156626506024,3.0688888888888926,72.48,2,316x332,6,official,,3,3,small,mid,dark,center
002_20200623_203050(0),2,0.5079113924050633,0.5737951807228916,0.028481012658227847,0.03313253012048193,9.9498743710662,0.4262048192771084,5.067987567987572,81.98717948717949,2,316x332,6,official,,3,3,small,high,dark,center
002_20200623_203054(6),0,0.4825949367088608,0.45180722891566266,0.028481012658227847,0.03614457831325301,10.392304845413264,0.45180722891566266,8.98456790123457,79.21604938271605,2,316x332,6,official,,3,3,mid,high,dark,center
002_20200623_203054(6),1,0.4873417721518987,0.5210843373493976,0.02531645569620253,0.030120481927710843,8.94427190999916,0.47891566265060237,2.879166666666677,73.85416666666667,2,316x332,6,official,,3,3,small,mid,dark,center
002_20200623_203054(6),2,0.5015822784810127,0.6204819277108434,0.03481012658227848,0.03614457831325301,11.489125293076057,0.37951807228915657,5.403866248693831,85.3735632183908,2,316x332,6,official,,3,3,large,high,dark,center
002_20200624_003115(6),0,0.5031645569620253,0.44879518072289154,0.0379746835443038,0.030120481927710843,10.954451150103322,0.44879518072289154,8.960714285714289,79.86904761904762,2,316x332,6,official,,3,3,mid,high,dark,center
002_20200624_003115(6),1,0.509493670886076,0.5240963855421686,0.0379746835443038,0.030120481927710843,10.954451150103322,0.47590361445783136,2.8238095238095298,76.69047619047619,2,316x332,6,official,,3,3,mid,mid,dark,center
002_20200624_003115(6),2,0.5142405063291139,0.6174698795180723,0.03481012658227848,0.03614457831325301,11.489125293076057,0.3825301204819277,8.459770114942529,86.29310344827586,2,316x332,6,official,,3,3,large,high,mid,center
002_20200624_003118(6),0,0.4762658227848101,0.4352409638554217,0.03481012658227848,0.02710843373493976,9.9498743710662,0.4352409638554217,8.652680652680658,79.07692307692308,2,316x332,6,official,,3,3,small,high,dark,center
002_20200624_003118(6),1,0.48417721518987344,0.5090361445783133,0.04430379746835443,0.030120481927710843,11.832159566199232,0.48417721518987344,1.7888888888888914,74.53888888888889,2,316x332,6,official,,3,3,large,low,dark,center
002_20200624_003118(6),2,0.4873417721518987,0.608433734939759,0.0379746835443038,0.03614457831325301,11.999999999999998,0.39156626506024095,6.390277777777769,85.8,2,316x332,6,official,,3,3,large,high,dark,center
002_20200624_003123(0),0,0.49050632911392406,0.44879518072289154,0.0379746835443038,0.030120481927710843,10.954451150103322,0.44879518072289154,10.11904761904762,80.49404761904762,2,316x332,6,official,,3,3,mid,high,dark,center
002_20200624_003123(0),1,0.495253164556962,0.5210843373493976,0.03481012658227848,0.03614457831325301,11.489125293076057,0.47891566265060237,6.33986415882967,78.74137931034483,2,316x332,6,official,,3,3,large,high,dark,center
002_20200624_003123(0),2,0.5031645569620253,0.6174698795180723,0.04430379746835443,0.030120481927710843,11.832159566199232,0.3825301204819277,10.22698412698412,87.20555555555555,2,316x332,6,official,,3,3,large,high,mid,center
002_20200624_003127(5),0,0.4873417721518987,0.45180722891566266,0.03164556962025317,0.03614457831325301,10.954451150103322,0.45180722891566266,13.439285714285717,82.75595238095238,2,316x332,6,official,,3,3,mid,high,dark,center
002_20200624_003127(5),1,0.5015822784810127,0.5180722891566265,0.04113924050632911,0.03614457831325301,12.489995996796797,0.4819277108433735,4.61207609594706,77.98387096774194,2,316x332,6,official,,3,3,large,mid,dark,center
002_20200624_003127(5),2,0.504746835443038,0.6144578313253012,0.028481012658227847,0.03614457831325301,10.392304845413264,0.3855421686746988,7.805555555555557,86.01851851851852,2,316x332,6,official,,3,3,mid,high,mid,center
002_20200624_003132(0),0,0.4699367088607595,0.44879518072289154,0.03481012658227848,0.03614457831325301,11.489125293076057,0.44879518072289154,13.515673981191213,83.71264367816092,2,316x332,6,official,,3,3,large,high,dark,center
002_20200624_003132(0),1,0.47943037974683544,0.5271084337349398,0.04113924050632911,0.04216867469879518,13.49073756323204,0.47289156626506024,8.92834942834942,84.75252525252525,2,316x332,6,official,,3,3,large,high,dark,center
002_20200624_003132(0),2,0.4889240506329114,0.6204819277108434,0.04113924050632911,0.03614457831325301,12.489995996796797,0.37951807228915657,8.203473945409428,87.5752688172043,2,316x332,6,official,,3,3,large,high,mid,center
002_20200624_003136(5),0,0.46835443037974683,0.4503012048192771,0.04430379746835443,0.045180722891566265,14.491376746189438,0.4503012048192771,13.92857142857143,87.62380952380953,2,316x332,6,official,,3,3,large,high,mid,center
002_20200624_003136(5),1,0.4762658227848101,0.5195783132530121,0.04113924050632911,0.045180722891566265,13.96424004376894,0.4762658227848101,9.546606334841627,83.82352941176471,2,316x332,6,official,,3,3,large,high,dark,center
002_20200624_003136(5),2,0.4825949367088608,0.6189759036144579,0.028481012658227847,0.045180722891566265,11.61895003862225,0.38102409638554213,8.103703703703715,89.4,2,316x332,6,official,,3,3,large,high,mid,center
002_20200624_043136(9),0,0.4889240506329114,0.4503012048192771,0.03481012658227848,0.03313253012048193,11.0,0.4503012048192771,10.300324675324674,81.48214285714286,2,316x332,6,official,,3,3,mid,high,dark,center
002_20200624_043136(9),1,0.495253164556962,0.5195783132530121,0.03481012658227848,0.02710843373493976,9.9498743710662,0.48042168674698793,2.5563325563325634,74.38461538461539,2,316x332,6,official,,3,3,small,mid,dark,center
002_20200624_043136(9),2,0.504746835443038,0.6159638554216867,0.04113924050632911,0.0391566265060241,13.0,0.38403614457831325,9.324087771203153,88.27083333333333,2,316x332,6,official,,3,3,large,high,mid,center
002_20200624_043141(4),0,0.495253164556962,0.4457831325301205,0.03481012658227848,0.04216867469879518,12.409673645990857,0.4457831325301205,11.453777405390312,84.78494623655914,2,316x332,6,official,,3,3,large,high,dark,center
002_20200624_043141(4),1,0.5015822784810127,0.5210843373493976,0.03481012658227848,0.04216867469879518,12.409673645990857,0.47891566265060237,7.50551598938695,81.31720430107526,2,316x332,6,official,,3,3,large,high,dark,center
002_20200624_043141(4),2,0.504746835443038,0.6174698795180723,0.028481012658227847,0.04216867469879518,11.224972160321823,0.3825301204819277,9.750684181718668,88.5919540229885,2,316x332,6,official,,3,3,mid,high,mid,center
002_20200624_043145(8),0,0.5015822784810127,0.44728915662650603,0.03481012658227848,0.03313253012048193,11.0,0.44728915662650603,11.205578512396698,81.875,2,316x332,6,official,,3,3,mid,high,dark,center
002_20200624_043145(8),1,0.509493670886076,0.5225903614457831,0.0379746835443038,0.02710843373493976,10.392304845413264,0.4774096385542169,2.9351851851851904,74.68518518518519,2,316x332,6,official,,3,3,mid,mid,dark,center
002_20200624_043145(8),2,0.5205696202531646,0.6159638554216867,0.028481012658227847,0.03313253012048193,9.9498743710662,0.38403614457831325,5.72766122766123,83.52564102564102,2,316x332,6,official,,3,3,small,high,dark,center
002_20200624_043150(3),0,0.4810126582278481,0.4442771084337349,0.0379746835443038,0.03313253012048193,11.489125293076059,0.4442771084337349,14.508620689655174,84.92528735632185,2,316x332,6,official,,3,3,large,high,dark,center
002_20200624_043150(3),1,0.4889240506329114,0.516566265060241,0.03481012658227848,0.045180722891566265,12.84523257866513,0.48343373493975905,9.202556818181819,81.65104166666667,2,316x332,6,official,,3,3,large,high,dark,center
002_20200624_043150(3),2,0.5,0.608433734939759,0.03164556962025317,0.04216867469879518,11.832159566199232,0.39156626506024095,8.682539682539684,87.2611111111111,2,316x332,6,official,,3,3,large,high,mid,center
002_20200624_043154(8),0,0.49683544303797467,0.44879518072289154,0.04430379746835443,0.03614457831325301,12.96148139681572,0.44879518072289154,8.213541666666671,81.08854166666667,2,316x332,6,official,,3,3,large,high,dark,center
002_20200624_043154(8),1,0.5,0.5210843373493976,0.0379746835443038,0.03614457831325301,11.999999999999998,0.47891566265060237,5.138888888888886,76.94444444444444,2,316x332,6,official,,3,3,large,high,dark,center
002_20200624_043154(8),2,0.5079113924050633,0.6189759036144579,0.028481012658227847,0.0391566265060241,10.816653826391969,0.38102409638554213,7.091117216117212,85.06547619047619,2,316x332,6,official,,3,3,mid,high,dark,center
002_20200624_043159(4),0,0.49050632911392406,0.44728915662650603,0.03164556962025317,0.045180722891566265,12.24744871391589,0.44728915662650603,10.321505376344092,83.68817204301075,2,316x332,6,official,,3,3,large,high,dark,center
002_20200624_043159(4),1,0.49683544303797467,0.5180722891566265,0.02531645569620253,0.03614457831325301,9.797958971132712,0.4819277108433735,3.42067307692308,75.66025641025641,2,316x332,6,official,,3,3,small,mid,dark,center
002_20200624_043159(4),2,0.5031645569620253,0.6159638554216867,0.02531645569620253,0.0391566265060241,10.198039027185569,0.38403614457831325,6.989434947768274,84.69135802469135,2,316x332,6,official,,3,3,mid,high,dark,center
002_20200624_083032(4),0,0.5063291139240507,0.44126506024096385,0.03164556962025317,0.0391566265060241,11.40175425099138,0.44126506024096385,7.027763041556142,80.7816091954023,2,316x332,6,official,,3,3,mid,high,dark,center
002_20200624_083032(4),1,0.5126582278481012,0.5090361445783133,0.03164556962025317,0.04216867469879518,11.832159566199232,0.4873417721518988,5.0428571428571445,80.15,2,316x332,6,official,,3,3,large,high,dark,center
002_20200624_083032(4),2,0.5205696202531646,0.5843373493975904,0.03481012658227848,0.030120481927710843,10.488088481701515,0.4156626506024096,2.467564534231201,80.04938271604938,2,316x332,6,official,,3,3,mid,mid,dark,center
002_20200624_083036(9),0,0.5174050632911392,0.4623493975903614,0.03481012658227848,0.03313253012048193,11.0,0.4623493975903614,3.9929161747343613,77.57142857142857,2,316x332,6,official,,3,3,mid,mid,dark,center
002_20200624_083036(9),1,0.5174050632911392,0.5286144578313253,0.04113924050632911,0.02710843373493976,10.816653826391969,0.4713855421686747,4.619810744810749,77.9702380952381,2,316x332,6,official,,3,3,mid,mid,dark,center
002_20200624_083036(9),2,0.5268987341772152,0.6099397590361446,0.03481012658227848,0.03313253012048193,11.0,0.3900602409638554,2.1774399842581715,80.75595238095238,2,316x332,6,official,,3,3,mid,low,dark,center
002_20200624_083041(3),0,0.5174050632911392,0.4608433734939759,0.028481012658227847,0.030120481927710843,9.486832980505138,0.4608433734939759,3.5844444444444434,76.64,2,316x332,6,official,,3,3,small,mid,dark,center
002_20200624_083041(3),1,0.5221518987341772,0.5271084337349398,0.0379746835443038,0.024096385542168676,9.797958971132713,0.47289156626506024,0.6290064102564088,77.24358974358974,2,316x332,6,official,,3,3,small,low,dark,center
002_20200624_083041(3),2,0.5268987341772152,0.6054216867469879,0.03481012658227848,0.030120481927710843,10.488088481701515,0.39457831325301207,0.8707070707070699,81.38888888888889,2,316x332,6,official,,3,3,mid,low,dark,center
002_20200624_083045(8),0,0.49050632911392406,0.411144578313253,0.03164556962025317,0.03313253012048193,10.488088481701515,0.411144578313253,9.259034792368126,78.91358024691358,2,316x332,6,official,,3,3,mid,high,dark,center
002_20200624_083045(8),1,0.504746835443038,0.48493975903614456,0.028481012658227847,0.03614457831325301,10.392304845413264,0.48493975903614456,4.932098765432102,75.56172839506173,2,316x332,6,official,,3,3,mid,high,dark,center
002_20200624_083045(8),2,0.5158227848101266,0.5768072289156626,0.03164556962025317,0.0391566265060241,11.40175425099138,0.4231927710843374,7.722988505747125,84.52298850574712,2,316x332,6,official,,3,3,mid,high,dark,center
002_20200624_083050(4),0,0.49050632911392406,0.45481927710843373,0.03164556962025317,0.030120481927710843,10.0,0.45481927710843373,6.4907692307692315,77.23076923076923,2,316x332,6,official,,3,3,mid,high,dark,center
002_20200624_083050(4),1,0.4920886075949367,0.5271084337349398,0.028481012658227847,0.030120481927710843,9.486832980505138,0.47289156626506024,2.5999999999999943,74.6,2,316x332,6,official,,3,3,small,mid,dark,center
002_20200624_083050(4),2,0.5015822784810127,0.625,0.03481012658227848,0.03313253012048193,11.0,0.375,5.185360094450999,83.71428571428571,2,316x332,6,official,,3,3,mid,high,dark,center
002_20200624_083054(9),0,0.48575949367088606,0.42319277108433734,0.04113924050632911,0.03313253012048193,11.958260743101398,0.42319277108433734,12.278282828282826,83.00555555555556,2,316x332,6,official,,3,3,large,high,dark,center
002_20200624_083054(9),1,0.4873417721518987,0.4954819277108434,0.02531645569620253,0.02710843373493976,8.48528137423857,0.4873417721518987,1.5585748792270522,72.23913043478261,2,316x332,6,official,,3,3,small,low,dark,center
002_20200624_083054(9),2,0.49050632911392406,0.5963855421686747,0.03164556962025317,0.030120481927710843,10.0,0.4036144578313253,6.233076923076922,82.42307692307692,2,316x332,6,official,,3,3,mid,high,dark,center
002_20200624_123144(0),0,0.5284810126582279,0.41566265060240964,0.0379746835443038,0.03614457831325301,11.999999999999998,0.41566265060240964,9.911111111111111,83.13333333333334,2,316x332,6,official,,3,3,large,high,dark,center
002_20200624_123144(0),1,0.5427215189873418,0.48042168674698793,0.04113924050632911,0.03313253012048193,11.958260743101398,0.4572784810126582,3.2311188811188742,78.35,2,316x332,6,official,,3,3,large,mid,dark,center
002_20200624_123144(0),2,0.5506329113924051,0.5572289156626506,0.0379746835443038,0.030120481927710843,10.954451150103322,0.44277108433734935,1.6095238095238074,80.64285714285714,2,316x332,6,official,,3,3,mid,low,dark,center
002_20200624_123148(2),0,0.5110759493670886,0.4307228915662651,0.03481012658227848,0.030120481927710843,10.488088481701515,0.4307228915662651,5.229854096520754,77.9753086419753,2,316x332,6,official,,3,3,mid,high,dark,center
002_20200624_123148(2),1,0.5142405063291139,0.5,0.028481012658227847,0.03614457831325301,10.392304845413264,0.4857594936708861,4.5462962962962905,79.96296296296296,2,316x332,6,official,,3,3,mid,mid,dark,center
002_20200624_123148(2),2,0.5300632911392406,0.572289156626506,0.03481012658227848,0.03614457831325301,11.489125293076057,0.42771084337349397,2.9827586206896513,82.98275862068965,2,316x332,6,official,,3,3,large,mid,dark,center
002_20200624_123152(7),0,0.5126582278481012,0.35240963855421686,0.03164556962025317,0.030120481927710843,10.0,0.35240963855421686,5.692564102564106,76.8525641025641,2,316x332,6,official,,3,3,mid,high,dark,center
002_20200624_123152(7),1,0.5158227848101266,0.42168674698795183,0.0379746835443038,0.024096385542168676,9.797958971132713,0.42168674698795183,2.325320512820511,76.01282051282051,2,316x332,6,official,,3,3,small,low,dark,center
002_20200624_123152(7),2,0.5174050632911392,0.5,0.04113924050632911,0.030120481927710843,11.40175425099138,0.4825949367088608,5.263483642793986,81.99425287356321,2,316x332,6,official,,3,3,mid,high,dark,center
002_20200624_123157(4),0,0.509493670886076,0.29518072289156627,0.0379746835443038,0.030120481927710843,10.954451150103322,0.29518072289156627,9.084523809523816,76.55952380952381,2,316x332,6,official,,3,3,mid,high,dark,center
002_20200624_123157(4),1,0.49841772151898733,0.36596385542168675,0.03481012658227848,0.03313253012048193,11.0,0.36596385542168675,5.0147087760724105,74.49404761904762,2,316x332,6,official,,3,3,mid,high,dark,center
002_20200624_123157(4),2,0.48417721518987344,0.4623493975903614,0.04430379746835443,0.03313253012048193,12.409673645990857,0.4623493975903614,9.919005725457339,85.63978494623656,2,316x332,6,official,,3,3,large,high,dark,center
002_20200624_123201(7),0,0.504746835443038,0.3990963855421687,0.03481012658227848,0.02108433734939759,8.774964387392123,0.3990963855421687,8.753787878787875,79.20833333333333,2,316x332,6,official,,3,3,small,high,dark,center
002_20200624_123201(7),1,0.5126582278481012,0.46987951807228917,0.03164556962025317,0.03614457831325301,10.954451150103322,0.46987951807228917,5.63928571428572,76.42261904761905,2,316x332,6,official,,3,3,mid,high,dark,center
002_20200624_123201(7),2,0.5253164556962026,0.5662650602409639,0.0379746835443038,0.03614457831325301,11.999999999999998,0.4337349397590361,8.081944444444446,87.45,2,316x332,6,official,,3,3,large,high,mid,center
002_20200624_123206(2),0,0.5015822784810127,0.3689759036144578,0.03481012658227848,0.02710843373493976,9.9498743710662,0.3689759036144578,9.962121212121218,79.41666666666667,2,316x332,6,official,,3,3,small,high,dark,center
002_20200624_123206(2),1,0.5110759493670886,0.44879518072289154,0.03481012658227848,0.03614457831325301,11.489125293076057,0.44879518072289154,4.339341692789972,76.69540229885058,2,316x332,6,official,,3,3,large,mid,dark,center
002_20200624_123206(2),2,0.5174050632911392,0.5391566265060241,0.028481012658227847,0.030120481927710843,9.486832980505138,0.46084337349397586,7.968888888888884,83.81333333333333,2,316x332,6,official,,3,3,small,high,dark,center
002_20200624_162708(9),0,0.5284810126582279,0.4623493975903614,0.03164556962025317,0.03313253012048193,10.488088481701515,0.4623493975903614,6.121773288439954,78.53086419753086,2,316x332,6,official,,3,3,mid,high,dark,center
002_20200624_162708(9),1,0.5348101265822784,0.5286144578313253,0.03164556962025317,0.02710843373493976,9.486832980505138,0.46518987341772156,1.1955555555555577,76.37333333333333,2,316x332,6,official,,3,3,small,low,dark,center
002_20200624_162708(9),2,0.5458860759493671,0.6099397590361446,0.03481012658227848,0.03313253012048193,11.0,0.3900602409638554,3.1308539944903515,82.83333333333333,2,316x332,6,official,,3,3,mid,mid,dark,center
002_20200624_162713(4),0,0.5395569620253164,0.4307228915662651,0.04113924050632911,0.030120481927710843,11.40175425099138,0.4307228915662651,5.800972590627765,77.74712643678161,2,316x332,6,official,,3,3,mid,high,dark,center
002_20200624_162713(4),1,0.5411392405063291,0.49849397590361444,0.0379746835443038,0.02710843373493976,10.392304845413264,0.4588607594936709,2.4660493827160366,75.43827160493827,2,316x332,6,official,,3,3,mid,mid,dark,center
002_20200624_162713(4),2,0.5443037974683544,0.5753012048192772,0.03164556962025317,0.030120481927710843,10.0,0.42469879518072284,2.298717948717936,79.94871794871794,2,316x332,6,official,,3,3,mid,low,dark,center
002_20200624_162717(9),0,0.5189873417721519,0.3795180722891566,0.03164556962025317,0.030120481927710843,10.0,0.3795180722891566,8.452564102564097,80.3525641025641,2,316x332,6,official,,3,3,mid,high,dark,center
002_20200624_162717(9),1,0.5237341772151899,0.4503012048192771,0.028481012658227847,0.03313253012048193,9.9498743710662,0.4503012048192771,2.462703962703955,76.03846153846153,2,316x332,6,official,,3,3,small,mid,dark,center
002_20200624_162717(9),2,0.5316455696202531,0.5271084337349398,0.02531645569620253,0.030120481927710843,8.94427190999916,0.4683544303797469,0.2305555555555543,81.81944444444444,2,316x332,6,official,,3,3,small,low,dark,center
002_20200624_162722(4),0,0.4810126582278481,0.35993975903614456,0.0379746835443038,0.03313253012048193,11.489125293076059,0.35993975903614456,12.374346917450367,82.10919540229885,2,316x332,6,official,,3,3,large,high,dark,center
002_20200624_162722(4),1,0.49050632911392406,0.4307228915662651,0.03164556962025317,0.030120481927710843,10.0,0.4307228915662651,2.0135897435897334,71.49358974358974,2,316x332,6,official,,3,3,mid,low,dark,center
002_20200624_162722(4),2,0.504746835443038,0.5271084337349398,0.03481012658227848,0.03614457831325301,11.489125293076057,0.47289156626506024,5.4723092998955,82.5632183908046,2,316x332,6,official,,3,3,large,high,dark,center
002_20200624_162726(9),0,0.492479,0.439663,0.031646,0.03012,9.9999879989048,0.439663,6.869230769230768,76.26923076923077,2,316x332,6,team,heo,3,3,small,high,dark,center
002_20200624_162726(9),1,0.500516,0.513096,0.031646,0.03012,9.9999879989048,0.486904,1.5361538461538373,73.34615384615384,2,316x332,6,team,heo,3,3,small,low,dark,center
002_20200624_162726(9),2,0.512571,0.608712,0.031646,0.03012,9.9999879989048,0.39128799999999997,4.133333333333326,82.33333333333333,2,316x332,6,team,heo,3,3,small,mid,dark,center
002_20200624_162737(5),0,0.510728,0.371219,0.031646,0.03012,9.9999879989048,0.371219,7.552051282051281,76.53205128205128,2,316x332,6,team,heo,3,3,small,high,dark,center
002_20200624_162737(5),1,0.513888,0.446404,0.031646,0.03012,9.9999879989048,0.446404,2.6358974358974336,72.43589743589743,2,316x332,6,team,heo,3,3,small,mid,dark,center
002_20200624_162737(5),2,0.520207,0.541138,0.031646,0.03012,9.9999879989048,0.458862,7.306923076923084,81.82692307692308,2,316x332,6,team,heo,3,3,small,high,dark,center
002_20200624_203111(4),0,0.5443037974683544,0.4503012048192771,0.0379746835443038,0.02710843373493976,10.392304845413264,0.4503012048192771,4.996913580246911,78.91358024691358,2,316x332,6,official,,3,3,mid,high,dark,center
002_20200624_203111(4),1,0.5458860759493671,0.516566265060241,0.028481012658227847,0.03313253012048193,9.9498743710662,0.4541139240506329,3.1796814296814375,78.4423076923077,2,316x332,6,official,,3,3,small,mid,dark,center
002_20200624_203111(4),2,0.555379746835443,0.5978915662650602,0.03481012658227848,0.03313253012048193,11.0,0.40210843373493976,1.7145316804407713,83.45833333333333,2,316x332,6,official,,3,3,mid,low,dark,center
002_20200624_203114(3),0,0.49683544303797467,0.4186746987951807,0.02531645569620253,0.030120481927710843,8.94427190999916,0.4186746987951807,3.4777777777777743,77.96527777777777,2,316x332,6,official,,3,3,small,mid,dark,center
002_20200624_203114(3),1,0.5126582278481012,0.48493975903614456,0.02531645569620253,0.030120481927710843,8.94427190999916,0.48493975903614456,2.0999999999999943,74.3125,2,316x332,6,official,,3,3,small,low,dark,center
002_20200624_203114(3),2,0.5379746835443038,0.5572289156626506,0.0379746835443038,0.030120481927710843,10.954451150103322,0.44277108433734935,0.7630952380952323,83.19642857142857,2,316x332,6,official,,3,3,mid,low,dark,center
002_20200624_203117(3),0,0.49841772151898733,0.3810240963855422,0.03481012658227848,0.03313253012048193,11.0,0.3810240963855422,6.715810704447065,80.32738095238095,2,316x332,6,official,,3,3,mid,high,dark,center
002_20200624_203117(3),1,0.5142405063291139,0.4442771084337349,0.028481012658227847,0.03313253012048193,9.9498743710662,0.4442771084337349,3.051282051282044,74.71794871794872,2,316x332,6,official,,3,3,small,mid,dark,center
002_20200624_203117(3),2,0.5395569620253164,0.5195783132530121,0.04113924050632911,0.03313253012048193,11.958260743101398,0.46044303797468356,2.3123154623154676,83.7388888888889,2,316x332,6,official,,3,3,large,low,dark,center
002_20200624_203120(3),0,0.5268987341772152,0.3885542168674699,0.03481012658227848,0.024096385542168676,9.38083151964686,0.3885542168674699,3.8595454545454544,77.28,2,316x332,6,official,,3,3,small,mid,dark,center
002_20200624_203120(3),1,0.5395569620253164,0.4503012048192771,0.03481012658227848,0.02108433734939759,8.774964387392123,0.4503012048192771,3.2824675324675354,73.75,2,316x332,6,official,,3,3,small,mid,dark,center
002_20200624_203120(3),2,0.560126582278481,0.5256024096385542,0.03164556962025317,0.02710843373493976,9.486832980505138,0.439873417721519,0.20222222222223252,80.94666666666667,2,316x332,6,official,,3,3,small,low,dark,center
002_20200624_203123(3),0,0.5015822784810127,0.42319277108433734,0.03481012658227848,0.0391566265060241,11.958260743101398,0.42319277108433734,7.554351204351207,81.12777777777778,2,316x332,6,official,,3,3,large,high,dark,center
002_20200624_203123(3),1,0.5142405063291139,0.4894578313253012,0.03481012658227848,0.02710843373493976,9.9498743710662,0.4857594936708861,3.7892385392385393,74.83974358974359,2,316x332,6,official,,3,3,small,mid,dark,center
002_20200624_203123(3),2,0.5332278481012658,0.5662650602409639,0.03481012658227848,0.03614457831325301,11.489125293076057,0.4337349397590361,2.070794148380358,82.22988505747126,2,316x332,6,official,,3,3,large,low,dark,center
002_20200624_203126(3),0,0.5205696202531646,0.4126506024096386,0.03481012658227848,0.024096385542168676,9.38083151964686,0.4126506024096386,7.066363636363647,79.68,2,316x332,6,official,,3,3,small,high,dark,center
002_20200624_203126(3),1,0.5379746835443038,0.4743975903614458,0.03164556962025317,0.0391566265060241,11.40175425099138,0.4620253164556962,4.6747126436781485,78.57471264367815,2,316x332,6,official,,3,3,mid,mid,dark,center
002_20200624_203126(3),2,0.5569620253164557,0.5451807228915663,0.03164556962025317,0.03614457831325301,10.954451150103322,0.44303797468354433,3.222619047619048,86.33928571428571,2,316x332,6,official,,3,3,mid,mid,mid,center
002_20200625_003352(9),0,0.4920886075949367,0.4442771084337349,0.028481012658227847,0.03313253012048193,9.9498743710662,0.4442771084337349,11.944832944832939,80.6923076923077,2,316x332,6,official,,3,3,small,high,dark,center
002_20200625_003352(9),1,0.5031645569620253,0.5210843373493976,0.03164556962025317,0.024096385542168676,8.94427190999916,0.47891566265060237,0.44861111111111995,73.23611111111111,2,316x332,6,official,,3,3,small,low,dark,center
002_20200625_003352(9),2,0.5110759493670886,0.6189759036144579,0.03481012658227848,0.02710843373493976,9.9498743710662,0.38102409638554213,5.4302641802641745,80.48076923076923,2,316x332,6,official,,3,3,small,high,dark,center
002_20200625_003357(4),0,0.5079113924050633,0.4397590361445783,0.028481012658227847,0.030120481927710843,9.486832980505138,0.4397590361445783,8.175555555555547,77.48666666666666,2,316x332,6,official,,3,3,small,high,dark,center
002_20200625_003357(4),1,0.5158227848101266,0.516566265060241,0.03164556962025317,0.02710843373493976,9.486832980505138,0.48343373493975905,1.9755555555555446,74.28666666666666,2,316x332,6,official,,3,3,small,low,dark,center
002_20200625_003357(4),2,0.5205696202531646,0.6129518072289156,0.028481012658227847,0.02710843373493976,9.0,0.3870481927710844,4.9722222222222285,79.97222222222223,2,316x332,6,official,,3,3,small,high,dark,center
002_20200625_003401(8),0,0.5015822784810127,0.4442771084337349,0.03481012658227848,0.02710843373493976,9.9498743710662,0.4442771084337349,9.270007770007766,78.32051282051282,2,316x332,6,official,,3,3,small,high,dark,center
002_20200625_003401(8),1,0.5079113924050633,0.516566265060241,0.03481012658227848,0.03313253012048193,11.0,0.48343373493975905,4.115604092876822,75.70238095238095,2,316x332,6,official,,3,3,mid,mid,dark,center
002_20200625_003401(8),2,0.5174050632911392,0.6144578313253012,0.03481012658227848,0.030120481927710843,10.488088481701515,0.3855421686746988,5.892817059483718,81.93827160493827,2,316x332,6,official,,3,3,mid,high,dark,center
002_20200625_003406(3),0,0.4889240506329114,0.4503012048192771,0.03481012658227848,0.02710843373493976,9.9498743710662,0.4503012048192771,10.161616161616166,78.66666666666667,2,316x332,6,official,,3,3,small,high,dark,center
002_20200625_003406(3),1,0.49683544303797467,0.5195783132530121,0.03164556962025317,0.02710843373493976,9.486832980505138,0.48042168674698793,1.7466666666666697,73.28,2,316x332,6,official,,3,3,small,low,dark,center
002_20200625_003406(3),2,0.5063291139240507,0.6159638554216867,0.03164556962025317,0.03313253012048193,10.488088481701515,0.38403614457831325,6.981032547699215,82.79012345679013,2,316x332,6,official,,3,3,mid,high,dark,center
002_20200625_003410(8),0,0.5063291139240507,0.44126506024096385,0.03164556962025317,0.03313253012048193,10.488088481701515,0.44126506024096385,9.858136924803588,80.03086419753086,2,316x332,6,official,,3,3,mid,high,dark,center
002_20200625_003410(8),1,0.5110759493670886,0.5135542168674698,0.03481012658227848,0.02710843373493976,9.9498743710662,0.4864457831325302,2.119075369075375,73.4423076923077,2,316x332,6,official,,3,3,small,low,dark,center
002_20200625_003410(8),2,0.5189873417721519,0.6099397590361446,0.03164556962025317,0.03313253012048193,10.488088481701515,0.3900602409638554,7.278675645342318,83.1604938271605,2,316x332,6,official,,3,3,mid,high,dark,center
002_20200625_003415(4),0,0.4825949367088608,0.4442771084337349,0.028481012658227847,0.02710843373493976,9.0,0.4442771084337349,7.0277777777777715,75.25,2,316x332,6,official,,3,3,small,high,dark,center
002_20200625_003415(4),1,0.4889240506329114,0.516566265060241,0.03481012658227848,0.02710843373493976,9.9498743710662,0.48343373493975905,3.406371406371406,74.15384615384616,2,316x332,6,official,,3,3,small,mid,dark,center
002_20200625_003415(4),2,0.49683544303797467,0.6144578313253012,0.0379746835443038,0.030120481927710843,10.954451150103322,0.3855421686746988,7.7547619047619065,83.19642857142857,2,316x332,6,official,,3,3,mid,high,dark,center
002_20200629_082823(5),0,0.49050632911392406,0.44728915662650603,0.03164556962025317,0.02710843373493976,9.486832980505138,0.44728915662650603,8.47333333333333,73.40666666666667,2,316x332,6,official,,3,3,small,high,dark,center
002_20200629_082823(5),1,0.495253164556962,0.5210843373493976,0.03481012658227848,0.030120481927710843,10.488088481701515,0.47891566265060237,3.705162738496071,73.45061728395062,2,316x332,6,official,,3,3,mid,mid,dark,center
002_20200629_082823(5),2,0.5031645569620253,0.6204819277108434,0.03164556962025317,0.030120481927710843,10.0,0.37951807228915657,4.700000000000003,80.25,2,316x332,6,official,,3,3,mid,mid,dark,center
002_20200629_082828(5),0,0.5015822784810127,0.48343373493975905,0.03481012658227848,0.03313253012048193,11.0,0.48343373493975905,9.969205037386857,78.8452380952381,2,316x332,6,official,,3,3,mid,high,dark,center
002_20200629_082828(5),1,0.5079113924050633,0.5602409638554217,0.028481012658227847,0.030120481927710843,9.486832980505138,0.43975903614457834,2.0644444444444474,72.95333333333333,2,316x332,6,official,,3,3,small,low,dark,center
002_20200629_082828(5),2,0.5205696202531646,0.6581325301204819,0.028481012658227847,0.03313253012048193,9.9498743710662,0.3418674698795181,4.588578088578089,82.01282051282051,2,316x332,6,official,,3,3,small,mid,dark,center
002_20200629_082831(3),0,0.4873417721518987,0.4427710843373494,0.03164556962025317,0.030120481927710843,10.0,0.4427710843373494,11.983333333333327,75.58333333333333,2,316x332,6,official,,3,3,mid,high,dark,center
002_20200629_082831(3),1,0.495253164556962,0.5195783132530121,0.03481012658227848,0.02710843373493976,9.9498743710662,0.48042168674698793,3.3313908313908343,74.37179487179488,2,316x332,6,official,,3,3,small,mid,dark,center
002_20200629_082831(3),2,0.5015822784810127,0.6174698795180723,0.028481012658227847,0.03614457831325301,10.392304845413264,0.3825301204819277,4.117283950617278,82.72839506172839,2,316x332,6,official,,3,3,mid,mid,dark,center
002_20200629_082834(2),0,0.4762658227848101,0.4307228915662651,0.03481012658227848,0.030120481927710843,10.488088481701515,0.4307228915662651,10.651290684624016,75.98765432098766,2,316x332,6,official,,3,3,mid,high,dark,center
002_20200629_082834(2),1,0.4762658227848101,0.5015060240963856,0.028481012658227847,0.02710843373493976,9.0,0.4762658227848101,2.801697530864189,69.82638888888889,2,316x332,6,official,,3,3,small,mid,dark,center
002_20200629_082834(2),2,0.4810126582278481,0.6009036144578314,0.02531645569620253,0.03313253012048193,9.38083151964686,0.39909638554216864,5.37833333333333,80.25333333333333,2,316x332,6,official,,3,3,small,high,dark,center
002_20200629_082837(0),0,0.48575949367088606,0.4427710843373494,0.028481012658227847,0.030120481927710843,9.486832980505138,0.4427710843373494,5.006666666666675,72.30666666666667,2,316x332,6,official,,3,3,small,high,dark,center
002_20200629_082837(0),1,0.4873417721518987,0.5120481927710844,0.02531645569620253,0.024096385542168676,8.0,0.4873417721518987,1.3768939393939377,70.68939393939394,2,316x332,6,official,,3,3,small,low,dark,center
002_20200629_082837(0),2,0.5,0.6114457831325302,0.02531645569620253,0.030120481927710843,8.94427190999916,0.3885542168674698,3.5888888888888886,80.13888888888889,2,316x332,6,official,,3,3,small,mid,dark,center
002_20200629_082839(9),0,0.504746835443038,0.4427710843373494,0.03481012658227848,0.030120481927710843,10.488088481701515,0.4427710843373494,6.943995510662177,73.75308641975309,2,316x332,6,official,,3,3,mid,high,dark,center
002_20200629_082839(9),1,0.5015822784810127,0.5105421686746988,0.03481012658227848,0.02108433734939759,8.774964387392123,0.4894578313253012,0.7788600288600236,71.19444444444444,2,316x332,6,official,,3,3,small,low,dark,center
002_20200629_082839(9),2,0.5,0.6114457831325302,0.02531645569620253,0.030120481927710843,8.94427190999916,0.3885542168674698,3.3958333333333286,79.95833333333333,2,316x332,6,official,,3,3,small,mid,dark,center
002_20200629_123442(5),0,0.49050632911392406,0.4397590361445783,0.02531645569620253,0.030120481927710843,8.94427190999916,0.4397590361445783,6.900000000000006,75.5625,2,316x332,6,official,,3,3,small,high,dark,center
002_20200629_123442(5),1,0.495253164556962,0.5150602409638554,0.028481012658227847,0.030120481927710843,9.486832980505138,0.4849397590361446,3.128888888888895,73.87333333333333,2,316x332,6,official,,3,3,small,mid,dark,center
002_20200629_123442(5),2,0.504746835443038,0.608433734939759,0.03481012658227848,0.030120481927710843,10.488088481701515,0.39156626506024095,6.63995510662177,82.53086419753086,2,316x332,6,official,,3,3,mid,high,dark,center
002_20200629_123447(0),0,0.4825949367088608,0.44728915662650603,0.028481012658227847,0.02710843373493976,9.0,0.44728915662650603,7.2561728395061635,75.08333333333333,2,316x332,6,official,,3,3,small,high,dark,center
002_20200629_123447(0),1,0.4889240506329114,0.5195783132530121,0.022151898734177215,0.02710843373493976,7.937253933193772,0.48042168674698793,1.246031746031747,73.16666666666667,2,316x332,6,official,,3,3,small,low,dark,center
002_20200629_123447(0),2,0.495253164556962,0.6144578313253012,0.028481012658227847,0.030120481927710843,9.486832980505138,0.3855421686746988,5.9311111111111074,81.32,2,316x332,6,official,,3,3,small,high,dark,center
002_20200629_123451(5),0,0.4920886075949367,0.44879518072289154,0.028481012658227847,0.030120481927710843,9.486832980505138,0.44879518072289154,5.546666666666667,74.54666666666667,2,316x332,6,official,,3,3,small,high,dark,center
002_20200629_123451(5),1,0.495253164556962,0.5195783132530121,0.028481012658227847,0.02710843373493976,9.0,0.48042168674698793,1.5277777777777715,72.52777777777777,2,316x332,6,official,,3,3,small,low,dark,center
002_20200629_123451(5),2,0.504746835443038,0.6174698795180723,0.028481012658227847,0.030120481927710843,9.486832980505138,0.3825301204819277,4.224444444444444,80.78,2,316x332,6,official,,3,3,small,mid,dark,center
002_20200629_123456(0),0,0.47151898734177217,0.4457831325301205,0.03164556962025317,0.024096385542168676,8.94427190999916,0.4457831325301205,5.813888888888883,74.01388888888889,2,316x332,6,official,,3,3,small,high,dark,center
002_20200629_123456(0),1,0.4762658227848101,0.5150602409638554,0.022151898734177215,0.024096385542168676,7.4833147735478835,0.4762658227848101,1.543650793650798,72.72222222222223,2,316x332,6,official,,3,3,small,low,dark,center
002_20200629_123456(0),2,0.48575949367088606,0.6129518072289156,0.028481012658227847,0.02108433734939759,7.937253933193771,0.3870481927710844,3.5912698412698347,79.08333333333333,2,316x332,6,official,,3,3,small,mid,dark,center
002_20200629_123500(5),0,0.4825949367088608,0.44728915662650603,0.03481012658227848,0.02710843373493976,9.9498743710662,0.44728915662650603,8.738344988344977,76.98076923076923,2,316x332,6,official,,3,3,small,high,dark,center
002_20200629_123500(5),1,0.4889240506329114,0.516566265060241,0.028481012658227847,0.02710843373493976,9.0,0.48343373493975905,1.4282407407407476,72.79861111111111,2,316x332,6,official,,3,3,small,low,dark,center
002_20200629_123500(5),2,0.495253164556962,0.6159638554216867,0.028481012658227847,0.02710843373493976,9.0,0.38403614457831325,6.128086419753089,80.93055555555556,2,316x332,6,official,,3,3,small,high,dark,center
002_20200629_123505(0),0,0.48417721518987344,0.4397590361445783,0.03164556962025317,0.024096385542168676,8.94427190999916,0.4397590361445783,6.75555555555556,75.30555555555556,2,316x332,6,official,,3,3,small,high,dark,center
002_20200629_123505(0),1,0.4889240506329114,0.5150602409638554,0.022151898734177215,0.024096385542168676,7.4833147735478835,0.4849397590361446,2.0317460317460387,71.67460317460318,2,316x332,6,official,,3,3,small,low,dark,center
002_20200629_123505(0),2,0.49841772151898733,0.6144578313253012,0.022151898734177215,0.024096385542168676,7.4833147735478835,0.3855421686746988,4.650793650793645,79.43650793650794,2,316x332,6,official,,3,3,small,mid,dark,center
002_20200629_163656(7),0,0.495253164556962,0.4442771084337349,0.028481012658227847,0.02710843373493976,9.0,0.4442771084337349,7.123456790123456,75.44444444444444,2,316x332,6,official,,3,3,small,high,dark,center
002_20200629_163656(7),1,0.5015822784810127,0.516566265060241,0.028481012658227847,0.02710843373493976,9.0,0.48343373493975905,0.3464506172839492,73.17361111111111,2,316x332,6,official,,3,3,small,low,dark,center
002_20200629_163656(7),2,0.5063291139240507,0.6159638554216867,0.02531645569620253,0.02710843373493976,8.48528137423857,0.38403614457831325,4.747584541062793,80.1086956521739,2,316x332,6,official,,3,3,small,mid,dark,center
002_20200629_163659(7),0,0.4651898734177215,0.4322289156626506,0.03164556962025317,0.02108433734939759,8.366600265340756,0.4322289156626506,7.372877846790885,74.10144927536231,2,316x332,6,official,,3,3,small,high,dark,center
002_20200629_163659(7),1,0.47943037974683544,0.5045180722891566,0.022151898734177215,0.02108433734939759,7.0,0.47943037974683544,1.1938775510204067,70.5,2,316x332,6,official,,3,3,small,low,dark,center
002_20200629_163659(7),2,0.5,0.5948795180722891,0.02531645569620253,0.02710843373493976,8.48528137423857,0.4051204819277109,5.481280193236728,80.3840579710145,2,316x332,6,official,,3,3,small,high,dark,center
002_20200629_163702(8),0,0.4825949367088608,0.4457831325301205,0.03481012658227848,0.030120481927710843,10.488088481701515,0.4457831325301205,8.365432098765424,78.26543209876543,2,316x332,6,official,,3,3,mid,high,dark,center
002_20200629_163702(8),1,0.48575949367088606,0.5180722891566265,0.028481012658227847,0.030120481927710843,9.486832980505138,0.4819277108433735,2.8599999999999994,73.92666666666666,2,316x332,6,official,,3,3,small,mid,dark,center
002_20200629_163702(8),2,0.495253164556962,0.6159638554216867,0.028481012658227847,0.02710843373493976,9.0,0.38403614457831325,4.678240740740733,80.71527777777777,2,316x332,6,official,,3,3,small,mid,dark,center
002_20200629_163705(8),0,0.49841772151898733,0.4442771084337349,0.03481012658227848,0.02710843373493976,9.9498743710662,0.4442771084337349,7.6247086247086315,75.56410256410257,2,316x332,6,official,,3,3,small,high,dark,center
002_20200629_163705(8),1,0.5079113924050633,0.5135542168674698,0.028481012658227847,0.03313253012048193,9.9498743710662,0.4864457831325302,2.961732711732708,74.5576923076923,2,316x332,6,official,,3,3,small,mid,dark,center
002_20200629_163705(8),2,0.5189873417721519,0.6114457831325302,0.02531645569620253,0.03614457831325301,9.797958971132712,0.3885542168674698,5.361378205128204,83.2051282051282,2,316x332,6,official,,3,3,small,high,dark,center
002_20200629_163708(9),0,0.5015822784810127,0.42319277108433734,0.028481012658227847,0.02710843373493976,9.0,0.42319277108433734,6.630401234567898,75.0625,2,316x332,6,official,,3,3,small,high,dark,center
002_20200629_163708(9),1,0.5015822784810127,0.49849397590361444,0.03481012658227848,0.02108433734939759,8.774964387392123,0.49841772151898733,0.6239177489177479,71.20833333333333,2,316x332,6,official,,3,3,small,low,dark,center
002_20200629_163708(9),2,0.5015822784810127,0.5948795180722891,0.028481012658227847,0.02710843373493976,9.0,0.4051204819277109,6.362654320987659,80.48611111111111,2,316x332,6,official,,3,3,small,high,dark,center
002_20200629_163711(8),0,0.49841772151898733,0.4427710843373494,0.028481012658227847,0.030120481927710843,9.486832980505138,0.4427710843373494,6.397777777777776,74.78666666666666,2,316x332,6,official,,3,3,small,high,dark,center
002_20200629_163711(8),1,0.5063291139240507,0.5150602409638554,0.02531645569620253,0.030120481927710843,8.94427190999916,0.4849397590361446,1.5805555555555628,73.49305555555556,2,316x332,6,official,,3,3,small,low,dark,center
002_20200629_163711(8),2,0.5126582278481012,0.6174698795180723,0.0189873417721519,0.030120481927710843,7.745966692414834,0.3825301204819277,4.348484848484844,80.76515151515152,2,316x332,6,official,,3,3,small,mid,dark,center
002_20200629_202727(4),0,0.517421,0.480404,0.031646,0.03012,9.9999879989048,0.480404,4.417692307692306,80.3076923076923,2,316x332,6,team,jung,3,3,small,mid,dark,center
002_20200629_202727(4),1,0.525498,0.546795,0.031646,0.03012,9.9999879989048,0.45320499999999997,2.4523076923076985,79.9423076923077,2,316x332,6,team,jung,3,3,small,mid,dark,center
002_20200629_202727(4),2,0.539448,0.622272,0.031646,0.03012,9.9999879989048,0.37772799999999995,0.17871794871794577,83.19871794871794,2,316x332,6,team,jung,3,3,small,low,dark,center
002_20200629_202731(9),0,0.511327,0.442495,0.031646,0.03012,9.9999879989048,0.442495,3.8076923076923066,78.8076923076923,2,316x332,6,team,jung,3,3,small,mid,dark,center
002_20200629_202731(9),1,0.519404,0.50679,0.031646,0.03012,9.9999879989048,0.480596,2.8541025641025755,80.81410256410257,2,316x332,6,team,jung,3,3,small,mid,dark,center
002_20200629_202731(9),2,0.529683,0.585062,0.031646,0.03012,9.9999879989048,0.41493800000000003,0.04589743589743023,82.93589743589743,2,316x332,6,team,jung,3,3,small,low,dark,center
002_20200629_202736(4),0,0.526452,0.413244,0.031646,0.03012,9.9999879989048,0.413244,6.049999999999997,80.75,2,316x332,6,team,jung,3,3,small,high,dark,center
002_20200629_202736(4),1,0.530124,0.482431,0.031646,0.03012,9.9999879989048,0.46987599999999996,1.6979487179487194,77.21794871794872,2,316x332,6,team,jung,3,3,small,low,dark,center
002_20200629_202736(4),2,0.5382,0.560703,0.031646,0.03012,9.9999879989048,0.43929700000000005,1.480256410256402,81.66025641025641,2,316x332,6,team,jung,3,3,small,low,dark,center
002_20200629_202741(1),0,0.489062,0.420504,0.031646,0.03012,9.9999879989048,0.420504,7.477435897435896,76.1474358974359,2,316x332,6,team,jung,3,3,small,high,dark,center
002_20200629_202741(1),1,0.495332,0.494576,0.031646,0.03012,9.9999879989048,0.494576,1.8100000000000023,71.5,2,316x332,6,team,jung,3,3,small,low,dark,center
002_20200629_202741(1),2,0.505498,0.591879,0.031646,0.03012,9.9999879989048,0.40812099999999996,4.0851282051282,78.9551282051282,2,316x332,6,team,jung,3,3,small,mid,dark,center
002_20200629_202745(5),0,0.489446,0.400971,0.031646,0.03012,9.9999879989048,0.400971,4.871025641025639,75.14102564102564,2,316x332,6,team,jung,3,3,small,high,dark,center
002_20200629_202745(5),1,0.485775,0.47505,0.031646,0.03012,9.9999879989048,0.47505,2.845384615384617,71.11538461538461,2,316x332,6,team,jung,3,3,small,mid,dark,center
002_20200629_202745(5),2,0.485041,0.57289,0.031646,0.03012,9.9999879989048,0.42711,6.183589743589735,78.99358974358974,2,316x332,6,team,jung,3,3,small,high,dark,center
002_20200629_202750(0),0,0.502109,0.257502,0.031646,0.03012,9.9999879989048,0.257502,7.306923076923084,72.07692307692308,2,316x332,6,team,jung,3,3,small,high,dark,center
002_20200629_202750(0),1,0.502109,0.329001,0.031646,0.03012,9.9999879989048,0.329001,2.3076923076923066,66.8076923076923,2,316x332,6,team,jung,3,3,small,low,dark,center
002_20200629_202750(0),2,0.499285,0.429529,0.031646,0.03012,9.9999879989048,0.429529,5.349487179487184,76.17948717948718,2,316x332,6,team,jung,3,3,small,high,dark,center
002_20200630_002937(6),0,0.50297,0.380746,0.031646,0.03012,9.9999879989048,0.380746,2.471538461538472,70.96153846153847,2,316x332,6,team,heo,3,3,small,mid,dark,center
002_20200630_002937(6),1,0.508133,0.48122,0.031646,0.03012,9.9999879989048,0.48122,5.03153846153846,76.96153846153847,2,316x332,6,team,heo,3,3,small,high,dark,center
002_20200630_002937(6),2,0.505264,0.306482,0.031646,0.03012,9.9999879989048,0.306482,4.617948717948721,71.71794871794872,2,316x332,6,team,heo,3,3,small,mid,dark,center
002_20200630_002942(1),0,0.494106,0.379392,0.031646,0.03012,9.9999879989048,0.379392,5.679743589743595,74.58974358974359,2,316x332,6,team,heo,3,3,small,high,dark,center
002_20200630_002942(1),1,0.498908,0.454039,0.031646,0.03012,9.9999879989048,0.454039,0.6930769230769158,70.17307692307692,2,316x332,6,team,heo,3,3,small,low,dark,center
002_20200630_002942(1),2,0.509311,0.555347,0.031646,0.03012,9.9999879989048,0.44465299999999996,4.262564102564099,78.6025641025641,2,316x332,6,team,heo,3,3,small,mid,dark,center
002_20200630_002946(4),0,0.47427,0.378327,0.031646,0.03012,9.9999879989048,0.378327,6.019230769230774,74.26923076923077,2,316x332,6,team,heo,3,3,small,high,dark,center
002_20200630_002946(4),1,0.477038,0.452099,0.031646,0.03012,9.9999879989048,0.452099,0.9899999999999949,70.25,2,316x332,6,team,heo,3,3,small,low,dark,center
002_20200630_002946(4),2,0.483497,0.550462,0.031646,0.03012,9.9999879989048,0.449538,4.298205128205126,78.62820512820512,2,316x332,6,team,heo,3,3,small,mid,dark,center
002_20200630_002951(2),0,0.504194,0.416252,0.031646,0.03012,9.9999879989048,0.416252,5.9653846153846075,79.61538461538461,2,316x332,6,team,heo,3,3,small,high,dark,center
002_20200630_002951(2),1,0.513557,0.482201,0.031646,0.03012,9.9999879989048,0.482201,3.406153846153842,76.59615384615384,2,316x332,6,team,heo,3,3,small,mid,dark,center
002_20200630_002951(2),2,0.526042,0.560627,0.031646,0.03012,9.9999879989048,0.439373,0.38615384615384585,79.09615384615384,2,316x332,6,team,heo,3,3,small,low,dark,center
002_20200630_002955(6),0,0.534586,0.354212,0.031646,0.03012,9.9999879989048,0.354212,3.789487179487182,76.42948717948718,2,316x332,6,team,heo,3,3,small,mid,dark,center
002_20200630_002955(6),1,0.535317,0.421682,0.031646,0.03012,9.9999879989048,0.421682,2.1628205128205167,75.01282051282051,2,316x332,6,team,heo,3,3,small,low,dark,center
002_20200630_002955(6),2,0.541163,0.500281,0.031646,0.03012,9.9999879989048,0.45883700000000005,1.4407692307692201,78.98076923076923,2,316x332,6,team,heo,3,3,small,low,dark,center
002_20200630_003000(0),0,0.532504,0.38822,0.031646,0.03012,9.9999879989048,0.38822,6.185641025641019,77.77564102564102,2,316x332,6,team,heo,3,3,small,high,dark,center
002_20200630_003000(0),1,0.541499,0.456712,0.031646,0.03012,9.9999879989048,0.456712,1.9597435897435957,74.58974358974359,2,316x332,6,team,heo,3,3,small,low,dark,center
002_20200630_003000(0),2,0.554092,0.534622,0.031646,0.03012,9.9999879989048,0.44590799999999997,0.2143589743589729,79.72435897435898,2,316x332,6,team,heo,3,3,small,low,dark,center
002_20200630_043222(4),0,0.479892,0.410115,0.031646,0.03012,9.9999879989048,0.410115,1.8684615384615313,71.03846153846153,2,316x332,6,team,lee,3,3,small,low,dark,center
002_20200630_043222(4),1,0.487451,0.337371,0.031646,0.03012,9.9999879989048,0.337371,7.659230769230774,72.26923076923077,2,316x332,6,team,lee,3,3,small,high,dark,center
002_20200630_043222(4),2,0.471494,0.507639,0.031646,0.03012,9.9999879989048,0.471494,4.090000000000003,77.75,2,316x332,6,team,lee,3,3,small,mid,dark,center
002_20200630_043226(7),0,0.500927,0.38334,0.031646,0.03012,9.9999879989048,0.38334,5.760512820512815,74.07051282051282,2,316x332,6,team,lee,3,3,small,high,dark,center
002_20200630_043226(7),1,0.506742,0.457129,0.031646,0.03012,9.9999879989048,0.457129,2.3812820512820565,70.30128205128206,2,316x332,6,team,lee,3,3,small,low,dark,center
002_20200630_043226(7),2,0.51837,0.553669,0.031646,0.03012,9.9999879989048,0.44633100000000003,4.444102564102565,77.31410256410257,2,316x332,6,team,lee,3,3,small,mid,dark,center
002_20200630_043231(3),0,0.495933,0.403889,0.031646,0.03012,9.9999879989048,0.403889,5.166410256410259,75.00641025641026,2,316x332,6,team,lee,3,3,small,high,dark,center
002_20200630_043231(3),1,0.497613,0.479031,0.031646,0.03012,9.9999879989048,0.479031,5.22179487179487,71.37179487179488,2,316x332,6,team,lee,3,3,small,high,dark,center
002_20200630_043231(3),2,0.51273,0.576555,0.031646,0.03012,9.9999879989048,0.42344499999999996,5.494615384615386,78.38461538461539,2,316x332,6,team,lee,3,3,small,high,dark,center
002_20200630_043235(6),0,0.536912,0.368765,0.031646,0.03012,9.9999879989048,0.368765,2.984615384615381,78.13461538461539,2,316x332,6,team,lee,3,3,small,mid,dark,center
002_20200630_043235(6),1,0.539397,0.433094,0.031646,0.03012,9.9999879989048,0.433094,2.5851282051282,75.4551282051282,2,316x332,6,team,lee,3,3,small,mid,dark,center
002_20200630_043235(6),2,0.546851,0.512558,0.031646,0.03012,9.9999879989048,0.453149,0.5246153846153874,78.38461538461539,2,316x332,6,team,lee,3,3,small,low,dark,center
002_20200630_043240(2),0,0.523041,0.449128,0.031646,0.03012,9.9999879989048,0.449128,4.700000000000003,77.75,2,316x332,6,team,lee,3,3,small,mid,dark,center
002_20200630_043240(2),1,0.528856,0.511848,0.031646,0.03012,9.9999879989048,0.471144,1.3802564102564077,76.91025641025641,2,316x332,6,team,lee,3,3,small,low,dark,center
002_20200630_043240(2),2,0.533378,0.591171,0.031646,0.03012,9.9999879989048,0.408829,0.13564102564102143,78.22435897435898,2,316x332,6,team,lee,3,3,small,low,dark,center
002_20200630_043244(6),0,0.514029,0.450024,0.031646,0.03012,9.9999879989048,0.450024,6.374871794871794,77.2948717948718,2,316x332,6,team,lee,3,3,small,high,dark,center
002_20200630_043244(6),1,0.517259,0.515819,0.031646,0.03012,9.9999879989048,0.482741,2.866410256410262,77.75641025641026,2,316x332,6,team,lee,3,3,small,mid,dark,center
002_20200630_043244(6),2,0.525658,0.592682,0.031646,0.03012,9.9999879989048,0.40731799999999996,0.3389743589743688,78.89102564102564,2,316x332,6,team,lee,3,3,small,low,dark,center
002_20200630_083221(8),0,0.479461,0.448667,0.031646,0.03012,9.9999879989048,0.448667,5.1258974358974285,74.68589743589743,2,316x332,6,team,jung,3,3,small,high,dark,center
002_20200630_083221(8),1,0.485335,0.51995,0.031646,0.03012,9.9999879989048,0.48005,2.293846153846161,73.40384615384616,2,316x332,6,team,jung,3,3,small,low,dark,center
002_20200630_083221(8),2,0.495614,0.621285,0.031646,0.03012,9.9999879989048,0.378715,3.3028205128205173,81.01282051282051,2,316x332,6,team,jung,3,3,small,mid,dark,center
002_20200630_083224(8),0,0.475422,0.429317,0.031646,0.03012,9.9999879989048,0.429317,5.716923076923081,75.07692307692308,2,316x332,6,team,jung,3,3,small,high,dark,center
002_20200630_083224(8),1,0.477625,0.504095,0.031646,0.03012,9.9999879989048,0.477625,2.427692307692311,73.5576923076923,2,316x332,6,team,jung,3,3,small,mid,dark,center
002_20200630_083224(8),2,0.482765,0.603333,0.031646,0.03012,9.9999879989048,0.396667,4.903076923076924,81.92307692307692,2,316x332,6,team,jung,3,3,small,high,dark,center
002_20200630_083227(8),0,0.478947,0.449542,0.031646,0.03012,9.9999879989048,0.449542,6.214358974358973,75.22435897435898,2,316x332,6,team,jung,3,3,small,high,dark,center
002_20200630_083227(8),1,0.483352,0.520825,0.031646,0.03012,9.9999879989048,0.479175,1.6769230769230745,74.07692307692308,2,316x332,6,team,jung,3,3,small,low,dark,center
002_20200630_083227(8),2,0.494366,0.620063,0.031646,0.03012,9.9999879989048,0.37993699999999997,4.44923076923078,82.01923076923077,2,316x332,6,team,jung,3,3,small,mid,dark,center
002_20200630_083230(8),0,0.486656,0.44617,0.031646,0.03012,9.9999879989048,0.44617,5.9823076923077,75.4423076923077,2,316x332,6,team,jung,3,3,small,high,dark,center
002_20200630_083230(8),1,0.493265,0.516755,0.031646,0.03012,9.9999879989048,0.48324500000000004,1.7220512820512823,74.53205128205128,2,316x332,6,team,jung,3,3,small,low,dark,center
002_20200630_083230(8),2,0.501341,0.61739,0.031646,0.03012,9.9999879989048,0.38261,5.287692307692311,82.0576923076923,2,316x332,6,team,jung,3,3,small,high,dark,center
002_20200630_083233(8),0,0.505673,0.447864,0.031646,0.03012,9.9999879989048,0.447864,4.876923076923077,75.07692307692308,2,316x332,6,team,jung,3,3,small,high,dark,center
002_20200630_083233(8),1,0.509344,0.519847,0.031646,0.03012,9.9999879989048,0.48015300000000005,2.0179487179487126,73.96794871794872,2,316x332,6,team,jung,3,3,small,low,dark,center
002_20200630_083233(8),2,0.521827,0.617687,0.031646,0.03012,9.9999879989048,0.382313,3.191538461538471,80.96153846153847,2,316x332,6,team,jung,3,3,small,mid,dark,center
002_20200630_083236(8),0,0.48538,0.448836,0.031646,0.03012,9.9999879989048,0.448836,6.45410256410257,75.81410256410257,2,316x332,6,team,jung,3,3,small,high,dark,center
002_20200630_083236(8),1,0.490813,0.520918,0.031646,0.03012,9.9999879989048,0.479082,1.9699999999999989,74.5,2,316x332,6,team,jung,3,3,small,low,dark,center
002_20200630_083236(8),2,0.499285,0.617683,0.031646,0.03012,9.9999879989048,0.382317,4.425897435897426,81.18589743589743,2,316x332,6,team,jung,3,3,small,mid,dark,center
002_20200630_123159(3),0,0.507257,0.442411,0.031646,0.03012,9.9999879989048,0.442411,5.700512820512813,74.57051282051282,2,316x332,6,team,heo,3,3,small,high,dark,center
002_20200630_123159(3),1,0.509239,0.516908,0.031646,0.03012,9.9999879989048,0.48309199999999997,2.6630769230769147,73.92307692307692,2,316x332,6,team,heo,3,3,small,mid,dark,center
002_20200630_123159(3),2,0.517165,0.615922,0.031646,0.03012,9.9999879989048,0.38407800000000003,4.747435897435892,79.8974358974359,2,316x332,6,team,heo,3,3,small,mid,dark,center
002_20200630_123203(6),0,0.486743,0.44422,0.031646,0.03012,9.9999879989048,0.44422,5.90102564102564,74.89102564102564,2,316x332,6,team,heo,3,3,small,high,dark,center
002_20200630_123203(6),1,0.49342,0.514126,0.031646,0.03012,9.9999879989048,0.48587400000000003,1.4715384615384721,73.71153846153847,2,316x332,6,team,heo,3,3,small,low,dark,center
002_20200630_123203(6),2,0.503435,0.617714,0.031646,0.03012,9.9999879989048,0.382286,4.654358974358985,81.72435897435898,2,316x332,6,team,heo,3,3,small,mid,dark,center
002_20200630_123232(0),0,0.480004,0.444757,0.031646,0.03012,9.9999879989048,0.444757,4.8928205128205065,75.76282051282051,2,316x332,6,team,heo,3,3,small,high,dark,center
002_20200630_123232(0),1,0.48364,0.514846,0.031646,0.03012,9.9999879989048,0.48364,2.02538461538461,75.11538461538461,2,316x332,6,team,heo,3,3,small,low,dark,center
002_20200630_123232(0),2,0.493641,0.613488,0.031646,0.03012,9.9999879989048,0.38651199999999997,5.852820512820514,82.01282051282051,2,316x332,6,team,heo,3,3,small,high,dark,center
002_20200630_123235(0),0,0.474826,0.439043,0.031646,0.03012,9.9999879989048,0.439043,9.254615384615391,77.88461538461539,2,316x332,6,team,heo,3,3,small,high,dark,center
002_20200630_123235(0),1,0.483853,0.511217,0.031646,0.03012,9.9999879989048,0.483853,2.312564102564096,74.3525641025641,2,316x332,6,team,heo,3,3,small,low,dark,center
002_20200630_123235(0),2,0.498297,0.608307,0.031646,0.03012,9.9999879989048,0.39169299999999996,5.881538461538469,81.96153846153847,2,316x332,6,team,heo,3,3,small,high,dark,center
002_20200630_123238(0),0,0.485163,0.435436,0.031646,0.03012,9.9999879989048,0.435436,6.755641025641026,76.02564102564102,2,316x332,6,team,heo,3,3,small,high,dark,center
002_20200630_123238(0),1,0.488238,0.510813,0.031646,0.03012,9.9999879989048,0.488238,3.35230769230769,75.6923076923077,2,316x332,6,team,heo,3,3,small,mid,dark,center
002_20200630_123238(0),2,0.495158,0.608878,0.031646,0.03012,9.9999879989048,0.39112199999999997,5.0661538461538385,82.34615384615384,2,316x332,6,team,heo,3,3,small,high,dark,center
002_20200630_123241(0),0,0.471347,0.442524,0.031646,0.03012,9.9999879989048,0.442524,7.204358974358982,75.97435897435898,2,316x332,6,team,heo,3,3,small,high,dark,center
002_20200630_123241(0),1,0.479514,0.515815,0.031646,0.03012,9.9999879989048,0.479514,1.039743589743594,74.08974358974359,2,316x332,6,team,heo,3,3,small,low,dark,center
002_20200630_123241(0),2,0.491181,0.612982,0.031646,0.03012,9.9999879989048,0.387018,5.0602564102564145,82.16025641025641,2,316x332,6,team,heo,3,3,small,high,dark,center
002_20200630_163105(7),0,0.51921,0.449911,0.031646,0.03012,9.9999879989048,0.449911,4.847179487179488,76.73717948717949,2,316x332,6,team,lee,3,3,small,mid,dark,center
002_20200630_163105(7),1,0.524379,0.513247,0.031646,0.03012,9.9999879989048,0.47562099999999996,2.6669230769230836,78.82692307692308,2,316x332,6,team,lee,3,3,small,mid,dark,center
002_20200630_163105(7),2,0.533423,0.592569,0.031646,0.03012,9.9999879989048,0.407431,0.2715384615384693,80.96153846153847,2,316x332,6,team,lee,3,3,small,low,dark,center
002_20200630_163108(9),0,0.501089,0.413774,0.031646,0.03012,9.9999879989048,0.413774,4.7789743589743665,76.35897435897436,2,316x332,6,team,lee,3,3,small,mid,dark,center
002_20200630_163108(9),1,0.517473,0.479861,0.031646,0.03012,9.9999879989048,0.479861,2.5974358974359006,75.3974358974359,2,316x332,6,team,lee,3,3,small,mid,dark,center
002_20200630_163108(9),2,0.538537,0.553373,0.031646,0.03012,9.9999879989048,0.446627,3.443333333333328,80.83333333333333,2,316x332,6,team,lee,3,3,small,mid,dark,center
002_20200630_163112(5),0,0.517602,0.408025,0.031646,0.03012,9.9999879989048,0.408025,2.9894871794871847,77.17948717948718,2,316x332,6,team,lee,3,3,small,mid,dark,center
002_20200630_163112(5),1,0.52936,0.465581,0.031646,0.03012,9.9999879989048,0.465581,4.242564102564103,75.6025641025641,2,316x332,6,team,lee,3,3,small,mid,dark,center
002_20200630_163112(5),2,0.551196,0.542321,0.031646,0.03012,9.9999879989048,0.448804,0.4735897435897414,81.49358974358974,2,316x332,6,team,lee,3,3,small,low,dark,center
002_20200630_163116(0),0,0.533772,0.434016,0.031646,0.03012,9.9999879989048,0.434016,5.337179487179483,77.98717948717949,2,316x332,6,team,lee,3,3,small,high,dark,center
002_20200630_163116(0),1,0.540879,0.497351,0.031646,0.03012,9.9999879989048,0.459121,3.08846153846153,78.03846153846153,2,316x332,6,team,lee,3,3,small,mid,dark,center
002_20200630_163116(0),2,0.556383,0.576674,0.031646,0.03012,9.9999879989048,0.423326,0.6984615384615296,82.53846153846153,2,316x332,6,team,lee,3,3,small,low,dark,center
002_20200630_163119(5),0,0.523642,0.432611,0.031646,0.03012,9.9999879989048,0.432611,6.788974358974372,78.60897435897436,2,316x332,6,team,lee,3,3,small,high,dark,center
002_20200630_163119(5),1,0.536563,0.494717,0.031646,0.03012,9.9999879989048,0.463437,3.098205128205123,79.62820512820512,2,316x332,6,team,lee,3,3,small,mid,dark,center
002_20200630_163119(5),2,0.551422,0.575885,0.031646,0.03012,9.9999879989048,0.424115,0.5846153846153896,82.63461538461539,2,316x332,6,team,lee,3,3,small,low,dark,center
002_20200630_163122(8),0,0.517686,0.442016,0.031646,0.03012,9.9999879989048,0.442016,3.254358974358979,78.22435897435898,2,316x332,6,team,lee,3,3,small,mid,dark,center
002_20200630_163122(8),1,0.524404,0.505967,0.031646,0.03012,9.9999879989048,0.475596,0.9748717948718024,79.2948717948718,2,316x332,6,team,lee,3,3,small,low,dark,center
002_20200630_163122(8),2,0.531963,0.581908,0.031646,0.03012,9.9999879989048,0.418092,0.007692307692309441,82.4423076923077,2,316x332,6,team,lee,3,3,small,low,dark,center
002_20200630_203013(9),0,0.509198,0.592347,0.031646,0.03012,9.9999879989048,0.40765300000000004,1.4174358974358938,84.3974358974359,2,316x332,6,team,jung,3,3,small,low,dark,center
002_20200630_203013(9),1,0.509198,0.509183,0.031646,0.03012,9.9999879989048,0.49080199999999996,1.450256410256415,78.91025641025641,2,316x332,6,team,jung,3,3,small,low,dark,center
002_20200630_203013(9),2,0.5114,0.446286,0.031646,0.03012,9.9999879989048,0.446286,2.961538461538467,76.71153846153847,2,316x332,6,team,jung,3,3,small,mid,dark,center
002_20200630_203018(4),0,0.539816,0.478805,0.031646,0.03012,9.9999879989048,0.46018400000000004,5.17307692307692,80.17307692307692,2,316x332,6,team,jung,3,3,small,high,dark,center
002_20200630_203018(4),1,0.536144,0.544498,0.031646,0.03012,9.9999879989048,0.45550199999999996,2.318205128205122,80.37820512820512,2,316x332,6,team,jung,3,3,small,low,dark,center
002_20200630_203018(4),2,0.533942,0.624168,0.031646,0.03012,9.9999879989048,0.37583200000000005,0.9705128205128233,86.07051282051282,2,316x332,6,team,jung,3,3,small,low,mid,center
002_20200630_203022(9),0,0.517935,0.446006,0.031646,0.03012,9.9999879989048,0.446006,3.0966666666666782,78.16666666666667,2,316x332,6,team,jung,3,3,small,mid,dark,center
002_20200630_203022(9),1,0.518669,0.512397,0.031646,0.03012,9.9999879989048,0.48133099999999995,0.9328205128205127,78.76282051282051,2,316x332,6,team,jung,3,3,small,low,dark,center
002_20200630_203022(9),2,0.520872,0.591368,0.031646,0.03012,9.9999879989048,0.408632,0.1538461538461604,83.90384615384616,2,316x332,6,team,jung,3,3,small,low,dark,center
002_20200630_203027(4),0,0.508463,0.397657,0.031646,0.03012,9.9999879989048,0.397657,3.3812820512820565,75.55128205128206,2,316x332,6,team,jung,3,3,small,mid,dark,center
002_20200630_203027(4),1,0.500387,0.473134,0.031646,0.03012,9.9999879989048,0.473134,4.006410256410263,73.00641025641026,2,316x332,6,team,jung,3,3,small,mid,dark,center
002_20200630_203027(4),2,0.499652,0.570974,0.031646,0.03012,9.9999879989048,0.429026,4.002307692307696,81.6923076923077,2,316x332,6,team,jung,3,3,small,mid,dark,center
002_20200630_203031(8),0,0.480342,0.413334,0.031646,0.03012,9.9999879989048,0.413334,4.424615384615393,74.63461538461539,2,316x332,6,team,jung,3,3,small,mid,dark,center
002_20200630_203031(8),1,0.483279,0.486015,0.031646,0.03012,9.9999879989048,0.483279,2.2338461538461587,72.40384615384616,2,316x332,6,team,jung,3,3,small,low,dark,center
002_20200630_203031(8),2,0.484013,0.583855,0.031646,0.03012,9.9999879989048,0.416145,5.269999999999996,81.75,2,316x332,6,team,jung,3,3,small,high,dark,center
002_20200630_203036(4),0,0.497083,0.43602,0.031646,0.03012,9.9999879989048,0.43602,7.200512820512813,75.82051282051282,2,316x332,6,team,jung,3,3,small,high,dark,center
002_20200630_203036(4),1,0.50002,0.509467,0.031646,0.03012,9.9999879989048,0.490533,1.617948717948721,73.96794871794872,2,316x332,6,team,jung,3,3,small,low,dark,center
002_20200630_203036(4),2,0.502222,0.606609,0.031646,0.03012,9.9999879989048,0.39339100000000005,4.931794871794878,82.87179487179488,2,316x332,6,team,jung,3,3,small,high,dark,center
002_20200701_004107(2),0,0.52717,0.339428,0.031646,0.03012,9.9999879989048,0.339428,3.4010256410256403,76.39102564102564,2,316x332,7,team,lee,3,3,small,mid,dark,center
002_20200701_004107(2),1,0.532338,0.399689,0.031646,0.03012,9.9999879989048,0.399689,0.6794871794871824,77.92948717948718,2,316x332,7,team,lee,3,3,small,low,dark,center
002_20200701_004107(2),2,0.532984,0.480857,0.031646,0.03012,9.9999879989048,0.467016,3.5046153846153913,78.63461538461539,2,316x332,7,team,lee,3,3,small,mid,dark,center
002_20200701_004111(5),0,0.542209,0.394803,0.031646,0.03012,9.9999879989048,0.394803,5.161025641025631,78.64102564102564,2,316x332,7,team,lee,3,3,small,high,dark,center
002_20200701_004111(5),1,0.545569,0.460352,0.031646,0.03012,9.9999879989048,0.45443100000000003,2.5425641025641,76.1025641025641,2,316x332,7,team,lee,3,3,small,mid,dark,center
002_20200701_004111(5),2,0.553127,0.537892,0.031646,0.03012,9.9999879989048,0.44687299999999996,0.5007692307692224,81.48076923076923,2,316x332,7,team,lee,3,3,small,low,dark,center
002_20200701_004116(1),0,0.543036,0.349222,0.031646,0.03012,9.9999879989048,0.349222,2.476153846153835,75.09615384615384,2,316x332,7,team,lee,3,3,small,mid,dark,center
002_20200701_004116(1),1,0.541744,0.490651,0.031646,0.03012,9.9999879989048,0.458256,1.9364102564102694,78.75641025641026,2,316x332,7,team,lee,3,3,small,low,dark,center
002_20200701_004116(1),2,0.540452,0.411328,0.031646,0.03012,9.9999879989048,0.411328,1.6976923076923072,76.0576923076923,2,316x332,7,team,lee,3,3,small,low,dark,center
002_20200701_004120(5),0,0.494254,0.399764,0.031646,0.03012,9.9999879989048,0.399764,8.234102564102571,77.81410256410257,2,316x332,7,team,lee,3,3,small,high,dark,center
002_20200701_004120(5),1,0.502652,0.473307,0.031646,0.03012,9.9999879989048,0.473307,2.170769230769224,73.73076923076923,2,316x332,7,team,lee,3,3,small,low,dark,center
002_20200701_004120(5),2,0.51693,0.57163,0.031646,0.03012,9.9999879989048,0.42837000000000003,4.4053846153846195,83.86538461538461,2,316x332,7,team,lee,3,3,small,mid,dark,center
002_20200701_004125(0),0,0.489635,0.415677,0.031646,0.03012,9.9999879989048,0.415677,8.386153846153846,76.84615384615384,2,316x332,7,team,lee,3,3,small,high,dark,center
002_20200701_004125(0),1,0.505592,0.486022,0.031646,0.03012,9.9999879989048,0.486022,2.207179487179488,74.73717948717949,2,316x332,7,team,lee,3,3,small,low,dark,center
002_20200701_004125(0),2,0.51735,0.584346,0.031646,0.03012,9.9999879989048,0.41565399999999997,7.079999999999998,84.0,2,316x332,7,team,lee,3,3,small,high,dark,center
002_20200701_004129(6),0,0.485655,0.409184,0.031646,0.03012,9.9999879989048,0.409184,7.952820512820509,77.26282051282051,2,316x332,7,team,lee,3,3,small,high,dark,center
002_20200701_004129(6),1,0.492115,0.478054,0.031646,0.03012,9.9999879989048,0.478054,2.455897435897427,73.43589743589743,2,316x332,7,team,lee,3,3,small,mid,dark,center
002_20200701_004129(6),2,0.509558,0.578898,0.031646,0.03012,9.9999879989048,0.421102,3.999743589743588,83.58974358974359,2,316x332,7,team,lee,3,3,small,mid,dark,center
002_20200701_043204(8),0,0.497069,0.405848,0.031646,0.03012,9.9999879989048,0.405848,5.724358974358978,76.22435897435898,2,316x332,7,team,heo,3,3,small,high,dark,center
002_20200701_043204(8),1,0.503317,0.478693,0.031646,0.03012,9.9999879989048,0.478693,3.1812820512820537,73.05128205128206,2,316x332,7,team,heo,3,3,small,mid,dark,center
002_20200701_043204(8),2,0.518155,0.576067,0.031646,0.03012,9.9999879989048,0.423933,5.402051282051289,80.78205128205128,2,316x332,7,team,heo,3,3,small,high,dark,center
002_20200701_043209(5),0,0.493226,0.364971,0.031646,0.03012,9.9999879989048,0.364971,5.080512820512823,74.57051282051282,2,316x332,7,team,heo,3,3,small,high,dark,center
002_20200701_043209(5),1,0.496275,0.436804,0.031646,0.03012,9.9999879989048,0.436804,2.4866666666666646,73.16666666666667,2,316x332,7,team,heo,3,3,small,mid,dark,center
002_20200701_043209(5),2,0.505423,0.536935,0.031646,0.03012,9.9999879989048,0.46306499999999995,4.106153846153845,81.34615384615384,2,316x332,7,team,heo,3,3,small,mid,dark,center
002_20200701_043213(9),0,0.499852,0.416828,0.031646,0.03012,9.9999879989048,0.416828,6.21846153846154,76.28846153846153,2,316x332,7,team,heo,3,3,small,high,dark,center
002_20200701_043213(9),1,0.509813,0.488365,0.031646,0.03012,9.9999879989048,0.488365,1.7966666666666669,73.66666666666667,2,316x332,7,team,heo,3,3,small,low,dark,center
002_20200701_043213(9),2,0.524302,0.585759,0.031646,0.03012,9.9999879989048,0.41424099999999997,4.223333333333329,81.58333333333333,2,316x332,7,team,heo,3,3,small,mid,dark,center
002_20200701_043218(4),0,0.540354,0.435032,0.031646,0.03012,9.9999879989048,0.435032,3.7974358974359035,78.3974358974359,2,316x332,7,team,heo,3,3,small,mid,dark,center
002_20200701_043218(4),1,0.544706,0.498823,0.031646,0.03012,9.9999879989048,0.455294,1.6430769230769187,78.92307692307692,2,316x332,7,team,heo,3,3,small,low,dark,center
002_20200701_043218(4),2,0.549058,0.576699,0.031646,0.03012,9.9999879989048,0.42330100000000004,0.05820512820513102,80.12179487179488,2,316x332,7,team,heo,3,3,small,low,dark,center
002_20200701_043222(8),0,0.523065,0.440194,0.031646,0.03012,9.9999879989048,0.440194,5.184102564102574,77.56410256410257,2,316x332,7,team,heo,3,3,small,high,dark,center
002_20200701_043222(8),1,0.527513,0.50285,0.031646,0.03012,9.9999879989048,0.472487,1.7664102564102677,77.75641025641026,2,316x332,7,team,heo,3,3,small,low,dark,center
002_20200701_043222(8),2,0.53374,0.584133,0.031646,0.03012,9.9999879989048,0.415867,1.6299999999999955,80.0,2,316x332,7,team,heo,3,3,small,low,dark,center
002_20200701_043227(2),0,0.523346,0.334195,0.031646,0.03012,9.9999879989048,0.334195,3.5530769230769153,74.42307692307692,2,316x332,7,team,heo,3,3,small,mid,dark,center
002_20200701_043227(2),1,0.516702,0.398134,0.031646,0.03012,9.9999879989048,0.398134,1.1438461538461553,74.65384615384616,2,316x332,7,team,heo,3,3,small,low,dark,center
002_20200701_043227(2),2,0.510796,0.476829,0.031646,0.03012,9.9999879989048,0.476829,2.801025641025632,76.14102564102564,2,316x332,7,team,heo,3,3,small,mid,dark,center
002_20200701_083102(9),0,0.507582,0.443216,0.031646,0.03012,9.9999879989048,0.443216,8.790512820512816,78.32051282051282,2,316x332,7,team,jung,3,3,small,high,dark,center
002_20200701_083102(9),1,0.512722,0.5145,0.031646,0.03012,9.9999879989048,0.48550000000000004,2.569999999999993,75.5,2,316x332,7,team,jung,3,3,small,mid,dark,center
002_20200701_083102(9),2,0.521533,0.613039,0.031646,0.03012,9.9999879989048,0.386961,4.909230769230774,82.51923076923077,2,316x332,7,team,jung,3,3,small,high,dark,center
002_20200701_083105(7),0,0.482691,0.434712,0.031646,0.03012,9.9999879989048,0.434712,4.885897435897434,75.43589743589743,2,316x332,7,team,jung,3,3,small,high,dark,center
002_20200701_083105(7),1,0.490034,0.507393,0.031646,0.03012,9.9999879989048,0.490034,2.8161538461538385,74.59615384615384,2,316x332,7,team,jung,3,3,small,mid,dark,center
002_20200701_083105(7),2,0.506187,0.604535,0.031646,0.03012,9.9999879989048,0.39546499999999996,4.442820512820518,83.01282051282051,2,316x332,7,team,jung,3,3,small,mid,dark,center
002_20200701_083108(8),0,0.481212,0.405338,0.031646,0.03012,9.9999879989048,0.405338,6.978461538461531,77.78846153846153,2,316x332,7,team,jung,3,3,small,high,dark,center
002_20200701_083108(8),1,0.495332,0.474686,0.031646,0.03012,9.9999879989048,0.474686,2.980256410256402,74.41025641025641,2,316x332,7,team,jung,3,3,small,mid,dark,center
002_20200701_083108(8),2,0.510017,0.570376,0.031646,0.03012,9.9999879989048,0.429624,5.566410256410265,81.75641025641026,2,316x332,7,team,jung,3,3,small,high,dark,center
002_20200701_083111(8),0,0.507362,0.396365,0.031646,0.03012,9.9999879989048,0.396365,4.756410256410263,76.00641025641026,2,316x332,7,team,jung,3,3,small,mid,dark,center
002_20200701_083111(8),1,0.514704,0.471143,0.031646,0.03012,9.9999879989048,0.471143,1.60230769230769,72.6923076923077,2,316x332,7,team,jung,3,3,small,low,dark,center
002_20200701_083111(8),2,0.527921,0.566188,0.031646,0.03012,9.9999879989048,0.433812,3.26717948717949,82.48717948717949,2,316x332,7,team,jung,3,3,small,mid,dark,center
002_20200701_083114(8),0,0.463307,0.443076,0.031646,0.03012,9.9999879989048,0.443076,6.788461538461533,76.28846153846153,2,316x332,7,team,jung,3,3,small,high,dark,center
002_20200701_083114(8),1,0.479461,0.513661,0.031646,0.03012,9.9999879989048,0.479461,2.7489743589743654,76.60897435897436,2,316x332,7,team,jung,3,3,small,mid,dark,center
002_20200701_083114(8),2,0.500754,0.606609,0.031646,0.03012,9.9999879989048,0.39339100000000005,5.603846153846163,83.15384615384616,2,316x332,7,team,jung,3,3,small,high,dark,center
002_20200701_083117(8),0,0.468374,0.432208,0.031646,0.03012,9.9999879989048,0.432208,6.79205128205129,76.78205128205128,2,316x332,7,team,jung,3,3,small,high,dark,center
002_20200701_083117(8),1,0.485261,0.497901,0.031646,0.03012,9.9999879989048,0.485261,2.9792307692307674,74.01923076923077,2,316x332,7,team,jung,3,3,small,mid,dark,center
002_20200701_083117(8),2,0.510226,0.592247,0.031646,0.03012,9.9999879989048,0.40775300000000003,5.739743589743597,83.08974358974359,2,316x332,7,team,jung,3,3,small,high,dark,center
002_20200701_123502(6),0,0.482573,0.445163,0.031646,0.03012,9.9999879989048,0.445163,10.647179487179486,79.48717948717949,2,316x332,7,team,lee,3,3,small,high,dark,center
002_20200701_123502(6),1,0.500662,0.512188,0.031646,0.03012,9.9999879989048,0.487812,2.264102564102572,74.31410256410257,2,316x332,7,team,lee,3,3,small,low,dark,center
002_20200701_123502(6),2,0.52715,0.603809,0.031646,0.03012,9.9999879989048,0.39619099999999996,3.711282051282055,84.80128205128206,2,316x332,7,team,lee,3,3,small,mid,dark,center
002_20200701_123505(9),0,0.488308,0.401043,0.031646,0.03012,9.9999879989048,0.401043,8.027179487179495,78.23717948717949,2,316x332,7,team,lee,3,3,small,high,dark,center
002_20200701_123505(9),1,0.49846,0.472196,0.031646,0.03012,9.9999879989048,0.472196,1.9807692307692264,71.98076923076923,2,316x332,7,team,lee,3,3,small,low,dark,center
002_20200701_123505(9),2,0.513227,0.567946,0.031646,0.03012,9.9999879989048,0.43205400000000005,4.746153846153845,82.59615384615384,2,316x332,7,team,lee,3,3,small,mid,dark,center
002_20200701_123508(7),0,0.480021,0.455483,0.031646,0.03012,9.9999879989048,0.455483,10.16820512820513,79.37820512820512,2,316x332,7,team,lee,3,3,small,high,dark,center
002_20200701_123508(7),1,0.48196,0.529271,0.031646,0.03012,9.9999879989048,0.47072899999999995,2.226923076923086,75.07692307692308,2,316x332,7,team,lee,3,3,small,low,dark,center
002_20200701_123508(7),2,0.48196,0.631346,0.031646,0.03012,9.9999879989048,0.36865400000000004,4.66538461538461,84.61538461538461,2,316x332,7,team,lee,3,3,small,mid,dark,center
002_20200701_123511(5),0,0.512743,0.455599,0.031646,0.03012,9.9999879989048,0.455599,5.816666666666677,75.66666666666667,2,316x332,7,team,lee,3,3,small,high,dark,center
002_20200701_123511(5),1,0.510805,0.528773,0.031646,0.03012,9.9999879989048,0.47122699999999995,1.8512820512820554,75.55128205128206,2,316x332,7,team,lee,3,3,small,low,dark,center
002_20200701_123511(5),2,0.505637,0.625928,0.031646,0.03012,9.9999879989048,0.37407199999999996,4.069743589743595,86.58974358974359,2,316x332,7,team,lee,3,3,small,mid,mid,center
002_20200701_123514(1),0,0.511703,0.473948,0.031646,0.03012,9.9999879989048,0.473948,6.35564102564102,76.52564102564102,2,316x332,7,team,lee,3,3,small,high,dark,center
002_20200701_123514(1),1,0.507827,0.544662,0.031646,0.03012,9.9999879989048,0.455338,2.7094871794871835,74.42948717948718,2,316x332,7,team,lee,3,3,small,mid,dark,center
002_20200701_123514(1),2,0.503951,0.643047,0.031646,0.03012,9.9999879989048,0.35695299999999996,4.39435897435898,84.72435897435898,2,316x332,7,team,lee,3,3,small,mid,dark,center
002_20200701_123516(7),0,0.503705,0.435281,0.031646,0.03012,9.9999879989048,0.435281,8.22128205128206,76.05128205128206,2,316x332,7,team,lee,3,3,small,high,dark,center
002_20200701_123516(7),1,0.510166,0.507225,0.031646,0.03012,9.9999879989048,0.489834,3.7405128205128193,73.82051282051282,2,316x332,7,team,lee,3,3,small,mid,dark,center
002_20200701_123516(7),2,0.520502,0.603765,0.031646,0.03012,9.9999879989048,0.396235,7.019230769230774,84.76923076923077,2,316x332,7,team,lee,3,3,small,high,dark,center
002_20200701_163100(6),0,0.521541,0.445397,0.031646,0.03012,9.9999879989048,0.445397,5.188717948717937,77.19871794871794,2,316x332,7,team,heo,3,3,small,high,dark,center
002_20200701_163100(6),1,0.52629,0.507786,0.031646,0.03012,9.9999879989048,0.47370999999999996,1.7064102564102654,77.25641025641026,2,316x332,7,team,heo,3,3,small,low,dark,center
002_20200701_163100(6),2,0.53199,0.586452,0.031646,0.03012,9.9999879989048,0.413548,0.21256410256410163,79.8525641025641,2,316x332,7,team,heo,3,3,small,low,dark,center
002_20200701_163104(5),0,0.520935,0.448322,0.031646,0.03012,9.9999879989048,0.448322,4.0874358974358955,79.3974358974359,2,316x332,7,team,heo,3,3,small,mid,dark,center
002_20200701_163104(5),1,0.524503,0.510301,0.031646,0.03012,9.9999879989048,0.47549699999999995,2.2576923076923094,81.0576923076923,2,316x332,7,team,heo,3,3,small,low,dark,center
002_20200701_163104(5),2,0.533423,0.590109,0.031646,0.03012,9.9999879989048,0.409891,0.575384615384607,83.61538461538461,2,316x332,7,team,heo,3,3,small,low,dark,center
002_20200701_163108(4),0,0.537808,0.445289,0.031646,0.03012,9.9999879989048,0.445289,3.1964102564102603,78.75641025641026,2,316x332,7,team,heo,3,3,small,mid,dark,center
002_20200701_163108(4),1,0.541659,0.506857,0.031646,0.03012,9.9999879989048,0.458341,1.945897435897436,80.18589743589743,2,316x332,7,team,heo,3,3,small,low,dark,center
002_20200701_163108(4),2,0.549359,0.585282,0.031646,0.03012,9.9999879989048,0.41471800000000003,0.857948717948716,83.71794871794872,2,316x332,7,team,heo,3,3,small,low,dark,center
002_20200701_163112(3),0,0.504446,0.444978,0.031646,0.03012,9.9999879989048,0.444978,4.335384615384612,78.86538461538461,2,316x332,7,team,heo,3,3,small,mid,dark,center
002_20200701_163112(3),1,0.509014,0.505842,0.031646,0.03012,9.9999879989048,0.49098600000000003,1.3612820512820605,79.05128205128206,2,316x332,7,team,heo,3,3,small,low,dark,center
002_20200701_163112(3),2,0.516627,0.584821,0.031646,0.03012,9.9999879989048,0.41517899999999996,0.25205128205128347,80.03205128205128,2,316x332,7,team,heo,3,3,small,low,dark,center
002_20200701_163116(3),0,0.505182,0.450465,0.031646,0.03012,9.9999879989048,0.450465,2.008717948717944,78.19871794871794,2,316x332,7,team,heo,3,3,small,low,dark,center
002_20200701_163116(3),1,0.509066,0.511079,0.031646,0.03012,9.9999879989048,0.48892100000000005,0.8674358974358967,77.6474358974359,2,316x332,7,team,heo,3,3,small,low,dark,center
002_20200701_163116(3),2,0.516832,0.590173,0.031646,0.03012,9.9999879989048,0.40982700000000005,1.5571794871794822,79.98717948717949,2,316x332,7,team,heo,3,3,small,low,dark,center
002_20200701_163120(4),0,0.510132,0.448407,0.031646,0.03012,9.9999879989048,0.448407,4.152564102564099,78.1025641025641,2,316x332,7,team,heo,3,3,small,mid,dark,center
002_20200701_163120(4),1,0.517244,0.509334,0.031646,0.03012,9.9999879989048,0.48275599999999996,2.7607692307692275,78.98076923076923,2,316x332,7,team,heo,3,3,small,mid,dark,center
002_20200701_163120(4),2,0.525147,0.58756,0.031646,0.03012,9.9999879989048,0.41244000000000003,0.10333333333332462,80.08333333333333,2,316x332,7,team,heo,3,3,small,low,dark,center
002_20200701_203449(7),0,0.520285,0.459739,0.031646,0.03012,9.9999879989048,0.459739,6.1058974358974325,78.93589743589743,2,316x332,7,team,jung,3,3,small,high,dark,center
002_20200701_203449(7),1,0.520285,0.526131,0.031646,0.03012,9.9999879989048,0.473869,0.5610256410256369,80.89102564102564,2,316x332,7,team,jung,3,3,small,low,dark,center
002_20200701_203449(7),2,0.520285,0.600909,0.031646,0.03012,9.9999879989048,0.399091,1.08794871794872,85.71794871794872,2,316x332,7,team,jung,3,3,small,low,dark,center
002_20200701_203454(3),0,0.537686,0.479899,0.031646,0.03012,9.9999879989048,0.462314,4.639230769230778,79.01923076923077,2,316x332,7,team,jung,3,3,small,mid,dark,center
002_20200701_203454(3),1,0.545029,0.543495,0.031646,0.03012,9.9999879989048,0.454971,3.2279487179487205,82.46794871794872,2,316x332,7,team,jung,3,3,small,mid,dark,center
002_20200701_203454(3),2,0.558245,0.621767,0.031646,0.03012,9.9999879989048,0.37823300000000004,0.3494871794871841,86.57051282051282,2,316x332,7,team,jung,3,3,small,low,mid,center
002_20200701_203458(5),0,0.526232,0.493058,0.031646,0.03012,9.9999879989048,0.47376799999999997,5.653589743589734,80.74358974358974,2,316x332,7,team,jung,3,3,small,high,dark,center
002_20200701_203458(5),1,0.531372,0.558052,0.031646,0.03012,9.9999879989048,0.441948,3.048717948717936,82.69871794871794,2,316x332,7,team,jung,3,3,small,mid,dark,center
002_20200701_203458(5),2,0.542385,0.636324,0.031646,0.03012,9.9999879989048,0.363676,0.25820512820511965,87.37820512820512,2,316x332,7,team,jung,3,3,small,low,mid,center
002_20200701_203503(2),0,0.489684,0.430604,0.031646,0.03012,9.9999879989048,0.430604,6.518717948717935,74.69871794871794,2,316x332,7,team,jung,3,3,small,high,dark,center
002_20200701_203503(2),1,0.487989,0.501565,0.031646,0.03012,9.9999879989048,0.487989,2.0561538461538333,74.34615384615384,2,316x332,7,team,jung,3,3,small,low,dark,center
002_20200701_203503(2),2,0.487424,0.601555,0.031646,0.03012,9.9999879989048,0.39844500000000005,5.3412820512820645,84.80128205128206,2,316x332,7,team,jung,3,3,small,high,dark,center
002_20200701_203507(7),0,0.480636,0.422779,0.031646,0.03012,9.9999879989048,0.422779,5.7935897435897346,74.24358974358974,2,316x332,7,team,jung,3,3,small,high,dark,center
002_20200701_203507(7),1,0.480636,0.494761,0.031646,0.03012,9.9999879989048,0.480636,1.6417948717948718,73.12179487179488,2,316x332,7,team,jung,3,3,small,low,dark,center
002_20200701_203507(7),2,0.483572,0.595397,0.031646,0.03012,9.9999879989048,0.40460300000000005,3.9892307692307725,84.76923076923077,2,316x332,7,team,jung,3,3,small,mid,dark,center
002_20200701_203512(1),0,0.498184,0.444486,0.031646,0.03012,9.9999879989048,0.444486,7.781794871794872,75.62179487179488,2,316x332,7,team,jung,3,3,small,high,dark,center
002_20200701_203512(1),1,0.499652,0.517167,0.031646,0.03012,9.9999879989048,0.48283299999999996,3.238461538461536,76.78846153846153,2,316x332,7,team,jung,3,3,small,mid,dark,center
002_20200701_203512(1),2,0.505526,0.615706,0.031646,0.03012,9.9999879989048,0.384294,4.316666666666677,85.16666666666667,2,316x332,7,team,jung,3,3,small,mid,dark,center
002_20200702_002959(7),0,0.518269,0.421794,0.031646,0.03012,9.9999879989048,0.421794,8.073333333333323,80.08333333333333,2,316x332,7,team,lee,3,3,small,high,dark,center
002_20200702_002959(7),1,0.522529,0.487339,0.031646,0.03012,9.9999879989048,0.477471,3.0092307692307685,79.76923076923077,2,316x332,7,team,lee,3,3,small,mid,dark,center
002_20200702_002959(7),2,0.527499,0.565047,0.031646,0.03012,9.9999879989048,0.43495300000000003,2.377948717948712,84.46794871794872,2,316x332,7,team,lee,3,3,small,low,dark,center
002_20200702_003004(2),0,0.526,0.395917,0.031646,0.03012,9.9999879989048,0.395917,6.178974358974358,78.60897435897436,2,316x332,7,team,lee,3,3,small,high,dark,center
002_20200702_003004(2),1,0.538598,0.463064,0.031646,0.03012,9.9999879989048,0.461402,1.0515384615384704,76.96153846153847,2,316x332,7,team,lee,3,3,small,low,dark,center
002_20200702_003004(2),2,0.546157,0.537407,0.031646,0.03012,9.9999879989048,0.453843,0.23999999999999488,83.5,2,316x332,7,team,lee,3,3,small,low,dark,center
002_20200702_003008(7),0,0.514125,0.410152,0.031646,0.03012,9.9999879989048,0.410152,7.3700000000000045,79.0,2,316x332,7,team,lee,3,3,small,high,dark,center
002_20200702_003008(7),1,0.517604,0.473535,0.031646,0.03012,9.9999879989048,0.473535,2.1212820512820514,77.30128205128206,2,316x332,7,team,lee,3,3,small,low,dark,center
002_20200702_003008(7),2,0.518598,0.550162,0.031646,0.03012,9.9999879989048,0.44983799999999996,1.4684615384615398,82.53846153846153,2,316x332,7,team,lee,3,3,small,low,dark,center
002_20200702_003011(7),0,0.483,0.303272,0.031646,0.03012,9.9999879989048,0.303272,7.0674358974358995,72.8974358974359,2,316x332,7,team,lee,3,3,small,high,dark,center
002_20200702_003011(7),1,0.485519,0.376815,0.031646,0.03012,9.9999879989048,0.376815,2.141025641025635,71.39102564102564,2,316x332,7,team,lee,3,3,small,low,dark,center
002_20200702_003011(7),2,0.48384,0.479136,0.031646,0.03012,9.9999879989048,0.479136,6.052307692307693,79.9423076923077,2,316x332,7,team,lee,3,3,small,high,dark,center
002_20200702_003016(3),0,0.518655,0.352428,0.031646,0.03012,9.9999879989048,0.352428,5.174871794871791,73.0448717948718,2,316x332,7,team,lee,3,3,small,high,dark,center
002_20200702_003016(3),1,0.517363,0.423757,0.031646,0.03012,9.9999879989048,0.423757,2.8758974358974285,72.18589743589743,2,316x332,7,team,lee,3,3,small,mid,dark,center
002_20200702_003016(3),2,0.518009,0.519683,0.031646,0.03012,9.9999879989048,0.480317,3.090769230769226,83.48076923076923,2,316x332,7,team,lee,3,3,small,mid,dark,center
002_20200702_003020(8),0,0.510166,0.397549,0.031646,0.03012,9.9999879989048,0.397549,6.404871794871795,76.2948717948718,2,316x332,7,team,lee,3,3,small,high,dark,center
002_20200702_003020(8),1,0.512104,0.467649,0.031646,0.03012,9.9999879989048,0.467649,2.076410256410256,72.25641025641026,2,316x332,7,team,lee,3,3,small,low,dark,center
002_20200702_003020(8),2,0.518564,0.564189,0.031646,0.03012,9.9999879989048,0.43581099999999995,4.660256410256409,82.16025641025641,2,316x332,7,team,lee,3,3,small,mid,dark,center
002_20200702_043936(2),0,0.494454,0.424469,0.031646,0.03012,9.9999879989048,0.424469,9.74666666666667,77.91666666666667,2,316x332,7,team,heo,3,3,small,high,dark,center
002_20200702_043936(2),1,0.510907,0.493703,0.031646,0.03012,9.9999879989048,0.489093,3.2579487179487217,75.96794871794872,2,316x332,7,team,heo,3,3,small,mid,dark,center
002_20200702_043936(2),2,0.537751,0.588487,0.031646,0.03012,9.9999879989048,0.411513,3.723333333333329,84.58333333333333,2,316x332,7,team,heo,3,3,small,mid,dark,center
002_20200702_043940(7),0,0.513817,0.368383,0.031646,0.03012,9.9999879989048,0.368383,5.832307692307694,74.4423076923077,2,316x332,7,team,heo,3,3,small,high,dark,center
002_20200702_043940(7),1,0.513817,0.438692,0.031646,0.03012,9.9999879989048,0.438692,3.502820512820506,74.26282051282051,2,316x332,7,team,heo,3,3,small,mid,dark,center
002_20200702_043940(7),2,0.516479,0.536871,0.031646,0.03012,9.9999879989048,0.463129,6.537692307692311,84.3076923076923,2,316x332,7,team,heo,3,3,small,high,dark,center
002_20200702_043945(1),0,0.498127,0.32995,0.031646,0.03012,9.9999879989048,0.32995,7.576410256410256,74.00641025641026,2,316x332,7,team,heo,3,3,small,high,dark,center
002_20200702_043945(1),1,0.502283,0.40273,0.031646,0.03012,9.9999879989048,0.40273,1.683333333333323,74.58333333333333,2,316x332,7,team,heo,3,3,small,low,dark,center
002_20200702_043945(1),2,0.508932,0.500825,0.031646,0.03012,9.9999879989048,0.49106799999999995,4.921538461538461,81.71153846153847,2,316x332,7,team,heo,3,3,small,high,dark,center
002_20200702_043949(6),0,0.536531,0.371831,0.031646,0.03012,9.9999879989048,0.371831,2.2092307692307713,77.76923076923077,2,316x332,7,team,heo,3,3,small,low,dark,center
002_20200702_043949(6),1,0.542935,0.432109,0.031646,0.03012,9.9999879989048,0.432109,3.134615384615387,77.38461538461539,2,316x332,7,team,heo,3,3,small,mid,dark,center
002_20200702_043949(6),2,0.55859,0.507965,0.031646,0.03012,9.9999879989048,0.44140999999999997,0.6456410256410265,80.72435897435898,2,316x332,7,team,heo,3,3,small,low,dark,center
002_20200702_043954(0),0,0.536963,0.413077,0.031646,0.03012,9.9999879989048,0.413077,3.8576923076923038,77.0576923076923,2,316x332,7,team,heo,3,3,small,mid,dark,center
002_20200702_043954(0),1,0.540196,0.477688,0.031646,0.03012,9.9999879989048,0.459804,1.617948717948721,76.71794871794872,2,316x332,7,team,heo,3,3,small,low,dark,center
002_20200702_043954(0),2,0.545853,0.553838,0.031646,0.03012,9.9999879989048,0.44616199999999995,0.026923076923083045,80.42307692307692,2,316x332,7,team,heo,3,3,small,low,dark,center
002_20200702_043958(5),0,0.531425,0.459303,0.031646,0.03012,9.9999879989048,0.459303,4.461282051282055,77.05128205128206,2,316x332,7,team,heo,3,3,small,mid,dark,center
002_20200702_043958(5),1,0.53636,0.521718,0.031646,0.03012,9.9999879989048,0.46364000000000005,1.8374358974358955,80.6474358974359,2,316x332,7,team,heo,3,3,small,low,dark,center
002_20200702_043958(5),2,0.543411,0.599568,0.031646,0.03012,9.9999879989048,0.400432,0.7889743589743716,82.14102564102564,2,316x332,7,team,heo,3,3,small,low,dark,center
002_20200706_083210(1),0,0.462788,0.382727,0.031646,0.03012,9.9999879989048,0.382727,6.483333333333334,74.58333333333333,2,316x332,7,team,jung,3,3,small,high,dark,center
002_20200706_083210(1),1,0.473519,0.452613,0.031646,0.03012,9.9999879989048,0.452613,0.46897435897436424,69.10897435897436,2,316x332,7,team,jung,3,3,small,low,dark,center
002_20200706_083210(1),2,0.488769,0.547765,0.031646,0.03012,9.9999879989048,0.45223500000000005,5.934615384615384,80.38461538461539,2,316x332,7,team,jung,3,3,small,high,dark,center
002_20200706_083227(7),0,0.485482,0.370744,0.031646,0.03012,9.9999879989048,0.370744,7.399230769230769,74.76923076923077,2,316x332,7,team,jung,3,3,small,high,dark,center
002_20200706_083227(7),1,0.484747,0.442727,0.031646,0.03012,9.9999879989048,0.442727,2.798717948717936,70.69871794871794,2,316x332,7,team,jung,3,3,small,mid,dark,center
002_20200706_083227(7),2,0.487684,0.539169,0.031646,0.03012,9.9999879989048,0.460831,4.716153846153844,81.09615384615384,2,316x332,7,team,jung,3,3,small,mid,dark,center
002_20200706_083231(8),0,0.504933,0.426841,0.031646,0.03012,9.9999879989048,0.426841,6.48282051282051,74.76282051282051,2,316x332,7,team,jung,3,3,small,high,dark,center
002_20200706_083231(8),1,0.498156,0.499415,0.031646,0.03012,9.9999879989048,0.498156,2.811025641025637,74.14102564102564,2,316x332,7,team,jung,3,3,small,mid,dark,center
002_20200706_083231(8),2,0.486295,0.592954,0.031646,0.03012,9.9999879989048,0.407046,4.057435897435894,81.6474358974359,2,316x332,7,team,jung,3,3,small,mid,dark,center
002_20200706_083234(7),0,0.520917,0.550609,0.031646,0.03012,9.9999879989048,0.449391,4.318461538461534,80.78846153846153,2,316x332,7,team,jung,3,3,small,mid,dark,center
002_20200706_083234(7),1,0.52713,0.614044,0.031646,0.03012,9.9999879989048,0.38595599999999997,0.6056410256410203,79.02564102564102,2,316x332,7,team,jung,3,3,small,low,dark,center
002_20200706_083234(7),2,0.537861,0.690918,0.031646,0.03012,9.9999879989048,0.30908199999999997,0.04769230769230148,83.9423076923077,2,316x332,7,team,jung,3,3,small,low,dark,center
002_20200706_083237(9),0,0.510299,0.555592,0.031646,0.03012,9.9999879989048,0.444408,6.501282051282061,80.30128205128206,2,316x332,7,team,jung,3,3,small,high,dark,center
002_20200706_083237(9),1,0.521313,0.61779,0.031646,0.03012,9.9999879989048,0.38221000000000005,1.9082051282051253,78.87820512820512,2,316x332,7,team,jung,3,3,small,low,dark,center
002_20200706_083237(9),2,0.536732,0.693966,0.031646,0.03012,9.9999879989048,0.30603400000000003,0.19487179487180128,83.7051282051282,2,316x332,7,team,jung,3,3,small,low,dark,center
002_20200706_083241(0),0,0.509469,0.424163,0.031646,0.03012,9.9999879989048,0.424163,5.757435897435897,76.3974358974359,2,316x332,7,team,jung,3,3,small,high,dark,center
002_20200706_083241(0),1,0.525283,0.487061,0.031646,0.03012,9.9999879989048,0.47471699999999994,4.74179487179488,76.37179487179488,2,316x332,7,team,jung,3,3,small,mid,dark,center
002_20200706_083241(0),2,0.550134,0.558022,0.031646,0.03012,9.9999879989048,0.441978,0.18974358974358552,80.33974358974359,2,316x332,7,team,jung,3,3,small,low,dark,center
002_20200706_123239(6),0,0.505223,0.283322,0.031646,0.03012,9.9999879989048,0.283322,4.369743589743592,71.08974358974359,2,316x332,7,team,lee,3,3,small,mid,dark,center
002_20200706_123239(6),1,0.50587,0.357111,0.031646,0.03012,9.9999879989048,0.357111,1.8674358974358967,70.6474358974359,2,316x332,7,team,lee,3,3,small,low,dark,center
002_20200706_123239(6),2,0.510392,0.455496,0.031646,0.03012,9.9999879989048,0.455496,4.686666666666667,75.66666666666667,2,316x332,7,team,lee,3,3,small,mid,dark,center
002_20200706_123242(9),0,0.474149,0.325221,0.031646,0.03012,9.9999879989048,0.325221,5.772820512820516,71.26282051282051,2,316x332,7,team,lee,3,3,small,high,dark,center
002_20200706_123242(9),1,0.483193,0.392861,0.031646,0.03012,9.9999879989048,0.392861,0.9725641025641067,72.1025641025641,2,316x332,7,team,lee,3,3,small,low,dark,center
002_20200706_123242(9),2,0.496114,0.488786,0.031646,0.03012,9.9999879989048,0.488786,5.299487179487187,77.67948717948718,2,316x332,7,team,lee,3,3,small,high,dark,center
002_20200706_123246(0),0,0.467966,0.365764,0.031646,0.03012,9.9999879989048,0.365764,4.877435897435902,73.1474358974359,2,316x332,7,team,lee,3,3,small,high,dark,center
002_20200706_123246(0),1,0.495746,0.530559,0.031646,0.03012,9.9999879989048,0.469441,4.311538461538461,79.46153846153847,2,316x332,7,team,lee,3,3,small,mid,dark,center
002_20200706_123246(0),2,0.479595,0.434019,0.031646,0.03012,9.9999879989048,0.434019,1.976153846153835,71.34615384615384,2,316x332,7,team,lee,3,3,small,low,dark,center
002_20200706_123251(3),0,0.508182,0.375523,0.031646,0.03012,9.9999879989048,0.375523,3.6441025641025675,75.56410256410257,2,316x332,7,team,lee,3,3,small,mid,dark,center
002_20200706_123251(3),1,0.512059,0.436399,0.031646,0.03012,9.9999879989048,0.436399,2.9892307692307725,74.76923076923077,2,316x332,7,team,lee,3,3,small,mid,dark,center
002_20200706_123251(3),2,0.523041,0.518181,0.031646,0.03012,9.9999879989048,0.476959,1.691538461538471,79.71153846153847,2,316x332,7,team,lee,3,3,small,low,dark,center
002_20200706_123254(7),0,0.528823,0.394737,0.031646,0.03012,9.9999879989048,0.394737,3.7453846153846087,76.11538461538461,2,316x332,7,team,lee,3,3,small,mid,dark,center
002_20200706_123254(7),1,0.540452,0.458687,0.031646,0.03012,9.9999879989048,0.458687,0.3725641025640982,74.6025641025641,2,316x332,7,team,lee,3,3,small,low,dark,center
002_20200706_123254(7),2,0.550143,0.532476,0.031646,0.03012,9.9999879989048,0.44985699999999995,0.7461538461538453,78.65384615384616,2,316x332,7,team,lee,3,3,small,low,dark,center
002_20200706_123258(0),0,0.503725,0.485914,0.031646,0.03012,9.9999879989048,0.485914,5.305384615384611,77.11538461538461,2,316x332,7,team,lee,3,3,small,high,dark,center
002_20200706_123258(0),1,0.516646,0.543715,0.031646,0.03012,9.9999879989048,0.45628500000000005,2.681538461538466,77.71153846153847,2,316x332,7,team,lee,3,3,small,mid,dark,center
002_20200706_123258(0),2,0.537319,0.618734,0.031646,0.03012,9.9999879989048,0.381266,1.0776923076923026,79.4423076923077,2,316x332,7,team,lee,3,3,small,low,dark,center
002_20200706_163440(6),0,0.509003,0.338409,0.031646,0.03012,9.9999879989048,0.338409,7.171282051282063,75.30128205128206,2,316x332,7,team,heo,3,3,small,high,dark,center
002_20200706_163440(6),1,0.505799,0.410071,0.031646,0.03012,9.9999879989048,0.410071,1.1474358974358978,73.6474358974359,2,316x332,7,team,heo,3,3,small,low,dark,center
002_20200706_163440(6),2,0.502596,0.506127,0.031646,0.03012,9.9999879989048,0.493873,4.238717948717948,82.69871794871794,2,316x332,7,team,heo,3,3,small,mid,dark,center
002_20200706_163443(7),0,0.497299,0.395671,0.031646,0.03012,9.9999879989048,0.395671,6.318205128205122,78.12820512820512,2,316x332,7,team,heo,3,3,small,high,dark,center
002_20200706_163443(7),1,0.496422,0.466695,0.031646,0.03012,9.9999879989048,0.466695,2.219999999999999,73.25,2,316x332,7,team,heo,3,3,small,low,dark,center
002_20200706_163443(7),2,0.497299,0.562786,0.031646,0.03012,9.9999879989048,0.437214,5.290256410256404,82.66025641025641,2,316x332,7,team,heo,3,3,small,high,dark,center
002_20200706_163446(4),0,0.489645,0.432849,0.031646,0.03012,9.9999879989048,0.432849,6.816923076923075,77.07692307692308,2,316x332,7,team,heo,3,3,small,high,dark,center
002_20200706_163446(4),1,0.496452,0.50556,0.031646,0.03012,9.9999879989048,0.49444,1.9479487179487194,74.96794871794872,2,316x332,7,team,heo,3,3,small,low,dark,center
002_20200706_163446(4),2,0.506285,0.602747,0.031646,0.03012,9.9999879989048,0.39725299999999997,4.248205128205129,82.12820512820512,2,316x332,7,team,heo,3,3,small,mid,dark,center
002_20200706_163449(2),0,0.510607,0.370566,0.031646,0.03012,9.9999879989048,0.370566,4.804102564102564,77.56410256410257,2,316x332,7,team,heo,3,3,small,mid,dark,center
002_20200706_163449(2),1,0.511405,0.435887,0.031646,0.03012,9.9999879989048,0.435887,0.9423076923076934,75.9423076923077,2,316x332,7,team,heo,3,3,small,low,dark,center
002_20200706_163449(2),2,0.513001,0.511841,0.031646,0.03012,9.9999879989048,0.48699899999999996,0.9074358974359029,82.8974358974359,2,316x332,7,team,heo,3,3,small,low,dark,center
002_20200706_163452(0),0,0.527065,0.474547,0.031646,0.03012,9.9999879989048,0.472935,4.409487179487186,78.42948717948718,2,316x332,7,team,heo,3,3,small,mid,dark,center
002_20200706_163452(0),1,0.526353,0.53895,0.031646,0.03012,9.9999879989048,0.46104999999999996,1.2751282051281976,79.2051282051282,2,316x332,7,team,heo,3,3,small,low,dark,center
002_20200706_163452(0),2,0.527065,0.613522,0.031646,0.03012,9.9999879989048,0.386478,0.8882051282051293,82.62179487179488,2,316x332,7,team,heo,3,3,small,low,dark,center
002_20200706_163454(6),0,0.544867,0.450315,0.031646,0.03012,9.9999879989048,0.450315,5.088205128205118,78.87820512820512,2,316x332,7,team,heo,3,3,small,high,dark,center
002_20200706_163454(6),1,0.541115,0.513168,0.031646,0.03012,9.9999879989048,0.458885,0.981538461538463,79.46153846153847,2,316x332,7,team,heo,3,3,small,low,dark,center
002_20200706_163454(6),2,0.536613,0.587447,0.031646,0.03012,9.9999879989048,0.41255299999999995,0.21717948717949298,83.26282051282051,2,316x332,7,team,heo,3,3,small,low,dark,center
002_20200706_203227(3),0,0.464832,0.420927,0.031646,0.03012,9.9999879989048,0.420927,7.106153846153845,75.09615384615384,2,316x332,7,team,jung,3,3,small,high,dark,center
002_20200706_203227(3),1,0.484036,0.490813,0.031646,0.03012,9.9999879989048,0.484036,3.1256410256410163,71.77564102564102,2,316x332,7,team,jung,3,3,small,mid,dark,center
002_20200706_203227(3),2,0.510581,0.580052,0.031646,0.03012,9.9999879989048,0.419948,5.7807692307692236,79.23076923076923,2,316x332,7,team,jung,3,3,small,high,dark,center
002_20200706_203230(6),0,0.481003,0.436371,0.031646,0.03012,9.9999879989048,0.436371,9.158205128205125,75.87820512820512,2,316x332,7,team,jung,3,3,small,high,dark,center
002_20200706_203230(6),1,0.489079,0.506257,0.031646,0.03012,9.9999879989048,0.489079,1.7151282051282095,72.7051282051282,2,316x332,7,team,jung,3,3,small,low,dark,center
002_20200706_203230(6),2,0.49789,0.606892,0.031646,0.03012,9.9999879989048,0.393108,6.27820512820513,81.87820512820512,2,316x332,7,team,jung,3,3,small,high,dark,center
002_20200706_203233(8),0,0.490695,0.46934,0.031646,0.03012,9.9999879989048,0.46934,2.3784615384615364,70.03846153846153,2,316x332,7,team,jung,3,3,small,low,dark,center
002_20200706_203233(8),1,0.484821,0.400852,0.031646,0.03012,9.9999879989048,0.400852,6.2776923076923055,74.8076923076923,2,316x332,7,team,jung,3,3,small,high,dark,center
002_20200706_203233(8),2,0.498771,0.569276,0.031646,0.03012,9.9999879989048,0.430724,5.1074358974358915,80.8974358974359,2,316x332,7,team,jung,3,3,small,high,dark,center
002_20200706_203236(9),0,0.477258,0.407049,0.031646,0.03012,9.9999879989048,0.407049,5.572820512820513,74.51282051282051,2,316x332,7,team,jung,3,3,small,high,dark,center
002_20200706_203236(9),1,0.491209,0.474839,0.031646,0.03012,9.9999879989048,0.474839,5.579999999999998,71.75,2,316x332,7,team,jung,3,3,small,high,dark,center
002_20200706_203236(9),2,0.517641,0.568486,0.031646,0.03012,9.9999879989048,0.43151399999999995,6.569999999999993,81.5,2,316x332,7,team,jung,3,3,small,high,dark,center
002_20200706_203240(1),0,0.467639,0.435488,0.031646,0.03012,9.9999879989048,0.435488,6.70461538461538,74.88461538461539,2,316x332,7,team,jung,3,3,small,high,dark,center
002_20200706_203240(1),1,0.484527,0.499783,0.031646,0.03012,9.9999879989048,0.484527,3.6330769230769135,72.92307692307692,2,316x332,7,team,jung,3,3,small,mid,dark,center
002_20200706_203240(1),2,0.511694,0.592032,0.031646,0.03012,9.9999879989048,0.407968,5.565384615384616,82.11538461538461,2,316x332,7,team,jung,3,3,small,high,dark,center
002_20200706_203243(4),0,0.46808,0.422525,0.031646,0.03012,9.9999879989048,0.422525,6.425641025641028,75.27564102564102,2,316x332,7,team,jung,3,3,small,high,dark,center
002_20200706_203243(4),1,0.488639,0.487519,0.031646,0.03012,9.9999879989048,0.487519,4.533333333333331,72.58333333333333,2,316x332,7,team,jung,3,3,small,mid,dark,center
002_20200706_203243(4),2,0.519477,0.579768,0.031646,0.03012,9.9999879989048,0.42023200000000005,6.858461538461526,81.53846153846153,2,316x332,7,team,jung,3,3,small,high,dark,center
002_20200707_003521(0),0,0.474349,0.420536,0.031646,0.03012,9.9999879989048,0.420536,6.03435897435898,78.22435897435898,2,316x332,7,team,lee,3,3,small,high,dark,center
002_20200707_003521(0),1,0.476029,0.49328,0.031646,0.03012,9.9999879989048,0.476029,2.055384615384611,74.11538461538461,2,316x332,7,team,lee,3,3,small,low,dark,center
002_20200707_003521(0),2,0.481068,0.591603,0.031646,0.03012,9.9999879989048,0.408397,3.519743589743598,84.33974358974359,2,316x332,7,team,lee,3,3,small,mid,dark,center
002_20200707_003525(0),0,0.502896,0.439356,0.031646,0.03012,9.9999879989048,0.439356,8.089230769230767,78.01923076923077,2,316x332,7,team,lee,3,3,small,high,dark,center
002_20200707_003525(0),1,0.509996,0.512334,0.031646,0.03012,9.9999879989048,0.48766600000000004,1.6433333333333309,76.08333333333333,2,316x332,7,team,lee,3,3,small,low,dark,center
002_20200707_003525(0),2,0.520645,0.606259,0.031646,0.03012,9.9999879989048,0.393741,4.638205128205129,84.62820512820512,2,316x332,7,team,lee,3,3,small,mid,dark,center
002_20200707_003529(0),0,0.467617,0.443692,0.031646,0.03012,9.9999879989048,0.443692,6.0533333333333275,76.58333333333333,2,316x332,7,team,lee,3,3,small,high,dark,center
002_20200707_003529(0),1,0.47537,0.513791,0.031646,0.03012,9.9999879989048,0.47537,1.9820512820512874,76.53205128205128,2,316x332,7,team,lee,3,3,small,low,dark,center
002_20200707_003529(0),2,0.484415,0.610331,0.031646,0.03012,9.9999879989048,0.38966900000000004,4.964871794871797,84.0448717948718,2,316x332,7,team,lee,3,3,small,high,dark,center
002_20200707_003533(0),0,0.476804,0.439671,0.031646,0.03012,9.9999879989048,0.439671,6.293333333333322,77.83333333333333,2,316x332,7,team,lee,3,3,small,high,dark,center
002_20200707_003533(0),1,0.479388,0.51469,0.031646,0.03012,9.9999879989048,0.479388,3.882051282051279,76.53205128205128,2,316x332,7,team,lee,3,3,small,mid,dark,center
002_20200707_003533(0),2,0.494893,0.61,0.031646,0.03012,9.9999879989048,0.39,3.197435897435895,83.6474358974359,2,316x332,7,team,lee,3,3,small,mid,dark,center
002_20200707_003537(1),0,0.495514,0.440554,0.031646,0.03012,9.9999879989048,0.440554,6.794871794871796,78.2948717948718,2,316x332,7,team,lee,3,3,small,high,dark,center
002_20200707_003537(1),1,0.503912,0.514896,0.031646,0.03012,9.9999879989048,0.485104,2.3158974358974262,76.68589743589743,2,316x332,7,team,lee,3,3,small,low,dark,center
002_20200707_003537(1),2,0.51315,0.61322,0.031646,0.03012,9.9999879989048,0.38678,4.38666666666667,84.16666666666667,2,316x332,7,team,lee,3,3,small,mid,dark,center
002_20200707_003541(1),0,0.499545,0.442498,0.031646,0.03012,9.9999879989048,0.442498,6.819230769230771,76.26923076923077,2,316x332,7,team,lee,3,3,small,high,dark,center
002_20200707_003541(1),1,0.506264,0.515242,0.031646,0.03012,9.9999879989048,0.484758,2.5446153846153834,76.13461538461539,2,316x332,7,team,lee,3,3,small,mid,dark,center
002_20200707_003541(1),2,0.518861,0.611167,0.031646,0.03012,9.9999879989048,0.388833,3.8658974358974376,82.93589743589743,2,316x332,7,team,lee,3,3,small,mid,dark,center
002_20200707_043655(6),0,0.527004,0.449586,0.031646,0.03012,9.9999879989048,0.449586,3.195897435897436,79.68589743589743,2,316x332,7,team,heo,3,3,small,mid,dark,center
002_20200707_043655(6),1,0.53189,0.510713,0.031646,0.03012,9.9999879989048,0.46811,1.0405128205128165,79.07051282051282,2,316x332,7,team,heo,3,3,small,low,dark,center
002_20200707_043655(6),2,0.537475,0.591108,0.031646,0.03012,9.9999879989048,0.40889200000000003,0.6594871794871864,80.57051282051282,2,316x332,7,team,heo,3,3,small,low,dark,center
002_20200707_043659(3),0,0.514652,0.444597,0.031646,0.03012,9.9999879989048,0.444597,4.458974358974359,77.85897435897436,2,316x332,7,team,heo,3,3,small,mid,dark,center
002_20200707_043659(3),1,0.518691,0.510731,0.031646,0.03012,9.9999879989048,0.481309,1.0043589743589791,77.72435897435898,2,316x332,7,team,heo,3,3,small,low,dark,center
002_20200707_043659(3),2,0.528387,0.589938,0.031646,0.03012,9.9999879989048,0.41006200000000004,0.15871794871793554,80.55128205128206,2,316x332,7,team,heo,3,3,small,low,dark,center
002_20200707_043703(4),0,0.522281,0.442378,0.031646,0.03012,9.9999879989048,0.442378,5.3230769230769255,78.42307692307692,2,316x332,7,team,heo,3,3,small,high,dark,center
002_20200707_043703(4),1,0.526947,0.508256,0.031646,0.03012,9.9999879989048,0.47305299999999995,0.47256410256410675,78.1025641025641,2,316x332,7,team,heo,3,3,small,low,dark,center
002_20200707_043703(4),2,0.533168,0.588938,0.031646,0.03012,9.9999879989048,0.41106200000000004,2.897435897435898,81.8974358974359,2,316x332,7,team,heo,3,3,small,mid,dark,center
002_20200707_043707(4),0,0.525929,0.447363,0.031646,0.03012,9.9999879989048,0.447363,4.677435897435899,77.8974358974359,2,316x332,7,team,heo,3,3,small,mid,dark,center
002_20200707_043707(4),1,0.530792,0.51061,0.031646,0.03012,9.9999879989048,0.46920799999999996,0.4974358974358921,77.1474358974359,2,316x332,7,team,heo,3,3,small,low,dark,center
002_20200707_043707(4),2,0.538085,0.591598,0.031646,0.03012,9.9999879989048,0.40840200000000004,0.3430769230769215,79.07692307692308,2,316x332,7,team,heo,3,3,small,low,dark,center
002_20200707_043711(3),0,0.52848,0.448529,0.031646,0.03012,9.9999879989048,0.448529,4.558461538461529,76.78846153846153,2,316x332,7,team,heo,3,3,small,mid,dark,center
002_20200707_043711(3),1,0.533805,0.514414,0.031646,0.03012,9.9999879989048,0.466195,0.3307692307692207,76.98076923076923,2,316x332,7,team,heo,3,3,small,low,dark,center
002_20200707_043711(3),2,0.539795,0.590436,0.031646,0.03012,9.9999879989048,0.40956400000000004,0.2605128205128153,79.92948717948718,2,316x332,7,team,heo,3,3,small,low,dark,center
002_20200707_043715(5),0,0.533038,0.447538,0.031646,0.03012,9.9999879989048,0.447538,4.311538461538461,77.21153846153847,2,316x332,7,team,heo,3,3,small,mid,dark,center
002_20200707_043715(5),1,0.537604,0.511266,0.031646,0.03012,9.9999879989048,0.46239600000000003,1.0253846153846098,76.86538461538461,2,316x332,7,team,heo,3,3,small,low,dark,center
002_20200707_043715(5),2,0.544451,0.588029,0.031646,0.03012,9.9999879989048,0.411971,0.525641025641022,78.22435897435898,2,316x332,7,team,heo,3,3,small,low,dark,center
002_20200707_083236(0),0,0.490915,0.376325,0.031646,0.03012,9.9999879989048,0.376325,6.733333333333334,74.58333333333333,2,316x332,7,team,jung,3,3,small,high,dark,center
002_20200707_083236(0),1,0.491649,0.451802,0.031646,0.03012,9.9999879989048,0.451802,3.4976923076923043,71.5576923076923,2,316x332,7,team,jung,3,3,small,mid,dark,center
002_20200707_083236(0),2,0.498992,0.548943,0.031646,0.03012,9.9999879989048,0.45105700000000004,4.41538461538461,80.11538461538461,2,316x332,7,team,jung,3,3,small,mid,dark,center
002_20200707_083240(0),0,0.482341,0.388135,0.031646,0.03012,9.9999879989048,0.388135,8.08794871794872,77.96794871794872,2,316x332,7,team,jung,3,3,small,high,dark,center
002_20200707_083240(0),1,0.481212,0.463934,0.031646,0.03012,9.9999879989048,0.463934,2.1684615384615284,72.03846153846153,2,316x332,7,team,jung,3,3,small,low,dark,center
002_20200707_083240(0),2,0.479517,0.560161,0.031646,0.03012,9.9999879989048,0.439839,5.065128205128204,80.4551282051282,2,316x332,7,team,jung,3,3,small,high,dark,center
002_20200707_083246(1),0,0.488276,0.413363,0.031646,0.03012,9.9999879989048,0.413363,5.9823076923077,74.6923076923077,2,316x332,7,team,jung,3,3,small,high,dark,center
002_20200707_083246(1),1,0.48964,0.488373,0.031646,0.03012,9.9999879989048,0.488373,2.4479487179487194,71.71794871794872,2,316x332,7,team,jung,3,3,small,mid,dark,center
002_20200707_083246(1),2,0.497026,0.588447,0.031646,0.03012,9.9999879989048,0.41155299999999995,5.362564102564107,80.1025641025641,2,316x332,7,team,jung,3,3,small,high,dark,center
002_20200707_083250(0),0,0.526695,0.460105,0.031646,0.03012,9.9999879989048,0.460105,4.3797435897435975,78.33974358974359,2,316x332,7,team,jung,3,3,small,mid,dark,center
002_20200707_083250(0),1,0.54025,0.522465,0.031646,0.03012,9.9999879989048,0.45975,1.7417948717948804,80.12179487179488,2,316x332,7,team,jung,3,3,small,low,dark,center
002_20200707_083250(0),2,0.562278,0.595038,0.031646,0.03012,9.9999879989048,0.40496200000000004,0.4841025641025709,82.93589743589743,2,316x332,7,team,jung,3,3,small,low,dark,center
002_20200707_083254(0),0,0.555235,0.422414,0.031646,0.03012,9.9999879989048,0.422414,5.81794871794871,78.71794871794872,2,316x332,7,team,jung,3,3,small,high,dark,center
002_20200707_083254(0),1,0.542018,0.487408,0.031646,0.03012,9.9999879989048,0.457982,2.5846153846153896,76.38461538461539,2,316x332,7,team,jung,3,3,small,mid,dark,center
002_20200707_083254(0),2,0.531005,0.566379,0.031646,0.03012,9.9999879989048,0.43362100000000003,0.9641025641025749,82.06410256410257,2,316x332,7,team,jung,3,3,small,low,dark,center
002_20200707_083258(1),0,0.539584,0.413225,0.031646,0.03012,9.9999879989048,0.413225,2.772564102564104,77.3525641025641,2,316x332,7,team,jung,3,3,small,mid,dark,center
002_20200707_083258(1),1,0.533371,0.479885,0.031646,0.03012,9.9999879989048,0.46662899999999996,2.569999999999993,76.25,2,316x332,7,team,jung,3,3,small,mid,dark,center
002_20200707_083258(1),2,0.532242,0.557834,0.031646,0.03012,9.9999879989048,0.44216599999999995,0.7974358974359035,82.8974358974359,2,316x332,7,team,jung,3,3,small,low,dark,center
002_20200707_123354(0),0,0.53591,0.473446,0.031646,0.03012,9.9999879989048,0.46409,2.592564102564097,74.6025641025641,2,316x332,7,team,lee,3,3,small,mid,dark,center
002_20200707_123354(0),1,0.549348,0.543792,0.031646,0.03012,9.9999879989048,0.45065200000000005,0.2987179487179361,77.80128205128206,2,316x332,7,team,lee,3,3,small,low,dark,center
002_20200707_123354(0),2,0.527512,0.403101,0.031646,0.03012,9.9999879989048,0.403101,3.023846153846165,77.15384615384616,2,316x332,7,team,lee,3,3,small,mid,dark,center
002_20200707_123358(1),0,0.534218,0.543464,0.031646,0.03012,9.9999879989048,0.45653600000000005,1.1066666666666691,76.91666666666667,2,316x332,7,team,lee,3,3,small,low,dark,center
002_20200707_123358(1),1,0.525173,0.477669,0.031646,0.03012,9.9999879989048,0.474827,4.45461538461538,77.13461538461539,2,316x332,7,team,lee,3,3,small,mid,dark,center
002_20200707_123358(1),2,0.548431,0.619712,0.031646,0.03012,9.9999879989048,0.38028799999999996,0.7151282051282095,78.4551282051282,2,316x332,7,team,lee,3,3,small,low,dark,center
002_20200707_123402(0),0,0.541835,0.312149,0.031646,0.03012,9.9999879989048,0.312149,5.015128205128207,73.7051282051282,2,316x332,7,team,lee,3,3,small,high,dark,center
002_20200707_123402(0),1,0.544419,0.376714,0.031646,0.03012,9.9999879989048,0.376714,1.9038461538461604,74.40384615384616,2,316x332,7,team,lee,3,3,small,low,dark,center
002_20200707_123402(0),2,0.549587,0.456037,0.031646,0.03012,9.9999879989048,0.45041299999999995,0.5223076923076917,73.8076923076923,2,316x332,7,team,lee,3,3,small,low,dark,center
002_20200707_123408(2),0,0.507142,0.336969,0.031646,0.03012,9.9999879989048,0.336969,5.678205128205121,70.37820512820512,2,316x332,7,team,lee,3,3,small,high,dark,center
002_20200707_123408(2),1,0.513603,0.408913,0.031646,0.03012,9.9999879989048,0.408913,1.591025641025638,72.39102564102564,2,316x332,7,team,lee,3,3,small,low,dark,center
002_20200707_123408(2),2,0.525877,0.506068,0.031646,0.03012,9.9999879989048,0.47412299999999996,5.389743589743588,79.83974358974359,2,316x332,7,team,lee,3,3,small,high,dark,center
002_20200707_123412(1),0,0.463683,0.41451,0.031646,0.03012,9.9999879989048,0.41451,6.961794871794879,74.87179487179488,2,316x332,7,team,lee,3,3,small,high,dark,center
002_20200707_123412(1),1,0.477121,0.483257,0.031646,0.03012,9.9999879989048,0.477121,2.614615384615391,72.13461538461539,2,316x332,7,team,lee,3,3,small,mid,dark,center
002_20200707_123412(1),2,0.496437,0.579182,0.031646,0.03012,9.9999879989048,0.420818,5.985641025641016,80.02564102564102,2,316x332,7,team,lee,3,3,small,high,dark,center
002_20200707_123416(0),0,0.502988,0.364999,0.031646,0.03012,9.9999879989048,0.364999,9.21564102564102,73.77564102564102,2,316x332,7,team,lee,3,3,small,high,dark,center
002_20200707_123416(0),1,0.499629,0.44094,0.031646,0.03012,9.9999879989048,0.44094,4.472820512820505,72.01282051282051,2,316x332,7,team,lee,3,3,small,mid,dark,center
002_20200707_123416(0),2,0.500469,0.540063,0.031646,0.03012,9.9999879989048,0.45993700000000004,7.466410256410256,81.25641025641026,2,316x332,7,team,lee,3,3,small,high,dark,center
002_20200708_092945(9),0,0.516801,0.470202,0.031646,0.03012,9.9999879989048,0.470202,6.4564102564102654,75.00641025641026,2,316x332,7,team,heo,3,3,small,high,dark,center
002_20200708_092945(9),1,0.527156,0.533817,0.031646,0.03012,9.9999879989048,0.466183,0.6461538461538368,77.84615384615384,2,316x332,7,team,heo,3,3,small,low,dark,center
002_20200708_092945(9),2,0.537511,0.610871,0.031646,0.03012,9.9999879989048,0.38912899999999995,1.1046153846153857,78.86538461538461,2,316x332,7,team,heo,3,3,small,low,dark,center
002_20200708_092949(9),0,0.524745,0.431653,0.031646,0.03012,9.9999879989048,0.431653,4.4269230769230745,73.32692307692308,2,316x332,7,team,heo,3,3,small,mid,dark,center
002_20200708_092949(9),1,0.531621,0.497105,0.031646,0.03012,9.9999879989048,0.468379,1.450256410256415,74.91025641025641,2,316x332,7,team,heo,3,3,small,low,dark,center
002_20200708_092949(9),2,0.540026,0.57492,0.031646,0.03012,9.9999879989048,0.42508,0.3617948717948707,76.87820512820512,2,316x332,7,team,heo,3,3,small,low,dark,center
002_20200708_092953(7),0,0.514946,0.399718,0.031646,0.03012,9.9999879989048,0.399718,2.2605128205128153,74.32051282051282,2,316x332,7,team,heo,3,3,small,low,dark,center
002_20200708_092953(7),1,0.51753,0.465299,0.031646,0.03012,9.9999879989048,0.465299,1.579743589743586,73.83974358974359,2,316x332,7,team,heo,3,3,small,low,dark,center
002_20200708_092953(7),2,0.521837,0.543997,0.031646,0.03012,9.9999879989048,0.45600300000000005,0.7520512820512835,77.78205128205128,2,316x332,7,team,heo,3,3,small,low,dark,center
002_20200708_092957(7),0,0.486077,0.391816,0.031646,0.03012,9.9999879989048,0.391816,5.257692307692309,75.8076923076923,2,316x332,7,team,heo,3,3,small,high,dark,center
002_20200708_092957(7),1,0.494428,0.465182,0.031646,0.03012,9.9999879989048,0.465182,2.636410256410258,73.25641025641026,2,316x332,7,team,heo,3,3,small,mid,dark,center
002_20200708_092957(7),2,0.509202,0.562393,0.031646,0.03012,9.9999879989048,0.43760699999999997,5.305897435897435,81.68589743589743,2,316x332,7,team,heo,3,3,small,high,dark,center
002_20200708_093001(9),0,0.476623,0.322731,0.031646,0.03012,9.9999879989048,0.322731,5.245897435897433,71.43589743589743,2,316x332,7,team,heo,3,3,small,high,dark,center
002_20200708_093001(9),1,0.476623,0.394146,0.031646,0.03012,9.9999879989048,0.394146,1.082307692307694,72.1923076923077,2,316x332,7,team,heo,3,3,small,low,dark,center
002_20200708_093001(9),2,0.483701,0.492511,0.031646,0.03012,9.9999879989048,0.483701,5.146666666666675,79.41666666666667,2,316x332,7,team,heo,3,3,small,high,dark,center
002_20200708_093005(8),0,0.474202,0.405062,0.031646,0.03012,9.9999879989048,0.405062,5.738461538461536,74.53846153846153,2,316x332,7,team,heo,3,3,small,high,dark,center
002_20200708_093005(8),1,0.480537,0.474832,0.031646,0.03012,9.9999879989048,0.474832,4.125641025641016,73.27564102564102,2,316x332,7,team,heo,3,3,small,mid,dark,center
002_20200708_093005(8),2,0.492301,0.570442,0.031646,0.03012,9.9999879989048,0.429558,5.053076923076915,81.17307692307692,2,316x332,7,team,heo,3,3,small,high,dark,center
002_20200708_123021(9),0,0.508989,0.290625,0.031646,0.03012,9.9999879989048,0.290625,5.14487179487179,71.7948717948718,2,316x332,7,team,jung,3,3,small,high,dark,center
002_20200708_123021(9),1,0.510118,0.364274,0.031646,0.03012,9.9999879989048,0.364274,2.252820512820506,71.26282051282051,2,316x332,7,team,jung,3,3,small,low,dark,center
002_20200708_123021(9),2,0.514637,0.461039,0.031646,0.03012,9.9999879989048,0.461039,4.382307692307691,76.4423076923077,2,316x332,7,team,jung,3,3,small,mid,dark,center
002_20200708_123025(7),0,0.479314,0.456834,0.031646,0.03012,9.9999879989048,0.456834,7.653333333333322,74.83333333333333,2,316x332,7,team,jung,3,3,small,high,dark,center
002_20200708_123025(7),1,0.495467,0.526719,0.031646,0.03012,9.9999879989048,0.47328099999999995,1.748717948717939,74.94871794871794,2,316x332,7,team,jung,3,3,small,low,dark,center
002_20200708_123025(7),2,0.5219,0.621764,0.031646,0.03012,9.9999879989048,0.378236,4.483589743589732,81.74358974358974,2,316x332,7,team,jung,3,3,small,mid,dark,center
002_20200708_123029(7),0,0.498845,0.384296,0.031646,0.03012,9.9999879989048,0.384296,4.648461538461532,73.78846153846153,2,316x332,7,team,jung,3,3,small,mid,dark,center
002_20200708_123029(7),1,0.501782,0.457676,0.031646,0.03012,9.9999879989048,0.457676,2.217179487179493,71.73717948717949,2,316x332,7,team,jung,3,3,small,low,dark,center
002_20200708_123029(7),2,0.517201,0.552021,0.031646,0.03012,9.9999879989048,0.447979,4.916410256410259,80.50641025641026,2,316x332,7,team,jung,3,3,small,high,dark,center
002_20200708_123034(0),0,0.522928,0.333219,0.031646,0.03012,9.9999879989048,0.333219,3.5271794871794953,68.23717948717949,2,316x332,7,team,jung,3,3,small,mid,dark,center
002_20200708_123034(0),1,0.525865,0.401707,0.031646,0.03012,9.9999879989048,0.401707,1.7958974358974302,72.93589743589743,2,316x332,7,team,jung,3,3,small,low,dark,center
002_20200708_123034(0),2,0.536144,0.479979,0.031646,0.03012,9.9999879989048,0.46385600000000005,1.3769230769230774,74.82692307692308,2,316x332,7,team,jung,3,3,small,low,dark,center
002_20200708_123037(8),0,0.522225,0.370932,0.031646,0.03012,9.9999879989048,0.370932,3.460512820512818,71.82051282051282,2,316x332,7,team,jung,3,3,small,mid,dark,center
002_20200708_123037(8),1,0.528742,0.434615,0.031646,0.03012,9.9999879989048,0.434615,2.881794871794881,73.12179487179488,2,316x332,7,team,jung,3,3,small,mid,dark,center
002_20200708_123037(8),2,0.540907,0.510704,0.031646,0.03012,9.9999879989048,0.459093,0.8002564102564094,77.91025641025641,2,316x332,7,team,jung,3,3,small,low,dark,center
002_20200708_123041(7),0,0.522781,0.475922,0.031646,0.03012,9.9999879989048,0.475922,5.229230769230767,73.26923076923077,2,316x332,7,team,jung,3,3,small,high,dark,center
002_20200708_123041(7),1,0.530124,0.540217,0.031646,0.03012,9.9999879989048,0.45978300000000005,1.0699999999999932,76.0,2,316x332,7,team,jung,3,3,small,low,dark,center
002_20200708_123041(7),2,0.539669,0.618489,0.031646,0.03012,9.9999879989048,0.38151100000000004,0.03666666666667595,77.91666666666667,2,316x332,7,team,jung,3,3,small,low,dark,center
002_20200708_163937(6),0,0.491314,0.405553,0.031646,0.03012,9.9999879989048,0.405553,7.565128205128204,73.7051282051282,2,316x332,7,team,lee,3,3,small,high,dark,center
002_20200708_163937(6),1,0.498033,0.480694,0.031646,0.03012,9.9999879989048,0.480694,3.806923076923084,70.82692307692308,2,316x332,7,team,lee,3,3,small,mid,dark,center
002_20200708_163937(6),2,0.511471,0.578219,0.031646,0.03012,9.9999879989048,0.42178099999999996,3.255897435897424,79.43589743589743,2,316x332,7,team,lee,3,3,small,mid,dark,center
002_20200708_163941(4),0,0.513835,0.35704,0.031646,0.03012,9.9999879989048,0.35704,8.180256410256405,74.16025641025641,2,316x332,7,team,lee,3,3,small,high,dark,center
002_20200708_163941(4),1,0.507375,0.431443,0.031646,0.03012,9.9999879989048,0.431443,4.117692307692309,71.3076923076923,2,316x332,7,team,lee,3,3,small,mid,dark,center
002_20200708_163941(4),2,0.504791,0.527984,0.031646,0.03012,9.9999879989048,0.472016,3.2223076923076945,80.6923076923077,2,316x332,7,team,lee,3,3,small,mid,dark,center
002_20200708_163945(4),0,0.471442,0.469511,0.031646,0.03012,9.9999879989048,0.469511,7.987948717948711,75.46794871794872,2,316x332,7,team,lee,3,3,small,high,dark,center
002_20200708_163945(4),1,0.486301,0.54084,0.031646,0.03012,9.9999879989048,0.45916,2.3020512820512806,74.78205128205128,2,316x332,7,team,lee,3,3,small,low,dark,center
002_20200708_163945(4),2,0.506974,0.635536,0.031646,0.03012,9.9999879989048,0.364464,4.232564102564098,81.8525641025641,2,316x332,7,team,lee,3,3,small,mid,dark,center
002_20200708_163949(4),0,0.532454,0.447921,0.031646,0.03012,9.9999879989048,0.447921,3.6174358974358967,73.8974358974359,2,316x332,7,team,lee,3,3,small,mid,dark,center
002_20200708_163949(4),1,0.538269,0.511871,0.031646,0.03012,9.9999879989048,0.461731,1.8541025641025755,75.31410256410257,2,316x332,7,team,lee,3,3,small,low,dark,center
002_20200708_163949(4),2,0.545375,0.590579,0.031646,0.03012,9.9999879989048,0.40942100000000003,0.22589743589743705,77.56410256410257,2,316x332,7,team,lee,3,3,small,low,dark,center
002_20200708_163953(3),0,0.519869,0.451657,0.031646,0.03012,9.9999879989048,0.451657,5.555897435897435,74.43589743589743,2,316x332,7,team,lee,3,3,small,high,dark,center
002_20200708_163953(3),1,0.519029,0.520404,0.031646,0.03012,9.9999879989048,0.479596,0.43051282051281703,74.57051282051282,2,316x332,7,team,lee,3,3,small,low,dark,center
002_20200708_163953(3),2,0.51651,0.597144,0.031646,0.03012,9.9999879989048,0.402856,0.8238461538461621,78.40384615384616,2,316x332,7,team,lee,3,3,small,low,dark,center
002_20200708_163957(5),0,0.521187,0.408895,0.031646,0.03012,9.9999879989048,0.408895,2.2553846153846138,74.11538461538461,2,316x332,7,team,lee,3,3,small,low,dark,center
002_20200708_163957(5),1,0.525063,0.47469,0.031646,0.03012,9.9999879989048,0.47469,2.4471794871794827,72.23717948717949,2,316x332,7,team,lee,3,3,small,mid,dark,center
002_20200708_163957(5),2,0.539276,0.553398,0.031646,0.03012,9.9999879989048,0.44660200000000005,1.036666666666676,77.91666666666667,2,316x332,7,team,lee,3,3,small,low,dark,center
002_20200708_203125(0),0,0.50641,0.443099,0.031646,0.03012,9.9999879989048,0.443099,5.72948717948718,73.92948717948718,2,316x332,7,team,heo,3,3,small,high,dark,center
002_20200708_203125(0),1,0.510433,0.5151,0.031646,0.03012,9.9999879989048,0.4849,1.9151282051281981,73.7051282051282,2,316x332,7,team,heo,3,3,small,low,dark,center
002_20200708_203125(0),2,0.516871,0.614677,0.031646,0.03012,9.9999879989048,0.38532299999999997,6.378205128205124,83.62820512820512,2,316x332,7,team,heo,3,3,small,high,dark,center
002_20200708_203128(9),0,0.493608,0.450383,0.031646,0.03012,9.9999879989048,0.450383,5.818717948717946,74.19871794871794,2,316x332,7,team,heo,3,3,small,high,dark,center
002_20200708_203128(9),1,0.500102,0.521033,0.031646,0.03012,9.9999879989048,0.47896700000000003,1.3456410256410152,73.77564102564102,2,316x332,7,team,heo,3,3,small,low,dark,center
002_20200708_203128(9),2,0.506597,0.620825,0.031646,0.03012,9.9999879989048,0.37917500000000004,4.669487179487177,82.92948717948718,2,316x332,7,team,heo,3,3,small,mid,dark,center
002_20200708_203132(7),0,0.485782,0.437263,0.031646,0.03012,9.9999879989048,0.437263,6.501025641025635,74.89102564102564,2,316x332,7,team,heo,3,3,small,high,dark,center
002_20200708_203132(7),1,0.502943,0.504826,0.031646,0.03012,9.9999879989048,0.495174,2.039743589743594,73.33974358974359,2,316x332,7,team,heo,3,3,small,low,dark,center
002_20200708_203132(7),2,0.525564,0.599859,0.031646,0.03012,9.9999879989048,0.40014099999999997,4.14820512820512,82.12820512820512,2,316x332,7,team,heo,3,3,small,mid,dark,center
002_20200708_203136(7),0,0.48942,0.428964,0.031646,0.03012,9.9999879989048,0.428964,7.370512820512815,75.07051282051282,2,316x332,7,team,heo,3,3,small,high,dark,center
002_20200708_203136(7),1,0.499801,0.499981,0.031646,0.03012,9.9999879989048,0.499801,1.4338461538461615,73.65384615384616,2,316x332,7,team,heo,3,3,small,low,dark,center
002_20200708_203136(7),2,0.514724,0.59817,0.031646,0.03012,9.9999879989048,0.40183,3.1356410256410214,83.77564102564102,2,316x332,7,team,heo,3,3,small,mid,dark,center
002_20200708_203140(7),0,0.498356,0.450033,0.031646,0.03012,9.9999879989048,0.450033,7.74179487179488,74.62179487179488,2,316x332,7,team,heo,3,3,small,high,dark,center
002_20200708_203140(7),1,0.505818,0.521841,0.031646,0.03012,9.9999879989048,0.478159,1.1887179487179367,74.19871794871794,2,316x332,7,team,heo,3,3,small,low,dark,center
002_20200708_203140(7),2,0.514108,0.622057,0.031646,0.03012,9.9999879989048,0.37794300000000003,4.7025641025640965,82.6025641025641,2,316x332,7,team,heo,3,3,small,mid,dark,center
002_20200708_203144(7),0,0.472112,0.448819,0.031646,0.03012,9.9999879989048,0.448819,6.65384615384616,74.65384615384616,2,316x332,7,team,heo,3,3,small,high,dark,center
002_20200708_203144(7),1,0.479016,0.520595,0.031646,0.03012,9.9999879989048,0.479016,1.3448717948717928,73.7948717948718,2,316x332,7,team,heo,3,3,small,low,dark,center
002_20200708_203144(7),2,0.486984,0.620211,0.031646,0.03012,9.9999879989048,0.37978900000000004,3.2805128205128113,82.57051282051282,2,316x332,7,team,heo,3,3,small,mid,dark,center
002_20200713_091056(8),0,0.454243,0.414175,0.031646,0.03012,9.9999879989048,0.414175,6.286923076923074,73.82692307692308,2,316x332,7,team,jung,3,3,small,high,dark,center
002_20200713_091056(8),1,0.472658,0.480391,0.031646,0.03012,9.9999879989048,0.472658,3.621025641025639,70.64102564102564,2,316x332,7,team,jung,3,3,small,mid,dark,center
002_20200713_091056(8),2,0.500622,0.575819,0.031646,0.03012,9.9999879989048,0.42418100000000003,5.697948717948719,80.96794871794872,2,316x332,7,team,jung,3,3,small,high,dark,center
002_20200713_091100(5),0,0.485041,0.434888,0.031646,0.03012,9.9999879989048,0.434888,7.490512820512819,73.82051282051282,2,316x332,7,team,jung,3,3,small,high,dark,center
002_20200713_091100(5),1,0.490915,0.501978,0.031646,0.03012,9.9999879989048,0.490915,2.6458974358974245,71.93589743589743,2,316x332,7,team,jung,3,3,small,mid,dark,center
002_20200713_091100(5),2,0.504866,0.600517,0.031646,0.03012,9.9999879989048,0.39948300000000003,4.7464102564102575,83.00641025641026,2,316x332,7,team,jung,3,3,small,mid,dark,center
002_20200713_091103(8),0,0.477648,0.452145,0.031646,0.03012,9.9999879989048,0.452145,6.036923076923074,72.32692307692308,2,316x332,7,team,jung,3,3,small,high,dark,center
002_20200713_091103(8),1,0.484425,0.518805,0.031646,0.03012,9.9999879989048,0.48119500000000004,1.0235897435897385,73.24358974358974,2,316x332,7,team,jung,3,3,small,low,dark,center
002_20200713_091103(8),2,0.489509,0.619333,0.031646,0.03012,9.9999879989048,0.380667,4.866410256410262,84.25641025641026,2,316x332,7,team,jung,3,3,small,high,dark,center
002_20200713_091106(9),0,0.475979,0.435987,0.031646,0.03012,9.9999879989048,0.435987,9.402820512820512,75.51282051282051,2,316x332,7,team,jung,3,3,small,high,dark,center
002_20200713_091106(9),1,0.485537,0.503391,0.031646,0.03012,9.9999879989048,0.485537,2.601025641025629,72.64102564102564,2,316x332,7,team,jung,3,3,small,mid,dark,center
002_20200713_091106(9),2,0.499633,0.603334,0.031646,0.03012,9.9999879989048,0.39666599999999996,5.767435897435902,83.8974358974359,2,316x332,7,team,jung,3,3,small,high,dark,center
002_20200713_091109(9),0,0.501827,0.451825,0.031646,0.03012,9.9999879989048,0.451825,6.256410256410263,73.00641025641026,2,316x332,7,team,jung,3,3,small,high,dark,center
002_20200713_091109(9),1,0.505216,0.518485,0.031646,0.03012,9.9999879989048,0.481515,1.8717948717948758,72.87179487179488,2,316x332,7,team,jung,3,3,small,low,dark,center
002_20200713_091109(9),2,0.510299,0.618475,0.031646,0.03012,9.9999879989048,0.381525,5.116153846153836,83.34615384615384,2,316x332,7,team,jung,3,3,small,high,dark,center
002_20200713_091112(5),0,0.497026,0.458558,0.031646,0.03012,9.9999879989048,0.458558,6.652564102564099,72.6025641025641,2,316x332,7,team,jung,3,3,small,high,dark,center
002_20200713_091112(5),1,0.500415,0.526831,0.031646,0.03012,9.9999879989048,0.47316899999999995,2.048717948717936,73.44871794871794,2,316x332,7,team,jung,3,3,small,low,dark,center
002_20200713_091112(5),2,0.505498,0.625747,0.031646,0.03012,9.9999879989048,0.37425299999999995,5.079743589743586,83.83974358974359,2,316x332,7,team,jung,3,3,small,high,dark,center
002_20200713_123358(8),0,0.467553,0.444781,0.031646,0.03012,9.9999879989048,0.444781,5.747435897435892,74.3974358974359,2,316x332,7,team,lee,3,3,small,high,dark,center
002_20200713_123358(8),1,0.476597,0.51734,0.031646,0.03012,9.9999879989048,0.476597,0.9558974358974268,76.18589743589743,2,316x332,7,team,lee,3,3,small,low,dark,center
002_20200713_123358(8),2,0.483058,0.614495,0.031646,0.03012,9.9999879989048,0.385505,4.062307692307698,84.9423076923077,2,316x332,7,team,lee,3,3,small,mid,dark,center
002_20200713_123403(4),0,0.484356,0.450231,0.031646,0.03012,9.9999879989048,0.450231,6.252564102564108,75.6025641025641,2,316x332,7,team,lee,3,3,small,high,dark,center
002_20200713_123403(4),1,0.491463,0.523405,0.031646,0.03012,9.9999879989048,0.476595,1.304102564102564,76.31410256410257,2,316x332,7,team,lee,3,3,small,low,dark,center
002_20200713_123403(4),2,0.498569,0.619945,0.031646,0.03012,9.9999879989048,0.38005500000000003,3.8174358974358995,84.3974358974359,2,316x332,7,team,lee,3,3,small,mid,dark,center
002_20200713_123408(0),0,0.502458,0.449685,0.031646,0.03012,9.9999879989048,0.449685,5.763333333333335,75.83333333333333,2,316x332,7,team,lee,3,3,small,high,dark,center
002_20200713_123408(0),1,0.509565,0.520399,0.031646,0.03012,9.9999879989048,0.47960100000000006,0.963333333333324,76.08333333333333,2,316x332,7,team,lee,3,3,small,low,dark,center
002_20200713_123408(0),2,0.520548,0.618784,0.031646,0.03012,9.9999879989048,0.381216,3.0289743589743665,83.35897435897436,2,316x332,7,team,lee,3,3,small,mid,dark,center
002_20200713_123412(4),0,0.4788,0.449474,0.031646,0.03012,9.9999879989048,0.449474,10.774358974358975,78.47435897435898,2,316x332,7,team,lee,3,3,small,high,dark,center
002_20200713_123412(4),1,0.487199,0.522217,0.031646,0.03012,9.9999879989048,0.47778299999999996,1.8697435897435923,75.33974358974359,2,316x332,7,team,lee,3,3,small,low,dark,center
002_20200713_123412(4),2,0.496437,0.613347,0.031646,0.03012,9.9999879989048,0.386653,5.123333333333335,83.08333333333333,2,316x332,7,team,lee,3,3,small,high,dark,center
002_20200713_123416(9),0,0.481281,0.445357,0.031646,0.03012,9.9999879989048,0.445357,9.855897435897433,78.18589743589743,2,316x332,7,team,lee,3,3,small,high,dark,center
002_20200713_123416(9),1,0.490326,0.516071,0.031646,0.03012,9.9999879989048,0.48392900000000005,2.1094871794871892,75.92948717948718,2,316x332,7,team,lee,3,3,small,low,dark,center
002_20200713_123416(9),2,0.49937,0.615071,0.031646,0.03012,9.9999879989048,0.38492899999999997,4.5148717948717945,83.7948717948718,2,316x332,7,team,lee,3,3,small,mid,dark,center
002_20200713_123421(4),0,0.484201,0.447979,0.031646,0.03012,9.9999879989048,0.447979,6.499230769230778,75.51923076923077,2,316x332,7,team,lee,3,3,small,high,dark,center
002_20200713_123421(4),1,0.491954,0.518078,0.031646,0.03012,9.9999879989048,0.48192199999999996,1.9184615384615284,75.03846153846153,2,316x332,7,team,lee,3,3,small,low,dark,center
002_20200713_123421(4),2,0.49906,0.614004,0.031646,0.03012,9.9999879989048,0.385996,4.734871794871793,82.7948717948718,2,316x332,7,team,lee,3,3,small,mid,dark,center
002_20200713_163753(9),0,0.489989,0.449383,0.031646,0.03012,9.9999879989048,0.449383,5.184871794871796,74.2948717948718,2,316x332,7,team,heo,3,3,small,high,dark,center
002_20200713_163753(9),1,0.494862,0.517416,0.031646,0.03012,9.9999879989048,0.482584,2.134871794871799,73.5448717948718,2,316x332,7,team,heo,3,3,small,low,dark,center
002_20200713_163753(9),2,0.502985,0.617147,0.031646,0.03012,9.9999879989048,0.382853,5.109230769230777,82.26923076923077,2,316x332,7,team,heo,3,3,small,high,dark,center
002_20200713_163814(8),0,0.494793,0.441256,0.031646,0.03012,9.9999879989048,0.441256,9.503076923076918,76.67307692307692,2,316x332,7,team,heo,3,3,small,high,dark,center
002_20200713_163814(8),1,0.501309,0.51102,0.031646,0.03012,9.9999879989048,0.48897999999999997,1.5933333333333337,73.08333333333333,2,316x332,7,team,heo,3,3,small,low,dark,center
002_20200713_163814(8),2,0.506195,0.61334,0.031646,0.03012,9.9999879989048,0.38666,6.091794871794875,84.37179487179488,2,316x332,7,team,heo,3,3,small,high,dark,center
002_20200713_163819(2),0,0.481989,0.441143,0.031646,0.03012,9.9999879989048,0.441143,8.832564102564106,77.1025641025641,2,316x332,7,team,heo,3,3,small,high,dark,center
002_20200713_163819(2),1,0.490874,0.513023,0.031646,0.03012,9.9999879989048,0.486977,1.6099999999999994,74.0,2,316x332,7,team,heo,3,3,small,low,dark,center
002_20200713_163819(2),2,0.50272,0.610271,0.031646,0.03012,9.9999879989048,0.389729,4.5661538461538385,84.34615384615384,2,316x332,7,team,heo,3,3,small,mid,dark,center
002_20200713_163823(7),0,0.495869,0.451719,0.031646,0.03012,9.9999879989048,0.451719,3.8953846153846143,74.61538461538461,2,316x332,7,team,heo,3,3,small,mid,dark,center
002_20200713_163823(7),1,0.500889,0.517808,0.031646,0.03012,9.9999879989048,0.48219199999999995,1.6312820512820565,74.55128205128206,2,316x332,7,team,heo,3,3,small,low,dark,center
002_20200713_163823(7),2,0.505908,0.620523,0.031646,0.03012,9.9999879989048,0.37947699999999995,5.796666666666667,83.66666666666667,2,316x332,7,team,heo,3,3,small,high,dark,center
002_20200713_163828(2),0,0.476883,0.447741,0.031646,0.03012,9.9999879989048,0.447741,3.757179487179485,73.73717948717949,2,316x332,7,team,heo,3,3,small,mid,dark,center
002_20200713_163828(2),1,0.481264,0.515292,0.031646,0.03012,9.9999879989048,0.481264,2.1117948717948707,73.87179487179488,2,316x332,7,team,heo,3,3,small,low,dark,center
002_20200713_163828(2),2,0.490902,0.617036,0.031646,0.03012,9.9999879989048,0.38296399999999997,4.913589743589739,82.74358974358974,2,316x332,7,team,heo,3,3,small,high,dark,center
002_20200713_163832(8),0,0.481084,0.448783,0.031646,0.03012,9.9999879989048,0.448783,4.4325641025641005,74.3525641025641,2,316x332,7,team,heo,3,3,small,mid,dark,center
002_20200713_163832(8),1,0.485755,0.513689,0.031646,0.03012,9.9999879989048,0.485755,2.7405128205128193,74.57051282051282,2,316x332,7,team,heo,3,3,small,mid,dark,center
002_20200713_163832(8),2,0.49603,0.616828,0.031646,0.03012,9.9999879989048,0.38317199999999996,4.0476923076923015,82.0576923076923,2,316x332,7,team,heo,3,3,small,mid,dark,center
002_20200713_202718(1),0,0.51615,0.404845,0.031646,0.03012,9.9999879989048,0.404845,4.090000000000003,77.5,2,316x332,7,team,jung,3,3,small,mid,dark,center
002_20200713_202718(1),1,0.495817,0.544617,0.031646,0.03012,9.9999879989048,0.455383,0.4256410256410277,82.52564102564102,2,316x332,7,team,jung,3,3,small,low,dark,center
002_20200713_202718(1),2,0.505419,0.46828,0.031646,0.03012,9.9999879989048,0.46828,1.4558974358974268,74.68589743589743,2,316x332,7,team,jung,3,3,small,low,dark,center
002_20200713_202722(5),0,0.514067,0.481576,0.031646,0.03012,9.9999879989048,0.481576,7.094871794871793,78.2948717948718,2,316x332,7,team,jung,3,3,small,high,dark,center
002_20200713_202722(5),1,0.523528,0.545853,0.031646,0.03012,9.9999879989048,0.45414699999999997,1.9553846153846166,77.36538461538461,2,316x332,7,team,jung,3,3,small,low,dark,center
002_20200713_202722(5),2,0.535693,0.624423,0.031646,0.03012,9.9999879989048,0.37557700000000005,0.14589743589742454,81.81410256410257,2,316x332,7,team,jung,3,3,small,low,dark,center
002_20200713_202726(9),0,0.523509,0.4672,0.031646,0.03012,9.9999879989048,0.4672,4.467948717948715,76.46794871794872,2,316x332,7,team,jung,3,3,small,mid,dark,center
002_20200713_202726(9),1,0.52657,0.532207,0.031646,0.03012,9.9999879989048,0.467793,1.4535897435897311,77.99358974358974,2,316x332,7,team,jung,3,3,small,low,dark,center
002_20200713_202726(9),2,0.53439,0.609123,0.031646,0.03012,9.9999879989048,0.39087700000000003,0.5687179487179463,81.80128205128206,2,316x332,7,team,jung,3,3,small,low,dark,center
002_20200713_202731(4),0,0.524701,0.366094,0.031646,0.03012,9.9999879989048,0.366094,6.057179487179482,77.73717948717949,2,316x332,7,team,jung,3,3,small,high,dark,center
002_20200713_202731(4),1,0.505498,0.435442,0.031646,0.03012,9.9999879989048,0.435442,2.7935897435897346,74.74358974358974,2,316x332,7,team,jung,3,3,small,mid,dark,center
002_20200713_202731(4),2,0.485165,0.53167,0.031646,0.03012,9.9999879989048,0.46833,5.152051282051289,85.28205128205128,2,316x332,7,team,jung,3,3,small,high,dark,center
002_20200713_202735(9),0,0.474676,0.447768,0.031646,0.03012,9.9999879989048,0.447768,5.5943589743589826,76.47435897435898,2,316x332,7,team,jung,3,3,small,high,dark,center
002_20200713_202735(9),1,0.477717,0.522616,0.031646,0.03012,9.9999879989048,0.47738400000000003,1.764102564102572,78.06410256410257,2,316x332,7,team,jung,3,3,small,low,dark,center
002_20200713_202735(9),2,0.480324,0.621449,0.031646,0.03012,9.9999879989048,0.37855099999999997,4.36897435897437,84.85897435897436,2,316x332,7,team,jung,3,3,small,mid,dark,center
002_20200713_202743(4),0,0.493191,0.395309,0.031646,0.03012,9.9999879989048,0.395309,4.586666666666673,77.91666666666667,2,316x332,7,team,jung,3,3,small,mid,dark,center
002_20200713_202743(4),1,0.48952,0.466592,0.031646,0.03012,9.9999879989048,0.466592,1.9994871794871756,73.92948717948718,2,316x332,7,team,jung,3,3,small,low,dark,center
002_20200713_202743(4),2,0.487317,0.56583,0.031646,0.03012,9.9999879989048,0.43416999999999994,5.773846153846165,85.40384615384616,2,316x332,7,team,jung,3,3,small,high,dark,center
002_20200714_002857(2),0,0.510327,0.356585,0.031646,0.03012,9.9999879989048,0.356585,4.34615384615384,71.34615384615384,2,316x332,7,team,lee,3,3,small,mid,dark,center
002_20200714_002857(2),1,0.51485,0.42484,0.031646,0.03012,9.9999879989048,0.42484,2.4792307692307674,72.76923076923077,2,316x332,7,team,lee,3,3,small,mid,dark,center
002_20200714_002857(2),2,0.523894,0.500473,0.031646,0.03012,9.9999879989048,0.47610600000000003,0.07923076923077588,77.01923076923077,2,316x332,7,team,lee,3,3,small,low,dark,center
002_20200714_002901(5),0,0.514352,0.431186,0.031646,0.03012,9.9999879989048,0.431186,3.216153846153844,73.09615384615384,2,316x332,7,team,lee,3,3,small,mid,dark,center
002_20200714_002901(5),1,0.51952,0.496981,0.031646,0.03012,9.9999879989048,0.48048,1.9307692307692292,73.98076923076923,2,316x332,7,team,lee,3,3,small,low,dark,center
002_20200714_002901(5),2,0.529857,0.571385,0.031646,0.03012,9.9999879989048,0.42861499999999997,0.18128205128205366,76.80128205128206,2,316x332,7,team,lee,3,3,small,low,dark,center
002_20200714_002904(6),0,0.519598,0.374011,0.031646,0.03012,9.9999879989048,0.374011,3.198717948717942,72.19871794871794,2,316x332,7,team,lee,3,3,small,mid,dark,center
002_20200714_002904(6),1,0.528642,0.434887,0.031646,0.03012,9.9999879989048,0.434887,3.7453846153846087,75.11538461538461,2,316x332,7,team,lee,3,3,small,mid,dark,center
002_20200714_002904(6),2,0.542209,0.515439,0.031646,0.03012,9.9999879989048,0.45779099999999995,0.2848717948717905,78.2051282051282,2,316x332,7,team,lee,3,3,small,low,dark,center
002_20200714_002907(5),0,0.477037,0.43335,0.031646,0.03012,9.9999879989048,0.43335,7.522820512820516,78.51282051282051,2,316x332,7,team,lee,3,3,small,high,dark,center
002_20200714_002907(5),1,0.487955,0.502896,0.031646,0.03012,9.9999879989048,0.487955,2.776923076923083,77.32692307692308,2,316x332,7,team,lee,3,3,small,mid,dark,center
002_20200714_002907(5),2,0.501392,0.605217,0.031646,0.03012,9.9999879989048,0.394783,7.697692307692307,84.3076923076923,2,316x332,7,team,lee,3,3,small,high,dark,center
002_20200714_002910(7),0,0.50366,0.40036,0.031646,0.03012,9.9999879989048,0.40036,6.056666666666672,77.41666666666667,2,316x332,7,team,lee,3,3,small,high,dark,center
002_20200714_002910(7),1,0.507019,0.471505,0.031646,0.03012,9.9999879989048,0.471505,4.3358974358974365,74.93589743589743,2,316x332,7,team,lee,3,3,small,mid,dark,center
002_20200714_002910(7),2,0.519617,0.569829,0.031646,0.03012,9.9999879989048,0.43017099999999997,5.064102564102569,82.06410256410257,2,316x332,7,team,lee,3,3,small,high,dark,center
002_20200714_002915(0),0,0.507607,0.393256,0.031646,0.03012,9.9999879989048,0.393256,7.924871794871791,79.2948717948718,2,316x332,7,team,lee,3,3,small,high,dark,center
002_20200714_002915(0),1,0.507607,0.466799,0.031646,0.03012,9.9999879989048,0.466799,3.907435897435903,75.1474358974359,2,316x332,7,team,lee,3,3,small,mid,dark,center
002_20200714_002915(0),2,0.509287,0.562724,0.031646,0.03012,9.9999879989048,0.437276,5.955641025641029,82.27564102564102,2,316x332,7,team,lee,3,3,small,high,dark,center
002_20200714_043014(3),0,0.490368,0.348254,0.031646,0.03012,9.9999879989048,0.348254,6.706666666666678,76.16666666666667,2,316x332,7,team,heo,3,3,small,high,dark,center
002_20200714_043014(3),1,0.493439,0.422054,0.031646,0.03012,9.9999879989048,0.422054,2.2930769230769243,76.17307692307692,2,316x332,7,team,heo,3,3,small,low,dark,center
002_20200714_043014(3),2,0.498045,0.517775,0.031646,0.03012,9.9999879989048,0.482225,5.163589743589739,81.74358974358974,2,316x332,7,team,heo,3,3,small,high,dark,center
002_20200714_043020(0),0,0.483021,0.404072,0.031646,0.03012,9.9999879989048,0.404072,4.995128205128211,77.4551282051282,2,316x332,7,team,heo,3,3,small,high,dark,center
002_20200714_043020(0),1,0.492572,0.478749,0.031646,0.03012,9.9999879989048,0.478749,1.6171794871794845,74.98717948717949,2,316x332,7,team,heo,3,3,small,low,dark,center
002_20200714_043020(0),2,0.506899,0.574855,0.031646,0.03012,9.9999879989048,0.425145,5.0289743589743665,80.60897435897436,2,316x332,7,team,heo,3,3,small,high,dark,center
002_20200714_043024(4),0,0.500669,0.412502,0.031646,0.03012,9.9999879989048,0.412502,5.2535897435897425,75.49358974358974,2,316x332,7,team,heo,3,3,small,high,dark,center
002_20200714_043024(4),1,0.507724,0.483012,0.031646,0.03012,9.9999879989048,0.483012,3.7238461538461536,73.90384615384616,2,316x332,7,team,heo,3,3,small,mid,dark,center
002_20200714_043024(4),2,0.523246,0.578368,0.031646,0.03012,9.9999879989048,0.421632,4.838205128205118,80.62820512820512,2,316x332,7,team,heo,3,3,small,mid,dark,center
002_20200714_043029(1),0,0.53101,0.423376,0.031646,0.03012,9.9999879989048,0.423376,3.8543589743589735,75.47435897435898,2,316x332,7,team,heo,3,3,small,mid,dark,center
002_20200714_043029(1),1,0.540851,0.489526,0.031646,0.03012,9.9999879989048,0.45914900000000003,1.512820512820511,76.26282051282051,2,316x332,7,team,heo,3,3,small,low,dark,center
002_20200714_043029(1),2,0.553767,0.567384,0.031646,0.03012,9.9999879989048,0.432616,1.4410256410256324,78.64102564102564,2,316x332,7,team,heo,3,3,small,low,dark,center
002_20200714_043033(4),0,0.516581,0.491276,0.031646,0.03012,9.9999879989048,0.48341900000000004,4.708461538461535,77.28846153846153,2,316x332,7,team,heo,3,3,small,mid,dark,center
002_20200714_043033(4),1,0.524537,0.551859,0.031646,0.03012,9.9999879989048,0.448141,1.4574358974359,77.6474358974359,2,316x332,7,team,heo,3,3,small,low,dark,center
002_20200714_043033(4),2,0.537268,0.632132,0.031646,0.03012,9.9999879989048,0.367868,0.9628205128205138,79.76282051282051,2,316x332,7,team,heo,3,3,small,low,dark,center
002_20200714_043037(9),0,0.55801,0.599952,0.031646,0.03012,9.9999879989048,0.40004799999999996,0.23128205128206503,77.94871794871794,2,316x332,7,team,heo,3,3,small,low,dark,center
002_20200714_043037(9),1,0.546619,0.524777,0.031646,0.03012,9.9999879989048,0.45338100000000003,0.11051282051282385,76.57051282051282,2,316x332,7,team,heo,3,3,small,low,dark,center
002_20200714_043037(9),2,0.538265,0.462613,0.031646,0.03012,9.9999879989048,0.461735,4.588205128205118,74.87820512820512,2,316x332,7,team,heo,3,3,small,mid,dark,center
002_20200714_230002(9),0,0.520872,0.400347,0.031646,0.03012,9.9999879989048,0.400347,2.4879487179487114,76.96794871794872,2,316x332,7,team,jung,3,3,small,mid,dark,center
002_20200714_230002(9),1,0.526012,0.46604,0.031646,0.03012,9.9999879989048,0.46604,2.288205128205121,73.62820512820512,2,316x332,7,team,jung,3,3,small,low,dark,center
002_20200714_230002(9),2,0.537025,0.542215,0.031646,0.03012,9.9999879989048,0.457785,0.8456410256410152,80.47435897435898,2,316x332,7,team,jung,3,3,small,low,dark,center
002_20200714_230006(3),0,0.526396,0.340828,0.031646,0.03012,9.9999879989048,0.340828,5.095128205128205,73.2051282051282,2,316x332,7,team,jung,3,3,small,high,dark,center
002_20200714_230006(3),1,0.535997,0.408025,0.031646,0.03012,9.9999879989048,0.408025,2.170256410256414,74.41025641025641,2,316x332,7,team,jung,3,3,small,low,dark,center
002_20200714_230006(3),2,0.548988,0.485437,0.031646,0.03012,9.9999879989048,0.45101199999999997,2.6297435897435975,78.58974358974359,2,316x332,7,team,jung,3,3,small,mid,dark,center
002_20200714_230010(7),0,0.51397,0.33814,0.031646,0.03012,9.9999879989048,0.33814,6.445641025641024,74.27564102564102,2,316x332,7,team,jung,3,3,small,high,dark,center
002_20200714_230010(7),1,0.518489,0.40265,0.031646,0.03012,9.9999879989048,0.40265,1.1048717948717979,76.5448717948718,2,316x332,7,team,jung,3,3,small,low,dark,center
002_20200714_230010(7),2,0.526396,0.481674,0.031646,0.03012,9.9999879989048,0.473604,1.3471794871794884,81.48717948717949,2,316x332,7,team,jung,3,3,small,low,dark,center
002_20200714_230014(1),0,0.486069,0.429825,0.031646,0.03012,9.9999879989048,0.429825,6.999743589743588,76.08974358974359,2,316x332,7,team,jung,3,3,small,high,dark,center
002_20200714_230014(1),1,0.501601,0.497561,0.031646,0.03012,9.9999879989048,0.497561,2.8005128205128216,75.57051282051282,2,316x332,7,team,jung,3,3,small,mid,dark,center
002_20200714_230014(1),2,0.524137,0.594567,0.031646,0.03012,9.9999879989048,0.40543300000000004,4.322820512820513,83.01282051282051,2,316x332,7,team,jung,3,3,small,mid,dark,center
002_20200714_230017(3),0,0.50604,0.423077,0.031646,0.03012,9.9999879989048,0.423077,7.496923076923082,76.32692307692308,2,316x332,7,team,jung,3,3,small,high,dark,center
002_20200714_230017(3),1,0.496665,0.496941,0.031646,0.03012,9.9999879989048,0.496665,2.9935897435897374,75.49358974358974,2,316x332,7,team,jung,3,3,small,mid,dark,center
002_20200714_230017(3),2,0.488554,0.591341,0.031646,0.03012,9.9999879989048,0.408659,6.276923076923083,83.57692307692308,2,316x332,7,team,jung,3,3,small,high,dark,center
002_20200714_230020(6),0,0.459314,0.414527,0.031646,0.03012,9.9999879989048,0.414527,8.336666666666673,78.16666666666667,2,316x332,7,team,jung,3,3,small,high,dark,center
002_20200714_230020(6),1,0.469481,0.483875,0.031646,0.03012,9.9999879989048,0.469481,4.579999999999998,74.75,2,316x332,7,team,jung,3,3,small,mid,dark,center
002_20200714_230020(6),2,0.490943,0.581178,0.031646,0.03012,9.9999879989048,0.418822,5.191794871794869,82.87179487179488,2,316x332,7,team,jung,3,3,small,high,dark,center
002_20200715_002706(2),0,0.510631,0.436894,0.031646,0.03012,9.9999879989048,0.436894,2.990256410256407,72.91025641025641,2,316x332,7,team,lee,3,3,small,mid,dark,center
002_20200715_002706(2),1,0.509791,0.362552,0.031646,0.03012,9.9999879989048,0.362552,6.134102564102562,74.31410256410257,2,316x332,7,team,lee,3,3,small,high,dark,center
002_20200715_002706(2),2,0.51651,0.534418,0.031646,0.03012,9.9999879989048,0.46558200000000005,6.404615384615383,82.88461538461539,2,316x332,7,team,lee,3,3,small,high,dark,center
002_20200715_002710(7),0,0.496689,0.409497,0.031646,0.03012,9.9999879989048,0.409497,4.2320512820512874,75.03205128205128,2,316x332,7,team,lee,3,3,small,mid,dark,center
002_20200715_002710(7),1,0.503408,0.483839,0.031646,0.03012,9.9999879989048,0.483839,2.8435897435897317,73.99358974358974,2,316x332,7,team,lee,3,3,small,mid,dark,center
002_20200715_002710(7),2,0.520205,0.575767,0.031646,0.03012,9.9999879989048,0.42423299999999997,4.494615384615386,82.63461538461539,2,316x332,7,team,lee,3,3,small,mid,dark,center
002_20200715_002715(0),0,0.49207,0.373535,0.031646,0.03012,9.9999879989048,0.373535,8.350769230769231,75.23076923076923,2,316x332,7,team,lee,3,3,small,high,dark,center
002_20200715_002715(0),1,0.499629,0.447878,0.031646,0.03012,9.9999879989048,0.447878,1.3823076923076911,72.4423076923077,2,316x332,7,team,lee,3,3,small,low,dark,center
002_20200715_002715(0),2,0.508867,0.544602,0.031646,0.03012,9.9999879989048,0.45539799999999997,4.6241025641025715,82.56410256410257,2,316x332,7,team,lee,3,3,small,mid,dark,center
002_20200715_002719(6),0,0.503098,0.442459,0.031646,0.03012,9.9999879989048,0.442459,4.142307692307696,79.6923076923077,2,316x332,7,team,lee,3,3,small,mid,dark,center
002_20200715_002719(6),1,0.508266,0.511328,0.031646,0.03012,9.9999879989048,0.488672,1.6464102564102632,80.75641025641026,2,316x332,7,team,lee,3,3,small,low,dark,center
002_20200715_002719(6),2,0.519895,0.586962,0.031646,0.03012,9.9999879989048,0.413038,1.5164102564102677,81.25641025641026,2,316x332,7,team,lee,3,3,small,low,dark,center
002_20200715_002728(6),0,0.53416,0.430325,0.031646,0.03012,9.9999879989048,0.430325,4.893333333333331,78.58333333333333,2,316x332,7,team,lee,3,3,small,high,dark,center
002_20200715_002728(6),1,0.542558,0.495505,0.031646,0.03012,9.9999879989048,0.457442,1.7284615384615307,77.03846153846153,2,316x332,7,team,lee,3,3,small,low,dark,center
002_20200715_002728(6),2,0.552249,0.571753,0.031646,0.03012,9.9999879989048,0.42824700000000004,1.024102564102563,81.31410256410257,2,316x332,7,team,lee,3,3,small,low,dark,center
002_20200715_002733(1),0,0.517074,0.415483,0.031646,0.03012,9.9999879989048,0.415483,4.269230769230774,77.01923076923077,2,316x332,7,team,lee,3,3,small,mid,dark,center
002_20200715_002733(1),1,0.52105,0.480285,0.031646,0.03012,9.9999879989048,0.47895,3.2733333333333263,76.08333333333333,2,316x332,7,team,lee,3,3,small,mid,dark,center
002_20200715_002733(1),2,0.529995,0.558331,0.031646,0.03012,9.9999879989048,0.441669,1.2507692307692224,80.23076923076923,2,316x332,7,team,lee,3,3,small,low,dark,center
002_20200715_042403(8),0,0.537475,0.407708,0.031646,0.03012,9.9999879989048,0.407708,3.3189743589743586,77.10897435897436,2,316x332,7,team,heo,3,3,small,mid,dark,center
002_20200715_042403(8),1,0.542361,0.472817,0.031646,0.03012,9.9999879989048,0.457639,2.4212820512820628,75.05128205128206,2,316x332,7,team,heo,3,3,small,mid,dark,center
002_20200715_042403(8),2,0.54969,0.550328,0.031646,0.03012,9.9999879989048,0.44967199999999996,0.32538461538460695,79.86538461538461,2,316x332,7,team,heo,3,3,small,low,dark,center
002_20200715_042408(4),0,0.516311,0.471315,0.031646,0.03012,9.9999879989048,0.471315,5.377948717948712,76.71794871794872,2,316x332,7,team,heo,3,3,small,high,dark,center
002_20200715_042408(4),1,0.523041,0.537508,0.031646,0.03012,9.9999879989048,0.462492,0.8130769230769204,77.67307692307692,2,316x332,7,team,heo,3,3,small,low,dark,center
002_20200715_042408(4),2,0.532762,0.614377,0.031646,0.03012,9.9999879989048,0.38562300000000005,0.29358974358973455,81.49358974358974,2,316x332,7,team,heo,3,3,small,low,dark,center
002_20200715_042412(9),0,0.516085,0.50712,0.031646,0.03012,9.9999879989048,0.483915,5.500769230769222,79.73076923076923,2,316x332,7,team,heo,3,3,small,high,dark,center
002_20200715_042412(9),1,0.521321,0.572621,0.031646,0.03012,9.9999879989048,0.42737899999999995,1.3141025641025692,78.06410256410257,2,316x332,7,team,heo,3,3,small,low,dark,center
002_20200715_042412(9),2,0.531045,0.650226,0.031646,0.03012,9.9999879989048,0.34977400000000003,1.4835897435897323,81.49358974358974,2,316x332,7,team,heo,3,3,small,low,dark,center
002_20200715_042417(3),0,0.505599,0.436946,0.031646,0.03012,9.9999879989048,0.436946,5.4823076923077,76.1923076923077,2,316x332,7,team,heo,3,3,small,high,dark,center
002_20200715_042417(3),1,0.512486,0.509706,0.031646,0.03012,9.9999879989048,0.487514,1.3823076923076911,76.4423076923077,2,316x332,7,team,heo,3,3,small,low,dark,center
002_20200715_042417(3),2,0.521439,0.606719,0.031646,0.03012,9.9999879989048,0.393281,4.290769230769229,84.48076923076923,2,316x332,7,team,heo,3,3,small,mid,dark,center
002_20200715_042421(7),0,0.475868,0.412924,0.031646,0.03012,9.9999879989048,0.412924,6.603076923076927,76.17307692307692,2,316x332,7,team,heo,3,3,small,high,dark,center
002_20200715_042421(7),1,0.481314,0.482533,0.031646,0.03012,9.9999879989048,0.481314,3.0833333333333286,73.58333333333333,2,316x332,7,team,heo,3,3,small,mid,dark,center
002_20200715_042421(7),2,0.492207,0.580283,0.031646,0.03012,9.9999879989048,0.419717,3.683589743589735,82.74358974358974,2,316x332,7,team,heo,3,3,small,mid,dark,center
002_20200715_042426(3),0,0.498095,0.453395,0.031646,0.03012,9.9999879989048,0.453395,7.282307692307697,76.6923076923077,2,316x332,7,team,heo,3,3,small,high,dark,center
002_20200715_042426(3),1,0.506154,0.522427,0.031646,0.03012,9.9999879989048,0.477573,1.211538461538467,76.71153846153847,2,316x332,7,team,heo,3,3,small,low,dark,center
002_20200715_042426(3),2,0.515824,0.620606,0.031646,0.03012,9.9999879989048,0.379394,4.567179487179487,83.73717948717949,2,316x332,7,team,heo,3,3,small,mid,dark,center
002_20200715_083106(3),0,0.505281,0.44578,0.031646,0.03012,9.9999879989048,0.44578,5.10230769230769,76.1923076923077,2,316x332,7,team,jung,3,3,small,high,dark,center
002_20200715_083106(3),1,0.511798,0.515253,0.031646,0.03012,9.9999879989048,0.48474700000000004,1.0192307692307736,76.26923076923077,2,316x332,7,team,jung,3,3,small,low,dark,center
002_20200715_083106(3),2,0.521356,0.616153,0.031646,0.03012,9.9999879989048,0.38384700000000005,4.237692307692313,85.3076923076923,2,316x332,7,team,jung,3,3,small,mid,dark,center
002_20200715_083109(1),0,0.475123,0.441928,0.031646,0.03012,9.9999879989048,0.441928,6.203846153846158,76.65384615384616,2,316x332,7,team,jung,3,3,small,high,dark,center
002_20200715_083109(1),1,0.487549,0.509126,0.031646,0.03012,9.9999879989048,0.487549,2.444358974358977,75.72435897435898,2,316x332,7,team,jung,3,3,small,mid,dark,center
002_20200715_083109(1),2,0.509011,0.606429,0.031646,0.03012,9.9999879989048,0.393571,5.824871794871797,84.5448717948718,2,316x332,7,team,jung,3,3,small,high,dark,center
002_20200715_083113(8),0,0.48182,0.447021,0.031646,0.03012,9.9999879989048,0.447021,8.334102564102565,79.56410256410257,2,316x332,7,team,jung,3,3,small,high,dark,center
002_20200715_083113(8),1,0.48964,0.51732,0.031646,0.03012,9.9999879989048,0.48268,2.123589743589733,78.74358974358974,2,316x332,7,team,jung,3,3,small,low,dark,center
002_20200715_083113(8),2,0.500067,0.615326,0.031646,0.03012,9.9999879989048,0.38467399999999996,4.334358974358977,85.72435897435898,2,316x332,7,team,jung,3,3,small,mid,dark,center
002_20200715_083118(3),0,0.469181,0.445597,0.031646,0.03012,9.9999879989048,0.445597,8.266153846153841,79.09615384615384,2,316x332,7,team,jung,3,3,small,high,dark,center
002_20200715_083118(3),1,0.474321,0.516182,0.031646,0.03012,9.9999879989048,0.474321,1.8374358974358955,77.1474358974359,2,316x332,7,team,jung,3,3,small,low,dark,center
002_20200715_083118(3),2,0.484431,0.614721,0.031646,0.03012,9.9999879989048,0.38527900000000004,4.94358974358974,85.99358974358974,2,316x332,7,team,jung,3,3,small,high,mid,center
002_20200715_083122(8),0,0.495128,0.444681,0.031646,0.03012,9.9999879989048,0.444681,8.850512820512819,79.57051282051282,2,316x332,7,team,jung,3,3,small,high,dark,center
002_20200715_083122(8),1,0.499082,0.512954,0.031646,0.03012,9.9999879989048,0.487046,2.5235897435897385,77.24358974358974,2,316x332,7,team,jung,3,3,small,mid,dark,center
002_20200715_083122(8),2,0.509813,0.615094,0.031646,0.03012,9.9999879989048,0.38490599999999997,4.027179487179495,84.73717948717949,2,316x332,7,team,jung,3,3,small,mid,dark,center
002_20200715_083127(3),0,0.484595,0.446846,0.031646,0.03012,9.9999879989048,0.446846,6.942820512820518,77.26282051282051,2,316x332,7,team,jung,3,3,small,high,dark,center
002_20200715_083127(3),1,0.491937,0.515657,0.031646,0.03012,9.9999879989048,0.48434299999999997,2.816666666666677,76.91666666666667,2,316x332,7,team,jung,3,3,small,mid,dark,center
002_20200715_083127(3),2,0.502668,0.61511,0.031646,0.03012,9.9999879989048,0.38488999999999995,3.7761538461538464,84.84615384615384,2,316x332,7,team,jung,3,3,small,mid,dark,center
002_20200721_163536(6),0,0.803043,0.451337,0.031646,0.03012,9.9999879989048,0.19695700000000005,6.483076923076922,73.67307692307692,2,316x332,7,team,lee,1,1,small,high,dark,center
002_20200721_163539(9),0,0.819039,0.448525,0.031646,0.03012,9.9999879989048,0.18096100000000004,4.868205128205119,70.87820512820512,2,316x332,7,team,lee,1,1,small,high,dark,center
002_20200721_163543(2),0,0.792094,0.467713,0.031646,0.03012,9.9999879989048,0.20790600000000004,4.060000000000002,71.25,2,316x332,7,team,lee,1,1,small,mid,dark,center
002_20200721_163548(0),0,0.427763,0.462453,0.031646,0.03012,9.9999879989048,0.427763,3.853589743589737,73.49358974358974,2,316x332,7,team,lee,1,1,small,mid,dark,center
002_20200721_163551(3),0,0.433358,0.656216,0.031646,0.03012,9.9999879989048,0.343784,3.6061538461538447,80.84615384615384,2,316x332,7,team,lee,1,1,small,mid,dark,center
002_20200721_163554(6),0,0.439773,0.605576,0.031646,0.03012,9.9999879989048,0.394424,3.268717948717935,79.69871794871794,2,316x332,7,team,lee,1,1,small,mid,dark,center
002_20200722_003424(1),0,0.429926,0.518812,0.031646,0.03012,9.9999879989048,0.429926,3.6002564102564065,74.41025641025641,2,316x332,7,team,heo,1,1,small,mid,dark,center
002_20200722_003428(4),0,0.447289,0.528231,0.031646,0.03012,9.9999879989048,0.447289,4.7789743589743665,76.60897435897436,2,316x332,7,team,heo,1,1,small,mid,dark,center
002_20200722_043525(6),0,0.425679,0.526435,0.031646,0.03012,9.9999879989048,0.425679,2.296410256410269,79.00641025641026,2,316x332,7,team,heo,1,1,small,low,dark,center
002_20200722_043529(9),0,0.418028,0.50861,0.031646,0.03012,9.9999879989048,0.418028,1.9707692307692213,76.48076923076923,2,316x332,7,team,heo,1,1,small,low,dark,center
002_20200722_083350(7),0,0.437756,0.52585,0.031646,0.03012,9.9999879989048,0.437756,4.448717948717942,78.44871794871794,2,316x332,7,team,jung,1,1,small,mid,dark,center
002_20200722_083355(2),0,0.444759,0.524024,0.031646,0.03012,9.9999879989048,0.444759,0.6461538461538368,77.84615384615384,2,316x332,7,team,jung,1,1,small,low,dark,center
002_20200722_131101(2),0,0.418482,0.541745,0.031646,0.03012,9.9999879989048,0.418482,3.828205128205127,76.62820512820512,2,316x332,7,team,heo,1,1,small,mid,dark,center
002_20200722_131105(7),0,0.449188,0.496366,0.031646,0.03012,9.9999879989048,0.449188,1.0969230769230762,75.57692307692308,2,316x332,7,team,heo,1,1,small,low,dark,center
002_20200722_163020(9),0,0.426015,0.498066,0.031646,0.03012,9.9999879989048,0.426015,4.779230769230779,75.26923076923077,2,316x332,7,team,lee,1,1,small,mid,dark,center
002_20200722_163034(4),0,0.408641,0.465324,0.031646,0.03012,9.9999879989048,0.408641,2.7417948717948804,72.62179487179488,2,316x332,7,team,lee,1,1,small,mid,dark,center
002_20200723_003123(9),0,0.419795,0.515709,0.031646,0.03012,9.9999879989048,0.419795,4.339487179487179,76.67948717948718,2,316x332,7,team,jung,1,1,small,mid,dark,center
002_20200723_003128(3),0,0.446343,0.503221,0.031646,0.03012,9.9999879989048,0.446343,1.879230769230773,77.26923076923077,2,316x332,7,team,jung,1,1,small,low,dark,center
002_20200723_043243(7),0,0.445691,0.506735,0.031646,0.03012,9.9999879989048,0.445691,2.1710256410256363,77.39102564102564,2,316x332,7,team,heo,1,1,small,low,dark,center
002_20200723_043248(3),0,0.441165,0.503702,0.031646,0.03012,9.9999879989048,0.441165,2.566410256410265,77.75641025641026,2,316x332,7,team,heo,1,1,small,mid,dark,center
002_20200723_082414(2),0,0.441361,0.542717,0.031646,0.03012,9.9999879989048,0.441361,4.964358974358973,76.22435897435898,2,316x332,7,team,lee,1,1,small,high,dark,center
002_20200723_082418(9),0,0.420525,0.504094,0.031646,0.03012,9.9999879989048,0.420525,1.538461538461533,75.53846153846153,2,316x332,7,team,lee,1,1,small,low,dark,center
002_20200723_123231(8),0,0.426542,0.39652,0.031646,0.03012,9.9999879989048,0.39652,3.934871794871796,70.7948717948718,2,316x332,7,team,jung,1,1,small,mid,dark,center
002_20200723_123236(1),0,0.439958,0.448011,0.031646,0.03012,9.9999879989048,0.439958,1.3799999999999955,73.25,2,316x332,7,team,jung,1,1,small,low,dark,center
002_20200723_163042(4),0,0.421895,0.404753,0.031646,0.03012,9.9999879989048,0.404753,5.001794871794871,70.87179487179488,2,316x332,7,team,heo,1,1,small,high,dark,center
002_20200723_163045(7),0,0.416919,0.388514,0.031646,0.03012,9.9999879989048,0.388514,1.9874358974359012,70.6474358974359,2,316x332,7,team,heo,1,1,small,low,dark,center
002_20200723_203159(2),0,0.425853,0.498245,0.031646,0.03012,9.9999879989048,0.425853,1.9956410256410209,76.52564102564102,2,316x332,7,team,lee,1,1,small,low,dark,center
002_20200723_203202(3),0,0.435032,0.498811,0.031646,0.03012,9.9999879989048,0.435032,3.400769230769228,77.23076923076923,2,316x332,7,team,lee,1,1,small,mid,dark,center
002_20200724_003143(3),0,0.42871,0.48817,0.031646,0.03012,9.9999879989048,0.42871,3.9635897435897363,73.99358974358974,2,316x332,7,team,jung,1,1,small,mid,dark,center
002_20200724_003148(0),0,0.417909,0.490933,0.031646,0.03012,9.9999879989048,0.417909,2.285641025641027,74.27564102564102,2,316x332,7,team,jung,1,1,small,low,dark,center
002_20200727_091734(5),0,0.428404,0.41056,0.031646,0.03012,9.9999879989048,0.41056,4.771025641025631,71.39102564102564,2,316x332,7,team,heo,1,1,small,mid,dark,center
002_20200727_091737(7),0,0.429848,0.476208,0.031646,0.03012,9.9999879989048,0.429848,3.243076923076913,75.17307692307692,2,316x332,7,team,heo,1,1,small,mid,dark,center
002_20200727_123224(5),0,0.424767,0.49773,0.031646,0.03012,9.9999879989048,0.424767,4.191282051282059,73.80128205128206,2,316x332,7,team,lee,1,1,small,mid,dark,center
002_20200727_123227(4),0,0.426646,0.491031,0.031646,0.03012,9.9999879989048,0.426646,6.159487179487186,73.17948717948718,2,316x332,7,team,lee,1,1,small,high,dark,center
002_20200727_163325(2),0,0.439591,0.510067,0.031646,0.03012,9.9999879989048,0.439591,4.614358974358979,75.22435897435898,2,316x332,7,team,jung,1,1,small,mid,dark,center
002_20200727_163329(7),0,0.426686,0.498329,0.031646,0.03012,9.9999879989048,0.426686,1.7561538461538362,77.34615384615384,2,316x332,7,team,jung,1,1,small,low,dark,center
002_20200727_204743(0),0,0.438704,0.42986,0.031646,0.03012,9.9999879989048,0.42986,3.5635897435897306,72.74358974358974,2,316x332,7,team,heo,1,1,small,mid,dark,center
002_20200727_204746(6),0,0.411606,0.487478,0.031646,0.03012,9.9999879989048,0.411606,2.6384615384615273,78.53846153846153,2,316x332,7,team,heo,1,1,small,mid,dark,center
002_20200728_014158(9),0,0.416562,0.554337,0.031646,0.03012,9.9999879989048,0.416562,3.186153846153843,76.59615384615384,2,316x332,7,team,lee,1,1,small,mid,dark,center
002_20200728_014203(2),0,0.426138,0.463327,0.031646,0.03012,9.9999879989048,0.426138,2.4379487179487143,75.96794871794872,2,316x332,7,team,lee,1,1,small,mid,dark,center
002_20200728_043429(7),0,0.433422,0.41523,0.031646,0.03012,9.9999879989048,0.41523,5.485641025641016,78.52564102564102,2,316x332,7,team,jung,1,1,small,high,dark,center
002_20200728_043435(6),0,0.419387,0.507029,0.031646,0.03012,9.9999879989048,0.419387,0.49794871794871653,78.71794871794872,2,316x332,7,team,jung,1,1,small,low,dark,center
002_20200728_083031(3),0,0.432925,0.521971,0.031646,0.03012,9.9999879989048,0.432925,4.244615384615386,79.38461538461539,2,316x332,7,team,heo,1,1,small,mid,dark,center
002_20200728_083035(2),0,0.428051,0.520482,0.031646,0.03012,9.9999879989048,0.428051,5.453333333333333,78.58333333333333,2,316x332,7,team,heo,1,1,small,high,dark,center
002_20200728_123102(5),0,0.44364,0.518199,0.031646,0.03012,9.9999879989048,0.44364,2.9241025641025686,75.81410256410257,2,316x332,7,team,lee,1,1,small,mid,dark,center
002_20200728_123106(5),0,0.426838,0.488954,0.031646,0.03012,9.9999879989048,0.426838,5.538205128205121,75.37820512820512,2,316x332,7,team,lee,1,1,small,high,dark,center
002_20200728_163706(6),0,0.433452,0.497326,0.031646,0.03012,9.9999879989048,0.433452,2.0302564102564133,81.41025641025641,2,316x332,7,team,jung,1,1,small,low,dark,center
002_20200728_163710(5),0,0.409553,0.50459,0.031646,0.03012,9.9999879989048,0.409553,0.7525641025641079,81.6025641025641,2,316x332,7,team,jung,1,1,small,low,dark,center
002_20200810_084910(4),0,0.428512,0.51162,0.031646,0.03012,9.9999879989048,0.428512,5.5405128205128165,76.57051282051282,2,316x332,8,team,heo,1,1,small,high,dark,center
002_20200810_084913(2),0,0.433843,0.544558,0.031646,0.03012,9.9999879989048,0.433843,5.009743589743593,77.08974358974359,2,316x332,8,team,heo,1,1,small,high,dark,center
002_20200810_123005(5),0,0.448208,0.52552,0.031646,0.03012,9.9999879989048,0.448208,2.5164102564102677,72.75641025641026,2,316x332,8,team,lee,1,1,small,mid,dark,center
002_20200810_123009(4),0,0.432107,0.511355,0.031646,0.03012,9.9999879989048,0.432107,4.44846153846153,74.28846153846153,2,316x332,8,team,lee,1,1,small,mid,dark,center
002_20200810_163043(1),0,0.44151,0.530044,0.031646,0.03012,9.9999879989048,0.44151,2.8925641025641085,80.3525641025641,2,316x332,8,team,jung,1,1,small,mid,dark,center
002_20200810_163047(0),0,0.438095,0.528767,0.031646,0.03012,9.9999879989048,0.438095,6.713076923076926,82.42307692307692,2,316x332,8,team,jung,1,1,small,high,dark,center
002_20200810_203016(8),0,0.428528,0.506577,0.031646,0.03012,9.9999879989048,0.428528,1.6725641025640954,80.6025641025641,2,316x332,8,team,heo,1,1,small,low,dark,center
002_20200810_203020(9),0,0.4344,0.550518,0.031646,0.03012,9.9999879989048,0.4344,4.620512820512815,80.32051282051282,2,316x332,8,team,heo,1,1,small,mid,dark,center
002_20200811_002929(3),0,0.438741,0.476632,0.031646,0.03012,9.9999879989048,0.438741,0.7930769230769243,80.17307692307692,2,316x332,8,team,lee,1,1,small,low,dark,center
002_20200811_002936(8),0,0.388486,0.42931,0.031646,0.03012,9.9999879989048,0.388486,6.314615384615394,80.63461538461539,2,316x332,8,team,lee,1,1,small,high,dark,center
002_20200814_032826(3),0,0.425719,0.547033,0.031646,0.03012,9.9999879989048,0.425719,1.131794871794881,81.12179487179488,2,316x332,8,team,jung,1,1,small,low,dark,center
002_20200814_032835(5),0,0.423329,0.406414,0.031646,0.03012,9.9999879989048,0.406414,6.706666666666678,83.41666666666667,2,316x332,8,team,jung,1,1,small,high,dark,center
002_20200814_043103(6),0,0.431894,0.447488,0.031646,0.03012,9.9999879989048,0.431894,2.2805128205128113,80.07051282051282,2,316x332,8,team,heo,1,1,small,low,dark,center
002_20200814_043115(5),0,0.41475,0.456932,0.031646,0.03012,9.9999879989048,0.41475,4.234102564102571,75.81410256410257,2,316x332,8,team,heo,1,1,small,mid,dark,center
002_20200814_083411(8),0,0.448867,0.50499,0.031646,0.03012,9.9999879989048,0.448867,3.8369230769230853,76.07692307692308,2,316x332,8,team,lee,1,1,small,mid,dark,center
002_20200814_083414(7),0,0.444683,0.508115,0.031646,0.03012,9.9999879989048,0.444683,2.8794871794871852,77.92948717948718,2,316x332,8,team,lee,1,1,small,mid,dark,center
002_20200814_123224(3),0,0.450648,0.502591,0.031646,0.03012,9.9999879989048,0.450648,7.968974358974364,80.10897435897436,2,316x332,8,team,jung,1,1,small,high,dark,center
002_20200814_123228(8),0,0.415864,0.502222,0.031646,0.03012,9.9999879989048,0.415864,6.517435897435902,79.3974358974359,2,316x332,8,team,jung,1,1,small,high,dark,center
002_20200814_163309(9),0,0.443808,0.510771,0.031646,0.03012,9.9999879989048,0.443808,2.9835897435897323,80.74358974358974,2,316x332,8,team,heo,1,1,small,mid,dark,center
002_20200814_163312(9),0,0.417595,0.506263,0.031646,0.03012,9.9999879989048,0.417595,3.975897435897437,80.68589743589743,2,316x332,8,team,heo,1,1,small,mid,dark,center
002_20200814_203248(3),0,0.429812,0.511206,0.031646,0.03012,9.9999879989048,0.429812,2.579743589743586,82.83974358974359,2,316x332,8,team,lee,1,1,small,mid,dark,center
002_20200814_203255(7),0,0.443677,0.46366,0.031646,0.03012,9.9999879989048,0.443677,7.91153846153847,82.46153846153847,2,316x332,8,team,lee,1,1,small,high,dark,center
002_20200815_003211(1),0,0.415328,0.490814,0.031646,0.03012,9.9999879989048,0.415328,6.393846153846155,81.65384615384616,2,316x332,8,team,jung,1,1,small,high,dark,center
002_20200815_003217(4),0,0.422684,0.46197,0.031646,0.03012,9.9999879989048,0.422684,3.3243589743589723,79.47435897435898,2,316x332,8,team,jung,1,1,small,mid,dark,center
002_20200818_123445(7),0,0.405826,0.480264,0.031646,0.03012,9.9999879989048,0.405826,4.642051282051284,81.78205128205128,2,316x332,8,team,heo,1,1,small,mid,dark,center
002_20200818_123452(1),0,0.446921,0.474936,0.031646,0.03012,9.9999879989048,0.446921,7.029230769230779,80.76923076923077,2,316x332,8,team,heo,1,1,small,high,dark,center
002_20200818_163006(5),0,0.446007,0.45981,0.031646,0.03012,9.9999879989048,0.446007,3.9182051282051304,76.37820512820512,2,316x332,8,team,lee,1,1,small,mid,dark,center
002_20200818_163014(5),0,0.408672,0.48786,0.031646,0.03012,9.9999879989048,0.408672,2.8489743589743597,82.35897435897436,2,316x332,8,team,lee,1,1,small,mid,dark,center
002_20200818_203329(0),0,0.409441,0.508752,0.031646,0.03012,9.9999879989048,0.409441,5.58794871794872,80.71794871794872,2,316x332,8,team,jung,1,1,small,high,dark,center
002_20200818_203333(4),0,0.434082,0.513293,0.031646,0.03012,9.9999879989048,0.434082,5.364102564102566,80.31410256410257,2,316x332,8,team,jung,1,1,small,high,dark,center
002_20200819_003211(0),0,0.428051,0.496961,0.031646,0.03012,9.9999879989048,0.428051,2.7484615384615267,78.53846153846153,2,316x332,8,team,heo,1,1,small,mid,dark,center
002_20200819_003213(8),0,0.415196,0.491635,0.031646,0.03012,9.9999879989048,0.415196,2.843846153846158,78.15384615384616,2,316x332,8,team,heo,1,1,small,mid,dark,center
002_20200819_043343(8),0,0.425362,0.500954,0.031646,0.03012,9.9999879989048,0.425362,3.941794871794869,79.37179487179488,2,316x332,8,team,lee,1,1,small,mid,dark,center
002_20200819_043346(8),0,0.434595,0.502079,0.031646,0.03012,9.9999879989048,0.434595,1.143589743589743,78.24358974358974,2,316x332,8,team,lee,1,1,small,low,dark,center
002_20200819_083326(7),0,0.424553,0.382847,0.031646,0.03012,9.9999879989048,0.382847,2.940512820512822,76.57051282051282,2,316x332,8,team,jung,1,1,small,mid,dark,center
002_20200819_083328(5),0,0.437718,0.503011,0.031646,0.03012,9.9999879989048,0.437718,6.500512820512824,81.07051282051282,2,316x332,8,team,jung,1,1,small,high,dark,center
002_20200819_124217(5),0,0.425089,0.401834,0.031646,0.03012,9.9999879989048,0.401834,5.966153846153844,76.59615384615384,2,316x332,8,team,heo,1,1,small,high,dark,center
002_20200819_124225(2),0,0.439407,0.489229,0.031646,0.03012,9.9999879989048,0.439407,4.068205128205122,80.62820512820512,2,316x332,8,team,heo,1,1,small,mid,dark,center
002_20200819_162523(2),0,0.454797,0.487858,0.031646,0.03012,9.9999879989048,0.454797,2.437179487179492,81.73717948717949,2,316x332,8,team,lee,1,1,small,mid,dark,center
002_20200819_162527(8),0,0.45869,0.503775,0.031646,0.03012,9.9999879989048,0.45869,4.927179487179487,77.73717948717949,2,316x332,8,team,lee,1,1,small,high,dark,center
002_20200821_150506(5),0,0.43407,0.535697,0.031646,0.03012,9.9999879989048,0.43407,2.0476923076923015,81.8076923076923,2,316x332,8,team,jung,1,1,small,low,dark,center
002_20200821_150510(6),0,0.403596,0.536511,0.031646,0.03012,9.9999879989048,0.403596,1.9848717948717933,77.0448717948718,2,316x332,8,team,jung,1,1,small,low,dark,center
002_20200821_163435(4),0,0.434888,0.459394,0.031646,0.03012,9.9999879989048,0.434888,5.30923076923078,74.26923076923077,2,316x332,8,team,heo,1,1,small,high,dark,center
002_20200821_163441(6),0,0.450402,0.456507,0.031646,0.03012,9.9999879989048,0.450402,1.2705128205128204,79.32051282051282,2,316x332,8,team,heo,1,1,small,low,dark,center
002_20200821_203925(1),0,0.416871,0.455908,0.031646,0.03012,9.9999879989048,0.416871,3.55974358974359,79.58974358974359,2,316x332,8,team,lee,1,1,small,mid,dark,center
002_20200821_203927(9),0,0.407531,0.496432,0.031646,0.03012,9.9999879989048,0.407531,0.9123076923076923,80.4423076923077,2,316x332,8,team,lee,1,1,small,low,dark,center
002_20200826_023149(2),0,0.430483,0.437738,0.031646,0.03012,9.9999879989048,0.430483,3.8602564102564116,71.66025641025641,2,316x332,8,team,jung,1,1,small,mid,dark,center
002_20200826_023154(4),0,0.441136,0.311768,0.031646,0.03012,9.9999879989048,0.311768,2.9707692307692213,73.48076923076923,2,316x332,8,team,jung,1,1,small,mid,dark,center
002_20200826_043116(7),0,0.450733,0.475898,0.031646,0.03012,9.9999879989048,0.450733,2.4138461538461655,79.65384615384616,2,316x332,8,team,heo,1,1,small,low,dark,center
002_20200826_043121(1),0,0.42398,0.48284,0.031646,0.03012,9.9999879989048,0.42398,4.845641025641015,77.02564102564102,2,316x332,8,team,heo,1,1,small,mid,dark,center
002_20200826_123512(3),0,0.408151,0.424948,0.031646,0.03012,9.9999879989048,0.408151,5.928205128205121,79.12820512820512,2,316x332,8,team,lee,1,1,small,high,dark,center
002_20200826_123515(1),0,0.44357,0.50532,0.031646,0.03012,9.9999879989048,0.44357,6.400769230769228,83.23076923076923,2,316x332,8,team,lee,1,1,small,high,dark,center
002_20200826_163123(8),0,0.780671,0.469654,0.031646,0.03012,9.9999879989048,0.219329,5.7889743589743645,68.10897435897436,2,316x332,8,team,jung,1,1,small,high,dark,center
002_20200826_163126(9),0,0.78712,0.478813,0.031646,0.03012,9.9999879989048,0.21287999999999996,5.453589743589738,67.74358974358974,2,316x332,8,team,jung,1,1,small,high,dark,center
002_20200828_002838(9),0,0.778345,0.372239,0.031646,0.03012,9.9999879989048,0.22165500000000005,3.955641025641029,69.27564102564102,2,316x332,8,team,heo,1,1,small,mid,dark,center
002_20200828_002842(8),0,0.79194,0.383114,0.031646,0.03012,9.9999879989048,0.20806000000000002,1.1520512820512891,72.78205128205128,2,316x332,8,team,heo,1,1,small,low,dark,center
002_20200831_083537(6),0,0.747234,0.606925,0.031646,0.03012,9.9999879989048,0.25276600000000005,7.297179487179491,73.48717948717949,2,316x332,8,team,lee,1,1,small,high,dark,center
002_20200831_083543(5),0,0.783531,0.425277,0.031646,0.03012,9.9999879989048,0.21646900000000002,4.7607692307692275,70.23076923076923,2,316x332,8,team,lee,1,1,small,mid,dark,center
002_20200831_123129(1),0,0.793931,0.493529,0.031646,0.03012,9.9999879989048,0.20606899999999995,5.396153846153837,69.84615384615384,2,316x332,8,team,jung,1,1,small,high,dark,center
002_20200831_123136(7),0,0.816543,0.516077,0.031646,0.03012,9.9999879989048,0.18345699999999998,1.5428205128205121,74.76282051282051,2,316x332,8,team,jung,1,1,small,low,dark,center
002_20200831_163149(1),0,0.8117088607594937,0.375,0.022151898734177215,0.02710843373493976,7.937253933193772,0.18829113924050633,1.920274170274169,70.8409090909091,2,316x332,8,official,,1,1,small,low,dark,center
002_20200831_163150(6),0,0.7784810126582279,0.4292168674698795,0.03164556962025317,0.03313253012048193,10.488088481701515,0.2215189873417721,5.878787878787875,69.83333333333333,2,316x332,8,official,,1,1,mid,high,dark,center
002_20200831_203101(4),0,0.7990506329113924,0.48343373493975905,0.028481012658227847,0.02710843373493976,9.0,0.20094936708860756,4.380401234567898,69.36805555555556,2,316x332,8,official,,1,1,small,mid,dark,center
002_20200831_203105(9),0,0.7832278481012658,0.47740963855421686,0.028481012658227847,0.03313253012048193,9.9498743710662,0.21677215189873422,8.713480963480961,72.67307692307692,2,316x332,8,official,,1,1,small,high,dark,center
002_20200901_003133(6),0,0.7895569620253164,0.4789156626506024,0.028481012658227847,0.024096385542168676,8.48528137423857,0.21044303797468356,5.723429951690818,70.52898550724638,2,316x332,9,official,,1,1,small,high,dark,center
002_20200901_003136(6),0,0.7642405063291139,0.48343373493975905,0.03481012658227848,0.02710843373493976,9.9498743710662,0.2357594936708861,4.204739704739694,71.34615384615384,2,316x332,9,official,,1,1,small,mid,dark,center
002_20200901_003139(6),0,0.7943037974683544,0.45933734939759036,0.03164556962025317,0.02710843373493976,9.486832980505138,0.20569620253164556,4.422222222222217,71.3,2,316x332,9,official,,1,1,small,mid,dark,center
002_20200901_003142(6),0,0.7911392405063291,0.4819277108433735,0.03164556962025317,0.024096385542168676,8.94427190999916,0.2088607594936709,4.580555555555563,72.11805555555556,2,316x332,9,official,,1,1,small,mid,dark,center
002_20200901_003145(6),0,0.777044,0.477031,0.031646,0.03012,9.9999879989048,0.22295600000000004,8.718717948717938,75.44871794871794,2,316x332,9,team,lee,1,1,small,high,dark,center
002_20200901_003148(6),0,0.7927215189873418,0.48042168674698793,0.03481012658227848,0.03313253012048193,11.0,0.20727848101265822,5.126082251082252,73.39880952380952,2,316x332,9,official,,1,1,mid,high,dark,center
002_20200901_043133(6),0,0.7768987341772152,0.4879518072289157,0.03481012658227848,0.030120481927710843,10.488088481701515,0.22310126582278478,7.869023569023568,75.29629629629629,2,316x332,9,official,,1,1,mid,high,dark,center
002_20200901_043136(6),0,0.7737341772151899,0.4457831325301205,0.03481012658227848,0.030120481927710843,10.488088481701515,0.2262658227848101,5.11840628507295,72.84567901234568,2,316x332,9,official,,1,1,mid,high,dark,center
002_20200901_043139(6),0,0.7848101265822784,0.47740963855421686,0.03164556962025317,0.03313253012048193,10.488088481701515,0.21518987341772156,11.55263748597082,76.56172839506173,2,316x332,9,official,,1,1,mid,high,dark,center
002_20200901_043142(6),0,0.7689873417721519,0.4879518072289157,0.03164556962025317,0.030120481927710843,10.0,0.2310126582278481,4.515128205128207,73.4551282051282,2,316x332,9,official,,1,1,mid,mid,dark,center
002_20200901_043145(5),0,0.7658227848101266,0.48042168674698793,0.03164556962025317,0.02710843373493976,9.486832980505138,0.23417721518987344,3.964444444444453,73.42,2,316x332,9,official,,1,1,small,mid,dark,center
002_20200901_043148(6),0,0.7705696202531646,0.48042168674698793,0.028481012658227847,0.03313253012048193,9.9498743710662,0.22943037974683544,8.372377622377627,74.16025641025641,2,316x332,9,official,,1,1,small,high,dark,center
002_20200901_083204(5),0,0.7848101265822784,0.5045180722891566,0.03164556962025317,0.02710843373493976,9.486832980505138,0.21518987341772156,3.1755555555555617,76.42,2,316x332,9,official,,1,1,small,mid,dark,center
002_20200901_083212(5),0,0.800464,0.493898,0.031646,0.03012,9.9999879989048,0.19953600000000005,6.145128205128202,74.4551282051282,2,316x332,9,team,lee,1,1,small,high,dark,center
002_20200901_083452(2),0,0.7832278481012658,0.5271084337349398,0.03481012658227848,0.030120481927710843,10.488088481701515,0.21677215189873422,4.115488215488213,73.35185185185185,2,316x332,9,official,,1,1,mid,mid,dark,center
002_20200901_083456(7),0,0.7674050632911392,0.5557228915662651,0.03481012658227848,0.02710843373493976,9.9498743710662,0.23259493670886078,6.02486402486403,73.97435897435898,2,316x332,9,official,,1,1,small,high,dark,center
002_20200901_083501(2),0,0.7848101265822784,0.5632530120481928,0.0379746835443038,0.030120481927710843,10.954451150103322,0.21518987341772156,7.8238095238095156,75.02380952380952,2,316x332,9,official,,1,1,mid,high,dark,center
002_20200901_083505(8),0,0.7642405063291139,0.5783132530120482,0.03481012658227848,0.030120481927710843,10.488088481701515,0.2357594936708861,4.7476992143658805,75.95679012345678,2,316x332,9,official,,1,1,mid,mid,dark,center
002_20200901_083510(2),0,0.7800632911392406,0.4683734939759036,0.03481012658227848,0.03313253012048193,11.0,0.21993670886075944,4.347599370326648,73.48809523809524,2,316x332,9,official,,1,1,mid,mid,dark,center
002_20200901_083514(7),0,0.7943037974683544,0.5210843373493976,0.03164556962025317,0.030120481927710843,10.0,0.20569620253164556,4.474358974358978,75.22435897435898,2,316x332,9,official,,1,1,mid,mid,dark,center
002_20200901_123049(7),0,0.8006329113924051,0.44728915662650603,0.04430379746835443,0.02710843373493976,11.224972160321824,0.1993670886075949,8.950191570881223,71.17241379310344,2,316x332,9,official,,1,1,mid,high,dark,center
002_20200901_123052(7),0,0.7784810126582279,0.4819277108433735,0.03164556962025317,0.030120481927710843,10.0,0.2215189873417721,6.297179487179491,69.48717948717949,2,316x332,9,official,,1,1,mid,high,dark,center
002_20200901_123055(9),0,0.769736,0.542342,0.031646,0.03012,9.9999879989048,0.23026400000000002,4.400256410256404,69.66025641025641,2,316x332,9,team,jung,1,1,small,mid,dark,center
002_20200901_123100(3),0,0.8085443037974683,0.5240963855421686,0.028481012658227847,0.03614457831325301,10.392304845413264,0.19145569620253167,4.206790123456784,80.5679012345679,2,316x332,9,official,,1,1,mid,mid,dark,center
002_20200901_123104(8),0,0.7911392405063291,0.5105421686746988,0.03164556962025317,0.03313253012048193,10.488088481701515,0.2088607594936709,5.196969696969688,76.83333333333333,2,316x332,9,official,,1,1,mid,high,dark,center
002_20200901_123109(2),0,0.805379746835443,0.5376506024096386,0.03481012658227848,0.03313253012048193,11.0,0.194620253164557,8.046044864226687,78.28571428571429,2,316x332,9,official,,1,1,mid,high,dark,center
002_20200901_191340(2),0,0.7848101265822784,0.46536144578313254,0.03164556962025317,0.02710843373493976,9.486832980505138,0.21518987341772156,1.4222222222222172,71.03333333333333,2,316x332,9,official,,1,1,small,low,dark,center
002_20200901_191343(2),0,0.7895569620253164,0.5346385542168675,0.028481012658227847,0.03313253012048193,9.9498743710662,0.21044303797468356,3.49514374514375,77.26282051282051,2,316x332,9,official,,1,1,small,mid,dark,center
002_20200901_191346(1),0,0.7943037974683544,0.4939759036144578,0.03164556962025317,0.030120481927710843,10.0,0.20569620253164556,3.6766666666666765,75.41666666666667,2,316x332,9,official,,1,1,mid,mid,dark,center
002_20200901_191348(8),0,0.7816455696202531,0.4307228915662651,0.03164556962025317,0.030120481927710843,10.0,0.2183544303797469,5.108205128205128,69.87820512820512,2,316x332,9,official,,1,1,mid,high,dark,center
002_20200901_191351(5),0,0.7658227848101266,0.552710843373494,0.0379746835443038,0.03313253012048193,11.489125293076059,0.23417721518987344,6.472570532915356,75.91954022988506,2,316x332,9,official,,1,1,large,high,dark,center
002_20200901_191354(2),0,0.774931,0.595838,0.031646,0.03012,9.9999879989048,0.22506899999999996,5.175897435897426,74.93589743589743,2,316x332,9,team,lee,1,1,small,high,dark,center
002_20200901_203328(4),0,0.762675,0.415541,0.031646,0.03012,9.9999879989048,0.237325,4.779230769230779,71.76923076923077,2,316x332,9,team,heo,1,1,small,mid,dark,center
002_20200901_203332(1),0,0.781888,0.592785,0.031646,0.03012,9.9999879989048,0.21811199999999997,5.836410256410261,74.75641025641026,2,316x332,9,team,heo,1,1,small,high,dark,center
002_20200901_203335(1),0,0.776092,0.510914,0.031646,0.03012,9.9999879989048,0.223908,3.1015384615384676,73.21153846153847,2,316x332,9,team,heo,1,1,small,mid,dark,center
002_20200901_203338(1),0,0.772425,0.478675,0.031646,0.03012,9.9999879989048,0.22757499999999997,8.052820512820517,72.76282051282051,2,316x332,9,team,heo,1,1,small,high,dark,center
002_20200901_203341(0),0,0.796608,0.506459,0.031646,0.03012,9.9999879989048,0.20339200000000002,6.865897435897438,74.43589743589743,2,316x332,9,team,heo,1,1,small,high,dark,center
002_20200901_203343(7),0,0.768956,0.48132,0.031646,0.03012,9.9999879989048,0.23104400000000003,6.565128205128204,72.4551282051282,2,316x332,9,team,heo,1,1,small,high,dark,center
002_20200902_003149(5),0,0.765941,0.487823,0.031646,0.03012,9.9999879989048,0.23405900000000002,5.52820512820513,72.62820512820512,2,316x332,9,team,lee,1,1,small,high,dark,center
002_20200902_003152(5),0,0.766187,0.507169,0.031646,0.03012,9.9999879989048,0.23381300000000005,4.420000000000002,73.25,2,316x332,9,team,lee,1,1,small,mid,dark,center
002_20200902_003155(5),0,0.778392,0.50213,0.031646,0.03012,9.9999879989048,0.22160800000000003,4.1202564102564025,74.16025641025641,2,316x332,9,team,lee,1,1,small,mid,dark,center
002_20200902_003158(2),0,0.78652,0.516133,0.031646,0.03012,9.9999879989048,0.21348,5.396410256410263,74.50641025641026,2,316x332,9,team,lee,1,1,small,high,dark,center
002_20200902_003200(9),0,0.785363,0.488396,0.031646,0.03012,9.9999879989048,0.21463699999999997,6.425128205128203,74.9551282051282,2,316x332,9,team,lee,1,1,small,high,dark,center
002_20200902_003203(7),0,0.77448,0.509359,0.031646,0.03012,9.9999879989048,0.22552000000000005,4.876923076923077,77.32692307692308,2,316x332,9,team,lee,1,1,small,high,dark,center
002_20200902_043143(0),0,0.768052,0.438085,0.031646,0.03012,9.9999879989048,0.23194800000000004,6.6071794871794935,73.48717948717949,2,316x332,9,team,jung,1,1,small,high,dark,center
002_20200902_043145(9),0,0.798416,0.512466,0.031646,0.03012,9.9999879989048,0.20158399999999999,3.8741025641025715,74.56410256410257,2,316x332,9,team,jung,1,1,small,mid,dark,center
002_20200902_043148(8),0,0.796714,0.507552,0.031646,0.03012,9.9999879989048,0.20328599999999997,6.983333333333334,76.83333333333333,2,316x332,9,team,jung,1,1,small,high,dark,center
002_20200902_043151(7),0,0.772272,0.484712,0.031646,0.03012,9.9999879989048,0.22772800000000004,5.016923076923078,73.82692307692308,2,316x332,9,team,jung,1,1,small,high,dark,center
002_20200902_043154(5),0,0.764469,0.49734,0.031646,0.03012,9.9999879989048,0.23553100000000005,4.152820512820512,74.76282051282051,2,316x332,9,team,jung,1,1,small,mid,dark,center
002_20200902_043157(3),0,0.7575,0.518984,0.031646,0.03012,9.9999879989048,0.24250000000000005,3.201794871794874,74.62179487179488,2,316x332,9,team,jung,1,1,small,mid,dark,center
002_20200902_082641(4),0,0.805186,0.465594,0.031646,0.03012,9.9999879989048,0.19481400000000004,0.9064102564102683,73.50641025641026,2,316x332,9,team,heo,1,1,small,low,dark,center
002_20200902_082645(7),0,0.806842,0.530425,0.031646,0.03012,9.9999879989048,0.19315800000000005,1.8346153846153896,76.13461538461539,2,316x332,9,team,heo,1,1,small,low,dark,center
002_20200902_082650(0),0,0.805288,0.475649,0.031646,0.03012,9.9999879989048,0.194712,1.6066666666666691,72.66666666666667,2,316x332,9,team,heo,1,1,small,low,dark,center
002_20200902_082654(4),0,0.793164,0.542936,0.031646,0.03012,9.9999879989048,0.20683600000000002,6.182307692307688,78.4423076923077,2,316x332,9,team,heo,1,1,small,high,dark,center
002_20200902_082658(4),0,0.787891,0.536805,0.031646,0.03012,9.9999879989048,0.212109,4.959999999999994,74.0,2,316x332,9,team,heo,1,1,small,high,dark,center
002_20200902_082702(8),0,0.770849,0.528981,0.031646,0.03012,9.9999879989048,0.229151,6.359999999999999,75.25,2,316x332,9,team,heo,1,1,small,high,dark,center
002_20200904_230043(1),0,0.780465,0.449906,0.031646,0.03012,9.9999879989048,0.21953500000000004,5.110512820512824,69.32051282051282,2,316x332,9,team,heo,1,1,small,high,dark,center
002_20200904_230047(0),0,0.774138,0.440404,0.031646,0.03012,9.9999879989048,0.225862,5.852564102564102,67.3525641025641,2,316x332,9,team,heo,1,1,small,high,dark,center
002_20200904_230050(7),0,0.792899,0.46374,0.031646,0.03012,9.9999879989048,0.20710099999999998,6.875384615384611,66.61538461538461,2,316x332,9,team,heo,1,1,small,high,dark,center
002_20200904_230054(2),0,0.7626582278481012,0.4322289156626506,0.03164556962025317,0.03313253012048193,10.488088481701515,0.23734177215189878,4.981705948372621,64.82716049382717,2,316x332,9,official,,1,1,mid,high,dark,center
002_20200904_230057(6),0,0.7943037974683544,0.5135542168674698,0.03164556962025317,0.02710843373493976,9.486832980505138,0.20569620253164556,4.6555555555555586,66.9,2,316x332,9,official,,1,1,small,mid,dark,center
002_20200904_230105(4),0,0.7848101265822784,0.44126506024096385,0.03164556962025317,0.02710843373493976,9.486832980505138,0.21518987341772156,6.448888888888888,65.62666666666667,2,316x332,9,official,,1,1,small,high,dark,center
002_20200905_003315(2),0,0.7943037974683544,0.5240963855421686,0.03164556962025317,0.03614457831325301,10.954451150103322,0.20569620253164556,6.348809523809521,70.77380952380952,2,316x332,9,official,,1,1,mid,high,dark,center
002_20200905_003319(2),0,0.7943037974683544,0.5015060240963856,0.03164556962025317,0.02710843373493976,9.486832980505138,0.20569620253164556,2.5422222222222217,70.52,2,316x332,9,official,,1,1,small,mid,dark,center
002_20200905_003323(3),0,0.7911392405063291,0.5,0.03164556962025317,0.030120481927710843,10.0,0.2088607594936709,5.717179487179493,72.23717948717949,2,316x332,9,official,,1,1,mid,high,dark,center
002_20200905_003327(3),0,0.7816455696202531,0.5045180722891566,0.03164556962025317,0.03313253012048193,10.488088481701515,0.2183544303797469,4.838047138047145,73.5925925925926,2,316x332,9,official,,1,1,mid,mid,dark,center
002_20200905_003331(2),0,0.7958860759493671,0.5075301204819277,0.028481012658227847,0.02710843373493976,9.0,0.2041139240506329,2.5717592592592524,69.75694444444444,2,316x332,9,official,,1,1,small,mid,dark,center
002_20200905_003335(3),0,0.7895569620253164,0.5150602409638554,0.028481012658227847,0.030120481927710843,9.486832980505138,0.21044303797468356,4.857777777777784,71.28,2,316x332,9,official,,1,1,small,mid,dark,center
002_20200905_043156(0),0,0.805379746835443,0.5180722891566265,0.028481012658227847,0.030120481927710843,9.486832980505138,0.194620253164557,0.5799999999999983,75.34666666666666,2,316x332,9,official,,1,1,small,low,dark,center
002_20200905_043200(0),0,0.8117088607594937,0.5301204819277109,0.028481012658227847,0.030120481927710843,9.486832980505138,0.18829113924050633,0.47333333333332916,77.50666666666666,2,316x332,9,official,,1,1,small,low,dark,center
002_20200905_043204(0),0,0.7958860759493671,0.5256024096385542,0.03481012658227848,0.02710843373493976,9.9498743710662,0.2041139240506329,0.40209790209790697,79.7051282051282,2,316x332,9,official,,1,1,small,low,dark,center
002_20200905_043208(0),0,0.7753164556962026,0.5271084337349398,0.03164556962025317,0.024096385542168676,8.94427190999916,0.22468354430379744,0.8305555555555628,81.43055555555556,2,316x332,9,official,,1,1,small,low,dark,center
002_20200905_043212(1),0,0.7784810126582279,0.5210843373493976,0.02531645569620253,0.030120481927710843,8.94427190999916,0.2215189873417721,1.42638888888888,81.45138888888889,2,316x332,9,official,,1,1,small,low,dark,center
002_20200905_043216(0),0,0.8069620253164557,0.5301204819277109,0.03164556962025317,0.030120481927710843,10.0,0.19303797468354433,0.7733333333333263,80.58333333333333,2,316x332,9,official,,1,1,mid,low,dark,center
002_20200905_083407(3),0,0.7753164556962026,0.46536144578313254,0.03164556962025317,0.02710843373493976,9.486832980505138,0.22468354430379744,1.2533333333333303,68.65333333333334,2,316x332,9,official,,1,1,small,low,dark,center
002_20200905_083410(5),0,0.7911392405063291,0.4894578313253012,0.03164556962025317,0.03313253012048193,10.488088481701515,0.2088607594936709,3.2107744107744196,71.5925925925926,2,316x332,9,official,,1,1,mid,mid,dark,center
002_20200905_083413(6),0,0.7943037974683544,0.4352409638554217,0.02531645569620253,0.02710843373493976,8.48528137423857,0.20569620253164556,1.5579710144927645,69.3913043478261,2,316x332,9,official,,1,1,small,low,dark,center
002_20200905_083416(3),0,0.7927215189873418,0.3810240963855422,0.028481012658227847,0.02710843373493976,9.0,0.20727848101265822,2.3256172839506206,67.93055555555556,2,316x332,9,official,,1,1,small,low,dark,center
002_20200905_083419(3),0,0.7848101265822784,0.5572289156626506,0.02531645569620253,0.03614457831325301,9.797958971132712,0.21518987341772156,6.723557692307693,74.60897435897436,2,316x332,9,official,,1,1,small,high,dark,center
002_20200905_083422(4),0,0.7879746835443038,0.5376506024096386,0.03164556962025317,0.03313253012048193,10.488088481701515,0.21202531645569622,6.3121212121212125,73.16666666666667,2,316x332,9,official,,1,1,mid,high,dark,center
002_20200905_123055(0),0,0.7990506329113924,0.4246987951807229,0.028481012658227847,0.024096385542168676,8.48528137423857,0.20094936708860756,1.2083333333333428,75.16666666666667,2,316x332,9,official,,1,1,small,low,dark,center
002_20200905_123058(4),0,0.7626582278481012,0.463855421686747,0.02531645569620253,0.030120481927710843,8.94427190999916,0.23734177215189878,2.680555555555557,75.05555555555556,2,316x332,9,official,,1,1,small,mid,dark,center
002_20200905_123102(0),0,0.7879746835443038,0.4713855421686747,0.03164556962025317,0.02108433734939759,8.366600265340756,0.21202531645569622,1.501863354037269,74.6304347826087,2,316x332,9,official,,1,1,small,low,dark,center
002_20200905_123105(0),0,0.7626582278481012,0.4819277108433735,0.02531645569620253,0.03614457831325301,9.797958971132712,0.23734177215189878,5.963942307692307,72.39102564102564,2,316x332,9,official,,1,1,small,high,dark,center
002_20200905_123108(4),0,0.7974683544303798,0.4894578313253012,0.03164556962025317,0.0391566265060241,11.40175425099138,0.20253164556962022,7.371794871794862,75.33333333333333,2,316x332,9,official,,1,1,mid,high,dark,center
002_20200905_123112(0),0,0.7721518987341772,0.44126506024096385,0.02531645569620253,0.03313253012048193,9.38083151964686,0.22784810126582278,5.135909090909095,72.42,2,316x332,9,official,,1,1,small,high,dark,center
002_20200905_163922(9),0,0.7943037974683544,0.4759036144578313,0.0379746835443038,0.030120481927710843,10.954451150103322,0.20569620253164556,6.732142857142861,75.69047619047619,2,316x332,9,official,,1,1,mid,high,dark,center
002_20200905_163926(4),0,0.7800632911392406,0.4307228915662651,0.028481012658227847,0.030120481927710843,9.486832980505138,0.21993670886075944,3.544444444444437,71.8,2,316x332,9,official,,1,1,small,mid,dark,center
002_20200905_163929(7),0,0.7800632911392406,0.4006024096385542,0.028481012658227847,0.030120481927710843,9.486832980505138,0.21993670886075944,4.557777777777773,73.54666666666667,2,316x332,9,official,,1,1,small,mid,dark,center
002_20200905_163932(9),0,0.7974683544303798,0.463855421686747,0.03164556962025317,0.03614457831325301,10.954451150103322,0.20253164556962022,2.1857142857142833,76.49404761904762,2,316x332,9,official,,1,1,mid,low,dark,center
002_20200905_163936(2),0,0.7737341772151899,0.4608433734939759,0.03481012658227848,0.030120481927710843,10.488088481701515,0.2262658227848101,2.0213243546576933,74.8395061728395,2,316x332,9,official,,1,1,mid,low,dark,center
002_20200905_163939(7),0,0.8037974683544303,0.3930722891566265,0.03164556962025317,0.02710843373493976,9.486832980505138,0.19620253164556967,0.35111111111110915,74.92666666666666,2,316x332,9,official,,1,1,small,low,dark,center
002_20200905_204033(3),0,0.8180379746835443,0.5225903614457831,0.03481012658227848,0.02710843373493976,9.9498743710662,0.18196202531645567,4.035353535353536,75.5,2,316x332,9,official,,1,1,small,mid,dark,center
002_20200905_204039(5),0,0.7879746835443038,0.6234939759036144,0.03164556962025317,0.030120481927710843,10.0,0.21202531645569622,1.5838461538461672,79.90384615384616,2,316x332,9,official,,1,1,mid,low,dark,center
002_20200905_204042(9),0,0.7974683544303798,0.5030120481927711,0.02531645569620253,0.024096385542168676,8.0,0.20253164556962022,0.7964015151515156,77.51515151515152,2,316x332,9,official,,1,1,small,low,dark,center
002_20200905_204046(0),0,0.7879746835443038,0.5150602409638554,0.03164556962025317,0.024096385542168676,8.94427190999916,0.21202531645569622,0.9569444444444457,78.56944444444444,2,316x332,9,official,,1,1,small,low,dark,center
002_20200905_204049(1),0,0.7990506329113924,0.49096385542168675,0.022151898734177215,0.030120481927710843,8.366600265340756,0.20094936708860756,1.6730848861283647,76.1159420289855,2,316x332,9,official,,1,1,small,low,dark,center
002_20200905_204052(3),0,0.7768987341772152,0.5225903614457831,0.028481012658227847,0.02710843373493976,9.0,0.22310126582278478,3.040123456790127,78.91666666666667,2,316x332,9,official,,1,1,small,mid,dark,center
002_20200906_003114(0),0,0.7911392405063291,0.4789156626506024,0.03164556962025317,0.03614457831325301,10.954451150103322,0.2088607594936709,4.498809523809513,76.64880952380952,2,316x332,9,official,,1,1,mid,mid,dark,center
002_20200906_003117(3),0,0.7927215189873418,0.5120481927710844,0.03481012658227848,0.03614457831325301,11.489125293076057,0.20727848101265822,2.4067398119122316,78.1264367816092,2,316x332,9,official,,1,1,large,low,dark,center
002_20200906_003120(8),0,0.8006329113924051,0.5557228915662651,0.03164556962025317,0.02710843373493976,9.486832980505138,0.1993670886075949,1.0133333333333354,75.98,2,316x332,9,official,,1,1,small,low,dark,center
002_20200906_003124(0),0,0.7974683544303798,0.46536144578313254,0.0379746835443038,0.02710843373493976,10.392304845413264,0.20253164556962022,3.0308641975308603,73.25308641975309,2,316x332,9,official,,1,1,mid,mid,dark,center
002_20200906_003127(3),0,0.7990506329113924,0.5030120481927711,0.028481012658227847,0.03614457831325301,10.392304845413264,0.20094936708860756,2.845679012345684,77.75308641975309,2,316x332,9,official,,1,1,mid,mid,dark,center
002_20200906_003130(7),0,0.7784810126582279,0.4563253012048193,0.03164556962025317,0.03313253012048193,10.488088481701515,0.2215189873417721,1.3832772166105514,74.24691358024691,2,316x332,9,official,,1,1,mid,low,dark,center
002_20200907_184832(7),0,0.78882,0.534581,0.031646,0.03012,9.9999879989048,0.21118000000000003,2.2294871794871796,76.42948717948718,2,316x332,9,team,lee,1,1,small,low,dark,center
002_20200907_184835(6),0,0.786561,0.611564,0.031646,0.03012,9.9999879989048,0.21343900000000005,2.475641025641025,75.27564102564102,2,316x332,9,team,lee,1,1,small,mid,dark,center
002_20200907_184838(9),0,0.780635,0.614153,0.031646,0.03012,9.9999879989048,0.21936500000000003,1.6512820512820525,74.80128205128206,2,316x332,9,team,lee,1,1,small,low,dark,center
002_20200907_184841(6),0,0.796274,0.557913,0.031646,0.03012,9.9999879989048,0.20372599999999996,2.3287179487179372,73.94871794871794,2,316x332,9,team,lee,1,1,small,low,dark,center
002_20200907_184844(1),0,0.803575,0.473678,0.031646,0.03012,9.9999879989048,0.19642499999999996,2.3146153846153936,72.38461538461539,2,316x332,9,team,lee,1,1,small,low,dark,center
002_20200907_184846(7),0,0.773136,0.548221,0.031646,0.03012,9.9999879989048,0.22686399999999995,1.4435897435897402,75.24358974358974,2,316x332,9,team,lee,1,1,small,low,dark,center
002_20200907_204436(3),0,0.762957,0.504772,0.031646,0.03012,9.9999879989048,0.237043,5.8430769230769215,71.17307692307692,2,316x332,9,team,jung,1,1,small,high,dark,center
002_20200907_204440(8),0,0.758972,0.53932,0.031646,0.03012,9.9999879989048,0.24102800000000002,4.672051282051285,70.28205128205128,2,316x332,9,team,jung,1,1,small,mid,dark,center
002_20200907_204445(2),0,0.797862,0.398025,0.031646,0.03012,9.9999879989048,0.20213800000000004,3.5135897435897405,66.99358974358974,2,316x332,9,team,jung,1,1,small,mid,dark,center
002_20200907_204449(9),0,0.78246,0.541699,0.031646,0.03012,9.9999879989048,0.21753999999999996,3.4087179487179355,77.44871794871794,2,316x332,9,team,jung,1,1,small,mid,dark,center
002_20200907_204454(2),0,0.796761,0.513219,0.031646,0.03012,9.9999879989048,0.20323899999999995,1.0930769230769215,73.67307692307692,2,316x332,9,team,jung,1,1,small,low,dark,center
002_20200907_204458(7),0,0.794995,0.526871,0.031646,0.03012,9.9999879989048,0.205005,1.144615384615392,73.88461538461539,2,316x332,9,team,jung,1,1,small,low,dark,center
002_20200908_003059(0),0,0.774267,0.493628,0.031646,0.03012,9.9999879989048,0.22573299999999996,6.610256410256412,74.91025641025641,2,316x332,9,team,heo,1,1,small,high,dark,center
002_20200908_003103(2),0,0.767423,0.499999,0.031646,0.03012,9.9999879989048,0.23257700000000003,5.1330769230769135,74.67307692307692,2,316x332,9,team,heo,1,1,small,high,dark,center
002_20200908_003107(5),0,0.791906,0.421656,0.031646,0.03012,9.9999879989048,0.208094,4.512051282051289,72.28205128205128,2,316x332,9,team,heo,1,1,small,mid,dark,center
002_20200908_003111(0),0,0.804181,0.481205,0.031646,0.03012,9.9999879989048,0.19581899999999997,5.942564102564106,73.6025641025641,2,316x332,9,team,heo,1,1,small,high,dark,center
002_20200908_003115(3),0,0.797066,0.452226,0.031646,0.03012,9.9999879989048,0.20293399999999995,2.4253846153846155,72.11538461538461,2,316x332,9,team,heo,1,1,small,mid,dark,center
002_20200908_003119(9),0,0.798567,0.446804,0.031646,0.03012,9.9999879989048,0.20143299999999997,2.7989743589743625,73.10897435897436,2,316x332,9,team,heo,1,1,small,mid,dark,center
002_20200908_043119(7),0,0.774196,0.406405,0.031646,0.03012,9.9999879989048,0.225804,5.551282051282058,73.55128205128206,2,316x332,9,team,lee,1,1,small,high,dark,center
002_20200908_043124(3),0,0.78127,0.460462,0.031646,0.03012,9.9999879989048,0.21872999999999998,4.320512820512818,71.07051282051282,2,316x332,9,team,lee,1,1,small,mid,dark,center
002_20200908_043128(8),0,0.783491,0.440484,0.031646,0.03012,9.9999879989048,0.21650899999999995,6.954358974358982,71.72435897435898,2,316x332,9,team,lee,1,1,small,high,dark,center
002_20200908_043133(4),0,0.776084,0.473316,0.031646,0.03012,9.9999879989048,0.223916,5.5289743589743665,74.10897435897436,2,316x332,9,team,lee,1,1,small,high,dark,center
002_20200908_043137(8),0,0.799184,0.510748,0.031646,0.03012,9.9999879989048,0.200816,5.425641025641028,78.02564102564102,2,316x332,9,team,lee,1,1,small,high,dark,center
002_20200908_043142(4),0,0.796477,0.468612,0.031646,0.03012,9.9999879989048,0.203523,7.241282051282056,73.55128205128206,2,316x332,9,team,lee,1,1,small,high,dark,center
002_20200912_021355(2),0,0.806867,0.409964,0.031646,0.03012,9.9999879989048,0.193133,2.0392307692307696,70.26923076923077,2,316x332,9,team,jung,1,1,small,low,dark,center
002_20200912_021400(1),0,0.794404,0.415468,0.031646,0.03012,9.9999879989048,0.205596,3.7279487179487205,72.21794871794872,2,316x332,9,team,jung,1,1,small,mid,dark,center
002_20200912_021403(1),0,0.807573,0.437301,0.031646,0.03012,9.9999879989048,0.19242700000000001,3.603589743589737,71.24358974358974,2,316x332,9,team,jung,1,1,small,mid,dark,center
002_20200912_021406(0),0,0.768253,0.515594,0.031646,0.03012,9.9999879989048,0.23174700000000004,4.691538461538471,71.96153846153847,2,316x332,9,team,jung,1,1,small,mid,dark,center
002_20200912_021409(1),0,0.756481,0.32648,0.031646,0.03012,9.9999879989048,0.24351900000000004,5.938974358974363,64.60897435897436,2,316x332,9,team,jung,1,1,small,high,dark,center
002_20200912_021412(4),0,0.797091,0.365707,0.031646,0.03012,9.9999879989048,0.202909,6.086153846153842,67.84615384615384,2,316x332,9,team,jung,1,1,small,high,dark,center
002_20200912_043058(7),0,0.765913,0.523176,0.031646,0.03012,9.9999879989048,0.23408700000000005,6.5276923076923055,72.0576923076923,2,316x332,9,team,heo,1,1,small,high,dark,center
002_20200912_043103(1),0,0.798036,0.406988,0.031646,0.03012,9.9999879989048,0.20196400000000003,4.104615384615386,68.13461538461539,2,316x332,9,team,heo,1,1,small,mid,dark,center
002_20200912_043107(6),0,0.80217,0.466461,0.031646,0.03012,9.9999879989048,0.19782999999999995,3.621025641025639,67.89102564102564,2,316x332,9,team,heo,1,1,small,mid,dark,center
002_20200912_043112(2),0,0.806262,0.451015,0.031646,0.03012,9.9999879989048,0.19373799999999997,2.572564102564101,72.6025641025641,2,316x332,9,team,heo,1,1,small,mid,dark,center
002_20200912_043116(6),0,0.778176,0.544977,0.031646,0.03012,9.9999879989048,0.22182400000000002,3.08794871794872,74.46794871794872,2,316x332,9,team,heo,1,1,small,mid,dark,center
002_20200912_043121(1),0,0.774136,0.546535,0.031646,0.03012,9.9999879989048,0.22586399999999995,2.2297435897435918,72.33974358974359,2,316x332,9,team,heo,1,1,small,low,dark,center
002_20200912_122945(7),0,0.799924,0.495054,0.031646,0.03012,9.9999879989048,0.20007600000000003,5.663333333333327,69.83333333333333,2,316x332,9,team,lee,1,1,small,high,dark,center
002_20200912_122948(3),0,0.784442,0.495816,0.031646,0.03012,9.9999879989048,0.21555800000000003,7.168717948717941,72.19871794871794,2,316x332,9,team,lee,1,1,small,high,dark,center
002_20200912_122951(2),0,0.77757,0.498508,0.031646,0.03012,9.9999879989048,0.22243000000000002,8.177435897435899,74.1474358974359,2,316x332,9,team,lee,1,1,small,high,dark,center
002_20200912_122954(2),0,0.762003,0.491858,0.031646,0.03012,9.9999879989048,0.23799700000000001,5.9892307692307725,72.51923076923077,2,316x332,9,team,lee,1,1,small,high,dark,center
002_20200912_122957(0),0,0.781994,0.480139,0.031646,0.03012,9.9999879989048,0.21800600000000003,5.51717948717949,71.73717948717949,2,316x332,9,team,lee,1,1,small,high,dark,center
002_20200912_122959(9),0,0.780883,0.480432,0.031646,0.03012,9.9999879989048,0.219117,6.0476923076923015,72.0576923076923,2,316x332,9,team,lee,1,1,small,high,dark,center
002_20200912_163155(6),0,0.786326,0.481061,0.031646,0.03012,9.9999879989048,0.21367400000000003,4.423846153846156,69.65384615384616,2,316x332,9,team,jung,1,1,small,mid,dark,center
002_20200912_163158(6),0,0.790177,0.465498,0.031646,0.03012,9.9999879989048,0.20982299999999998,4.391025641025635,69.89102564102564,2,316x332,9,team,jung,1,1,small,mid,dark,center
002_20200912_163201(5),0,0.775245,0.479067,0.031646,0.03012,9.9999879989048,0.22475500000000004,6.544102564102573,72.56410256410257,2,316x332,9,team,jung,1,1,small,high,dark,center
002_20200912_163204(3),0,0.772138,0.479307,0.031646,0.03012,9.9999879989048,0.227862,5.813589743589731,71.49358974358974,2,316x332,9,team,jung,1,1,small,high,dark,center
002_20200912_163207(3),0,0.782409,0.482944,0.031646,0.03012,9.9999879989048,0.21759099999999998,3.5974358974359006,71.8974358974359,2,316x332,9,team,jung,1,1,small,mid,dark,center
002_20200912_163210(1),0,0.792203,0.450388,0.031646,0.03012,9.9999879989048,0.207797,4.5092307692307685,72.01923076923077,2,316x332,9,team,jung,1,1,small,mid,dark,center
002_20200912_202615(6),0,0.790142,0.46969,0.031646,0.03012,9.9999879989048,0.209858,2.068205128205122,64.87820512820512,2,316x332,9,team,heo,1,1,small,low,dark,center
002_20200912_202620(0),0,0.783245,0.537328,0.031646,0.03012,9.9999879989048,0.21675500000000003,3.7817948717948724,71.37179487179488,2,316x332,9,team,heo,1,1,small,mid,dark,center
002_20200912_202624(4),0,0.781873,0.548052,0.031646,0.03012,9.9999879989048,0.21812699999999996,2.0705128205128176,71.32051282051282,2,316x332,9,team,heo,1,1,small,low,dark,center
002_20200912_202629(0),0,0.76763,0.548761,0.031646,0.03012,9.9999879989048,0.23236999999999997,5.97948717948718,75.92948717948718,2,316x332,9,team,heo,1,1,small,high,dark,center
002_20200912_202633(4),0,0.774827,0.533716,0.031646,0.03012,9.9999879989048,0.22517299999999996,4.760000000000005,74.5,2,316x332,9,team,heo,1,1,small,mid,dark,center
002_20200912_202637(9),0,0.784285,0.521948,0.031646,0.03012,9.9999879989048,0.215715,6.776153846153846,75.84615384615384,2,316x332,9,team,heo,1,1,small,high,dark,center
002_20200914_082856(6),0,0.762799,0.400866,0.031646,0.03012,9.9999879989048,0.237201,5.083076923076916,70.17307692307692,2,316x332,9,team,lee,1,1,small,high,dark,center
002_20200914_082900(7),0,0.76953,0.490781,0.031646,0.03012,9.9999879989048,0.23046999999999995,4.475641025641025,71.02564102564102,2,316x332,9,team,lee,1,1,small,mid,dark,center
002_20200914_082903(8),0,0.754293,0.530913,0.031646,0.03012,9.9999879989048,0.245707,3.1074358974358915,72.3974358974359,2,316x332,9,team,lee,1,1,small,mid,dark,center
002_20200914_082906(7),0,0.76182,0.409627,0.031646,0.03012,9.9999879989048,0.23817999999999995,3.7297435897435918,65.33974358974359,2,316x332,9,team,lee,1,1,small,mid,dark,center
002_20200914_082909(7),0,0.778806,0.543989,0.031646,0.03012,9.9999879989048,0.221194,2.3569230769230813,70.57692307692308,2,316x332,9,team,lee,1,1,small,low,dark,center
002_20200914_082913(3),0,0.788675,0.477814,0.031646,0.03012,9.9999879989048,0.21132499999999999,3.6756410256410206,66.77564102564102,2,316x332,9,team,lee,1,1,small,mid,dark,center
002_20200914_123939(3),0,0.765669,0.42063,0.031646,0.03012,9.9999879989048,0.23433099999999996,7.033333333333331,71.33333333333333,2,316x332,9,team,jung,1,1,small,high,dark,center
002_20200914_123943(9),0,0.770836,0.403424,0.031646,0.03012,9.9999879989048,0.22916400000000003,7.971538461538472,72.46153846153847,2,316x332,9,team,jung,1,1,small,high,dark,center
002_20200914_123948(3),0,0.769374,0.458124,0.031646,0.03012,9.9999879989048,0.230626,4.523846153846165,70.40384615384616,2,316x332,9,team,jung,1,1,small,mid,dark,center
002_20200914_123952(7),0,0.79335,0.396708,0.031646,0.03012,9.9999879989048,0.20665,1.8538461538461632,70.65384615384616,2,316x332,9,team,jung,1,1,small,low,dark,center
002_20200914_123957(3),0,0.793274,0.431856,0.031646,0.03012,9.9999879989048,0.20672599999999997,3.2064102564102654,72.50641025641026,2,316x332,9,team,jung,1,1,small,mid,dark,center
002_20200914_124001(9),0,0.784217,0.46149,0.031646,0.03012,9.9999879989048,0.21578299999999995,3.508461538461532,72.28846153846153,2,316x332,9,team,jung,1,1,small,mid,dark,center
002_20200914_163059(4),0,0.775624,0.444407,0.031646,0.03012,9.9999879989048,0.22437600000000002,2.3858974358974336,73.68589743589743,2,316x332,9,team,heo,1,1,small,low,dark,center
002_20200914_163104(0),0,0.809291,0.44245,0.031646,0.03012,9.9999879989048,0.19070900000000002,2.9669230769230808,74.32692307692308,2,316x332,9,team,heo,1,1,small,mid,dark,center
002_20200914_163108(5),0,0.787652,0.433322,0.031646,0.03012,9.9999879989048,0.21234799999999998,4.795128205128208,74.7051282051282,2,316x332,9,team,heo,1,1,small,mid,dark,center
002_20200914_163113(0),0,0.775853,0.429198,0.031646,0.03012,9.9999879989048,0.22414699999999999,5.5930769230769215,71.67307692307692,2,316x332,9,team,heo,1,1,small,high,dark,center
002_20200914_163117(5),0,0.775878,0.4459,0.031646,0.03012,9.9999879989048,0.22412200000000004,4.46076923076923,70.73076923076923,2,316x332,9,team,heo,1,1,small,mid,dark,center
002_20200914_163122(1),0,0.768041,0.547899,0.031646,0.03012,9.9999879989048,0.23195900000000003,6.124358974358984,73.97435897435898,2,316x332,9,team,heo,1,1,small,high,dark,center
002_20200914_203029(2),0,0.797861,0.485923,0.031646,0.03012,9.9999879989048,0.20213899999999996,4.99179487179488,73.12179487179488,2,316x332,9,team,lee,1,1,small,high,dark,center
002_20200914_203032(1),0,0.779442,0.48139,0.031646,0.03012,9.9999879989048,0.22055800000000003,4.94358974358974,72.99358974358974,2,316x332,9,team,lee,1,1,small,high,dark,center
002_20200914_203035(2),0,0.793138,0.475504,0.031646,0.03012,9.9999879989048,0.206862,5.7464102564102575,71.25641025641026,2,316x332,9,team,lee,1,1,small,high,dark,center
002_20200914_203038(1),0,0.795504,0.473612,0.031646,0.03012,9.9999879989048,0.204496,4.280512820512811,70.57051282051282,2,316x332,9,team,lee,1,1,small,mid,dark,center
002_20200914_203041(1),0,0.763937,0.484385,0.031646,0.03012,9.9999879989048,0.23606300000000002,4.157179487179491,70.98717948717949,2,316x332,9,team,lee,1,1,small,mid,dark,center
002_20200914_203045(7),0,0.774254,0.478283,0.031646,0.03012,9.9999879989048,0.225746,5.501025641025635,71.89102564102564,2,316x332,9,team,lee,1,1,small,high,dark,center
002_20200915_003459(4),0,0.793628,0.492449,0.031646,0.03012,9.9999879989048,0.206372,6.140512820512811,72.57051282051282,2,316x332,9,team,jung,1,1,small,high,dark,center
002_20200915_003502(0),0,0.790174,0.539075,0.031646,0.03012,9.9999879989048,0.20982599999999996,7.86948717948718,77.42948717948718,2,316x332,9,team,jung,1,1,small,high,dark,center
002_20200915_003504(5),0,0.779953,0.518463,0.031646,0.03012,9.9999879989048,0.220047,3.4482051282051174,75.12820512820512,2,316x332,9,team,jung,1,1,small,mid,dark,center
002_20200915_003507(2),0,0.768994,0.510529,0.031646,0.03012,9.9999879989048,0.23100600000000004,5.213076923076926,75.42307692307692,2,316x332,9,team,jung,1,1,small,high,dark,center
002_20200915_003509(8),0,0.799926,0.507899,0.031646,0.03012,9.9999879989048,0.20007399999999997,5.230769230769226,75.73076923076923,2,316x332,9,team,jung,1,1,small,high,dark,center
002_20200915_003512(4),0,0.780231,0.515787,0.031646,0.03012,9.9999879989048,0.219769,6.569999999999993,76.75,2,316x332,9,team,jung,1,1,small,high,dark,center
002_20200915_043405(0),0,0.802856,0.487126,0.031646,0.03012,9.9999879989048,0.19714399999999999,7.420512820512812,71.57051282051282,2,316x332,9,team,heo,1,1,small,high,dark,center
002_20200915_043410(8),0,0.793083,0.46114,0.031646,0.03012,9.9999879989048,0.20691700000000002,5.316923076923082,69.07692307692308,2,316x332,9,team,heo,1,1,small,high,dark,center
002_20200915_043413(6),0,0.775479,0.487506,0.031646,0.03012,9.9999879989048,0.22452099999999997,5.682820512820513,70.01282051282051,2,316x332,9,team,heo,1,1,small,high,dark,center
002_20200915_043416(5),0,0.786112,0.457137,0.031646,0.03012,9.9999879989048,0.21388799999999997,2.657692307692301,68.0576923076923,2,316x332,9,team,heo,1,1,small,mid,dark,center
002_20200915_043419(5),0,0.785104,0.448003,0.031646,0.03012,9.9999879989048,0.21489599999999998,3.342051282051287,68.03205128205128,2,316x332,9,team,heo,1,1,small,mid,dark,center
002_20200915_043422(4),0,0.778914,0.465856,0.031646,0.03012,9.9999879989048,0.221086,3.66615384615384,67.34615384615384,2,316x332,9,team,heo,1,1,small,mid,dark,center
002_20200915_083044(8),0,0.792702,0.496707,0.031646,0.03012,9.9999879989048,0.20729799999999998,2.2448717948717984,75.7948717948718,2,316x332,9,team,lee,1,1,small,low,dark,center
002_20200915_083047(9),0,0.795248,0.492913,0.031646,0.03012,9.9999879989048,0.20475200000000005,1.4097435897435844,74.33974358974359,2,316x332,9,team,lee,1,1,small,low,dark,center
002_20200915_083050(8),0,0.743561,0.678692,0.031646,0.03012,9.9999879989048,0.256439,4.049999999999997,78.25,2,316x332,9,team,lee,1,1,small,mid,dark,center
002_20200915_083053(9),0,0.777626,0.516364,0.031646,0.03012,9.9999879989048,0.22237399999999996,7.06794871794871,76.71794871794872,2,316x332,9,team,lee,1,1,small,high,dark,center
002_20200915_083056(9),0,0.760167,0.600455,0.031646,0.03012,9.9999879989048,0.23983299999999996,5.810769230769225,74.73076923076923,2,316x332,9,team,lee,1,1,small,high,dark,center
002_20200915_083059(9),0,0.786321,0.536129,0.031646,0.03012,9.9999879989048,0.21367899999999995,2.8107692307692247,71.98076923076923,2,316x332,9,team,lee,1,1,small,mid,dark,center
002_20200915_123120(2),0,0.773923,0.40046,0.031646,0.03012,9.9999879989048,0.22607699999999997,4.864358974358979,71.47435897435898,2,316x332,9,team,jung,1,1,small,high,dark,center
002_20200915_123124(8),0,0.800638,0.416023,0.031646,0.03012,9.9999879989048,0.19936200000000004,6.0617948717948735,72.37179487179488,2,316x332,9,team,jung,1,1,small,high,dark,center
002_20200915_123129(4),0,0.778899,0.435892,0.031646,0.03012,9.9999879989048,0.221101,4.298717948717936,71.69871794871794,2,316x332,9,team,jung,1,1,small,mid,dark,center
002_20200915_123133(8),0,0.802066,0.42064,0.031646,0.03012,9.9999879989048,0.19793400000000005,3.363589743589742,75.24358974358974,2,316x332,9,team,jung,1,1,small,mid,dark,center
002_20200915_123138(3),0,0.778561,0.473108,0.031646,0.03012,9.9999879989048,0.22143900000000005,4.160769230769233,74.23076923076923,2,316x332,9,team,jung,1,1,small,mid,dark,center
002_20200915_123142(8),0,0.79836,0.494778,0.031646,0.03012,9.9999879989048,0.20164000000000004,4.942564102564106,76.3525641025641,2,316x332,9,team,jung,1,1,small,high,dark,center
002_20200915_163147(0),0,0.786069,0.402722,0.031646,0.03012,9.9999879989048,0.21393099999999998,3.1756410256410277,70.77564102564102,2,316x332,9,team,heo,1,1,small,mid,dark,center
002_20200915_163150(3),0,0.805787,0.429858,0.031646,0.03012,9.9999879989048,0.19421299999999997,6.069999999999993,71.25,2,316x332,9,team,heo,1,1,small,high,dark,center
002_20200915_163153(6),0,0.780954,0.506522,0.031646,0.03012,9.9999879989048,0.21904599999999996,6.036153846153837,74.09615384615384,2,316x332,9,team,heo,1,1,small,high,dark,center
002_20200915_163158(2),0,0.77468,0.588039,0.031646,0.03012,9.9999879989048,0.22531999999999996,5.6041025641025755,77.31410256410257,2,316x332,9,team,heo,1,1,small,high,dark,center
002_20200915_163204(1),0,0.784057,0.379069,0.031646,0.03012,9.9999879989048,0.215943,4.177692307692311,73.0576923076923,2,316x332,9,team,heo,1,1,small,mid,dark,center
002_20200915_163207(2),0,0.783806,0.448413,0.031646,0.03012,9.9999879989048,0.216194,2.9143589743589757,71.47435897435898,2,316x332,9,team,heo,1,1,small,mid,dark,center
002_20200915_203221(1),0,0.810205,0.514271,0.031646,0.03012,9.9999879989048,0.18979500000000005,2.3174358974358995,74.6474358974359,2,316x332,9,team,lee,1,1,small,low,dark,center
002_20200915_203224(0),0,0.794415,0.432524,0.031646,0.03012,9.9999879989048,0.20558500000000002,4.447435897435895,72.3974358974359,2,316x332,9,team,lee,1,1,small,mid,dark,center
002_20200915_203227(0),0,0.77339,0.447009,0.031646,0.03012,9.9999879989048,0.22660999999999998,0.7751282051281976,71.2051282051282,2,316x332,9,team,lee,1,1,small,low,dark,center
002_20200915_203230(0),0,0.763393,0.375261,0.031646,0.03012,9.9999879989048,0.236607,2.256153846153836,70.09615384615384,2,316x332,9,team,lee,1,1,small,low,dark,center
002_20200915_203233(0),0,0.816078,0.493094,0.031646,0.03012,9.9999879989048,0.18392200000000003,4.498717948717939,74.44871794871794,2,316x332,9,team,lee,1,1,small,mid,dark,center
002_20200915_203236(0),0,0.790647,0.4165,0.031646,0.03012,9.9999879989048,0.209353,3.6076923076923038,69.5576923076923,2,316x332,9,team,lee,1,1,small,mid,dark,center
002_20200916_003108(4),0,0.779893,0.495762,0.031646,0.03012,9.9999879989048,0.22010700000000005,3.326666666666668,74.66666666666667,2,316x332,9,team,jung,1,1,small,mid,dark,center
002_20200916_003111(4),0,0.782323,0.509556,0.031646,0.03012,9.9999879989048,0.217677,3.0202564102564082,74.66025641025641,2,316x332,9,team,jung,1,1,small,mid,dark,center
002_20200916_003114(5),0,0.813615,0.493215,0.031646,0.03012,9.9999879989048,0.18638500000000002,3.2874358974358984,74.8974358974359,2,316x332,9,team,jung,1,1,small,mid,dark,center
002_20200916_003117(4),0,0.790007,0.492181,0.031646,0.03012,9.9999879989048,0.20999299999999999,4.068717948717946,74.44871794871794,2,316x332,9,team,jung,1,1,small,mid,dark,center
002_20200916_003120(4),0,0.788948,0.488308,0.031646,0.03012,9.9999879989048,0.21105200000000002,4.061538461538461,74.96153846153847,2,316x332,9,team,jung,1,1,small,mid,dark,center
002_20200916_003123(4),0,0.787817,0.493618,0.031646,0.03012,9.9999879989048,0.212183,4.771025641025631,76.64102564102564,2,316x332,9,team,jung,1,1,small,mid,dark,center
002_20200916_043144(0),0,0.808649,0.512193,0.031646,0.03012,9.9999879989048,0.19135100000000005,2.4153846153846104,77.86538461538461,2,316x332,9,team,heo,1,1,small,mid,dark,center
002_20200916_043146(9),0,0.778072,0.517081,0.031646,0.03012,9.9999879989048,0.22192800000000001,2.092307692307699,79.4423076923077,2,316x332,9,team,heo,1,1,small,low,dark,center
002_20200916_043150(0),0,0.789292,0.490767,0.031646,0.03012,9.9999879989048,0.210708,3.0320512820512846,76.78205128205128,2,316x332,9,team,heo,1,1,small,mid,dark,center
002_20200916_043152(7),0,0.78409,0.494917,0.031646,0.03012,9.9999879989048,0.21591000000000005,4.6625641025641045,76.8525641025641,2,316x332,9,team,heo,1,1,small,mid,dark,center
002_20200916_043155(6),0,0.810611,0.493655,0.031646,0.03012,9.9999879989048,0.18938900000000003,4.70410256410257,76.81410256410257,2,316x332,9,team,heo,1,1,small,mid,dark,center
002_20200916_043158(6),0,0.799084,0.487205,0.031646,0.03012,9.9999879989048,0.20091599999999998,5.5617948717948735,75.37179487179488,2,316x332,9,team,heo,1,1,small,high,dark,center
002_20200916_083057(9),0,0.788112,0.486805,0.031646,0.03012,9.9999879989048,0.21188799999999997,5.72948717948718,71.42948717948718,2,316x332,9,team,lee,1,1,small,high,dark,center
002_20200916_083102(3),0,0.775759,0.492807,0.031646,0.03012,9.9999879989048,0.22424100000000002,5.95461538461538,73.13461538461539,2,316x332,9,team,lee,1,1,small,high,dark,center
002_20200916_083106(8),0,0.79693,0.503421,0.031646,0.03012,9.9999879989048,0.20306999999999997,7.97461538461539,76.38461538461539,2,316x332,9,team,lee,1,1,small,high,dark,center
002_20200916_083111(3),0,0.784098,0.548123,0.031646,0.03012,9.9999879989048,0.21590200000000004,2.7376923076923134,78.5576923076923,2,316x332,9,team,lee,1,1,small,mid,dark,center
002_20200916_083115(8),0,0.781107,0.551823,0.031646,0.03012,9.9999879989048,0.218893,3.0933333333333337,77.33333333333333,2,316x332,9,team,lee,1,1,small,mid,dark,center
002_20200916_083120(2),0,0.802551,0.510902,0.031646,0.03012,9.9999879989048,0.19744899999999999,1.0461538461538424,76.09615384615384,2,316x332,9,team,lee,1,1,small,low,dark,center
002_20200916_122640(9),0,0.767303,0.491252,0.031646,0.03012,9.9999879989048,0.23269700000000004,3.4241025641025686,73.81410256410257,2,316x332,9,team,jung,1,1,small,mid,dark,center
002_20200916_122645(5),0,0.785767,0.475161,0.031646,0.03012,9.9999879989048,0.214233,4.3869230769230825,73.32692307692308,2,316x332,9,team,jung,1,1,small,mid,dark,center
002_20200916_122650(1)__m2,0,0.764304,0.470404,0.031646,0.03012,9.9999879989048,0.23569600000000002,7.6428205128205065,75.01282051282051,2,316x332,9,team,jung,1,1,small,high,dark,center
002_20200916_122654(5),0,0.797749,0.446832,0.031646,0.03012,9.9999879989048,0.20225099999999996,3.417179487179496,77.23717948717949,2,316x332,9,team,jung,1,1,small,mid,dark,center
002_20200916_122659(0),0,0.775168,0.451644,0.031646,0.03012,9.9999879989048,0.22483200000000003,2.895128205128202,76.9551282051282,2,316x332,9,team,jung,1,1,small,mid,dark,center
002_20200916_122703(5),0,0.770797,0.480282,0.031646,0.03012,9.9999879989048,0.22920300000000005,7.251282051282061,78.30128205128206,2,316x332,9,team,jung,1,1,small,high,dark,center
002_20200916_203132(4),0,0.813305,0.53707,0.031646,0.03012,9.9999879989048,0.18669500000000006,0.5699999999999932,74.5,2,316x332,9,team,heo,1,1,small,low,dark,center
002_20200916_203136(3),0,0.782101,0.528205,0.031646,0.03012,9.9999879989048,0.21789899999999995,1.3943589743589797,74.72435897435898,2,316x332,9,team,heo,1,1,small,low,dark,center
002_20200916_203140(2),0,0.811485,0.549505,0.031646,0.03012,9.9999879989048,0.188515,1.0217948717948815,74.12179487179488,2,316x332,9,team,heo,1,1,small,low,dark,center
002_20200916_203144(3),0,0.782045,0.525192,0.031646,0.03012,9.9999879989048,0.217955,1.214615384615385,73.63461538461539,2,316x332,9,team,heo,1,1,small,low,dark,center
002_20200916_203148(2),0,0.804106,0.539732,0.031646,0.03012,9.9999879989048,0.195894,1.983076923076922,73.67307692307692,2,316x332,9,team,heo,1,1,small,low,dark,center
002_20200916_203152(3),0,0.807421,0.556894,0.031646,0.03012,9.9999879989048,0.19257899999999994,2.557948717948719,74.21794871794872,2,316x332,9,team,heo,1,1,small,mid,dark,center
002_20200917_003224(9),0,0.785285,0.53847,0.031646,0.03012,9.9999879989048,0.214715,0.9387179487179367,76.44871794871794,2,316x332,9,team,lee,1,1,small,low,dark,center
002_20200917_003228(7),0,0.801779,0.528151,0.031646,0.03012,9.9999879989048,0.19822099999999998,1.6887179487179367,78.19871794871794,2,316x332,9,team,lee,1,1,small,low,dark,center
002_20200917_003234(6),0,0.78394,0.5364,0.031646,0.03012,9.9999879989048,0.21606000000000003,1.5607692307692247,77.98076923076923,2,316x332,9,team,lee,1,1,small,low,dark,center
002_20200917_003238(7),0,0.798472,0.530553,0.031646,0.03012,9.9999879989048,0.20152800000000004,0.9594871794871835,79.67948717948718,2,316x332,9,team,lee,1,1,small,low,dark,center
002_20200917_003242(7),0,0.783431,0.529859,0.031646,0.03012,9.9999879989048,0.216569,0.293846153846161,79.90384615384616,2,316x332,9,team,lee,1,1,small,low,dark,center
002_20200917_003246(7),0,0.790552,0.527707,0.031646,0.03012,9.9999879989048,0.20944799999999997,1.6176923076923089,80.3076923076923,2,316x332,9,team,lee,1,1,small,low,dark,center
002_20200917_043058(6),0,0.809543,0.540273,0.031646,0.03012,9.9999879989048,0.190457,4.233846153846159,80.65384615384616,2,316x332,9,team,jung,1,1,small,mid,dark,center
002_20200917_043102(6),0,0.810253,0.543138,0.031646,0.03012,9.9999879989048,0.189747,1.9420512820512812,78.78205128205128,2,316x332,9,team,jung,1,1,small,low,dark,center
002_20200917_043106(5),0,0.798291,0.522313,0.031646,0.03012,9.9999879989048,0.20170900000000003,1.538461538461533,78.03846153846153,2,316x332,9,team,jung,1,1,small,low,dark,center
002_20200917_043110(7),0,0.797752,0.53008,0.031646,0.03012,9.9999879989048,0.20224799999999998,0.5669230769230751,78.07692307692308,2,316x332,9,team,jung,1,1,small,low,dark,center
002_20200917_043114(6),0,0.77911,0.534519,0.031646,0.03012,9.9999879989048,0.22089000000000003,1.325384615384607,79.86538461538461,2,316x332,9,team,jung,1,1,small,low,dark,center
002_20200917_043118(5),0,0.767779,0.627892,0.031646,0.03012,9.9999879989048,0.232221,2.873589743589733,75.74358974358974,2,316x332,9,team,jung,1,1,small,mid,dark,center
002_20200917_083825(7),0,0.782668,0.511957,0.031646,0.03012,9.9999879989048,0.21733199999999997,0.936153846153843,74.34615384615384,2,316x332,9,team,heo,1,1,small,low,dark,center
002_20200917_083829(7),0,0.783624,0.49062,0.031646,0.03012,9.9999879989048,0.216376,5.609999999999999,72.75,2,316x332,9,team,heo,1,1,small,high,dark,center
002_20200917_083833(6),0,0.813833,0.501129,0.031646,0.03012,9.9999879989048,0.18616699999999997,0.9766666666666737,72.41666666666667,2,316x332,9,team,heo,1,1,small,low,dark,center
002_20200917_083836(7),0,0.761779,0.4299,0.031646,0.03012,9.9999879989048,0.23822100000000002,6.824358974358972,73.72435897435898,2,316x332,9,team,heo,1,1,small,high,dark,center
002_20200917_083840(1),0,0.773383,0.456349,0.031646,0.03012,9.9999879989048,0.22661699999999996,5.01102564102564,71.39102564102564,2,316x332,9,team,heo,1,1,small,high,dark,center
002_20200917_083843(4),0,0.785949,0.511296,0.031646,0.03012,9.9999879989048,0.214051,4.445641025641024,75.77564102564102,2,316x332,9,team,heo,1,1,small,mid,dark,center
002_20200917_123114(9),0,0.793276,0.474579,0.031646,0.03012,9.9999879989048,0.20672400000000002,6.084102564102565,78.56410256410257,2,316x332,9,team,lee,1,1,small,high,dark,center
002_20200917_123118(9),0,0.780944,0.46266,0.031646,0.03012,9.9999879989048,0.21905600000000003,2.7717948717948815,77.12179487179488,2,316x332,9,team,lee,1,1,small,mid,dark,center
002_20200917_123122(9),0,0.791919,0.413195,0.031646,0.03012,9.9999879989048,0.20808099999999996,3.1825641025641005,75.6025641025641,2,316x332,9,team,lee,1,1,small,mid,dark,center
002_20200917_123126(9),0,0.776252,0.457373,0.031646,0.03012,9.9999879989048,0.22374799999999995,4.285384615384615,74.36538461538461,2,316x332,9,team,lee,1,1,small,mid,dark,center
002_20200917_123130(9),0,0.776601,0.486901,0.031646,0.03012,9.9999879989048,0.22339900000000001,5.149487179487181,76.92948717948718,2,316x332,9,team,lee,1,1,small,high,dark,center
002_20200917_123135(0),0,0.802853,0.412156,0.031646,0.03012,9.9999879989048,0.19714699999999996,4.125384615384618,74.11538461538461,2,316x332,9,team,lee,1,1,small,mid,dark,center
002_20200917_162827(5),0,0.784985,0.418738,0.031646,0.03012,9.9999879989048,0.21501499999999996,3.2717948717948815,74.87179487179488,2,316x332,9,team,jung,1,1,small,mid,dark,center
002_20200917_162841(6),0,0.782089,0.519083,0.031646,0.03012,9.9999879989048,0.21791099999999997,2.8969230769230734,78.32692307692308,2,316x332,9,team,jung,1,1,small,mid,dark,center
002_20200917_162845(6),0,0.773667,0.485514,0.031646,0.03012,9.9999879989048,0.226333,4.114358974358979,75.97435897435898,2,316x332,9,team,jung,1,1,small,mid,dark,center
002_20200917_162851(6),0,0.766197,0.538532,0.031646,0.03012,9.9999879989048,0.23380299999999998,4.941538461538471,75.46153846153847,2,316x332,9,team,jung,1,1,small,high,dark,center
002_20200917_162855(9),0,0.789625,0.540387,0.031646,0.03012,9.9999879989048,0.21037499999999998,9.35179487179488,76.87179487179488,2,316x332,9,team,jung,1,1,small,high,dark,center
002_20200917_162859(9),0,0.76472,0.554642,0.031646,0.03012,9.9999879989048,0.23528000000000004,4.837179487179483,75.23717948717949,2,316x332,9,team,jung,1,1,small,mid,dark,center
002_20200917_203038(6),0,0.779854,0.50606,0.031646,0.03012,9.9999879989048,0.22014599999999995,2.9705128205128233,76.82051282051282,2,316x332,9,team,heo,1,1,small,mid,dark,center
002_20200917_203042(6),0,0.775848,0.504307,0.031646,0.03012,9.9999879989048,0.22415200000000002,3.848205128205123,76.87820512820512,2,316x332,9,team,heo,1,1,small,mid,dark,center
002_20200917_203046(7),0,0.771025,0.501304,0.031646,0.03012,9.9999879989048,0.22897500000000004,5.168717948717941,77.19871794871794,2,316x332,9,team,heo,1,1,small,high,dark,center
002_20200917_203050(7),0,0.781929,0.506939,0.031646,0.03012,9.9999879989048,0.21807100000000001,5.275641025641022,77.02564102564102,2,316x332,9,team,heo,1,1,small,high,dark,center
002_20200917_203054(5),0,0.801544,0.503257,0.031646,0.03012,9.9999879989048,0.19845599999999997,3.5735897435897357,75.49358974358974,2,316x332,9,team,heo,1,1,small,mid,dark,center
002_20200917_203058(6),0,0.770562,0.496268,0.031646,0.03012,9.9999879989048,0.22943800000000003,4.269999999999996,76.0,2,316x332,9,team,heo,1,1,small,mid,dark,center
002_20200918_003519(6),0,0.776787,0.542521,0.031646,0.03012,9.9999879989048,0.223213,1.200256410256415,75.41025641025641,2,316x332,9,team,lee,1,1,small,low,dark,center
002_20200918_003523(4),0,0.809241,0.518247,0.031646,0.03012,9.9999879989048,0.190759,2.025897435897434,80.68589743589743,2,316x332,9,team,lee,1,1,small,low,dark,center
002_20200918_003527(3),0,0.804082,0.511318,0.031646,0.03012,9.9999879989048,0.19591800000000004,0.9302564102564048,79.91025641025641,2,316x332,9,team,lee,1,1,small,low,dark,center
002_20200918_003531(2),0,0.81186,0.539235,0.031646,0.03012,9.9999879989048,0.18813999999999997,1.579487179487188,82.92948717948718,2,316x332,9,team,lee,1,1,small,low,dark,center
002_20200918_003535(0),0,0.783013,0.538863,0.031646,0.03012,9.9999879989048,0.21698700000000004,2.154615384615383,81.88461538461539,2,316x332,9,team,lee,1,1,small,low,dark,center
002_20200918_003538(9),0,0.788041,0.532763,0.031646,0.03012,9.9999879989048,0.211959,2.2735897435897385,83.24358974358974,2,316x332,9,team,lee,1,1,small,low,dark,center
002_20200918_043323(0),0,0.791976,0.512637,0.031646,0.03012,9.9999879989048,0.208024,3.041025641025641,80.89102564102564,2,316x332,9,team,jung,1,1,small,mid,dark,center
002_20200918_043326(6),0,0.779167,0.503469,0.031646,0.03012,9.9999879989048,0.22083299999999995,3.9784615384615307,81.53846153846153,2,316x332,9,team,jung,1,1,small,mid,dark,center
002_20200918_043330(5),0,0.804451,0.511057,0.031646,0.03012,9.9999879989048,0.19554899999999997,4.09897435897436,84.35897435897436,2,316x332,9,team,jung,1,1,small,mid,dark,center
002_20200918_043334(3),0,0.775423,0.507254,0.031646,0.03012,9.9999879989048,0.22457700000000003,3.4184615384615284,83.28846153846153,2,316x332,9,team,jung,1,1,small,mid,dark,center
002_20200918_043338(2)__m2,0,0.793124,0.51369,0.031646,0.03012,9.9999879989048,0.20687599999999995,3.2682051282051248,85.12820512820512,2,316x332,9,team,jung,1,1,small,mid,dark,center
002_20200918_043342(2),0,0.806382,0.518434,0.031646,0.03012,9.9999879989048,0.19361799999999996,4.675897435897426,84.68589743589743,2,316x332,9,team,jung,1,1,small,mid,dark,center
002_20200918_083026(0),0,0.775748,0.426224,0.031646,0.03012,9.9999879989048,0.224252,6.205384615384617,67.11538461538461,2,316x332,9,team,heo,1,1,small,high,dark,center
002_20200918_083029(4),0,0.792609,0.485504,0.031646,0.03012,9.9999879989048,0.207391,5.063589743589731,69.24358974358974,2,316x332,9,team,heo,1,1,small,high,dark,center
002_20200918_083033(4),0,0.765102,0.602217,0.031646,0.03012,9.9999879989048,0.23489800000000005,7.340512820512814,75.32051282051282,2,316x332,9,team,heo,1,1,small,high,dark,center
002_20200918_083037(6),0,0.79654,0.584472,0.031646,0.03012,9.9999879989048,0.20345999999999997,1.97128205128206,78.30128205128206,2,316x332,9,team,heo,1,1,small,low,dark,center
002_20200918_083041(4),0,0.794163,0.533649,0.031646,0.03012,9.9999879989048,0.20583700000000005,2.4935897435897374,78.49358974358974,2,316x332,9,team,heo,1,1,small,mid,dark,center
002_20200918_083045(4),0,0.812018,0.521527,0.031646,0.03012,9.9999879989048,0.18798199999999998,2.9597435897435957,78.58974358974359,2,316x332,9,team,heo,1,1,small,mid,dark,center
002_20200918_123100(6),0,0.777991,0.429428,0.031646,0.03012,9.9999879989048,0.222009,7.71076923076923,73.98076923076923,2,316x332,9,team,lee,1,1,small,high,dark,center
002_20200918_123104(6),0,0.767298,0.455377,0.031646,0.03012,9.9999879989048,0.23270199999999996,2.6256410256410163,71.52564102564102,2,316x332,9,team,lee,1,1,small,mid,dark,center
002_20200918_123108(7),0,0.773852,0.483139,0.031646,0.03012,9.9999879989048,0.22614800000000002,6.910256410256409,74.41025641025641,2,316x332,9,team,lee,1,1,small,high,dark,center
002_20200918_123112(8),0,0.762982,0.48011,0.031646,0.03012,9.9999879989048,0.23701799999999995,4.1058974358974325,78.43589743589743,2,316x332,9,team,lee,1,1,small,mid,dark,center
002_20200918_123116(5),0,0.810419,0.40758,0.031646,0.03012,9.9999879989048,0.189581,2.8489743589743597,77.60897435897436,2,316x332,9,team,lee,1,1,small,mid,dark,center
002_20200918_123120(6),0,0.783789,0.457527,0.031646,0.03012,9.9999879989048,0.21621100000000004,2.5602564102564145,75.91025641025641,2,316x332,9,team,lee,1,1,small,mid,dark,center
002_20200918_163058(9),0,0.776022,0.495699,0.031646,0.03012,9.9999879989048,0.223978,4.048717948717936,72.69871794871794,2,316x332,9,team,jung,1,1,small,mid,dark,center
002_20200918_163102(9),0,0.770178,0.494422,0.031646,0.03012,9.9999879989048,0.22982199999999997,4.694615384615389,72.88461538461539,2,316x332,9,team,jung,1,1,small,mid,dark,center
002_20200918_163106(9),0,0.78578,0.477792,0.031646,0.03012,9.9999879989048,0.21421999999999997,5.4653846153846075,70.86538461538461,2,316x332,9,team,jung,1,1,small,high,dark,center
002_20200918_163110(9),0,0.80491,0.481566,0.031646,0.03012,9.9999879989048,0.19508999999999999,2.937692307692302,76.5576923076923,2,316x332,9,team,jung,1,1,small,mid,dark,center
002_20200918_163114(8),0,0.795944,0.513995,0.031646,0.03012,9.9999879989048,0.20405600000000002,3.9215384615384608,78.71153846153847,2,316x332,9,team,jung,1,1,small,mid,dark,center
002_20200918_163118(7),0,0.793784,0.469409,0.031646,0.03012,9.9999879989048,0.20621599999999995,2.6471794871794856,73.98717948717949,2,316x332,9,team,jung,1,1,small,mid,dark,center
002_20200921_111920(1),0,0.782825,0.444889,0.031646,0.03012,9.9999879989048,0.217175,4.683076923076925,69.67307692307692,2,316x332,9,team,heo,1,1,small,mid,dark,center
002_20200921_111923(3),0,0.790566,0.345066,0.031646,0.03012,9.9999879989048,0.209434,4.8841025641025695,65.56410256410257,2,316x332,9,team,heo,1,1,small,high,dark,center
002_20200921_111926(6),0,0.796379,0.374609,0.031646,0.03012,9.9999879989048,0.20362100000000005,6.720512820512816,68.57051282051282,2,316x332,9,team,heo,1,1,small,high,dark,center
002_20200921_111930(0),0,0.760166,0.384281,0.031646,0.03012,9.9999879989048,0.239834,4.529230769230772,67.01923076923077,2,316x332,9,team,heo,1,1,small,mid,dark,center
002_20200921_111933(1),0,0.759649,0.361136,0.031646,0.03012,9.9999879989048,0.24035099999999998,5.44641025641026,65.75641025641026,2,316x332,9,team,heo,1,1,small,high,dark,center
002_20200921_111936(2),0,0.756665,0.382472,0.031646,0.03012,9.9999879989048,0.24333499999999997,4.98615384615384,66.84615384615384,2,316x332,9,team,heo,1,1,small,high,dark,center
002_20200921_123149(8),0,0.788143,0.503663,0.031646,0.03012,9.9999879989048,0.21185699999999996,5.146666666666675,72.16666666666667,2,316x332,9,team,lee,1,1,small,high,dark,center
002_20200921_123152(7),0,0.780729,0.475133,0.031646,0.03012,9.9999879989048,0.219271,5.977435897435896,70.3974358974359,2,316x332,9,team,lee,1,1,small,high,dark,center
002_20200921_123155(7),0,0.78584,0.491148,0.031646,0.03012,9.9999879989048,0.21416000000000002,4.0148717948717945,70.5448717948718,2,316x332,9,team,lee,1,1,small,mid,dark,center
002_20200921_123158(9),0,0.769832,0.484217,0.031646,0.03012,9.9999879989048,0.23016800000000004,5.133846153846164,71.90384615384616,2,316x332,9,team,lee,1,1,small,high,dark,center
002_20200921_123201(8),0,0.782656,0.510458,0.031646,0.03012,9.9999879989048,0.21734399999999998,2.97128205128206,72.05128205128206,2,316x332,9,team,lee,1,1,small,mid,dark,center
002_20200921_123207(6),0,0.79222,0.511573,0.031646,0.03012,9.9999879989048,0.20777999999999996,3.3943589743589797,70.47435897435898,2,316x332,9,team,lee,1,1,small,mid,dark,center
002_20200921_163038(3),0,0.776559,0.363198,0.031646,0.03012,9.9999879989048,0.223441,4.5176923076923075,67.8076923076923,2,316x332,9,team,jung,1,1,small,mid,dark,center
002_20200921_163042(3),0,0.787177,0.498158,0.031646,0.03012,9.9999879989048,0.21282299999999998,4.709230769230771,71.76923076923077,2,316x332,9,team,jung,1,1,small,mid,dark,center
002_20200921_163045(4),0,0.800607,0.486407,0.031646,0.03012,9.9999879989048,0.19939300000000004,5.930256410256412,69.91025641025641,2,316x332,9,team,jung,1,1,small,high,dark,center
002_20200921_163049(6),0,0.772225,0.388688,0.031646,0.03012,9.9999879989048,0.22777499999999995,3.773846153846158,64.90384615384616,2,316x332,9,team,jung,1,1,small,mid,dark,center
002_20200921_163052(5),0,0.783637,0.503931,0.031646,0.03012,9.9999879989048,0.21636299999999997,7.6553846153846195,71.86538461538461,2,316x332,9,team,jung,1,1,small,high,dark,center
002_20200921_163055(5),0,0.797479,0.487947,0.031646,0.03012,9.9999879989048,0.20252099999999995,7.019487179487186,71.67948717948718,2,316x332,9,team,jung,1,1,small,high,dark,center
002_20200921_202239(4),0,0.778579,0.584044,0.031646,0.03012,9.9999879989048,0.22142099999999998,1.0838461538461672,73.15384615384616,2,316x332,9,team,heo,1,1,small,low,dark,center
002_20200921_202244(0),0,0.784771,0.529968,0.031646,0.03012,9.9999879989048,0.215229,1.2951282051282078,71.7051282051282,2,316x332,9,team,heo,1,1,small,low,dark,center
002_20200921_202248(6),0,0.763169,0.546996,0.031646,0.03012,9.9999879989048,0.236831,2.7923076923076877,74.1923076923077,2,316x332,9,team,heo,1,1,small,mid,dark,center
002_20200921_202253(0),0,0.774614,0.543409,0.031646,0.03012,9.9999879989048,0.22538599999999998,5.75,76.25,2,316x332,9,team,heo,1,1,small,high,dark,center
002_20200921_202257(4),0,0.766952,0.5586,0.031646,0.03012,9.9999879989048,0.23304800000000003,3.693076923076916,72.92307692307692,2,316x332,9,team,heo,1,1,small,mid,dark,center
002_20200921_202303(6),0,0.779689,0.620927,0.031646,0.03012,9.9999879989048,0.22031100000000003,4.6882051282051265,75.12820512820512,2,316x332,9,team,heo,1,1,small,mid,dark,center
002_20200922_003106(0),0,0.78762,0.373327,0.031646,0.03012,9.9999879989048,0.21238,4.648461538461532,73.78846153846153,2,316x332,9,team,lee,1,1,small,mid,dark,center
002_20200922_003110(6),0,0.797397,0.43637,0.031646,0.03012,9.9999879989048,0.20260299999999998,7.242820512820515,74.51282051282051,2,316x332,9,team,lee,1,1,small,high,dark,center
002_20200922_003115(1),0,0.800836,0.423211,0.031646,0.03012,9.9999879989048,0.199164,5.48282051282051,73.26282051282051,2,316x332,9,team,lee,1,1,small,high,dark,center
002_20200922_003119(6),0,0.775556,0.419506,0.031646,0.03012,9.9999879989048,0.22444399999999998,1.9038461538461604,74.15384615384616,2,316x332,9,team,lee,1,1,small,low,dark,center
002_20200922_003124(2),0,0.806899,0.526616,0.031646,0.03012,9.9999879989048,0.19310099999999997,1.5523076923076928,78.1923076923077,2,316x332,9,team,lee,1,1,small,low,dark,center
002_20200922_003128(7),0,0.800359,0.49926,0.031646,0.03012,9.9999879989048,0.19964099999999996,2.985897435897428,76.18589743589743,2,316x332,9,team,lee,1,1,small,mid,dark,center
002_20200922_043107(1),0,0.803225,0.471894,0.031646,0.03012,9.9999879989048,0.19677500000000003,3.223076923076917,76.67307692307692,2,316x332,9,team,jung,1,1,small,mid,dark,center
002_20200922_043111(6),0,0.79313,0.436113,0.031646,0.03012,9.9999879989048,0.20687,2.7876923076923106,76.3076923076923,2,316x332,9,team,jung,1,1,small,mid,dark,center
002_20200922_043116(0),0,0.798968,0.462602,0.031646,0.03012,9.9999879989048,0.201032,3.0746153846153845,75.63461538461539,2,316x332,9,team,jung,1,1,small,mid,dark,center
002_20200922_043120(5),0,0.775213,0.448556,0.031646,0.03012,9.9999879989048,0.22478699999999996,4.845384615384617,72.61538461538461,2,316x332,9,team,jung,1,1,small,mid,dark,center
002_20200922_043125(0),0,0.804485,0.456666,0.031646,0.03012,9.9999879989048,0.195515,6.977179487179484,73.23717948717949,2,316x332,9,team,jung,1,1,small,high,dark,center
002_20200922_043129(5),0,0.79283,0.432834,0.031646,0.03012,9.9999879989048,0.20716999999999997,5.310769230769225,72.23076923076923,2,316x332,9,team,jung,1,1,small,high,dark,center
002_20200922_083741(5),0,0.796469,0.477027,0.031646,0.03012,9.9999879989048,0.20353100000000002,8.644615384615392,74.63461538461539,2,316x332,9,team,heo,1,1,small,high,dark,center
002_20200922_083744(6),0,0.782324,0.474456,0.031646,0.03012,9.9999879989048,0.21767599999999998,3.965897435897432,71.18589743589743,2,316x332,9,team,heo,1,1,small,mid,dark,center
002_20200922_083747(7),0,0.774043,0.478386,0.031646,0.03012,9.9999879989048,0.22595699999999996,5.756923076923087,71.82692307692308,2,316x332,9,team,heo,1,1,small,high,dark,center
002_20200922_083750(6),0,0.790095,0.437504,0.031646,0.03012,9.9999879989048,0.209905,7.145128205128202,73.2051282051282,2,316x332,9,team,heo,1,1,small,high,dark,center
002_20200922_083753(5),0,0.791681,0.499766,0.031646,0.03012,9.9999879989048,0.20831900000000003,3.5489743589743625,73.85897435897436,2,316x332,9,team,heo,1,1,small,mid,dark,center
002_20200922_083756(6),0,0.799887,0.455934,0.031646,0.03012,9.9999879989048,0.20011299999999999,4.473589743589741,71.49358974358974,2,316x332,9,team,heo,1,1,small,mid,dark,center
002_20200922_122726(9),0,0.797544,0.509238,0.031646,0.03012,9.9999879989048,0.20245599999999997,2.282307692307697,75.1923076923077,2,316x332,9,team,lee,1,1,small,low,dark,center
002_20200922_122730(0),0,0.803722,0.493374,0.031646,0.03012,9.9999879989048,0.19627799999999995,3.538461538461533,75.03846153846153,2,316x332,9,team,lee,1,1,small,mid,dark,center
002_20200922_122732(8),0,0.775359,0.472064,0.031646,0.03012,9.9999879989048,0.22464099999999998,3.1297435897435975,74.08974358974359,2,316x332,9,team,lee,1,1,small,mid,dark,center
002_20200922_122737(2),0,0.784988,0.496232,0.031646,0.03012,9.9999879989048,0.21501199999999998,1.9982051282051287,76.87820512820512,2,316x332,9,team,lee,1,1,small,low,dark,center
002_20200922_122741(6),0,0.785332,0.494178,0.031646,0.03012,9.9999879989048,0.21466799999999997,3.0461538461538424,77.84615384615384,2,316x332,9,team,lee,1,1,small,mid,dark,center
002_20200922_122746(0),0,0.794944,0.514146,0.031646,0.03012,9.9999879989048,0.20505600000000002,1.8548717948717979,79.2948717948718,2,316x332,9,team,lee,1,1,small,low,dark,center
002_20200922_163036(2),0,0.76641,0.489881,0.031646,0.03012,9.9999879989048,0.23358999999999996,4.135128205128211,72.2051282051282,2,316x332,9,team,jung,1,1,small,mid,dark,center
002_20200922_163039(5),0,0.784986,0.482506,0.031646,0.03012,9.9999879989048,0.21501400000000004,7.80974358974359,73.33974358974359,2,316x332,9,team,jung,1,1,small,high,dark,center
002_20200922_163043(6),0,0.798613,0.483557,0.031646,0.03012,9.9999879989048,0.20138699999999998,4.109999999999999,73.25,2,316x332,9,team,jung,1,1,small,mid,dark,center
002_20200922_163047(8),0,0.772114,0.45536,0.031646,0.03012,9.9999879989048,0.22788600000000003,3.974102564102566,70.81410256410257,2,316x332,9,team,jung,1,1,small,mid,dark,center
002_20200922_163053(8)__m2,0,0.790865,0.53489,0.031646,0.03012,9.9999879989048,0.20913499999999996,6.5815384615384716,75.71153846153847,2,316x332,9,team,jung,1,1,small,high,dark,center
002_20200922_163059(7),0,0.79345,0.506678,0.031646,0.03012,9.9999879989048,0.20655,5.68692307692308,73.07692307692308,2,316x332,9,team,jung,1,1,small,high,dark,center
001_20200622_203305(8),0,0.6336805555555556,0.4369369369369369,0.010416666666666666,0.018018018018018018,6.928203230275509,0.3663194444444444,0.29999999999999716,89.90833333333333,3,576x444,6,official,,3,3,small,low,mid,center
001_20200622_203305(8),1,0.6371527777777778,0.5022522522522522,0.013888888888888888,0.02252252252252252,8.94427190999916,0.3628472222222222,2.9541666666666657,84.10416666666667,3,576x444,6,official,,3,3,small,mid,dark,center
001_20200622_203305(8),2,0.6484375,0.5878378378378378,0.019097222222222224,0.02702702702702703,11.489125293076057,0.3515625,1.3030303030303116,86.33333333333333,3,576x444,6,official,,3,3,large,low,mid,center
001_20200622_203309(1),0,0.6493055555555556,0.40202702702702703,0.017361111111111112,0.024774774774774775,10.488088481701515,0.3506944444444444,0.8609427609427627,89.14814814814815,3,576x444,6,official,,3,3,mid,low,mid,center
001_20200622_203309(1),1,0.6458333333333334,0.46846846846846846,0.020833333333333332,0.03153153153153153,12.961481396815719,0.35416666666666663,1.0736607142857082,87.109375,3,576x444,6,official,,3,3,large,low,mid,center
001_20200622_203309(1),2,0.6458333333333334,0.5585585585585585,0.013888888888888888,0.03153153153153153,10.583005244258361,0.35416666666666663,1.6755952380952408,85.54761904761905,3,576x444,6,official,,3,3,mid,low,dark,center
001_20200622_203312(6),0,0.6276041666666666,0.43355855855855857,0.015625,0.024774774774774775,9.9498743710662,0.37239583333333337,2.3108003108003032,87.51282051282051,3,576x444,6,official,,3,3,small,low,mid,center
001_20200622_203312(6),1,0.6302083333333334,0.5067567567567568,0.020833333333333332,0.03153153153153153,12.961481396815719,0.36979166666666663,0.5260416666666572,83.31770833333333,3,576x444,6,official,,3,3,large,low,dark,center
001_20200622_203312(6),2,0.6293402777777778,0.5900900900900901,0.022569444444444444,0.02702702702702703,12.489995996796797,0.3706597222222222,0.9826302729528464,83.04301075268818,3,576x444,6,official,,3,3,large,low,dark,center
001_20200622_203316(0),0,0.6397569444444444,0.46959459459459457,0.012152777777777778,0.024774774774774775,8.774964387392123,0.3602430555555556,0.5661976911976865,87.31944444444444,3,576x444,6,official,,3,3,small,low,mid,center
001_20200622_203316(0),1,0.6423611111111112,0.5405405405405406,0.020833333333333332,0.03153153153153153,12.961481396815719,0.35763888888888884,1.6153273809523796,83.19270833333333,3,576x444,6,official,,3,3,large,low,dark,center
001_20200622_203316(0),2,0.6493055555555556,0.634009009009009,0.013888888888888888,0.024774774774774775,9.38083151964686,0.3506944444444444,0.11757575757576433,83.52666666666667,3,576x444,6,official,,3,3,small,low,dark,center
001_20200622_203319(4),0,0.6423611111111112,0.481981981981982,0.020833333333333332,0.02252252252252252,10.954451150103322,0.35763888888888884,1.442857142857136,85.10714285714286,3,576x444,6,official,,3,3,mid,low,dark,center
001_20200622_203319(4),1,0.6501736111111112,0.5484234234234234,0.019097222222222224,0.024774774774774775,11.0,0.34982638888888884,0.3895611963793755,83.42261904761905,3,576x444,6,official,,3,3,mid,low,dark,center
001_20200622_203319(4),2,0.6579861111111112,0.6328828828828829,0.017361111111111112,0.02252252252252252,10.0,0.34201388888888884,0.5541025641025641,83.68589743589743,3,576x444,6,official,,3,3,mid,low,dark,center
001_20200622_203330(3),0,0.6380208333333334,0.5236486486486487,0.015625,0.02027027027027027,9.0,0.36197916666666663,1.2816358024691397,89.47916666666667,3,576x444,6,official,,3,3,small,low,mid,center
001_20200622_203330(3),1,0.6440972222222222,0.5957207207207207,0.017361111111111112,0.033783783783783786,12.24744871391589,0.3559027777777778,0.7615053763440898,88.35483870967742,3,576x444,6,official,,3,3,large,low,mid,center
001_20200622_203330(3),2,0.6553819444444444,0.6745495495495496,0.019097222222222224,0.024774774774774775,11.0,0.3254504504504504,2.374852420306965,87.07142857142857,3,576x444,6,official,,3,3,mid,low,mid,center
001_20200623_003516(8),0,0.6119791666666666,0.4144144144144144,0.019097222222222224,0.02702702702702703,11.489125293076057,0.38802083333333337,2.878004179728322,90.43103448275862,3,576x444,6,official,,3,3,large,mid,mid,center
001_20200623_003516(8),1,0.6085069444444444,0.48986486486486486,0.026041666666666668,0.02927927927927928,13.96424004376894,0.3914930555555556,0.4999245852186931,86.61274509803921,3,576x444,6,official,,3,3,large,low,mid,center
001_20200623_003516(8),2,0.6024305555555556,0.5855855855855856,0.020833333333333332,0.03153153153153153,12.961481396815719,0.3975694444444444,4.020833333333343,94.10416666666667,3,576x444,6,official,,3,3,large,mid,mid,center
001_20200623_003520(5),0,0.5998263888888888,0.42905405405405406,0.019097222222222224,0.033783783783783786,12.84523257866513,0.40017361111111116,5.821117424242416,93.13020833333333,3,576x444,6,official,,3,3,large,high,mid,center
001_20200623_003520(5),1,0.6032986111111112,0.5033783783783784,0.026041666666666668,0.024774774774774775,12.84523257866513,0.39670138888888884,1.4137310606060538,83.953125,3,576x444,6,official,,3,3,large,low,dark,center
001_20200623_003520(5),2,0.6119791666666666,0.6013513513513513,0.019097222222222224,0.03153153153153153,12.409673645990855,0.38802083333333337,2.7173579109063013,93.86021505376344,3,576x444,6,official,,3,3,large,mid,mid,center
001_20200623_003524(0),0,0.6050347222222222,0.43018018018018017,0.022569444444444444,0.02252252252252252,11.40175425099138,0.3949652777777778,5.168435013262609,91.20689655172414,3,576x444,6,official,,3,3,mid,high,mid,center
001_20200623_003524(0),1,0.6050347222222222,0.5033783783783784,0.026041666666666668,0.038288288288288286,15.968719422671311,0.3949652777777778,4.25717234262126,88.6140350877193,3,576x444,6,official,,3,3,large,mid,mid,center
001_20200623_003524(0),2,0.6015625,0.6058558558558559,0.022569444444444444,0.02702702702702703,12.489995996796797,0.3941441441441441,4.910049627791565,93.3010752688172,3,576x444,6,official,,3,3,large,high,mid,center
001_20200623_003529(0),0,0.6154513888888888,0.38063063063063063,0.022569444444444444,0.02702702702702703,12.489995996796797,0.38063063063063063,3.289495450785779,90.99462365591398,3,576x444,6,official,,3,3,large,mid,mid,center
001_20200623_003529(0),1,0.6154513888888888,0.4572072072072072,0.022569444444444444,0.03153153153153153,13.490737563232042,0.38454861111111116,0.8370518370518312,87.14646464646465,3,576x444,6,official,,3,3,large,low,mid,center
001_20200623_003529(0),2,0.6171875,0.5585585585585585,0.019097222222222224,0.03153153153153153,12.409673645990855,0.3828125,1.6356654098589587,90.94086021505376,3,576x444,6,official,,3,3,large,low,mid,center
001_20200623_003532(5),0,0.5989583333333334,0.34572072072072074,0.020833333333333332,0.024774774774774775,11.489125293076057,0.34572072072072074,4.4827586206896655,90.316091954023,3,576x444,6,official,,3,3,large,mid,mid,center
001_20200623_003532(5),1,0.6302083333333334,0.5157657657657657,0.017361111111111112,0.02252252252252252,10.0,0.36979166666666663,1.0648717948717916,89.5448717948718,3,576x444,6,official,,3,3,mid,low,mid,center
001_20200623_003532(5),2,0.6137152777777778,0.4189189189189189,0.022569444444444444,0.02702702702702703,12.489995996796797,0.3862847222222222,0.5882961124896582,86.89247311827957,3,576x444,6,official,,3,3,large,low,mid,center
001_20200623_003536(0),0,0.6145833333333334,0.3704954954954955,0.020833333333333332,0.02027027027027027,10.392304845413264,0.3704954954954955,2.7098765432098872,89.48765432098766,3,576x444,6,official,,3,3,mid,mid,mid,center
001_20200623_003536(0),1,0.6163194444444444,0.44932432432432434,0.020833333333333332,0.024774774774774775,11.489125293076057,0.3836805555555556,1.5433646812957278,89.316091954023,3,576x444,6,official,,3,3,large,low,mid,center
001_20200623_003536(0),2,0.6189236111111112,0.5461711711711712,0.022569444444444444,0.02027027027027027,10.816653826391969,0.38107638888888884,3.1736874236874257,90.13095238095238,3,576x444,6,official,,3,3,mid,mid,mid,center
001_20200623_043227(1),0,0.6032986111111112,0.34797297297297297,0.022569444444444444,0.02927927927927928,13.0,0.34797297297297297,5.119483481262321,91.81770833333333,3,576x444,6,official,,3,3,large,high,mid,center
001_20200623_043227(1),1,0.6059027777777778,0.42117117117117114,0.024305555555555556,0.03153153153153153,13.999999999999998,0.3940972222222222,0.44157663065226416,87.43137254901961,3,576x444,6,official,,3,3,large,low,mid,center
001_20200623_043227(1),2,0.6111111111111112,0.5259009009009009,0.020833333333333332,0.02027027027027027,10.392304845413264,0.38888888888888884,2.2376543209876587,89.00617283950618,3,576x444,6,official,,3,3,mid,low,mid,center
001_20200623_043231(6),0,0.6180555555555556,0.3524774774774775,0.020833333333333332,0.02927927927927928,12.489995996796795,0.3524774774774775,3.039909015715466,90.2258064516129,3,576x444,6,official,,3,3,large,mid,mid,center
001_20200623_043231(6),1,0.6197916666666666,0.42680180180180183,0.020833333333333332,0.024774774774774775,11.489125293076057,0.38020833333333337,1.1635318704284288,86.44252873563218,3,576x444,6,official,,3,3,large,low,mid,center
001_20200623_043231(6),2,0.6215277777777778,0.5281531531531531,0.024305555555555556,0.024774774774774775,12.409673645990857,0.3784722222222222,4.2835497835497875,90.16666666666667,3,576x444,6,official,,3,3,large,mid,mid,center
001_20200623_043236(1),0,0.6154513888888888,0.3322072072072072,0.022569444444444444,0.024774774774774775,11.958260743101398,0.3322072072072072,1.7280108780108918,90.29444444444445,3,576x444,6,official,,3,3,large,low,mid,center
001_20200623_043236(1),1,0.6154513888888888,0.40765765765765766,0.022569444444444444,0.02702702702702703,12.489995996796797,0.38454861111111116,1.3025227460711335,87.13978494623656,3,576x444,6,official,,3,3,large,low,mid,center
001_20200623_043236(1),2,0.6180555555555556,0.509009009009009,0.020833333333333332,0.03153153153153153,12.961481396815719,0.3819444444444444,4.074404761904773,92.85416666666667,3,576x444,6,official,,3,3,large,mid,mid,center
001_20200623_043240(6),0,0.6111111111111112,0.3536036036036036,0.020833333333333332,0.03153153153153153,12.961481396815719,0.3536036036036036,4.723958333333329,91.640625,3,576x444,6,official,,3,3,large,mid,mid,center
001_20200623_043240(6),1,0.6189236111111112,0.5337837837837838,0.019097222222222224,0.02252252252252252,10.488088481701515,0.38107638888888884,2.397755331088675,89.54320987654322,3,576x444,6,official,,3,3,mid,low,mid,center
001_20200623_043240(6),2,0.6163194444444444,0.43243243243243246,0.020833333333333332,0.02702702702702703,12.0,0.3836805555555556,0.4013888888888886,87.64444444444445,3,576x444,6,official,,3,3,large,low,mid,center
001_20200623_043245(2),0,0.6171875,0.36486486486486486,0.019097222222222224,0.02702702702702703,11.489125293076057,0.36486486486486486,2.1854754440961273,89.32183908045977,3,576x444,6,official,,3,3,large,low,mid,center
001_20200623_043245(2),1,0.6197916666666666,0.44144144144144143,0.020833333333333332,0.02252252252252252,10.954451150103322,0.38020833333333337,0.19166666666666288,87.58333333333333,3,576x444,6,official,,3,3,mid,low,mid,center
001_20200623_043245(2),2,0.6241319444444444,0.5461711711711712,0.015625,0.02927927927927928,10.816653826391967,0.3758680555555556,1.5706654456654547,91.2202380952381,3,576x444,6,official,,3,3,mid,low,mid,center
001_20200623_043249(6),0,0.6102430555555556,0.36373873873873874,0.022569444444444444,0.033783783783783786,13.96424004376894,0.36373873873873874,2.9883107088989505,91.80882352941177,3,576x444,6,official,,3,3,large,mid,mid,center
001_20200623_043249(6),1,0.6102430555555556,0.4436936936936937,0.019097222222222224,0.02702702702702703,11.489125293076057,0.3897569444444444,0.221786833855802,87.48275862068965,3,576x444,6,official,,3,3,large,low,mid,center
001_20200623_043249(6),2,0.6137152777777778,0.5416666666666666,0.022569444444444444,0.02027027027027027,10.816653826391969,0.3862847222222222,3.322649572649567,90.08333333333333,3,576x444,6,official,,3,3,mid,mid,mid,center
001_20200623_082407(9),0,0.5998263888888888,0.46846846846846846,0.019097222222222224,0.03153153153153153,12.409673645990855,0.40017361111111116,6.775380533445045,94.4247311827957,3,576x444,6,official,,3,3,large,high,mid,center
001_20200623_082407(9),1,0.609375,0.5416666666666666,0.020833333333333332,0.033783783783783786,13.416407864998739,0.390625,1.1909090909090878,87.42424242424242,3,576x444,6,official,,3,3,large,low,mid,center
001_20200623_082407(9),2,0.6241319444444444,0.6407657657657657,0.019097222222222224,0.04279279279279279,14.45683229480096,0.3592342342342343,4.887116781853621,96.37037037037037,3,576x444,6,official,,3,3,large,high,mid,center
001_20200623_082411(0),0,0.5998263888888888,0.43243243243243246,0.019097222222222224,0.02702702702702703,11.489125293076057,0.40017361111111116,4.94853709508881,90.30459770114942,3,576x444,6,official,,3,3,large,high,mid,center
001_20200623_082411(0),1,0.6085069444444444,0.5056306306306306,0.026041666666666668,0.024774774774774775,12.84523257866513,0.3914930555555556,1.8015151515151473,85.58333333333333,3,576x444,6,official,,3,3,large,low,dark,center
001_20200623_082411(0),2,0.6197916666666666,0.6058558558558559,0.024305555555555556,0.02702702702702703,12.96148139681572,0.38020833333333337,3.104910714285708,91.22395833333333,3,576x444,6,official,,3,3,large,mid,mid,center
001_20200623_082414(1),0,0.6050347222222222,0.34459459459459457,0.022569444444444444,0.03153153153153153,13.490737563232042,0.34459459459459457,6.008158508158502,93.96969696969697,3,576x444,6,official,,3,3,large,high,mid,center
001_20200623_082414(1),1,0.6145833333333334,0.42567567567567566,0.020833333333333332,0.02702702702702703,12.0,0.38541666666666663,0.42361111111111427,88.88888888888889,3,576x444,6,official,,3,3,large,low,mid,center
001_20200623_082414(1),2,0.6215277777777778,0.5236486486486487,0.013888888888888888,0.02027027027027027,8.48528137423857,0.3784722222222222,3.76992753623189,88.97826086956522,3,576x444,6,official,,3,3,small,mid,mid,center
001_20200623_082416(7),0,0.6484375,0.5686936936936937,0.019097222222222224,0.02027027027027027,9.9498743710662,0.3515625,0.33411033411033486,91.71794871794872,3,576x444,6,official,,3,3,small,low,mid,center
001_20200623_082416(7),1,0.6605902777777778,0.6486486486486487,0.015625,0.02252252252252252,9.486832980505138,0.3394097222222222,0.8488888888888795,93.04,3,576x444,6,official,,3,3,small,low,mid,center
001_20200623_082416(7),2,0.6397569444444444,0.4966216216216216,0.019097222222222224,0.024774774774774775,11.0,0.3602430555555556,3.546192443919722,91.23214285714286,3,576x444,6,official,,3,3,mid,mid,mid,center
001_20200623_082419(6),0,0.6458333333333334,0.4358108108108108,0.020833333333333332,0.024774774774774775,11.489125293076057,0.35416666666666663,2.301985370950888,94.07471264367815,3,576x444,6,official,,3,3,large,low,mid,center
001_20200623_082419(6),1,0.6484375,0.5,0.026041666666666668,0.03153153153153153,14.491376746189438,0.3515625,1.5,92.63333333333334,3,576x444,6,official,,3,3,large,low,mid,center
001_20200623_082419(6),2,0.6536458333333334,0.5900900900900901,0.022569444444444444,0.02702702702702703,12.489995996796797,0.34635416666666663,0.4511993382961066,91.94623655913979,3,576x444,6,official,,3,3,large,low,mid,center
001_20200623_082422(5),0,0.6354166666666666,0.4988738738738739,0.017361111111111112,0.033783783783783786,12.24744871391589,0.36458333333333337,4.1051612903225845,94.31182795698925,3,576x444,6,official,,3,3,large,mid,mid,center
001_20200623_082422(5),1,0.6449652777777778,0.5641891891891891,0.022569444444444444,0.02927927927927928,13.0,0.3550347222222222,0.11791173570018998,91.82291666666667,3,576x444,6,official,,3,3,large,low,mid,center
001_20200623_082422(5),2,0.6545138888888888,0.6475225225225225,0.020833333333333332,0.024774774774774775,11.489125293076057,0.34548611111111116,0.9200626959247558,92.86781609195403,3,576x444,6,official,,3,3,large,low,mid,center
001_20200623_123214(3),0,0.6206597222222222,0.4650900900900901,0.022569444444444444,0.02027027027027027,10.816653826391969,0.3793402777777778,1.62469474969474,90.01785714285714,3,576x444,6,official,,3,3,mid,low,mid,center
001_20200623_123214(3),1,0.6302083333333334,0.5337837837837838,0.017361111111111112,0.02252252252252252,10.0,0.36979166666666663,0.7169230769230808,88.32692307692308,3,576x444,6,official,,3,3,mid,low,mid,center
001_20200623_123214(3),2,0.6458333333333334,0.6182432432432432,0.020833333333333332,0.033783783783783786,13.416407864998739,0.35416666666666663,1.8792929292929301,91.87373737373737,3,576x444,6,official,,3,3,large,low,mid,center
001_20200623_123223(3),0,0.6388888888888888,0.44707207207207206,0.017361111111111112,0.02027027027027027,9.486832980505138,0.36111111111111116,0.8599999999999994,87.62666666666667,3,576x444,6,official,,3,3,small,low,mid,center
001_20200623_123223(3),1,0.6423611111111112,0.5202702702702703,0.020833333333333332,0.02702702702702703,12.0,0.35763888888888884,1.4555555555555628,87.15555555555555,3,576x444,6,official,,3,3,large,low,mid,center
001_20200623_123223(3),2,0.640625,0.6013513513513513,0.013888888888888888,0.03153153153153153,10.583005244258361,0.359375,1.6785714285714306,89.17857142857143,3,576x444,6,official,,3,3,mid,low,mid,center
001_20200623_123232(3),0,0.6336805555555556,0.3344594594594595,0.017361111111111112,0.02027027027027027,9.486832980505138,0.3344594594594595,1.4822222222222194,88.32666666666667,3,576x444,6,official,,3,3,small,low,mid,center
001_20200623_123232(3),1,0.6388888888888888,0.40427927927927926,0.017361111111111112,0.02027027027027027,9.486832980505138,0.36111111111111116,1.0177777777777806,89.17333333333333,3,576x444,6,official,,3,3,small,low,mid,center
001_20200623_123232(3),2,0.6501736111111112,0.48873873873873874,0.022569444444444444,0.03153153153153153,13.490737563232042,0.34982638888888884,1.7632367632367618,91.31818181818181,3,576x444,6,official,,3,3,large,low,mid,center
001_20200623_123236(9),0,0.6102430555555556,0.39076576576576577,0.022569444444444444,0.02027027027027027,10.816653826391969,0.3897569444444444,3.5828754578754456,90.83928571428571,3,576x444,6,official,,3,3,mid,mid,mid,center
001_20200623_123236(9),1,0.6171875,0.46621621621621623,0.022569444444444444,0.018018018018018018,10.198039027185569,0.3828125,0.5318138651471997,86.6604938271605,3,576x444,6,official,,3,3,mid,low,mid,center
001_20200623_123236(9),2,0.6336805555555556,0.5698198198198198,0.024305555555555556,0.02702702702702703,12.96148139681572,0.3663194444444444,3.1145833333333286,91.78125,3,576x444,6,official,,3,3,large,mid,mid,center
001_20200623_123241(3),0,0.6085069444444444,0.4403153153153153,0.026041666666666668,0.024774774774774775,12.84523257866513,0.3914930555555556,4.183901515151518,92.13541666666667,3,576x444,6,official,,3,3,large,mid,mid,center
001_20200623_123241(3),1,0.6206597222222222,0.6171171171171171,0.022569444444444444,0.02702702702702703,12.489995996796797,0.3793402777777778,2.6437138130686435,90.75268817204301,3,576x444,6,official,,3,3,large,mid,mid,center
001_20200623_123241(3),2,0.6128472222222222,0.5202702702702703,0.017361111111111112,0.02252252252252252,10.0,0.3871527777777778,1.6784615384615336,86.53846153846153,3,576x444,6,official,,3,3,mid,low,mid,center
001_20200623_123245(8),0,0.6015625,0.38963963963963966,0.022569444444444444,0.03153153153153153,13.490737563232042,0.38963963963963966,4.263680763680753,92.31313131313131,3,576x444,6,official,,3,3,large,mid,mid,center
001_20200623_123245(8),1,0.6102430555555556,0.46621621621621623,0.029513888888888888,0.02702702702702703,14.2828568570857,0.3897569444444444,0.2375350140056014,88.9095238095238,3,576x444,6,official,,3,3,large,low,mid,center
001_20200623_123245(8),2,0.6197916666666666,0.5664414414414415,0.024305555555555556,0.02927927927927928,13.490737563232042,0.38020833333333337,1.9990564990564934,91.82323232323232,3,576x444,6,official,,3,3,large,low,mid,center
001_20200623_163159(5),0,0.6449652777777778,0.36711711711711714,0.026041666666666668,0.02702702702702703,13.416407864998739,0.3550347222222222,3.1045454545454447,88.3989898989899,3,576x444,6,official,,3,3,large,mid,mid,center
001_20200623_163159(5),1,0.6440972222222222,0.4369369369369369,0.024305555555555556,0.02702702702702703,12.96148139681572,0.3559027777777778,1.5357142857142776,89.20833333333333,3,576x444,6,official,,3,3,large,low,mid,center
001_20200623_163159(5),2,0.6475694444444444,0.5225225225225225,0.027777777777777776,0.02702702702702703,13.856406460551018,0.3524305555555556,0.06525735294117396,87.87745098039215,3,576x444,6,official,,3,3,large,low,mid,center
001_20200623_163209(3),0,0.6440972222222222,0.36824324324324326,0.020833333333333332,0.024774774774774775,11.489125293076057,0.3559027777777778,1.2964994775339562,87.25862068965517,3,576x444,6,official,,3,3,large,low,mid,center
001_20200623_163209(3),1,0.6440972222222222,0.4403153153153153,0.024305555555555556,0.033783783783783786,14.49137674618944,0.3559027777777778,3.1285714285714192,90.52380952380952,3,576x444,6,official,,3,3,large,mid,mid,center
001_20200623_163209(3),2,0.6536458333333334,0.5247747747747747,0.026041666666666668,0.03153153153153153,14.491376746189438,0.34635416666666663,1.7285714285714278,91.42380952380952,3,576x444,6,official,,3,3,large,low,mid,center
001_20200623_163212(9),0,0.6362847222222222,0.32882882882882886,0.019097222222222224,0.02702702702702703,11.489125293076057,0.32882882882882886,2.030303030303031,89.66666666666667,3,576x444,6,official,,3,3,large,low,mid,center
001_20200623_163212(9),1,0.6388888888888888,0.3997747747747748,0.027777777777777776,0.02927927927927928,14.422205101855956,0.36111111111111116,0.054212454212461125,89.63809523809523,3,576x444,6,official,,3,3,large,low,mid,center
001_20200623_163212(9),2,0.6397569444444444,0.48085585585585583,0.019097222222222224,0.024774774774774775,11.0,0.3602430555555556,2.587465564738281,90.91666666666667,3,576x444,6,official,,3,3,mid,mid,mid,center
001_20200623_163216(2),0,0.59375,0.3738738738738739,0.024305555555555556,0.03153153153153153,13.999999999999998,0.3738738738738739,6.407763105242097,94.75980392156863,3,576x444,6,official,,3,3,large,high,mid,center
001_20200623_163216(2),1,0.6015625,0.44932432432432434,0.026041666666666668,0.033783783783783786,15.000000000000002,0.3984375,1.0103703703703815,90.70370370370371,3,576x444,6,official,,3,3,large,low,mid,center
001_20200623_163216(2),2,0.6085069444444444,0.5529279279279279,0.026041666666666668,0.024774774774774775,12.84523257866513,0.3914930555555556,4.425852272727269,90.953125,3,576x444,6,official,,3,3,large,mid,mid,center
001_20200623_163219(5),0,0.6076388888888888,0.4527027027027027,0.024305555555555556,0.03153153153153153,13.999999999999998,0.39236111111111116,8.448979591836732,95.75,3,576x444,6,official,,3,3,large,high,mid,center
001_20200623_163219(5),1,0.6171875,0.5326576576576577,0.029513888888888888,0.02927927927927928,14.866068747318504,0.3828125,1.8137045416457198,87.36574074074075,3,576x444,6,official,,3,3,large,low,mid,center
001_20200623_163219(5),2,0.6328125,0.6283783783783784,0.022569444444444444,0.02702702702702703,12.489995996796797,0.3671875,2.2235318444995755,91.03763440860214,3,576x444,6,official,,3,3,large,low,mid,center
001_20200623_163222(9),0,0.6128472222222222,0.46846846846846846,0.024305555555555556,0.03153153153153153,13.999999999999998,0.3871527777777778,1.39625850340137,90.66666666666667,3,576x444,6,official,,3,3,large,low,mid,center
001_20200623_163222(9),1,0.6276041666666666,0.5709459459459459,0.036458333333333336,0.033783783783783786,17.74823934929885,0.37239583333333337,4.63015873015874,94.2936507936508,3,576x444,6,official,,3,3,large,mid,mid,center
001_20200623_163222(9),2,0.6050347222222222,0.3918918918918919,0.029513888888888888,0.03153153153153153,15.427248620541512,0.3918918918918919,4.825422060716178,93.65315315315316,3,576x444,6,official,,3,3,large,mid,mid,center
001_20200623_203217(4),0,0.6137152777777778,0.46396396396396394,0.026041666666666668,0.02702702702702703,13.416407864998739,0.3862847222222222,4.61767676767677,92.04545454545455,3,576x444,6,official,,3,3,large,mid,mid,center
001_20200623_203217(4),1,0.6154513888888888,0.5371621621621622,0.026041666666666668,0.02927927927927928,13.96424004376894,0.38454861111111116,1.28793363499247,84.53921568627452,3,576x444,6,official,,3,3,large,low,dark,center
001_20200623_203217(4),2,0.6189236111111112,0.6373873873873874,0.019097222222222224,0.02702702702702703,11.489125293076057,0.3626126126126126,3.558777429467085,90.67241379310344,3,576x444,6,official,,3,3,large,mid,mid,center
001_20200623_203222(0),0,0.6085069444444444,0.5461711711711712,0.026041666666666668,0.02927927927927928,13.96424004376894,0.3914930555555556,8.145324283559574,93.40686274509804,3,576x444,6,official,,3,3,large,high,mid,center
001_20200623_203222(0),1,0.6206597222222222,0.615990990990991,0.022569444444444444,0.033783783783783786,13.96424004376894,0.3793402777777778,1.1278280542986465,86.23039215686275,3,576x444,6,official,,3,3,large,low,mid,center
001_20200623_203222(0),2,0.6354166666666666,0.7150900900900901,0.027777777777777776,0.024774774774774775,13.2664991614216,0.28490990990990994,1.287247474747474,88.70202020202021,3,576x444,6,official,,3,3,large,low,mid,center
001_20200623_203226(3),0,0.5980902777777778,0.48085585585585583,0.019097222222222224,0.024774774774774775,11.0,0.4019097222222222,3.163124754033845,91.45238095238095,3,576x444,6,official,,3,3,mid,mid,mid,center
001_20200623_203226(3),1,0.6067708333333334,0.5495495495495496,0.026041666666666668,0.02252252252252252,12.24744871391589,0.39322916666666663,1.0791397849462356,84.60752688172043,3,576x444,6,official,,3,3,large,low,dark,center
001_20200623_203226(3),2,0.6180555555555556,0.6509009009009009,0.024305555555555556,0.03153153153153153,13.999999999999998,0.3490990990990991,4.335134053621459,90.53921568627452,3,576x444,6,official,,3,3,large,mid,mid,center
001_20200623_203230(9),0,0.6024305555555556,0.43243243243243246,0.027777777777777776,0.02702702702702703,13.856406460551018,0.3975694444444444,4.132965686274503,92.70588235294117,3,576x444,6,official,,3,3,large,mid,mid,center
001_20200623_203230(9),1,0.6050347222222222,0.5022522522522522,0.022569444444444444,0.036036036036036036,14.422205101855956,0.3949652777777778,3.2279304029303972,85.79523809523809,3,576x444,6,official,,3,3,large,mid,dark,center
001_20200623_203230(9),2,0.6180555555555556,0.6047297297297297,0.024305555555555556,0.033783783783783786,14.49137674618944,0.3819444444444444,4.919047619047618,92.48571428571428,3,576x444,6,official,,3,3,large,high,mid,center
001_20200623_203235(3),0,0.6050347222222222,0.4132882882882883,0.022569444444444444,0.02927927927927928,13.0,0.3949652777777778,5.151041666666671,92.15104166666667,3,576x444,6,official,,3,3,large,high,mid,center
001_20200623_203235(3),1,0.6102430555555556,0.48536036036036034,0.019097222222222224,0.033783783783783786,12.84523257866513,0.3897569444444444,0.2865530303030255,85.98958333333333,3,576x444,6,official,,3,3,large,low,mid,center
001_20200623_203235(3),2,0.6154513888888888,0.588963963963964,0.022569444444444444,0.02927927927927928,13.0,0.38454861111111116,4.347448224852073,90.96875,3,576x444,6,official,,3,3,large,mid,mid,center
001_20200623_203247(5),0,0.6032986111111112,0.42905405405405406,0.026041666666666668,0.02927927927927928,13.96424004376894,0.39670138888888884,5.162368024132732,93.59313725490196,3,576x444,6,official,,3,3,large,high,mid,center
001_20200623_203247(5),1,0.6102430555555556,0.4988738738738739,0.029513888888888888,0.02927927927927928,14.866068747318504,0.3897569444444444,2.0798977710742435,84.73148148148148,3,576x444,6,official,,3,3,large,low,dark,center
001_20200623_203247(5),2,0.6171875,0.5990990990990991,0.026041666666666668,0.036036036036036036,15.491933384829668,0.3828125,6.039977477477478,92.8108108108108,3,576x444,6,official,,3,3,large,high,mid,center
001_20200624_003240(4),0,0.6059027777777778,0.5563063063063063,0.024305555555555556,0.02252252252252252,11.832159566199232,0.3940972222222222,2.9015873015872984,91.24444444444444,3,576x444,6,official,,3,3,large,mid,mid,center
001_20200624_003240(4),1,0.6032986111111112,0.45157657657657657,0.019097222222222224,0.02927927927927928,11.958260743101398,0.39670138888888884,0.5120046620046708,89.81666666666666,3,576x444,6,official,,3,3,large,low,mid,center
001_20200624_003240(4),2,0.5980902777777778,0.3783783783783784,0.022569444444444444,0.03153153153153153,13.490737563232042,0.3783783783783784,6.540626040626037,95.28787878787878,3,576x444,6,official,,3,3,large,high,mid,center
001_20200624_003244(2),0,0.6163194444444444,0.393018018018018,0.024305555555555556,0.033783783783783786,14.49137674618944,0.3836805555555556,8.98571428571428,96.68571428571428,3,576x444,6,official,,3,3,large,high,mid,center
001_20200624_003244(2),1,0.6206597222222222,0.4650900900900901,0.026041666666666668,0.02927927927927928,13.96424004376894,0.3793402777777778,0.3864253393665109,88.62745098039215,3,576x444,6,official,,3,3,large,low,mid,center
001_20200624_003244(2),2,0.6284722222222222,0.5686936936936937,0.020833333333333332,0.02927927927927928,12.489995996796795,0.3715277777777778,2.0165425971877653,93.24731182795699,3,576x444,6,official,,3,3,large,low,mid,center
001_20200624_003247(7),0,0.6041666666666666,0.35585585585585583,0.03125,0.03153153153153153,15.874507866387544,0.35585585585585583,8.005012531328319,96.80263157894737,3,576x444,6,official,,3,3,large,high,mid,center
001_20200624_003247(7),1,0.6102430555555556,0.43243243243243246,0.022569444444444444,0.036036036036036036,14.422205101855956,0.3897569444444444,1.281089743589746,90.76666666666667,3,576x444,6,official,,3,3,large,low,mid,center
001_20200624_003247(7),2,0.6180555555555556,0.5292792792792793,0.024305555555555556,0.03153153153153153,13.999999999999998,0.3819444444444444,4.657863145258091,94.13235294117646,3,576x444,6,official,,3,3,large,mid,mid,center
001_20200624_003251(1),0,0.6102430555555556,0.43243243243243246,0.022569444444444444,0.02702702702702703,12.489995996796797,0.3897569444444444,6.709677419354833,93.3763440860215,3,576x444,6,official,,3,3,large,high,mid,center
001_20200624_003251(1),1,0.6145833333333334,0.5067567567567568,0.027777777777777776,0.02702702702702703,13.856406460551018,0.38541666666666663,2.3109681372549034,85.94117647058823,3,576x444,6,official,,3,3,large,low,dark,center
001_20200624_003251(1),2,0.6180555555555556,0.6103603603603603,0.024305555555555556,0.02702702702702703,12.96148139681572,0.3819444444444444,2.8526785714285694,92.65625,3,576x444,6,official,,3,3,large,mid,mid,center
001_20200624_003254(3),0,0.6006944444444444,0.40878378378378377,0.024305555555555556,0.02927927927927928,13.490737563232042,0.3993055555555556,6.92807192807193,94.81818181818181,3,576x444,6,official,,3,3,large,high,mid,center
001_20200624_003254(3),1,0.6076388888888888,0.48423423423423423,0.024305555555555556,0.036036036036036036,14.966629547095765,0.39236111111111116,1.6238425925925952,89.7175925925926,3,576x444,6,official,,3,3,large,low,mid,center
001_20200624_003254(3),2,0.6206597222222222,0.5844594594594594,0.022569444444444444,0.02927927927927928,13.0,0.3793402777777778,2.4097016765285986,93.98958333333333,3,576x444,6,official,,3,3,large,low,mid,center
001_20200624_003303(5),0,0.6206597222222222,0.5292792792792793,0.029513888888888888,0.036036036036036036,16.492422502470642,0.3793402777777778,0.9572649572649539,89.45726495726495,3,576x444,6,official,,3,3,large,low,mid,center
001_20200624_003303(5),1,0.6145833333333334,0.45382882882882886,0.027777777777777776,0.033783783783783786,15.491933384829668,0.38541666666666663,10.854954954954962,99.95495495495496,3,576x444,6,official,,3,3,large,high,mid,center
001_20200624_003303(5),2,0.6189236111111112,0.6306306306306306,0.026041666666666668,0.036036036036036036,15.491933384829668,0.36936936936936937,3.9770270270270203,96.69369369369369,3,576x444,6,official,,3,3,large,mid,mid,center
001_20200624_043315(2),0,0.6050347222222222,0.35135135135135137,0.022569444444444444,0.02702702702702703,12.489995996796797,0.35135135135135137,5.263854425144743,92.32795698924731,3,576x444,6,official,,3,3,large,high,mid,center
001_20200624_043315(2),1,0.6067708333333334,0.43243243243243246,0.026041666666666668,0.02702702702702703,13.416407864998739,0.39322916666666663,0.18535353535352783,87.47979797979798,3,576x444,6,official,,3,3,large,low,mid,center
001_20200624_043315(2),2,0.6137152777777778,0.5315315315315315,0.022569444444444444,0.02702702702702703,12.489995996796797,0.3862847222222222,2.2096774193548328,90.70967741935483,3,576x444,6,official,,3,3,large,low,mid,center
001_20200624_043324(2),0,0.6059027777777778,0.356981981981982,0.024305555555555556,0.02927927927927928,13.490737563232042,0.356981981981982,6.543012543012537,93.82323232323232,3,576x444,6,official,,3,3,large,high,mid,center
001_20200624_043324(2),1,0.6067708333333334,0.4313063063063063,0.026041666666666668,0.024774774774774775,12.84523257866513,0.39322916666666663,0.0532196969696912,86.51041666666667,3,576x444,6,official,,3,3,large,low,mid,center
001_20200624_043324(2),2,0.6128472222222222,0.5349099099099099,0.027777777777777776,0.033783783783783786,15.491933384829668,0.3871527777777778,4.4019144144144065,93.41441441441441,3,576x444,6,official,,3,3,large,mid,mid,center
001_20200624_043328(7),0,0.6050347222222222,0.3614864864864865,0.022569444444444444,0.04279279279279279,15.716233645501712,0.3614864864864865,8.52429149797571,97.92105263157895,3,576x444,6,official,,3,3,large,high,mid,center
001_20200624_043328(7),1,0.6059027777777778,0.44256756756756754,0.020833333333333332,0.02927927927927928,12.489995996796795,0.3940972222222222,0.8870967741935516,87.88709677419355,3,576x444,6,official,,3,3,large,low,mid,center
001_20200624_043328(7),2,0.6119791666666666,0.5416666666666666,0.026041666666666668,0.02927927927927928,13.96424004376894,0.38802083333333337,4.806787330316737,92.51960784313725,3,576x444,6,official,,3,3,large,mid,mid,center
001_20200624_043333(2),0,0.6015625,0.36599099099099097,0.029513888888888888,0.033783783783783786,15.968719422671311,0.36599099099099097,8.172755417956665,96.63157894736842,3,576x444,6,official,,3,3,large,high,mid,center
001_20200624_043333(2),1,0.6041666666666666,0.44481981981981983,0.027777777777777776,0.033783783783783786,15.491933384829668,0.39583333333333337,0.5472972972972912,89.29729729729729,3,576x444,6,official,,3,3,large,low,mid,center
001_20200624_043333(2),2,0.6067708333333334,0.543918918918919,0.022569444444444444,0.033783783783783786,13.96424004376894,0.39322916666666663,1.2040723981900356,92.91176470588235,3,576x444,6,official,,3,3,large,low,mid,center
001_20200624_043337(8),0,0.5998263888888888,0.3581081081081081,0.026041666666666668,0.03153153153153153,14.491376746189438,0.3581081081081081,5.609523809523807,94.76190476190476,3,576x444,6,official,,3,3,large,high,mid,center
001_20200624_043337(8),1,0.6041666666666666,0.4358108108108108,0.027777777777777776,0.033783783783783786,15.491933384829668,0.39583333333333337,0.694707207207216,88.54054054054055,3,576x444,6,official,,3,3,large,low,mid,center
001_20200624_043337(8),2,0.6059027777777778,0.5371621621621622,0.024305555555555556,0.02927927927927928,13.490737563232042,0.3940972222222222,3.5452880452880464,90.48484848484848,3,576x444,6,official,,3,3,large,mid,mid,center
001_20200624_043349(7),0,0.5963541666666666,0.35923423423423423,0.026041666666666668,0.033783783783783786,15.000000000000002,0.35923423423423423,12.246296296296293,98.71296296296296,3,576x444,6,official,,3,3,large,high,mid,center
001_20200624_043349(7),1,0.6032986111111112,0.5382882882882883,0.022569444444444444,0.03153153153153153,13.490737563232042,0.39670138888888884,2.740259740259745,89.45454545454545,3,576x444,6,official,,3,3,large,mid,mid,center
001_20200624_043349(7),2,0.6006944444444444,0.44144144144144143,0.027777777777777776,0.03153153153153153,14.966629547095765,0.3993055555555556,1.7967923280423292,88.06018518518519,3,576x444,6,official,,3,3,large,low,mid,center
001_20200624_083150(7),0,0.6032986111111112,0.34797297297297297,0.029513888888888888,0.02927927927927928,14.866068747318504,0.34797297297297297,6.923286408580523,96.00925925925925,3,576x444,6,official,,3,3,large,high,mid,center
001_20200624_083150(7),1,0.6137152777777778,0.42454954954954954,0.026041666666666668,0.033783783783783786,15.000000000000002,0.3862847222222222,1.5049999999999955,89.06944444444444,3,576x444,6,official,,3,3,large,low,mid,center
001_20200624_083150(7),2,0.6284722222222222,0.5225225225225225,0.024305555555555556,0.036036036036036036,14.966629547095765,0.3715277777777778,6.776455026455039,94.61574074074075,3,576x444,6,official,,3,3,large,high,mid,center
001_20200624_083153(8),0,0.6180555555555556,0.3524774774774775,0.024305555555555556,0.02927927927927928,13.490737563232042,0.3524774774774775,7.9942834942834935,94.25252525252525,3,576x444,6,official,,3,3,large,high,mid,center
001_20200624_083153(8),1,0.6189236111111112,0.42680180180180183,0.026041666666666668,0.033783783783783786,15.000000000000002,0.38107638888888884,2.1344444444444406,89.02777777777777,3,576x444,6,official,,3,3,large,low,mid,center
001_20200624_083153(8),2,0.6180555555555556,0.5337837837837838,0.024305555555555556,0.02702702702702703,12.96148139681572,0.3819444444444444,4.095982142857153,92.86979166666667,3,576x444,6,official,,3,3,large,mid,mid,center
001_20200624_083156(9),0,0.5963541666666666,0.509009009009009,0.026041666666666668,0.02702702702702703,13.416407864998739,0.40364583333333337,10.76565656565657,93.95454545454545,3,576x444,6,official,,3,3,large,high,mid,center
001_20200624_083156(9),1,0.6310763888888888,0.6790540540540541,0.022569444444444444,0.02927927927927928,13.0,0.32094594594594594,1.8519477317554305,91.47916666666667,3,576x444,6,official,,3,3,large,low,mid,center
001_20200624_083156(9),2,0.6119791666666666,0.581081081081081,0.026041666666666668,0.036036036036036036,15.491933384829668,0.38802083333333337,2.309572072072072,89.23873873873873,3,576x444,6,official,,3,3,large,low,mid,center
001_20200624_083159(6),0,0.6215277777777778,0.4740990990990991,0.024305555555555556,0.02927927927927928,13.490737563232042,0.3784722222222222,4.786546786546779,92.8030303030303,3,576x444,6,official,,3,3,large,mid,mid,center
001_20200624_083159(6),1,0.6354166666666666,0.5394144144144144,0.027777777777777776,0.033783783783783786,15.491933384829668,0.36458333333333337,2.8479729729729684,91.63963963963964,3,576x444,6,official,,3,3,large,mid,mid,center
001_20200624_083159(6),2,0.6553819444444444,0.6182432432432432,0.022569444444444444,0.02927927927927928,13.0,0.3446180555555556,1.6872226331360878,91.484375,3,576x444,6,official,,3,3,large,low,mid,center
001_20200624_083202(6),0,0.609375,0.46959459459459457,0.034722222222222224,0.0472972972972973,20.4939015319192,0.390625,12.25268490374873,105.29078014184397,3,576x444,6,official,,3,3,large,high,bright,center
001_20200624_083202(6),1,0.6284722222222222,0.5371621621621622,0.024305555555555556,0.02927927927927928,13.490737563232042,0.3715277777777778,2.2263847263847367,91.23737373737374,3,576x444,6,official,,3,3,large,low,mid,center
001_20200624_083202(6),2,0.6501736111111112,0.6092342342342343,0.022569444444444444,0.033783783783783786,13.96424004376894,0.34982638888888884,0.5739819004524946,93.23039215686275,3,576x444,6,official,,3,3,large,low,mid,center
001_20200624_083205(7),0,0.6232638888888888,0.46734234234234234,0.03125,0.033783783783783786,16.431676725154983,0.37673611111111116,4.1584045584045555,96.2991452991453,3,576x444,6,official,,3,3,large,mid,mid,center
001_20200624_083205(7),1,0.6310763888888888,0.5337837837837838,0.029513888888888888,0.02702702702702703,14.2828568570857,0.36892361111111116,1.2380952380952408,90.07142857142857,3,576x444,6,official,,3,3,large,low,mid,center
001_20200624_083205(7),2,0.6449652777777778,0.6171171171171171,0.026041666666666668,0.02702702702702703,13.416407864998739,0.3550347222222222,1.7095959595959727,90.73737373737374,3,576x444,6,official,,3,3,large,low,mid,center
001_20200624_123313(4),0,0.6267361111111112,0.45045045045045046,0.027777777777777776,0.03153153153153153,14.966629547095765,0.37326388888888884,3.5198412698412653,95.05555555555556,3,576x444,6,official,,3,3,large,mid,mid,center
001_20200624_123313(4),1,0.6284722222222222,0.5123873873873874,0.024305555555555556,0.033783783783783786,14.49137674618944,0.3715277777777778,3.4190476190476176,90.64285714285714,3,576x444,6,official,,3,3,large,mid,mid,center
001_20200624_123313(4),2,0.6432291666666666,0.5990990990990991,0.026041666666666668,0.03153153153153153,14.491376746189438,0.35677083333333337,0.23333333333333428,90.1,3,576x444,6,official,,3,3,large,low,mid,center
001_20200624_123317(8),0,0.6284722222222222,0.356981981981982,0.024305555555555556,0.02927927927927928,13.490737563232042,0.356981981981982,2.576146076146074,93.88383838383838,3,576x444,6,official,,3,3,large,mid,mid,center
001_20200624_123317(8),1,0.6284722222222222,0.42342342342342343,0.027777777777777776,0.036036036036036036,16.0,0.3715277777777778,1.4483278508771917,92.45614035087719,3,576x444,6,official,,3,3,large,low,mid,center
001_20200624_123317(8),2,0.6319444444444444,0.5033783783783784,0.024305555555555556,0.033783783783783786,14.49137674618944,0.3680555555555556,1.3904761904761926,90.74285714285715,3,576x444,6,official,,3,3,large,low,mid,center
001_20200624_123322(3),0,0.6336805555555556,0.3400900900900901,0.024305555555555556,0.03153153153153153,13.999999999999998,0.3400900900900901,2.271108443377358,91.1078431372549,3,576x444,6,official,,3,3,large,low,mid,center
001_20200624_123322(3),1,0.640625,0.4099099099099099,0.024305555555555556,0.036036036036036036,14.966629547095765,0.359375,0.0727513227513299,92.21296296296296,3,576x444,6,official,,3,3,large,low,mid,center
001_20200624_123322(3),2,0.6493055555555556,0.49324324324324326,0.03125,0.036036036036036036,16.97056274847714,0.3506944444444444,4.371527777777786,94.66666666666667,3,576x444,6,official,,3,3,large,mid,mid,center
001_20200624_123326(6),0,0.6102430555555556,0.3063063063063063,0.022569444444444444,0.03153153153153153,13.490737563232042,0.3063063063063063,7.667166167166158,96.34848484848484,3,576x444,6,official,,3,3,large,high,mid,center
001_20200624_123326(6),1,0.6171875,0.38175675675675674,0.022569444444444444,0.033783783783783786,13.96424004376894,0.38175675675675674,0.794720965309196,91.8921568627451,3,576x444,6,official,,3,3,large,low,mid,center
001_20200624_123326(6),2,0.6284722222222222,0.48536036036036034,0.024305555555555556,0.02927927927927928,13.490737563232042,0.3715277777777778,2.8434898434898486,95.53030303030303,3,576x444,6,official,,3,3,large,mid,mid,center
001_20200624_123331(2),0,0.6154513888888888,0.29617117117117114,0.022569444444444444,0.033783783783783786,13.96424004376894,0.29617117117117114,8.728054298642533,95.22549019607843,3,576x444,6,official,,3,3,large,high,mid,center
001_20200624_123331(2),1,0.6197916666666666,0.3716216216216216,0.024305555555555556,0.02702702702702703,12.96148139681572,0.3716216216216216,0.3787202380952408,87.55729166666667,3,576x444,6,official,,3,3,large,low,mid,center
001_20200624_123331(2),2,0.6293402777777778,0.47635135135135137,0.022569444444444444,0.038288288288288286,14.866068747318504,0.3706597222222222,2.323906485671202,96.91666666666667,3,576x444,6,official,,3,3,large,low,mid,center
001_20200624_123335(6),0,0.6024305555555556,0.27815315315315314,0.027777777777777776,0.038288288288288286,16.492422502470642,0.27815315315315314,7.079405480140778,95.56837606837607,3,576x444,6,official,,3,3,large,high,mid,center
001_20200624_123335(6),1,0.6024305555555556,0.35585585585585583,0.027777777777777776,0.03153153153153153,14.966629547095765,0.35585585585585583,0.5866402116402156,89.55092592592592,3,576x444,6,official,,3,3,large,low,mid,center
001_20200624_123335(6),2,0.6041666666666666,0.4560810810810811,0.020833333333333332,0.024774774774774775,11.489125293076057,0.39583333333333337,4.7042842215256115,93.97701149425288,3,576x444,6,official,,3,3,large,mid,mid,center
001_20200624_162816(3),0,0.5980902777777778,0.3952702702702703,0.03298611111111111,0.033783783783783786,16.881943016134134,0.3952702702702703,9.049999999999997,97.78333333333333,3,576x444,6,official,,3,3,large,high,mid,center
001_20200624_162816(3),1,0.6076388888888888,0.47072072072072074,0.027777777777777776,0.036036036036036036,16.0,0.39236111111111116,4.616844846491233,90.42543859649123,3,576x444,6,official,,3,3,large,mid,mid,center
001_20200624_162816(3),2,0.6302083333333334,0.5619369369369369,0.027777777777777776,0.033783783783783786,15.491933384829668,0.36979166666666663,4.798085585585596,93.58558558558559,3,576x444,6,official,,3,3,large,mid,mid,center
001_20200624_162821(2),0,0.6059027777777778,0.3344594594594595,0.020833333333333332,0.033783783783783786,13.416407864998739,0.3344594594594595,8.462121212121218,93.65656565656566,3,576x444,6,official,,3,3,large,high,mid,center
001_20200624_162821(2),1,0.6145833333333334,0.41216216216216217,0.024305555555555556,0.03153153153153153,13.999999999999998,0.38541666666666663,0.11534613845537933,86.79901960784314,3,576x444,6,official,,3,3,large,low,mid,center
001_20200624_162821(2),2,0.6223958333333334,0.5157657657657657,0.019097222222222224,0.03153153153153153,12.409673645990855,0.37760416666666663,3.870199692780332,91.15591397849462,3,576x444,6,official,,3,3,large,mid,mid,center
001_20200624_162831(2),0,0.6388888888888888,0.46621621621621623,0.027777777777777776,0.02702702702702703,13.856406460551018,0.36111111111111116,2.609375,92.83333333333333,3,576x444,6,official,,3,3,large,mid,mid,center
001_20200624_162831(2),1,0.6440972222222222,0.536036036036036,0.024305555555555556,0.04054054054054054,15.874507866387544,0.3559027777777778,3.1230158730158735,93.33333333333333,3,576x444,6,official,,3,3,large,mid,mid,center
001_20200624_162831(2),2,0.6571180555555556,0.6193693693693694,0.022569444444444444,0.036036036036036036,14.422205101855956,0.3428819444444444,1.7885531135531068,94.49047619047619,3,576x444,6,official,,3,3,large,low,mid,center
001_20200624_162835(8),0,0.6319444444444444,0.3310810810810811,0.020833333333333332,0.02702702702702703,12.0,0.3310810810810811,1.5694444444444429,90.61111111111111,3,576x444,6,official,,3,3,large,low,mid,center
001_20200624_162835(8),1,0.6354166666666666,0.4009009009009009,0.020833333333333332,0.02702702702702703,12.0,0.36458333333333337,3.0500000000000114,91.88333333333334,3,576x444,6,official,,3,3,large,mid,mid,center
001_20200624_162835(8),2,0.6449652777777778,0.48761261261261263,0.022569444444444444,0.033783783783783786,13.96424004376894,0.3550347222222222,1.2896681749623014,94.27941176470588,3,576x444,6,official,,3,3,large,low,mid,center
001_20200624_162846(3),0,0.632051,0.446944,0.023218,0.03012,13.37342399922473,0.36794899999999997,1.7779442779442718,93.83838383838383,3,576x444,6,team,lee,3,3,large,low,mid,center
001_20200624_162846(3),1,0.636899,0.514733,0.023218,0.03012,13.37342399922473,0.363101,1.9745254745254783,90.22727272727273,3,576x444,6,team,lee,3,3,large,low,mid,center
001_20200624_162846(3),2,0.647673,0.597898,0.023218,0.03012,13.37342399922473,0.35232699999999995,2.053502053502058,92.85858585858585,3,576x444,6,team,lee,3,3,large,low,mid,center
001_20200624_162850(9),0,0.634827,0.494039,0.023218,0.03012,13.37342399922473,0.36517299999999997,4.074796597633139,94.015625,3,576x444,6,team,lee,3,3,large,mid,mid,center
001_20200624_162850(9),1,0.645752,0.555455,0.023218,0.03012,13.37342399922473,0.354248,1.3132423132423128,92.68686868686869,3,576x444,6,team,lee,3,3,large,low,mid,center
001_20200624_162850(9),2,0.660074,0.638887,0.023218,0.03012,13.37342399922473,0.33992599999999995,0.9546351084812557,94.66666666666667,3,576x444,6,team,lee,3,3,large,low,mid,center
001_20200624_203149(7),0,0.6449652777777778,0.5180180180180181,0.019097222222222224,0.02702702702702703,11.489125293076057,0.3550347222222222,0.2345872518286285,86.47701149425288,3,576x444,6,official,,3,3,large,low,mid,center
001_20200624_203149(7),1,0.6475694444444444,0.588963963963964,0.017361111111111112,0.033783783783783786,12.24744871391589,0.3524305555555556,0.09182795698924906,88.97849462365592,3,576x444,6,official,,3,3,large,low,mid,center
001_20200624_203149(7),2,0.6501736111111112,0.6756756756756757,0.015625,0.03153153153153153,11.224972160321824,0.32432432432432434,0.20717022441159827,92.1896551724138,3,576x444,6,official,,3,3,mid,low,mid,center
001_20200624_203154(3),0,0.640625,0.46396396396396394,0.024305555555555556,0.02702702702702703,12.96148139681572,0.359375,1.6733630952380878,91.53645833333333,3,576x444,6,official,,3,3,large,low,mid,center
001_20200624_203154(3),1,0.6432291666666666,0.536036036036036,0.022569444444444444,0.03153153153153153,13.490737563232042,0.35677083333333337,1.226051726051736,86.11616161616162,3,576x444,6,official,,3,3,large,low,mid,center
001_20200624_203154(3),2,0.6493055555555556,0.6227477477477478,0.020833333333333332,0.038288288288288286,14.2828568570857,0.3506944444444444,0.28837535014005766,89.47142857142858,3,576x444,6,official,,3,3,large,low,mid,center
001_20200624_203203(1),0,0.6319444444444444,0.44707207207207206,0.024305555555555556,0.02927927927927928,13.490737563232042,0.3680555555555556,3.372849372849373,91.38383838383838,3,576x444,6,official,,3,3,large,mid,mid,center
001_20200624_203203(1),1,0.6354166666666666,0.5180180180180181,0.020833333333333332,0.02702702702702703,12.0,0.36458333333333337,1.37777777777778,84.04444444444445,3,576x444,6,official,,3,3,large,low,dark,center
001_20200624_203203(1),2,0.6380208333333334,0.6024774774774775,0.019097222222222224,0.038288288288288286,13.674794331177344,0.36197916666666663,0.9732620320855574,88.05882352941177,3,576x444,6,official,,3,3,large,low,mid,center
001_20200624_203207(8),0,0.6302083333333334,0.4831081081081081,0.024305555555555556,0.024774774774774775,12.409673645990857,0.36979166666666663,0.5478285155704441,86.8010752688172,3,576x444,6,official,,3,3,large,low,mid,center
001_20200624_203207(8),1,0.6423611111111112,0.5540540540540541,0.020833333333333332,0.03153153153153153,12.961481396815719,0.35763888888888884,0.5438988095238102,84.859375,3,576x444,6,official,,3,3,large,low,dark,center
001_20200624_203207(8),2,0.65625,0.6362612612612613,0.017361111111111112,0.024774774774774775,10.488088481701515,0.34375,1.855331088664414,84.29012345679013,3,576x444,6,official,,3,3,mid,low,dark,center
001_20200624_203212(2),0,0.6388888888888888,0.4831081081081081,0.017361111111111112,0.024774774774774775,10.488088481701515,0.36111111111111116,2.3854096520763193,87.46913580246914,3,576x444,6,official,,3,3,mid,low,mid,center
001_20200624_203212(2),1,0.6449652777777778,0.5529279279279279,0.019097222222222224,0.024774774774774775,11.0,0.3550347222222222,0.16415781188507594,83.57738095238095,3,576x444,6,official,,3,3,mid,low,dark,center
001_20200624_203212(2),2,0.6571180555555556,0.6373873873873874,0.019097222222222224,0.02252252252252252,10.488088481701515,0.3428819444444444,2.533782267115612,83.9753086419753,3,576x444,6,official,,3,3,mid,mid,dark,center
001_20200624_203225(8),0,0.6414930555555556,0.41103603603603606,0.022569444444444444,0.024774774774774775,11.958260743101398,0.3585069444444444,1.6744366744366772,92.55555555555556,3,576x444,6,official,,3,3,large,low,mid,center
001_20200624_203225(8),1,0.6380208333333334,0.4797297297297297,0.022569444444444444,0.018018018018018018,10.198039027185569,0.36197916666666663,2.213793922127252,87.35802469135803,3,576x444,6,official,,3,3,mid,low,mid,center
001_20200624_203225(8),2,0.6449652777777778,0.5653153153153153,0.019097222222222224,0.02702702702702703,11.489125293076057,0.3550347222222222,0.32001044932079026,88.49425287356321,3,576x444,6,official,,3,3,large,low,mid,center
001_20200625_003507(0),0,0.6024305555555556,0.3344594594594595,0.020833333333333332,0.024774774774774775,11.489125293076057,0.3344594594594595,2.1214733542319806,89.6896551724138,3,576x444,6,official,,3,3,large,low,mid,center
001_20200625_003507(0),1,0.6032986111111112,0.40878378378378377,0.019097222222222224,0.02927927927927928,11.958260743101398,0.39670138888888884,0.27303807303808014,86.75555555555556,3,576x444,6,official,,3,3,large,low,mid,center
001_20200625_003507(0),2,0.609375,0.5157657657657657,0.017361111111111112,0.02702702702702703,10.954451150103322,0.390625,0.6928571428571502,89.05952380952381,3,576x444,6,official,,3,3,mid,low,mid,center
001_20200625_003511(4),0,0.6145833333333334,0.3400900900900901,0.020833333333333332,0.02702702702702703,12.0,0.3400900900900901,3.0875000000000057,90.53888888888889,3,576x444,6,official,,3,3,large,mid,mid,center
001_20200625_003511(4),1,0.6163194444444444,0.4166666666666667,0.017361111111111112,0.02702702702702703,10.954451150103322,0.3836805555555556,0.7845238095238187,88.35119047619048,3,576x444,6,official,,3,3,mid,low,mid,center
001_20200625_003511(4),2,0.6171875,0.5213963963963963,0.019097222222222224,0.024774774774774775,11.0,0.3828125,1.5886462022825611,88.6547619047619,3,576x444,6,official,,3,3,mid,low,mid,center
001_20200625_003515(9),0,0.6076388888888888,0.3614864864864865,0.024305555555555556,0.02927927927927928,13.490737563232042,0.3614864864864865,10.224053724053718,95.88888888888889,3,576x444,6,official,,3,3,large,high,mid,center
001_20200625_003515(9),1,0.6137152777777778,0.4380630630630631,0.022569444444444444,0.033783783783783786,13.96424004376894,0.3862847222222222,0.03129713423830083,88.21078431372548,3,576x444,6,official,,3,3,large,low,mid,center
001_20200625_003515(9),2,0.6163194444444444,0.5427927927927928,0.020833333333333332,0.036036036036036036,13.856406460551018,0.3836805555555556,4.010110294117652,91.33823529411765,3,576x444,6,official,,3,3,large,mid,mid,center
001_20200625_003520(4),0,0.6024305555555556,0.3547297297297297,0.024305555555555556,0.024774774774774775,12.409673645990857,0.3547297297297297,5.330470604664157,91.44086021505376,3,576x444,6,official,,3,3,large,high,mid,center
001_20200625_003520(4),1,0.6032986111111112,0.43355855855855857,0.019097222222222224,0.024774774774774775,11.0,0.39670138888888884,0.19672373081463945,86.91071428571429,3,576x444,6,official,,3,3,mid,low,mid,center
001_20200625_003520(4),2,0.6085069444444444,0.5371621621621622,0.015625,0.024774774774774775,9.9498743710662,0.3914930555555556,2.7612665112664985,88.99358974358974,3,576x444,6,official,,3,3,small,mid,mid,center
001_20200625_003524(9),0,0.609375,0.3524774774774775,0.020833333333333332,0.02927927927927928,12.489995996796795,0.3524774774774775,4.182795698924721,90.84946236559139,3,576x444,6,official,,3,3,large,mid,mid,center
001_20200625_003524(9),1,0.609375,0.42454954954954954,0.017361111111111112,0.024774774774774775,10.488088481701515,0.390625,0.5654320987654273,84.76543209876543,3,576x444,6,official,,3,3,mid,low,dark,center
001_20200625_003524(9),2,0.6163194444444444,0.5304054054054054,0.017361111111111112,0.024774774774774775,10.488088481701515,0.3836805555555556,3.893714927048265,88.82098765432099,3,576x444,6,official,,3,3,mid,mid,mid,center
001_20200625_003529(2),0,0.5998263888888888,0.34346846846846846,0.015625,0.02927927927927928,10.816653826391967,0.34346846846846846,2.6825396825396837,89.23809523809524,3,576x444,6,official,,3,3,mid,mid,mid,center
001_20200625_003529(2),1,0.6041666666666666,0.4222972972972973,0.020833333333333332,0.033783783783783786,13.416407864998739,0.39583333333333337,1.296464646464642,87.5909090909091,3,576x444,6,official,,3,3,large,low,mid,center
001_20200625_003529(2),2,0.6085069444444444,0.5225225225225225,0.019097222222222224,0.02702702702702703,11.489125293076057,0.3914930555555556,2.1969696969697026,88.0,3,576x444,6,official,,3,3,large,low,mid,center
001_20200625_043323(7),0,0.6076388888888888,0.36261261261261263,0.024305555555555556,0.03153153153153153,13.999999999999998,0.36261261261261263,5.659563825530213,92.9656862745098,3,576x444,6,official,,3,3,large,high,mid,center
001_20200625_043323(7),1,0.6085069444444444,0.4403153153153153,0.019097222222222224,0.024774774774774775,11.0,0.3914930555555556,0.4863734750098274,86.7202380952381,3,576x444,6,official,,3,3,mid,low,mid,center
001_20200625_043323(7),2,0.6128472222222222,0.5405405405405406,0.017361111111111112,0.03153153153153153,11.832159566199232,0.3871527777777778,3.7492063492063608,90.57777777777778,3,576x444,6,official,,3,3,large,mid,mid,center
001_20200625_043328(3),0,0.6059027777777778,0.36036036036036034,0.020833333333333332,0.02702702702702703,12.0,0.36036036036036034,5.804166666666674,90.95,3,576x444,6,official,,3,3,large,high,mid,center
001_20200625_043328(3),1,0.609375,0.4358108108108108,0.020833333333333332,0.02027027027027027,10.392304845413264,0.390625,0.8580246913580254,85.25308641975309,3,576x444,6,official,,3,3,mid,low,dark,center
001_20200625_043328(3),2,0.6163194444444444,0.5427927927927928,0.020833333333333332,0.02252252252252252,10.954451150103322,0.3836805555555556,1.3797619047619065,89.07142857142857,3,576x444,6,official,,3,3,mid,low,mid,center
001_20200625_043337(3),0,0.6154513888888888,0.34572072072072074,0.019097222222222224,0.024774774774774775,11.0,0.34572072072072074,5.302046438410073,89.69047619047619,3,576x444,6,official,,3,3,mid,high,mid,center
001_20200625_043337(3),1,0.6206597222222222,0.43018018018018017,0.022569444444444444,0.02702702702702703,12.489995996796797,0.3793402777777778,0.5308105872621951,87.47311827956989,3,576x444,6,official,,3,3,large,low,mid,center
001_20200625_043337(3),2,0.6232638888888888,0.5315315315315315,0.020833333333333332,0.02702702702702703,12.0,0.37673611111111116,2.5472222222222314,87.56111111111112,3,576x444,6,official,,3,3,large,mid,mid,center
001_20200625_043341(7),0,0.6050347222222222,0.37725225225225223,0.026041666666666668,0.024774774774774775,12.84523257866513,0.37725225225225223,11.537215909090904,95.16145833333333,3,576x444,6,official,,3,3,large,high,mid,center
001_20200625_043341(7),1,0.6102430555555556,0.4594594594594595,0.019097222222222224,0.03153153153153153,12.409673645990855,0.3897569444444444,0.34820555788297725,87.45698924731182,3,576x444,6,official,,3,3,large,low,mid,center
001_20200625_043341(7),2,0.6085069444444444,0.5596846846846847,0.019097222222222224,0.02927927927927928,11.958260743101398,0.3914930555555556,1.8875679875679907,85.67777777777778,3,576x444,6,official,,3,3,large,low,dark,center
001_20200625_043346(2),0,0.5989583333333334,0.3614864864864865,0.017361111111111112,0.024774774774774775,10.488088481701515,0.3614864864864865,4.654657687991019,89.17283950617283,3,576x444,6,official,,3,3,mid,mid,mid,center
001_20200625_043346(2),1,0.6032986111111112,0.4436936936936937,0.019097222222222224,0.018018018018018018,9.38083151964686,0.39670138888888884,0.18772727272727252,85.96,3,576x444,6,official,,3,3,small,low,mid,center
001_20200625_043346(2),2,0.6041666666666666,0.5405405405405406,0.020833333333333332,0.02252252252252252,10.954451150103322,0.39583333333333337,4.648809523809518,85.31547619047619,3,576x444,6,official,,3,3,mid,mid,dark,center
001_20200625_043359(8),0,0.6180555555555556,0.35135135135135137,0.024305555555555556,0.02252252252252252,11.832159566199232,0.35135135135135137,2.6841269841269906,88.25555555555556,3,576x444,6,official,,3,3,large,mid,mid,center
001_20200625_043359(8),1,0.6171875,0.4313063063063063,0.022569444444444444,0.024774774774774775,11.958260743101398,0.3828125,1.7840714840714895,83.92222222222222,3,576x444,6,official,,3,3,large,low,dark,center
001_20200625_043359(8),2,0.6180555555555556,0.5326576576576577,0.017361111111111112,0.024774774774774775,10.488088481701515,0.3819444444444444,4.411335578002237,85.95679012345678,3,576x444,6,official,,3,3,mid,mid,mid,center
001_20200629_082825(1),0,0.6067708333333334,0.4313063063063063,0.022569444444444444,0.024774774774774775,11.958260743101398,0.39322916666666663,4.863364413364408,93.33888888888889,3,576x444,6,official,,3,3,large,high,mid,center
001_20200629_082825(1),1,0.6076388888888888,0.5067567567567568,0.024305555555555556,0.02702702702702703,12.96148139681572,0.39236111111111116,1.8608630952380878,89.59895833333333,3,576x444,6,official,,3,3,large,low,mid,center
001_20200629_082825(1),2,0.6059027777777778,0.6081081081081081,0.024305555555555556,0.03153153153153153,13.999999999999998,0.3918918918918919,2.2121848739495817,94.42647058823529,3,576x444,6,official,,3,3,large,low,mid,center
001_20200629_082828(0),0,0.6189236111111112,0.46959459459459457,0.026041666666666668,0.033783783783783786,15.000000000000002,0.38107638888888884,5.842777777777783,96.18055555555556,3,576x444,6,official,,3,3,large,high,mid,center
001_20200629_082828(0),1,0.6215277777777778,0.5427927927927928,0.027777777777777776,0.02702702702702703,13.856406460551018,0.3784722222222222,0.2591911764705941,89.31372549019608,3,576x444,6,official,,3,3,large,low,mid,center
001_20200629_082828(0),2,0.6302083333333334,0.6463963963963963,0.024305555555555556,0.02702702702702703,12.96148139681572,0.35360360360360366,0.8638392857142776,94.41145833333333,3,576x444,6,official,,3,3,large,low,mid,center
001_20200629_082831(0),0,0.6215277777777778,0.49774774774774777,0.024305555555555556,0.02702702702702703,12.96148139681572,0.3784722222222222,0.2775297619047592,89.59895833333333,3,576x444,6,official,,3,3,large,low,mid,center
001_20200629_082831(0),1,0.6197916666666666,0.6013513513513513,0.024305555555555556,0.02702702702702703,12.96148139681572,0.38020833333333337,3.55952380952381,94.625,3,576x444,6,official,,3,3,large,mid,mid,center
001_20200629_082831(0),2,0.6223958333333334,0.42117117117117114,0.019097222222222224,0.02252252252252252,10.488088481701515,0.37760416666666663,3.211896745230078,91.32098765432099,3,576x444,6,official,,3,3,mid,mid,mid,center
001_20200629_082834(2),0,0.6284722222222222,0.4132882882882883,0.020833333333333332,0.024774774774774775,11.489125293076057,0.3715277777777778,4.315830721003124,93.29310344827586,3,576x444,6,official,,3,3,large,mid,mid,center
001_20200629_082834(2),1,0.6197916666666666,0.49324324324324326,0.024305555555555556,0.03153153153153153,13.999999999999998,0.38020833333333337,2.9059623849539804,92.30392156862744,3,576x444,6,official,,3,3,large,mid,mid,center
001_20200629_082834(2),2,0.6076388888888888,0.5923423423423423,0.034722222222222224,0.04054054054054054,18.973665961010276,0.39236111111111116,12.537373737373741,104.01515151515152,3,576x444,6,official,,3,3,large,high,mid,center
001_20200629_082837(2),0,0.6024305555555556,0.3783783783783784,0.027777777777777776,0.02702702702702703,13.856406460551018,0.3783783783783784,2.922794117647058,93.56862745098039,3,576x444,6,official,,3,3,large,mid,mid,center
001_20200629_082837(2),1,0.6015625,0.4594594594594595,0.029513888888888888,0.03153153153153153,15.427248620541512,0.3984375,1.0510258157316912,91.009009009009,3,576x444,6,official,,3,3,large,low,mid,center
001_20200629_082837(2),2,0.6059027777777778,0.5563063063063063,0.024305555555555556,0.03153153153153153,13.999999999999998,0.3940972222222222,3.1045418167266945,94.81372549019608,3,576x444,6,official,,3,3,large,mid,mid,center
001_20200629_082840(2),0,0.6197916666666666,0.4617117117117117,0.027777777777777776,0.03153153153153153,14.966629547095765,0.38020833333333337,7.764219576719583,96.27314814814815,3,576x444,6,official,,3,3,large,high,mid,center
001_20200629_082840(2),1,0.6180555555555556,0.5371621621621622,0.020833333333333332,0.033783783783783786,13.416407864998739,0.3819444444444444,0.735353535353525,90.25757575757575,3,576x444,6,official,,3,3,large,low,mid,center
001_20200629_082840(2),2,0.6206597222222222,0.6430180180180181,0.022569444444444444,0.024774774774774775,11.958260743101398,0.35698198198198194,1.7775835275835306,94.80555555555556,3,576x444,6,official,,3,3,large,low,mid,center
001_20200629_082905(4),0,0.6180555555555556,0.4527027027027027,0.024305555555555556,0.03153153153153153,13.999999999999998,0.3819444444444444,5.201780712284915,95.93137254901961,3,576x444,6,official,,3,3,large,high,mid,center
001_20200629_082905(4),1,0.6085069444444444,0.5259009009009009,0.019097222222222224,0.024774774774774775,11.0,0.3914930555555556,1.7148760330578483,91.5,3,576x444,6,official,,3,3,mid,low,mid,center
001_20200629_082905(4),2,0.5972222222222222,0.6295045045045045,0.017361111111111112,0.024774774774774775,10.488088481701515,0.37049549549549554,1.2839506172839492,95.28395061728395,3,576x444,6,official,,3,3,mid,low,mid,center
001_20200629_123107(1),0,0.5998263888888888,0.3761261261261261,0.019097222222222224,0.02702702702702703,11.489125293076057,0.3761261261261261,5.98615464994775,91.61494252873563,3,576x444,6,official,,3,3,large,high,mid,center
001_20200629_123107(1),1,0.6050347222222222,0.45382882882882886,0.019097222222222224,0.024774774774774775,11.0,0.3949652777777778,0.9626623376623371,86.94642857142857,3,576x444,6,official,,3,3,mid,low,mid,center
001_20200629_123107(1),2,0.609375,0.5585585585585585,0.013888888888888888,0.02702702702702703,9.797958971132712,0.390625,0.130608974358978,88.9423076923077,3,576x444,6,official,,3,3,small,low,mid,center
001_20200629_123111(6),0,0.6145833333333334,0.3738738738738739,0.020833333333333332,0.02252252252252252,10.954451150103322,0.3738738738738739,3.4678571428571416,89.80952380952381,3,576x444,6,official,,3,3,mid,mid,mid,center
001_20200629_123111(6),1,0.6154513888888888,0.45157657657657657,0.019097222222222224,0.02027027027027027,9.9498743710662,0.38454861111111116,0.20027195027195432,86.36538461538461,3,576x444,6,official,,3,3,small,low,mid,center
001_20200629_123111(6),2,0.6189236111111112,0.5529279279279279,0.019097222222222224,0.024774774774774775,11.0,0.38107638888888884,2.4049094844549472,88.85119047619048,3,576x444,6,official,,3,3,mid,low,mid,center
001_20200629_123116(1),0,0.6015625,0.34121621621621623,0.026041666666666668,0.033783783783783786,15.000000000000002,0.34121621621621623,6.3812962962962985,94.64351851851852,3,576x444,6,official,,3,3,large,high,mid,center
001_20200629_123116(1),1,0.6050347222222222,0.42117117117117114,0.019097222222222224,0.02702702702702703,11.489125293076057,0.3949652777777778,0.2011494252873547,88.86781609195403,3,576x444,6,official,,3,3,large,low,mid,center
001_20200629_123116(1),2,0.6102430555555556,0.5202702702702703,0.019097222222222224,0.03153153153153153,12.409673645990855,0.3897569444444444,0.927035330261134,88.56989247311827,3,576x444,6,official,,3,3,large,low,mid,center
001_20200629_123120(6),0,0.6059027777777778,0.3344594594594595,0.024305555555555556,0.02927927927927928,13.490737563232042,0.3344594594594595,7.43561993561994,93.73232323232324,3,576x444,6,official,,3,3,large,high,mid,center
001_20200629_123120(6),1,0.6067708333333334,0.40878378378378377,0.026041666666666668,0.033783783783783786,15.000000000000002,0.39322916666666663,1.930370370370369,89.48148148148148,3,576x444,6,official,,3,3,large,low,mid,center
001_20200629_123120(6),2,0.6050347222222222,0.5123873873873874,0.019097222222222224,0.02027027027027027,9.9498743710662,0.3949652777777778,2.3545066045066108,86.31410256410257,3,576x444,6,official,,3,3,small,low,mid,center
001_20200629_123125(2),0,0.6059027777777778,0.34572072072072074,0.024305555555555556,0.024774774774774775,12.409673645990857,0.34572072072072074,9.268747381650599,94.11290322580645,3,576x444,6,official,,3,3,large,high,mid,center
001_20200629_123125(2),1,0.609375,0.42792792792792794,0.020833333333333332,0.036036036036036036,13.856406460551018,0.390625,4.171568627450981,91.00490196078431,3,576x444,6,official,,3,3,large,mid,mid,center
001_20200629_123125(2),2,0.6171875,0.5247747747747747,0.019097222222222224,0.03153153153153153,12.409673645990855,0.3828125,1.4519620164781486,89.23118279569893,3,576x444,6,official,,3,3,large,low,mid,center
001_20200629_123129(6),0,0.607224,0.353337,0.023218,0.03012,13.37342399922473,0.353337,5.8590853590853555,93.04040404040404,3,576x444,6,team,lee,3,3,large,high,mid,center
001_20200629_123129(6),1,0.609918,0.428814,0.023218,0.03012,13.37342399922473,0.39008200000000004,0.19628328402366435,86.703125,3,576x444,6,team,lee,3,3,large,low,mid,center
001_20200629_123129(6),2,0.616921,0.532245,0.023218,0.03012,13.37342399922473,0.38307899999999995,1.7877835305719998,90.38541666666667,3,576x444,6,team,lee,3,3,large,low,mid,center
001_20200629_163728(4),0,0.611399,0.401281,0.023218,0.03012,13.37342399922473,0.388601,0.852741096438578,87.1078431372549,3,576x444,6,team,jung,3,3,large,low,mid,center
001_20200629_163728(4),1,0.607939,0.324887,0.023218,0.03012,13.37342399922473,0.324887,4.371850371850371,92.02020202020202,3,576x444,6,team,jung,3,3,large,mid,mid,center
001_20200629_163728(4),2,0.617607,0.504408,0.023218,0.03012,13.37342399922473,0.382393,5.677766677766684,92.04040404040404,3,576x444,6,team,jung,3,3,large,high,mid,center
001_20200629_163732(9),0,0.60785,0.321352,0.030772,0.041916,18.162285761684515,0.321352,9.71025431796545,98.37984496124031,3,576x444,6,team,jung,3,3,large,high,mid,center
001_20200629_163732(9),1,0.619334,0.502927,0.030772,0.041916,18.162285761684515,0.38066599999999995,7.255337957296334,96.00387596899225,3,576x444,6,team,jung,3,3,large,high,mid,center
001_20200629_163732(9),2,0.613592,0.399569,0.030772,0.041916,18.162285761684515,0.386408,2.7323947122708745,91.0079365079365,3,576x444,6,team,jung,3,3,large,mid,mid,center
001_20200629_163737(5),0,0.619923,0.324163,0.023218,0.03012,13.37342399922473,0.324163,3.9872949179671906,91.68627450980392,3,576x444,6,team,jung,3,3,large,mid,mid,center
001_20200629_163737(5),1,0.623238,0.401574,0.023218,0.03012,13.37342399922473,0.37676200000000004,0.029415029415034155,87.95959595959596,3,576x444,6,team,jung,3,3,large,low,mid,center
001_20200629_163737(5),2,0.628625,0.503178,0.023218,0.03012,13.37342399922473,0.371375,5.478632478632477,91.05555555555556,3,576x444,6,team,jung,3,3,large,high,mid,center
001_20200629_163741(9),0,0.604666,0.339321,0.023218,0.03012,13.37342399922473,0.339321,3.808247041420117,91.84375,3,576x444,6,team,jung,3,3,large,mid,mid,center
001_20200629_163741(9),1,0.610288,0.418181,0.023218,0.03012,13.37342399922473,0.38971199999999995,0.4862549309664672,87.42708333333333,3,576x444,6,team,jung,3,3,large,low,mid,center
001_20200629_163741(9),2,0.615891,0.519026,0.023218,0.03012,13.37342399922473,0.38410900000000003,2.2548076923076934,88.5625,3,576x444,6,team,jung,3,3,large,low,mid,center
001_20200629_163746(6),0,0.614667,0.318611,0.023218,0.03012,13.37342399922473,0.318611,4.924020424020426,92.67676767676768,3,576x444,6,team,jung,3,3,large,high,mid,center
001_20200629_163746(6),1,0.614667,0.397636,0.023218,0.03012,13.37342399922473,0.38533300000000004,0.5311355311355328,87.16666666666667,3,576x444,6,team,jung,3,3,large,low,mid,center
001_20200629_163746(6),2,0.618397,0.499776,0.023218,0.03012,13.37342399922473,0.381603,3.544844044844041,91.98989898989899,3,576x444,6,team,jung,3,3,large,mid,mid,center
001_20200629_163756(6),0,0.613583,0.39136,0.023218,0.03012,13.37342399922473,0.386417,3.470660749506905,91.54166666666667,3,576x444,6,team,jung,3,3,large,mid,mid,center
001_20200629_163756(6),1,0.611967,0.472428,0.023218,0.03012,13.37342399922473,0.38803299999999996,0.1992418639053284,87.796875,3,576x444,6,team,jung,3,3,large,low,mid,center
001_20200629_163756(6),2,0.61035,0.572365,0.023218,0.03012,13.37342399922473,0.38965000000000005,2.0153735153735113,89.76262626262626,3,576x444,6,team,jung,3,3,large,low,mid,center
001_20200629_202802(6),0,0.599329,0.468565,0.023218,0.03012,13.37342399922473,0.400671,5.488067488067486,93.32323232323232,3,576x444,6,team,jung,3,3,large,high,mid,center
001_20200629_202802(6),1,0.613335,0.542644,0.023218,0.03012,13.37342399922473,0.38666500000000004,0.12010212010211774,85.88383838383838,3,576x444,6,team,jung,3,3,large,low,dark,center
001_20200629_202802(6),2,0.631113,0.639786,0.023218,0.03012,13.37342399922473,0.36021400000000003,3.1210456210456243,89.56060606060606,3,576x444,6,team,jung,3,3,large,mid,mid,center
001_20200629_202807(1),0,0.578576,0.412592,0.023218,0.03012,13.37342399922473,0.412592,5.649562376725839,93.40104166666667,3,576x444,6,team,jung,3,3,large,high,mid,center
001_20200629_202807(1),1,0.595275,0.485274,0.023218,0.03012,13.37342399922473,0.404725,1.6026751026751072,85.29292929292929,3,576x444,6,team,jung,3,3,large,low,dark,center
001_20200629_202807(1),2,0.615207,0.579619,0.023218,0.03012,13.37342399922473,0.38479300000000005,4.736316568047343,88.9375,3,576x444,6,team,jung,3,3,large,mid,mid,center
001_20200629_202811(5),0,0.610857,0.379766,0.023218,0.03012,13.37342399922473,0.379766,4.421078921078916,91.27272727272727,3,576x444,6,team,jung,3,3,large,mid,mid,center
001_20200629_202811(5),1,0.61873,0.456103,0.023218,0.03012,13.37342399922473,0.38127,0.42779215976331386,87.421875,3,576x444,6,team,jung,3,3,large,low,mid,center
001_20200629_202811(5),2,0.628261,0.558781,0.023218,0.03012,13.37342399922473,0.37173900000000004,3.5454181672669165,89.88725490196079,3,576x444,6,team,jung,3,3,large,mid,mid,center
001_20200629_202816(1),0,0.617528,0.411954,0.023218,0.03012,13.37342399922473,0.38247200000000003,2.905372405372404,94.88888888888889,3,576x444,6,team,jung,3,3,large,mid,mid,center
001_20200629_202816(1),1,0.628456,0.484026,0.023218,0.03012,13.37342399922473,0.371544,2.2852140856342515,91.86274509803921,3,576x444,6,team,jung,3,3,large,low,mid,center
001_20200629_202816(1),2,0.641662,0.562005,0.023218,0.03012,13.37342399922473,0.35833800000000005,0.9718010355029634,92.140625,3,576x444,6,team,jung,3,3,large,low,mid,center
001_20200629_202820(6),0,0.629108,0.343656,0.023218,0.03012,13.37342399922473,0.343656,1.492634368836292,94.38020833333333,3,576x444,6,team,jung,3,3,large,low,mid,center
001_20200629_202820(6),1,0.631594,0.417305,0.023218,0.03012,13.37342399922473,0.368406,1.0176898422090659,94.26041666666667,3,576x444,6,team,jung,3,3,large,low,mid,center
001_20200629_202820(6),2,0.636567,0.499018,0.023218,0.03012,13.37342399922473,0.363433,0.12823594674556205,93.796875,3,576x444,6,team,jung,3,3,large,low,mid,center
001_20200629_202825(1),0,0.644744,0.394621,0.023218,0.03012,13.37342399922473,0.355256,1.519754684418146,93.96354166666667,3,576x444,6,team,jung,3,3,large,low,mid,center
001_20200629_202825(1),1,0.644744,0.465485,0.023218,0.03012,13.37342399922473,0.355256,0.04259122287969319,92.94791666666667,3,576x444,6,team,jung,3,3,large,low,mid,center
001_20200629_202825(1),2,0.648946,0.549069,0.023218,0.03012,13.37342399922473,0.351054,2.034640039447737,90.64583333333333,3,576x444,6,team,jung,3,3,large,low,mid,center
001_20200630_003006(2),0,0.600954,0.394237,0.023218,0.03012,13.37342399922473,0.394237,4.208783513405365,94.75980392156863,3,576x444,6,team,heo,3,3,large,mid,mid,center
001_20200630_003006(2),1,0.609788,0.469479,0.023218,0.03012,13.37342399922473,0.390212,0.9594736193293869,89.22395833333333,3,576x444,6,team,heo,3,3,large,low,mid,center
001_20200630_003006(2),2,0.623927,0.572828,0.023218,0.03012,13.37342399922473,0.376073,3.6339681952662772,93.515625,3,576x444,6,team,heo,3,3,large,mid,mid,center
001_20200630_003010(8),0,0.601404,0.431879,0.023218,0.03012,13.37342399922473,0.39859599999999995,4.969828648915197,94.52604166666667,3,576x444,6,team,heo,3,3,large,high,mid,center
001_20200630_003010(8),1,0.611514,0.507664,0.023218,0.03012,13.37342399922473,0.388486,0.06465729783036522,89.17708333333333,3,576x444,6,team,heo,3,3,large,low,mid,center
001_20200630_003010(8),2,0.627617,0.609683,0.023218,0.03012,13.37342399922473,0.372383,2.932969674556219,93.796875,3,576x444,6,team,heo,3,3,large,mid,mid,center
001_20200630_003015(1),0,0.598106,0.383572,0.023218,0.03012,13.37342399922473,0.383572,2.7631595167652847,93.34895833333333,3,576x444,6,team,heo,3,3,large,mid,mid,center
001_20200630_003015(1),1,0.605548,0.457302,0.023218,0.03012,13.37342399922473,0.394452,0.548118548118552,90.01515151515152,3,576x444,6,team,heo,3,3,large,low,mid,center
001_20200630_003015(1),2,0.61705,0.560875,0.023218,0.03012,13.37342399922473,0.38295,4.121378621378625,94.18181818181819,3,576x444,6,team,heo,3,3,large,mid,mid,center
001_20200630_003019(7),0,0.629839,0.377752,0.023218,0.03012,13.37342399922473,0.37016099999999996,1.594643737672584,96.36979166666667,3,576x444,6,team,heo,3,3,large,low,mid,center
001_20200630_003019(7),1,0.636475,0.448342,0.023218,0.03012,13.37342399922473,0.363525,0.0077700077700058046,97.83838383838383,3,576x444,6,team,heo,3,3,large,low,mid,center
001_20200630_003019(7),2,0.642225,0.530983,0.023218,0.03012,13.37342399922473,0.35777499999999995,0.4301809301809243,95.58080808080808,3,576x444,6,team,heo,3,3,large,low,mid,center
001_20200630_003024(2),0,0.644008,0.384573,0.023218,0.03012,13.37342399922473,0.355992,2.7945942945942903,96.8989898989899,3,576x444,6,team,heo,3,3,large,mid,mid,center
001_20200630_003024(2),1,0.642797,0.456289,0.023218,0.03012,13.37342399922473,0.35720300000000005,1.8374630177514746,97.28125,3,576x444,6,team,heo,3,3,large,low,mid,center
001_20200630_003024(2),2,0.644411,0.537952,0.023218,0.03012,13.37342399922473,0.35558900000000004,0.0031012404961927587,95.04901960784314,3,576x444,6,team,heo,3,3,large,low,mid,center
001_20200630_003033(2),0,0.631592,0.393117,0.023218,0.03012,13.37342399922473,0.36840799999999996,0.6287598619329486,94.51041666666667,3,576x444,6,team,heo,3,3,large,low,mid,center
001_20200630_003033(2),1,0.630832,0.464646,0.023218,0.03012,13.37342399922473,0.36916800000000005,0.5537167159763356,95.546875,3,576x444,6,team,heo,3,3,large,low,mid,center
001_20200630_003033(2),2,0.630071,0.548014,0.023218,0.03012,13.37342399922473,0.36992899999999995,1.488178488178491,94.3030303030303,3,576x444,6,team,heo,3,3,large,low,mid,center
001_20200630_043339(8),0,0.619288,0.355217,0.023218,0.03012,13.37342399922473,0.355217,1.2096585305719998,90.19270833333333,3,576x444,6,team,lee,3,3,large,low,mid,center
001_20200630_043339(8),1,0.620688,0.459696,0.023218,0.03012,13.37342399922473,0.379312,3.6797646797646735,95.26767676767676,3,576x444,6,team,lee,3,3,large,mid,mid,center
001_20200630_043339(8),2,0.616486,0.280719,0.023218,0.03012,13.37342399922473,0.280719,3.173770673770676,92.58585858585859,3,576x444,6,team,lee,3,3,large,mid,mid,center
001_20200630_043538(1),0,0.613017,0.336635,0.023218,0.03012,13.37342399922473,0.336635,2.8127983127983214,93.1919191919192,3,576x444,6,team,heo,3,3,large,mid,mid,center
001_20200630_043538(1),1,0.618673,0.416436,0.023218,0.03012,13.37342399922473,0.38132699999999997,0.05561105561106672,91.24242424242425,3,576x444,6,team,heo,3,3,large,low,mid,center
001_20200630_043538(1),2,0.625037,0.520087,0.023218,0.03012,13.37342399922473,0.37496300000000005,4.495298119247693,93.74019607843137,3,576x444,6,team,heo,3,3,large,mid,mid,center
001_20200630_043544(2),0,0.615383,0.338891,0.023218,0.03012,13.37342399922473,0.338891,3.5450567061143943,93.86458333333333,3,576x444,6,team,heo,3,3,large,mid,mid,center
001_20200630_043544(2),1,0.622619,0.415695,0.023218,0.03012,13.37342399922473,0.37738099999999997,0.09556829388560573,90.77604166666667,3,576x444,6,team,heo,3,3,large,low,mid,center
001_20200630_043544(2),2,0.631828,0.517245,0.023218,0.03012,13.37342399922473,0.36817200000000005,3.6551226551226534,92.29797979797979,3,576x444,6,team,heo,3,3,large,mid,mid,center
001_20200630_043548(7),0,0.646537,0.296275,0.023218,0.03012,13.37342399922473,0.296275,0.07116000986194138,95.65104166666667,3,576x444,6,team,heo,3,3,large,low,mid,center
001_20200630_043548(7),1,0.646537,0.367214,0.023218,0.03012,13.37342399922473,0.35346299999999997,1.2358197358197316,97.0050505050505,3,576x444,6,team,heo,3,3,large,low,mid,center
001_20200630_043548(7),2,0.648949,0.449629,0.023218,0.03012,13.37342399922473,0.351051,1.3693293885601605,97.58333333333333,3,576x444,6,team,heo,3,3,large,low,mid,center
001_20200630_043600(9),0,0.632761,0.404156,0.023218,0.03012,13.37342399922473,0.367239,2.178069526627212,95.34375,3,576x444,6,team,heo,3,3,large,low,mid,center
001_20200630_043600(9),1,0.632761,0.471625,0.023218,0.03012,13.37342399922473,0.367239,1.677946252465489,95.32291666666667,3,576x444,6,team,heo,3,3,large,low,mid,center
001_20200630_043600(9),2,0.634801,0.556954,0.023218,0.03012,13.37342399922473,0.36519900000000005,0.09618466469427744,94.61979166666667,3,576x444,6,team,heo,3,3,large,low,mid,center
001_20200630_043605(5),0,0.615917,0.459031,0.023218,0.03012,13.37342399922473,0.38408299999999995,4.164077909270219,96.22916666666667,3,576x444,6,team,heo,3,3,large,mid,mid,center
001_20200630_043605(5),1,0.628554,0.524607,0.023218,0.03012,13.37342399922473,0.37144600000000005,2.915066026410557,95.20588235294117,3,576x444,6,team,heo,3,3,large,mid,mid,center
001_20200630_043605(5),2,0.647784,0.600874,0.023218,0.03012,13.37342399922473,0.352216,0.11766011766012241,95.83838383838383,3,576x444,6,team,heo,3,3,large,low,mid,center
001_20200630_083235(6),0,0.619931,0.355322,0.023218,0.03012,13.37342399922473,0.355322,3.8552003552003526,93.45959595959596,3,576x444,6,team,lee,3,3,large,mid,mid,center
001_20200630_083235(6),1,0.62047,0.431498,0.023218,0.03012,13.37342399922473,0.37953000000000003,0.03476331360947427,90.125,3,576x444,6,team,lee,3,3,large,low,mid,center
001_20200630_083235(6),2,0.622086,0.536326,0.023218,0.03012,13.37342399922473,0.37791399999999997,3.590576090576093,94.46969696969697,3,576x444,6,team,lee,3,3,large,mid,mid,center
001_20200630_083322(2),0,0.607592,0.336417,0.023218,0.03012,13.37342399922473,0.336417,4.697358197358199,95.5050505050505,3,576x444,6,team,lee,3,3,large,mid,mid,center
001_20200630_083322(2),1,0.616696,0.516303,0.023218,0.03012,13.37342399922473,0.383304,3.026658037475343,96.63020833333333,3,576x444,6,team,lee,3,3,large,mid,mid,center
001_20200630_083322(2),2,0.611094,0.412732,0.023218,0.03012,13.37342399922473,0.388906,0.2804972804972721,91.43434343434343,3,576x444,6,team,lee,3,3,large,low,mid,center
001_20200630_083331(2),0,0.601952,0.313138,0.023218,0.03012,13.37342399922473,0.313138,5.171828171828167,95.04545454545455,3,576x444,6,team,lee,3,3,large,high,mid,center
001_20200630_083331(2),1,0.605268,0.388399,0.023218,0.03012,13.37342399922473,0.388399,0.3614398422090659,91.91666666666667,3,576x444,6,team,lee,3,3,large,low,mid,center
001_20200630_083331(2),2,0.605682,0.491615,0.023218,0.03012,13.37342399922473,0.39431799999999995,3.8901098901098834,97.5,3,576x444,6,team,lee,3,3,large,mid,mid,center
001_20200630_083350(7),0,0.615119,0.349379,0.023218,0.03012,13.37342399922473,0.349379,3.2198912198912097,93.87373737373737,3,576x444,6,team,lee,3,3,large,mid,mid,center
001_20200630_083350(7),1,0.617191,0.425179,0.023218,0.03012,13.37342399922473,0.38280899999999995,0.522559171597635,90.8125,3,576x444,6,team,lee,3,3,large,low,mid,center
001_20200630_083350(7),2,0.622163,0.528394,0.023218,0.03012,13.37342399922473,0.377837,4.721831854043387,95.73958333333333,3,576x444,6,team,lee,3,3,large,mid,mid,center
001_20200630_083355(1),0,0.611958,0.413708,0.023218,0.03012,13.37342399922473,0.388042,0.22704018737672982,90.75520833333333,3,576x444,6,team,lee,3,3,large,low,mid,center
001_20200630_083355(1),1,0.610456,0.335158,0.023218,0.03012,13.37342399922473,0.335158,2.8291728303747448,93.25520833333333,3,576x444,6,team,lee,3,3,large,mid,mid,center
001_20200630_083355(1),2,0.615961,0.516927,0.023218,0.03012,13.37342399922473,0.384039,3.476146449704146,93.71875,3,576x444,6,team,lee,3,3,large,mid,mid,center
001_20200630_083405(7),0,0.617601,0.339699,0.023218,0.03012,13.37342399922473,0.339699,3.6941946941946924,93.35353535353535,3,576x444,6,team,lee,3,3,large,mid,mid,center
001_20200630_083405(7),1,0.620834,0.416573,0.023218,0.03012,13.37342399922473,0.379166,1.2029082029082048,89.3080808080808,3,576x444,6,team,lee,3,3,large,low,mid,center
001_20200630_083405(7),2,0.625143,0.517908,0.023218,0.03012,13.37342399922473,0.374857,3.1233493397358956,94.1029411764706,3,576x444,6,team,lee,3,3,large,mid,mid,center
001_20200630_123334(2),0,0.604272,0.339433,0.023218,0.03012,13.37342399922473,0.339433,3.9299589299589286,92.17171717171718,3,576x444,6,team,heo,3,3,large,mid,mid,center
001_20200630_123334(2),1,0.603392,0.417629,0.023218,0.03012,13.37342399922473,0.39660799999999996,0.6654031065088759,89.328125,3,576x444,6,team,heo,3,3,large,low,mid,center
001_20200630_123334(2),2,0.608231,0.522651,0.023218,0.03012,13.37342399922473,0.39176900000000003,2.905760905760914,94.6969696969697,3,576x444,6,team,heo,3,3,large,mid,mid,center
001_20200630_123338(7),0,0.618653,0.350756,0.023218,0.03012,13.37342399922473,0.350756,4.676528599605518,92.33333333333333,3,576x444,6,team,heo,3,3,large,mid,mid,center
001_20200630_123338(7),1,0.622217,0.429362,0.023218,0.03012,13.37342399922473,0.377783,1.141950197238657,89.26041666666667,3,576x444,6,team,heo,3,3,large,low,mid,center
001_20200630_123338(7),2,0.629346,0.531088,0.023218,0.03012,13.37342399922473,0.37065400000000004,2.114090236686394,94.03125,3,576x444,6,team,heo,3,3,large,low,mid,center
001_20200630_123343(2),0,0.610218,0.346486,0.023218,0.03012,13.37342399922473,0.346486,3.397491397491393,93.35353535353535,3,576x444,6,team,heo,3,3,large,mid,mid,center
001_20200630_123343(2),1,0.611416,0.421842,0.023218,0.03012,13.37342399922473,0.38858400000000004,0.7235542235542312,90.70707070707071,3,576x444,6,team,heo,3,3,large,low,mid,center
001_20200630_123343(2),2,0.613811,0.528274,0.023218,0.03012,13.37342399922473,0.386189,3.2461168639053284,93.84375,3,576x444,6,team,heo,3,3,large,mid,mid,center
001_20200630_123347(6),0,0.617447,0.382543,0.023218,0.03012,13.37342399922473,0.382543,3.092241092241096,94.57575757575758,3,576x444,6,team,heo,3,3,large,mid,mid,center
001_20200630_123347(6),1,0.616864,0.460404,0.023218,0.03012,13.37342399922473,0.38313600000000003,0.7264238165680439,90.859375,3,576x444,6,team,heo,3,3,large,low,mid,center
001_20200630_123347(6),2,0.61803,0.563967,0.023218,0.03012,13.37342399922473,0.38197000000000003,1.733377733377722,93.78282828282828,3,576x444,6,team,heo,3,3,large,low,mid,center
001_20200630_123352(1),0,0.606851,0.351326,0.023218,0.03012,13.37342399922473,0.351326,4.702852702852709,94.5050505050505,3,576x444,6,team,heo,3,3,large,mid,mid,center
001_20200630_123352(1),1,0.60967,0.430859,0.023218,0.03012,13.37342399922473,0.39032999999999995,0.3889998889998765,90.23737373737374,3,576x444,6,team,heo,3,3,large,low,mid,center
001_20200630_123352(1),2,0.613898,0.535989,0.023218,0.03012,13.37342399922473,0.38610199999999995,2.942723942723944,94.65151515151516,3,576x444,6,team,heo,3,3,large,mid,mid,center
001_20200630_123423(6),0,0.612574,0.468486,0.023218,0.03012,13.37342399922473,0.38742600000000005,6.510204081632651,96.0,3,576x444,6,team,heo,3,3,large,high,mid,center
001_20200630_123423(6),1,0.61458,0.550904,0.023218,0.03012,13.37342399922473,0.38542,0.19380619380619635,88.45454545454545,3,576x444,6,team,heo,3,3,large,low,mid,center
001_20200630_123423(6),2,0.617255,0.650674,0.023218,0.03012,13.37342399922473,0.349326,1.352314352314366,94.74242424242425,3,576x444,6,team,heo,3,3,large,low,mid,center
001_20200630_123426(8),0,0.613053,0.408137,0.023218,0.03012,13.37342399922473,0.38694700000000004,4.460317460317455,93.88888888888889,3,576x444,6,team,heo,3,3,large,mid,mid,center
001_20200630_123426(8),1,0.611627,0.485819,0.023218,0.03012,13.37342399922473,0.38837299999999997,0.9330621301775182,89.8125,3,576x444,6,team,heo,3,3,large,low,mid,center
001_20200630_123426(8),2,0.609251,0.591244,0.023218,0.03012,13.37342399922473,0.390749,2.546842046842059,94.21717171717172,3,576x444,6,team,heo,3,3,large,mid,mid,center
001_20200630_163111(8),0,0.639424,0.357526,0.023218,0.03012,13.37342399922473,0.357526,0.6236131656804673,97.765625,3,576x444,6,team,lee,3,3,large,low,mid,center
001_20200630_163111(8),1,0.639085,0.424484,0.023218,0.03012,13.37342399922473,0.360915,1.0484515484515526,97.63636363636364,3,576x444,6,team,lee,3,3,large,low,mid,center
001_20200630_163111(8),2,0.639085,0.511408,0.023218,0.03012,13.37342399922473,0.360915,0.7119847939175656,97.68137254901961,3,576x444,6,team,lee,3,3,large,low,mid,center
001_20200630_163116(2),0,0.634166,0.533602,0.023218,0.03012,13.37342399922473,0.365834,2.9525474525474635,95.72727272727273,3,576x444,6,team,lee,3,3,large,mid,mid,center
001_20200630_163116(2),1,0.640631,0.599993,0.023218,0.03012,13.37342399922473,0.35936900000000005,1.1382506382506392,92.98989898989899,3,576x444,6,team,lee,3,3,large,low,mid,center
001_20200630_163116(2),2,0.650328,0.685254,0.023218,0.03012,13.37342399922473,0.31474599999999997,0.6444464990137959,92.21354166666667,3,576x444,6,team,lee,3,3,large,low,mid,center
001_20200630_163120(7),0,0.646314,0.39405,0.023218,0.03012,13.37342399922473,0.35368599999999994,0.782994782994777,96.84343434343434,3,576x444,6,team,lee,3,3,large,low,mid,center
001_20200630_163120(7),1,0.644159,0.328357,0.023218,0.03012,13.37342399922473,0.328357,2.079920079920086,97.0909090909091,3,576x444,6,team,lee,3,3,large,low,mid,center
001_20200630_163120(7),2,0.650085,0.475117,0.023218,0.03012,13.37342399922473,0.349915,1.5174270174270248,97.32323232323232,3,576x444,6,team,lee,3,3,large,low,mid,center
001_20200630_163125(2),0,0.630229,0.344394,0.023218,0.03012,13.37342399922473,0.344394,1.2546018407362993,97.63725490196079,3,576x444,6,team,lee,3,3,large,low,mid,center
001_20200630_163125(2),1,0.630229,0.412882,0.023218,0.03012,13.37342399922473,0.36977099999999996,1.6570096570096666,95.15151515151516,3,576x444,6,team,lee,3,3,large,low,mid,center
001_20200630_163125(2),2,0.635616,0.49395,0.023218,0.03012,13.37342399922473,0.36438400000000004,0.20313020313020047,96.56060606060606,3,576x444,6,team,lee,3,3,large,low,mid,center
001_20200630_163129(8),0,0.631805,0.328862,0.023218,0.03012,13.37342399922473,0.328862,2.1640656262505047,97.48039215686275,3,576x444,6,team,lee,3,3,large,low,mid,center
001_20200630_163129(8),1,0.636363,0.479385,0.023218,0.03012,13.37342399922473,0.363637,0.40304140304139935,97.45959595959596,3,576x444,6,team,lee,3,3,large,low,mid,center
001_20200630_163129(8),2,0.632634,0.39606,0.023218,0.03012,13.37342399922473,0.36736599999999997,0.3527583527583573,94.73737373737374,3,576x444,6,team,lee,3,3,large,low,mid,center
001_20200630_163134(2),0,0.640047,0.411676,0.023218,0.03012,13.37342399922473,0.35995299999999997,1.5654277613412262,94.93229166666667,3,576x444,6,team,lee,3,3,large,low,mid,center
001_20200630_163134(2),1,0.653307,0.559511,0.023218,0.03012,13.37342399922473,0.34669300000000003,1.3153661242603505,92.578125,3,576x444,6,team,lee,3,3,large,low,mid,center
001_20200630_163134(2),2,0.646263,0.475648,0.023218,0.03012,13.37342399922473,0.35373699999999997,0.72583826429981,91.66666666666667,3,576x444,6,team,lee,3,3,large,low,mid,center
001_20200630_163147(8),0,0.638891,0.356672,0.023218,0.03012,13.37342399922473,0.356672,1.4032079032078997,98.1010101010101,3,576x444,6,team,lee,3,3,large,low,mid,center
001_20200630_163147(8),1,0.637814,0.428654,0.023218,0.03012,13.37342399922473,0.362186,0.4735576923076934,95.21875,3,576x444,6,team,lee,3,3,large,low,mid,center
001_20200630_163147(8),2,0.63943,0.509722,0.023218,0.03012,13.37342399922473,0.36056999999999995,0.8713325936883649,94.61979166666667,3,576x444,6,team,lee,3,3,large,low,mid,center
001_20200630_203200(3),0,0.631343,0.424589,0.023218,0.03012,13.37342399922473,0.368657,2.192800788954628,97.58333333333333,3,576x444,6,team,jung,3,3,large,low,mid,center
001_20200630_203200(3),1,0.629188,0.496572,0.023218,0.03012,13.37342399922473,0.37081200000000003,1.1323964497041459,95.375,3,576x444,6,team,jung,3,3,large,low,mid,center
001_20200630_203200(3),2,0.632421,0.579037,0.023218,0.03012,13.37342399922473,0.367579,1.151293151293146,95.0959595959596,3,576x444,6,team,jung,3,3,large,low,mid,center
001_20200630_203205(0),0,0.62995,0.521145,0.023218,0.03012,13.37342399922473,0.37005,3.1712176712176756,96.48989898989899,3,576x444,6,team,jung,3,3,large,mid,mid,center
001_20200630_203205(0),1,0.637409,0.588881,0.023218,0.03012,13.37342399922473,0.362591,0.623265623265624,95.03535353535354,3,576x444,6,team,jung,3,3,large,low,mid,center
001_20200630_203205(0),2,0.651084,0.671131,0.023218,0.03012,13.37342399922473,0.32886899999999997,1.485294117647058,97.01470588235294,3,576x444,6,team,jung,3,3,large,low,mid,center
001_20200630_203209(3),0,0.642293,0.415278,0.023218,0.03012,13.37342399922473,0.357707,1.9102009102009134,98.14646464646465,3,576x444,6,team,jung,3,3,large,low,mid,center
001_20200630_203209(3),1,0.648596,0.482508,0.023218,0.03012,13.37342399922473,0.35140400000000005,1.4792899408284086,98.0,3,576x444,6,team,jung,3,3,large,low,mid,center
001_20200630_203209(3),2,0.6577,0.564275,0.023218,0.03012,13.37342399922473,0.34230000000000005,1.374347874347876,98.07070707070707,3,576x444,6,team,jung,3,3,large,low,mid,center
001_20200630_203213(8),0,0.643877,0.360926,0.023218,0.03012,13.37342399922473,0.35612299999999997,1.8238428238428241,96.87878787878788,3,576x444,6,team,jung,3,3,large,low,mid,center
001_20200630_203213(8),1,0.646778,0.432425,0.023218,0.03012,13.37342399922473,0.35322200000000004,0.4628704628704554,96.98484848484848,3,576x444,6,team,jung,3,3,large,low,mid,center
001_20200630_203213(8),2,0.650921,0.514137,0.023218,0.03012,13.37342399922473,0.34907900000000003,0.9996669996669993,98.62121212121212,3,576x444,6,team,jung,3,3,large,low,mid,center
001_20200630_203218(3),0,0.595942,0.347103,0.023218,0.03012,13.37342399922473,0.347103,3.4026529026529033,95.23232323232324,3,576x444,6,team,jung,3,3,large,mid,mid,center
001_20200630_203218(3),1,0.603401,0.418602,0.023218,0.03012,13.37342399922473,0.39659900000000003,0.27161727161727356,91.46464646464646,3,576x444,6,team,jung,3,3,large,low,mid,center
001_20200630_203218(3),2,0.617905,0.524506,0.023218,0.03012,13.37342399922473,0.38209499999999996,4.945178071228497,97.09313725490196,3,576x444,6,team,jung,3,3,large,high,mid,center
001_20200630_203222(8),0,0.596046,0.476998,0.023218,0.03012,13.37342399922473,0.40395400000000004,4.167776134122292,94.85416666666667,3,576x444,6,team,jung,3,3,large,mid,mid,center
001_20200630_203222(8),1,0.608734,0.549947,0.023218,0.03012,13.37342399922473,0.391266,0.594738594738601,91.48484848484848,3,576x444,6,team,jung,3,3,large,low,mid,center
001_20200630_203222(8),2,0.628211,0.648863,0.023218,0.03012,13.37342399922473,0.35113700000000003,2.948879551820724,99.12745098039215,3,576x444,6,team,jung,3,3,large,mid,mid,center
001_20200701_004132(8),0,0.641049,0.329509,0.023218,0.03012,13.37342399922473,0.329509,0.299956854043387,95.31770833333333,3,576x444,7,team,lee,3,3,large,low,mid,center
001_20200701_004132(8),1,0.644364,0.397782,0.023218,0.03012,13.37342399922473,0.35563599999999995,1.5645465645465606,95.82828282828282,3,576x444,7,team,lee,3,3,large,low,mid,center
001_20200701_004132(8),2,0.651823,0.481108,0.023218,0.03012,13.37342399922473,0.34817699999999996,0.7753020216962625,95.34895833333333,3,576x444,7,team,lee,3,3,large,low,mid,center
001_20200701_004141(6),0,0.63237,0.427385,0.023218,0.03012,13.37342399922473,0.36763,1.5363658777120293,96.14583333333333,3,576x444,7,team,lee,3,3,large,low,mid,center
001_20200701_004141(6),1,0.630298,0.496195,0.023218,0.03012,13.37342399922473,0.369702,0.7859917859917829,94.06565656565657,3,576x444,7,team,lee,3,3,large,low,mid,center
001_20200701_004141(6),2,0.627812,0.57522,0.023218,0.03012,13.37342399922473,0.37218799999999996,0.9095784023668614,94.03125,3,576x444,7,team,lee,3,3,large,low,mid,center
001_20200701_004146(2),0,0.639777,0.396558,0.023218,0.03012,13.37342399922473,0.36022299999999996,2.6269841269841265,96.05555555555556,3,576x444,7,team,lee,3,3,large,mid,mid,center
001_20200701_004146(2),1,0.649795,0.548381,0.023218,0.03012,13.37342399922473,0.350205,0.42070389546350384,94.52604166666667,3,576x444,7,team,lee,3,3,large,low,mid,center
001_20200701_004146(2),2,0.644331,0.46154,0.023218,0.03012,13.37342399922473,0.355669,0.6430572228891549,95.24509803921569,3,576x444,7,team,lee,3,3,large,low,mid,center
001_20200701_004150(6),0,0.611705,0.349175,0.023218,0.03012,13.37342399922473,0.349175,4.269230769230774,95.0,3,576x444,7,team,lee,3,3,large,mid,mid,center
001_20200701_004150(6),1,0.615804,0.427154,0.023218,0.03012,13.37342399922473,0.384196,0.1141826923076934,94.421875,3,576x444,7,team,lee,3,3,large,low,mid,center
001_20200701_004150(6),2,0.623089,0.529944,0.023218,0.03012,13.37342399922473,0.376911,2.6458541458541447,97.0909090909091,3,576x444,7,team,lee,3,3,large,mid,mid,center
001_20200701_004155(1),0,0.61522,0.324666,0.023218,0.03012,13.37342399922473,0.324666,2.9303474303474246,94.97979797979798,3,576x444,7,team,lee,3,3,large,mid,mid,center
001_20200701_004155(1),1,0.614682,0.403637,0.023218,0.03012,13.37342399922473,0.38531800000000005,0.38750138750138774,94.21717171717172,3,576x444,7,team,lee,3,3,large,low,mid,center
001_20200701_004155(1),2,0.613604,0.50567,0.023218,0.03012,13.37342399922473,0.38639599999999996,3.0006471893491096,97.734375,3,576x444,7,team,lee,3,3,large,mid,mid,center
001_20200701_004159(7),0,0.614746,0.389777,0.023218,0.03012,13.37342399922473,0.385254,4.790316126450577,96.38725490196079,3,576x444,7,team,lee,3,3,large,mid,mid,center
001_20200701_004159(7),1,0.619056,0.465953,0.023218,0.03012,13.37342399922473,0.38094399999999995,0.8764568764568708,94.03030303030303,3,576x444,7,team,lee,3,3,large,low,mid,center
001_20200701_004159(7),2,0.624443,0.570083,0.023218,0.03012,13.37342399922473,0.37555700000000003,2.971084471084481,98.14141414141415,3,576x444,7,team,lee,3,3,large,mid,mid,center
001_20200701_043236(2),0,0.597625,0.399791,0.023218,0.03012,13.37342399922473,0.399791,4.255485700197241,95.42708333333333,3,576x444,7,team,heo,3,3,large,mid,mid,center
001_20200701_043236(2),1,0.608797,0.476123,0.023218,0.03012,13.37342399922473,0.39120299999999997,0.4151873767258394,94.16666666666667,3,576x444,7,team,heo,3,3,large,low,mid,center
001_20200701_043236(2),2,0.622203,0.574678,0.023218,0.03012,13.37342399922473,0.37779700000000005,2.4650349650349597,95.27272727272727,3,576x444,7,team,heo,3,3,large,mid,mid,center
001_20200701_043245(3),0,0.616461,0.409024,0.023218,0.03012,13.37342399922473,0.38353899999999996,4.094683094683091,94.79797979797979,3,576x444,7,team,heo,3,3,large,mid,mid,center
001_20200701_043245(3),1,0.617506,0.484995,0.023218,0.03012,13.37342399922473,0.382494,0.47420488165680297,93.515625,3,576x444,7,team,heo,3,3,large,low,mid,center
001_20200701_043245(3),2,0.617506,0.588777,0.023218,0.03012,13.37342399922473,0.382494,3.426744329388569,94.99479166666667,3,576x444,7,team,heo,3,3,large,mid,mid,center
001_20200701_043249(7),0,0.618502,0.420687,0.023218,0.03012,13.37342399922473,0.381498,4.856601331360949,96.140625,3,576x444,7,team,heo,3,3,large,mid,mid,center
001_20200701_043249(7),1,0.615252,0.495507,0.023218,0.03012,13.37342399922473,0.384748,1.128038628038638,94.10606060606061,3,576x444,7,team,heo,3,3,large,low,mid,center
001_20200701_043249(7),2,0.613628,0.597726,0.023218,0.03012,13.37342399922473,0.38637200000000005,1.3307137573964525,95.265625,3,576x444,7,team,heo,3,3,large,low,mid,center
001_20200701_043258(7),0,0.641337,0.42458,0.023218,0.03012,13.37342399922473,0.35866299999999995,2.4123828895463504,96.31770833333333,3,576x444,7,team,heo,3,3,large,low,mid,center
001_20200701_043258(7),1,0.64266,0.494914,0.023218,0.03012,13.37342399922473,0.35734,0.5203685203685211,95.08080808080808,3,576x444,7,team,heo,3,3,large,low,mid,center
001_20200701_043258(7),2,0.645966,0.578115,0.023218,0.03012,13.37342399922473,0.35403399999999996,0.7223887223887147,94.21717171717172,3,576x444,7,team,heo,3,3,large,low,mid,center
001_20200701_043307(7),0,0.638392,0.419064,0.023218,0.03012,13.37342399922473,0.36160800000000004,3.2797757797757754,96.0050505050505,3,576x444,7,team,heo,3,3,large,mid,mid,center
001_20200701_043307(7),1,0.638392,0.488671,0.023218,0.03012,13.37342399922473,0.36160800000000004,0.4042624042624112,95.65151515151516,3,576x444,7,team,heo,3,3,large,low,mid,center
001_20200701_043307(7),2,0.63894,0.571774,0.023218,0.03012,13.37342399922473,0.36106000000000005,0.8468387354942024,95.87745098039215,3,576x444,7,team,heo,3,3,large,low,mid,center
001_20200701_043312(4),0,0.642084,0.434385,0.023218,0.03012,13.37342399922473,0.357916,2.849239695878339,96.31862745098039,3,576x444,7,team,heo,3,3,large,mid,mid,center
001_20200701_043312(4),1,0.639053,0.502693,0.023218,0.03012,13.37342399922473,0.360947,0.15112665112664558,95.84343434343434,3,576x444,7,team,heo,3,3,large,low,mid,center
001_20200701_043312(4),2,0.635265,0.585744,0.023218,0.03012,13.37342399922473,0.36473500000000003,1.1563625450180126,96.04411764705883,3,576x444,7,team,heo,3,3,large,low,mid,center
001_20200701_083251(9),0,0.601469,0.472076,0.023218,0.03012,13.37342399922473,0.39853099999999997,3.736902120315577,94.41145833333333,3,576x444,7,team,jung,3,3,large,mid,mid,center
001_20200701_083251(9),1,0.61332,0.54895,0.023218,0.03012,13.37342399922473,0.38668,0.2613412228796932,88.83333333333333,3,576x444,7,team,jung,3,3,large,low,mid,center
001_20200701_083251(9),2,0.628943,0.648887,0.023218,0.03012,13.37342399922473,0.351113,2.72999222999222,95.88383838383838,3,576x444,7,team,jung,3,3,large,mid,mid,center
001_20200701_083256(5),0,0.600897,0.466169,0.023218,0.03012,13.37342399922473,0.399103,6.341836734693871,97.75,3,576x444,7,team,jung,3,3,large,high,mid,center
001_20200701_083256(5),1,0.616304,0.546118,0.023218,0.03012,13.37342399922473,0.38369600000000004,0.13264513264513766,91.11616161616162,3,576x444,7,team,jung,3,3,large,low,mid,center
001_20200701_083256(5),2,0.634512,0.642421,0.023218,0.03012,13.37342399922473,0.357579,0.721831854043387,95.73958333333333,3,576x444,7,team,jung,3,3,large,low,mid,center
001_20200701_083300(7),0,0.584419,0.549769,0.023218,0.03012,13.37342399922473,0.415581,6.389776889776883,95.87878787878788,3,576x444,7,team,jung,3,3,large,high,mid,center
001_20200701_083300(7),1,0.599826,0.625176,0.023218,0.03012,13.37342399922473,0.37482400000000005,0.45922707100591253,90.234375,3,576x444,7,team,jung,3,3,large,low,mid,center
001_20200701_083300(7),2,0.622936,0.721479,0.023218,0.03012,13.37342399922473,0.278521,1.5385539940828465,95.390625,3,576x444,7,team,jung,3,3,large,low,mid,center
001_20200701_083309(8),0,0.593216,0.543736,0.023218,0.03012,13.37342399922473,0.40678400000000003,5.775610207100598,94.953125,3,576x444,7,team,jung,3,3,large,high,mid,center
001_20200701_083309(8),1,0.603452,0.625503,0.023218,0.03012,13.37342399922473,0.37449699999999997,0.3516395463510804,89.32291666666667,3,576x444,7,team,jung,3,3,large,low,mid,center
001_20200701_083309(8),2,0.618535,0.724042,0.023218,0.03012,13.37342399922473,0.27595800000000004,1.7388128698224818,93.484375,3,576x444,7,team,jung,3,3,large,low,mid,center
001_20200701_083323(2),0,0.579759,0.511331,0.023218,0.03012,13.37342399922473,0.420241,7.242096838735492,96.31862745098039,3,576x444,7,team,jung,3,3,large,high,mid,center
001_20200701_083323(2),1,0.597536,0.588904,0.023218,0.03012,13.37342399922473,0.40246400000000004,0.7761127761127824,88.67171717171718,3,576x444,7,team,jung,3,3,large,low,mid,center
001_20200701_083323(2),2,0.617468,0.683949,0.023218,0.03012,13.37342399922473,0.31605099999999997,1.8230091222879707,93.21354166666667,3,576x444,7,team,jung,3,3,large,low,mid,center
001_20200701_083327(8),0,0.615443,0.477953,0.023218,0.03012,13.37342399922473,0.38455700000000004,4.863473865877708,95.17708333333333,3,576x444,7,team,jung,3,3,large,high,mid,center
001_20200701_083327(8),1,0.621907,0.558322,0.023218,0.03012,13.37342399922473,0.378093,0.27328227328227683,90.85858585858585,3,576x444,7,team,jung,3,3,large,low,mid,center
001_20200701_083327(8),2,0.630526,0.659656,0.023218,0.03012,13.37342399922473,0.340344,1.8965586234493799,94.7843137254902,3,576x444,7,team,jung,3,3,large,low,mid,center
001_20200701_123507(7),0,0.604107,0.426977,0.023218,0.03012,13.37342399922473,0.39589300000000005,5.036075036075033,95.46464646464646,3,576x444,7,team,lee,3,3,large,high,mid,center
001_20200701_123507(7),1,0.600336,0.505249,0.023218,0.03012,13.37342399922473,0.399664,1.03627342209073,89.25520833333333,3,576x444,7,team,lee,3,3,large,low,mid,center
001_20200701_123507(7),2,0.599259,0.604487,0.023218,0.03012,13.37342399922473,0.395513,4.098235098235094,96.75757575757575,3,576x444,7,team,lee,3,3,large,mid,mid,center
001_20200701_123511(0),0,0.60966,0.436277,0.023218,0.03012,13.37342399922473,0.39034,4.8020313020312955,94.93939393939394,3,576x444,7,team,lee,3,3,large,mid,mid,center
001_20200701_123511(0),1,0.60966,0.510771,0.023218,0.03012,13.37342399922473,0.39034,0.5221445221445293,90.06060606060606,3,576x444,7,team,lee,3,3,large,low,mid,center
001_20200701_123511(0),2,0.60966,0.618288,0.023218,0.03012,13.37342399922473,0.38171200000000005,1.8090243090243092,96.98484848484848,3,576x444,7,team,lee,3,3,large,low,mid,center
001_20200701_123514(1),0,0.613254,0.436229,0.023218,0.03012,13.37342399922473,0.38674600000000003,3.5824704142011825,94.9375,3,576x444,7,team,lee,3,3,large,mid,mid,center
001_20200701_123514(1),1,0.611099,0.514501,0.023218,0.03012,13.37342399922473,0.38890100000000005,0.031024531024527846,90.45959595959596,3,576x444,7,team,lee,3,3,large,low,mid,center
001_20200701_123514(1),2,0.611638,0.615136,0.023218,0.03012,13.37342399922473,0.384864,2.1684426684426796,96.64646464646465,3,576x444,7,team,lee,3,3,large,low,mid,center
001_20200701_123517(3),0,0.62214,0.46015,0.023218,0.03012,13.37342399922473,0.37786,6.231447238658774,95.86458333333333,3,576x444,7,team,lee,3,3,large,high,mid,center
001_20200701_123517(3),1,0.612195,0.5381,0.023218,0.03012,13.37342399922473,0.38780499999999996,1.0598845598845656,92.13131313131314,3,576x444,7,team,lee,3,3,large,low,mid,center
001_20200701_123517(3),2,0.597691,0.638628,0.023218,0.03012,13.37342399922473,0.361372,2.5523915187376787,96.85416666666667,3,576x444,7,team,lee,3,3,large,mid,mid,center
001_20200701_123520(6),0,0.616912,0.501842,0.023218,0.03012,13.37342399922473,0.383088,7.3701298701298725,96.72727272727273,3,576x444,7,team,lee,3,3,large,high,mid,center
001_20200701_123520(6),1,0.613141,0.58221,0.023218,0.03012,13.37342399922473,0.38685899999999995,0.6378066378066336,91.9949494949495,3,576x444,7,team,lee,3,3,large,low,mid,center
001_20200701_123520(6),2,0.607215,0.685641,0.023218,0.03012,13.37342399922473,0.31435900000000006,1.00853673570019,98.06770833333333,3,576x444,7,team,lee,3,3,large,low,mid,center
001_20200701_123523(9),0,0.618528,0.423776,0.023218,0.03012,13.37342399922473,0.38147200000000003,6.332944832944833,97.02525252525253,3,576x444,7,team,lee,3,3,large,high,mid,center
001_20200701_123523(9),1,0.613141,0.50065,0.023218,0.03012,13.37342399922473,0.38685899999999995,0.6308136308136341,92.55050505050505,3,576x444,7,team,lee,3,3,large,low,mid,center
001_20200701_123523(9),2,0.604522,0.605479,0.023218,0.03012,13.37342399922473,0.394521,1.3146853146853203,97.04545454545455,3,576x444,7,team,lee,3,3,large,low,mid,center
001_20200701_163109(0),0,0.646332,0.503933,0.023218,0.03012,13.37342399922473,0.353668,0.6684849605522629,96.34895833333333,3,576x444,7,team,heo,3,3,large,low,mid,center
001_20200701_163109(0),1,0.646981,0.567136,0.023218,0.03012,13.37342399922473,0.35301899999999997,1.5182753944773282,92.71354166666667,3,576x444,7,team,heo,3,3,large,low,mid,center
001_20200701_163109(0),2,0.646981,0.648877,0.023218,0.03012,13.37342399922473,0.35112299999999996,0.550283050283042,95.1969696969697,3,576x444,7,team,heo,3,3,large,low,mid,center
001_20200701_163112(8),0,0.643389,0.510117,0.023218,0.03012,13.37342399922473,0.356611,0.8471092209072992,95.03645833333333,3,576x444,7,team,heo,3,3,large,low,mid,center
001_20200701_163112(8),1,0.648098,0.576554,0.023218,0.03012,13.37342399922473,0.35190200000000005,0.3333333333333286,89.83333333333333,3,576x444,7,team,heo,3,3,large,low,mid,center
001_20200701_163112(8),2,0.656928,0.658265,0.023218,0.03012,13.37342399922473,0.341735,1.0665988658777081,92.61979166666667,3,576x444,7,team,heo,3,3,large,low,mid,center
001_20200701_163121(1),0,0.647671,0.366325,0.023218,0.03012,13.37342399922473,0.352329,1.3941613941614008,98.14141414141415,3,576x444,7,team,heo,3,3,large,low,mid,center
001_20200701_163121(1),1,0.645429,0.430286,0.023218,0.03012,13.37342399922473,0.35457099999999997,0.9955599955600007,94.05050505050505,3,576x444,7,team,heo,3,3,large,low,mid,center
001_20200701_163121(1),2,0.647671,0.512419,0.023218,0.03012,13.37342399922473,0.352329,0.6570096570096666,96.34848484848484,3,576x444,7,team,heo,3,3,large,low,mid,center
001_20200701_163140(2),0,0.635546,0.476037,0.023218,0.03012,13.37342399922473,0.36445399999999994,2.4441669441669376,97.51010101010101,3,576x444,7,team,heo,3,3,large,mid,mid,center
001_20200701_163140(2),1,0.641078,0.543017,0.023218,0.03012,13.37342399922473,0.35892199999999996,0.09812409812408873,94.88383838383838,3,576x444,7,team,heo,3,3,large,low,mid,center
001_20200701_163140(2),2,0.649069,0.620363,0.023218,0.03012,13.37342399922473,0.350931,1.4775779775779796,97.4949494949495,3,576x444,7,team,heo,3,3,large,low,mid,center
001_20200701_163144(5),0,0.633972,0.53316,0.023218,0.03012,13.37342399922473,0.366028,3.290154290154291,97.94949494949495,3,576x444,7,team,heo,3,3,large,mid,mid,center
001_20200701_163144(5),1,0.633433,0.599543,0.023218,0.03012,13.37342399922473,0.366567,0.08508158508158203,94.03030303030303,3,576x444,7,team,heo,3,3,large,low,mid,center
001_20200701_163144(5),2,0.633972,0.677106,0.023218,0.03012,13.37342399922473,0.322894,1.1250971250971276,97.29797979797979,3,576x444,7,team,heo,3,3,large,low,mid,center
001_20200701_163202(1),0,0.643846,0.551833,0.023218,0.03012,13.37342399922473,0.35615399999999997,1.7226890756302566,94.20588235294117,3,576x444,7,team,heo,3,3,large,low,mid,center
001_20200701_163202(1),1,0.640322,0.468895,0.023218,0.03012,13.37342399922473,0.35967800000000005,0.0419025419025445,92.41414141414141,3,576x444,7,team,heo,3,3,large,low,mid,center
001_20200701_163202(1),2,0.641833,0.400977,0.023218,0.03012,13.37342399922473,0.358167,1.2535242535242617,96.61616161616162,3,576x444,7,team,heo,3,3,large,low,mid,center
001_20200701_203552(7),0,0.60666,0.421588,0.023218,0.03012,13.37342399922473,0.39334,3.9726939726939747,95.06060606060606,3,576x444,7,team,jung,3,3,large,mid,mid,center
001_20200701_203552(7),1,0.611508,0.499161,0.023218,0.03012,13.37342399922473,0.38849199999999995,0.7046351084812557,91.91666666666667,3,576x444,7,team,jung,3,3,large,low,mid,center
001_20200701_203552(7),2,0.617973,0.599796,0.023218,0.03012,13.37342399922473,0.382027,2.002775002774996,97.84343434343434,3,576x444,7,team,jung,3,3,large,low,mid,center
001_20200701_203557(3),0,0.60844,0.342552,0.023218,0.03012,13.37342399922473,0.342552,5.150183150183153,97.66666666666667,3,576x444,7,team,jung,3,3,large,high,mid,center
001_20200701_203557(3),1,0.61652,0.416631,0.023218,0.03012,13.37342399922473,0.38348000000000004,0.22889155662264216,94.1421568627451,3,576x444,7,team,jung,3,3,large,low,mid,center
001_20200701_203557(3),2,0.62891,0.519363,0.023218,0.03012,13.37342399922473,0.37109000000000003,4.771049063116379,100.68229166666667,3,576x444,7,team,jung,3,3,large,mid,mid,center
001_20200701_203601(8),0,0.607398,0.351488,0.023218,0.03012,13.37342399922473,0.351488,3.228691476590626,97.6470588235294,3,576x444,7,team,jung,3,3,large,mid,mid,center
001_20200701_203601(8),1,0.612247,0.425567,0.023218,0.03012,13.37342399922473,0.387753,0.41475191475191764,94.03030303030303,3,576x444,7,team,jung,3,3,large,low,mid,center
001_20200701_203601(8),2,0.623559,0.528998,0.023218,0.03012,13.37342399922473,0.376441,3.704881952781122,98.73039215686275,3,576x444,7,team,jung,3,3,large,mid,mid,center
001_20200701_203606(3),0,0.630282,0.490091,0.023218,0.03012,13.37342399922473,0.369718,4.263902763902763,98.06060606060606,3,576x444,7,team,jung,3,3,large,mid,mid,center
001_20200701_203606(3),1,0.641487,0.554596,0.023218,0.03012,13.37342399922473,0.35851299999999997,0.926004684418146,97.63020833333333,3,576x444,7,team,jung,3,3,large,low,mid,center
001_20200701_203606(3),2,0.652692,0.634545,0.023218,0.03012,13.37342399922473,0.34730799999999995,0.7382617382617411,99.77272727272727,3,576x444,7,team,jung,3,3,large,low,mid,center
001_20200701_203610(7),0,0.63436,0.451284,0.023218,0.03012,13.37342399922473,0.36563999999999997,1.9673631656804673,97.109375,3,576x444,7,team,jung,3,3,large,low,mid,center
001_20200701_203610(7),1,0.644057,0.516277,0.023218,0.03012,13.37342399922473,0.355943,0.11527361527362245,96.62626262626263,3,576x444,7,team,jung,3,3,large,low,mid,center
001_20200701_203610(7),2,0.65537,0.597345,0.023218,0.03012,13.37342399922473,0.34463,0.97553007889546,98.38541666666667,3,576x444,7,team,jung,3,3,large,low,mid,center
001_20200701_203615(2),0,0.623974,0.452259,0.023218,0.03012,13.37342399922473,0.37602599999999997,2.984652366863912,98.15625,3,576x444,7,team,jung,3,3,large,mid,mid,center
001_20200701_203615(2),1,0.629361,0.520048,0.023218,0.03012,13.37342399922473,0.37063900000000005,0.7196137196137187,97.43939393939394,3,576x444,7,team,jung,3,3,large,low,mid,center
001_20200701_203615(2),2,0.638519,0.601814,0.023218,0.03012,13.37342399922473,0.36148100000000005,0.840668145956613,99.17708333333333,3,576x444,7,team,jung,3,3,large,low,mid,center
001_20200702_003135(7),0,0.640276,0.425277,0.023218,0.03012,13.37342399922473,0.35972400000000004,3.524253524253524,99.66161616161617,3,576x444,7,team,lee,3,3,large,mid,mid,center
001_20200702_003135(7),1,0.643591,0.493012,0.023218,0.03012,13.37342399922473,0.356409,0.21800421800422498,98.52020202020202,3,576x444,7,team,lee,3,3,large,low,mid,center
001_20200702_003135(7),2,0.647735,0.576337,0.023218,0.03012,13.37342399922473,0.35226500000000005,0.21778711484594737,99.03921568627452,3,576x444,7,team,lee,3,3,large,low,mid,center
001_20200702_003140(4),0,0.646315,0.426292,0.023218,0.03012,13.37342399922473,0.353685,2.2871979783037375,98.41145833333333,3,576x444,7,team,lee,3,3,large,low,mid,center
001_20200702_003140(4),1,0.647144,0.492952,0.023218,0.03012,13.37342399922473,0.35285599999999995,0.5677100677100668,97.97979797979798,3,576x444,7,team,lee,3,3,large,low,mid,center
001_20200702_003140(4),2,0.648801,0.576815,0.023218,0.03012,13.37342399922473,0.35119900000000004,1.1076701076701028,98.97474747474747,3,576x444,7,team,lee,3,3,large,low,mid,center
001_20200702_003149(3),0,0.6292,0.409948,0.023218,0.03012,13.37342399922473,0.3708,1.6950826950826894,98.84343434343434,3,576x444,7,team,lee,3,3,large,low,mid,center
001_20200702_003149(3),1,0.631568,0.476762,0.023218,0.03012,13.37342399922473,0.368432,1.44252342209073,98.66145833333333,3,576x444,7,team,lee,3,3,large,low,mid,center
001_20200702_003149(3),2,0.636304,0.558167,0.023218,0.03012,13.37342399922473,0.363696,1.074869574869581,97.91414141414141,3,576x444,7,team,lee,3,3,large,low,mid,center
001_20200702_003154(0),0,0.617049,0.483622,0.023218,0.03012,13.37342399922473,0.38295100000000004,0.575751972386584,94.44791666666667,3,576x444,7,team,lee,3,3,large,low,mid,center
001_20200702_003154(0),1,0.62948,0.583075,0.023218,0.03012,13.37342399922473,0.37051999999999996,0.8901098901098834,97.0,3,576x444,7,team,lee,3,3,large,low,mid,center
001_20200702_003154(0),2,0.60959,0.40836,0.023218,0.03012,13.37342399922473,0.39041000000000003,6.351981351981351,98.12121212121212,3,576x444,7,team,lee,3,3,large,high,mid,center
001_20200702_003158(4),0,0.605571,0.397527,0.023218,0.03012,13.37342399922473,0.39442900000000003,3.635447485207095,96.765625,3,576x444,7,team,lee,3,3,large,mid,mid,center
001_20200702_003158(4),1,0.607228,0.471713,0.023218,0.03012,13.37342399922473,0.392772,0.8793145956607589,93.10416666666667,3,576x444,7,team,lee,3,3,large,low,mid,center
001_20200702_003158(4),2,0.616345,0.577617,0.023218,0.03012,13.37342399922473,0.38365499999999997,2.3004773004773114,97.70707070707071,3,576x444,7,team,lee,3,3,large,low,mid,center
001_20200702_003203(1),0,0.612662,0.338542,0.023218,0.03012,13.37342399922473,0.338542,2.608336108336104,96.26767676767676,3,576x444,7,team,lee,3,3,large,mid,mid,center
001_20200702_003203(1),1,0.611004,0.415954,0.023218,0.03012,13.37342399922473,0.388996,0.39915639915639645,95.54040404040404,3,576x444,7,team,lee,3,3,large,low,mid,center
001_20200702_003203(1),2,0.607275,0.518632,0.023218,0.03012,13.37342399922473,0.392725,3.485731015779095,98.21354166666667,3,576x444,7,team,lee,3,3,large,mid,mid,center
001_20200702_043956(5),0,0.632333,0.5921,0.023218,0.03012,13.37342399922473,0.36766699999999997,3.2594072594072543,96.92424242424242,3,576x444,7,team,heo,3,3,large,mid,mid,center
001_20200702_043956(5),1,0.610791,0.493708,0.023218,0.03012,13.37342399922473,0.389209,1.4240204240204264,92.32323232323232,3,576x444,7,team,heo,3,3,large,low,mid,center
001_20200702_043956(5),2,0.59643,0.422679,0.023218,0.03012,13.37342399922473,0.40357,5.351701183431956,97.9375,3,576x444,7,team,heo,3,3,large,high,mid,center
001_20200702_043959(8),0,0.609334,0.362068,0.023218,0.03012,13.37342399922473,0.362068,4.164335664335653,95.31818181818181,3,576x444,7,team,heo,3,3,large,mid,mid,center
001_20200702_043959(8),1,0.614667,0.437313,0.023218,0.03012,13.37342399922473,0.38533300000000004,0.8822529011604701,94.00980392156863,3,576x444,7,team,heo,3,3,large,low,mid,center
001_20200702_043959(8),2,0.623334,0.541099,0.023218,0.03012,13.37342399922473,0.37666599999999995,2.599900099900097,96.86363636363636,3,576x444,7,team,heo,3,3,large,mid,mid,center
001_20200702_044003(1),0,0.607586,0.343488,0.023218,0.03012,13.37342399922473,0.343488,3.5353535353535364,94.53535353535354,3,576x444,7,team,heo,3,3,large,mid,mid,center
001_20200702_044003(1),1,0.610658,0.419201,0.023218,0.03012,13.37342399922473,0.38934199999999997,0.9199134199134136,94.34848484848484,3,576x444,7,team,heo,3,3,large,low,mid,center
001_20200702_044003(1),2,0.619873,0.522807,0.023218,0.03012,13.37342399922473,0.380127,3.6228491396558553,97.74019607843137,3,576x444,7,team,heo,3,3,large,mid,mid,center
001_20200702_044006(3),0,0.625712,0.368923,0.023218,0.03012,13.37342399922473,0.368923,2.218349358974365,97.52604166666667,3,576x444,7,team,heo,3,3,large,low,mid,center
001_20200702_044006(3),1,0.632084,0.439194,0.023218,0.03012,13.37342399922473,0.367916,0.3293317326930776,97.81862745098039,3,576x444,7,team,heo,3,3,large,low,mid,center
001_20200702_044006(3),2,0.639254,0.517216,0.023218,0.03012,13.37342399922473,0.360746,0.9756533530571971,96.86458333333333,3,576x444,7,team,heo,3,3,large,low,mid,center
001_20200702_044009(8),0,0.626605,0.320119,0.023218,0.03012,13.37342399922473,0.320119,1.3507402961184454,97.90686274509804,3,576x444,7,team,heo,3,3,large,low,mid,center
001_20200702_044009(8),1,0.628873,0.392703,0.023218,0.03012,13.37342399922473,0.371127,0.19443417159763499,97.515625,3,576x444,7,team,heo,3,3,large,low,mid,center
001_20200702_044009(8),2,0.635677,0.475094,0.023218,0.03012,13.37342399922473,0.36432299999999995,0.1823729491796655,98.84313725490196,3,576x444,7,team,heo,3,3,large,low,mid,center
001_20200702_044013(2),0,0.639585,0.440177,0.023218,0.03012,13.37342399922473,0.36041500000000004,0.8964805226824382,98.36979166666667,3,576x444,7,team,heo,3,3,large,low,mid,center
001_20200702_044013(2),1,0.639828,0.355299,0.023218,0.03012,13.37342399922473,0.355299,1.5206792406311678,98.86979166666667,3,576x444,7,team,heo,3,3,large,low,mid,center
001_20200702_044013(2),2,0.637949,0.287043,0.023218,0.03012,13.37342399922473,0.287043,2.2801405325443795,97.59375,3,576x444,7,team,heo,3,3,large,low,mid,center
001_20200706_083233(2),0,0.622873,0.373676,0.023218,0.03012,13.37342399922473,0.373676,3.145243645243653,97.53535353535354,3,576x444,7,team,jung,3,3,large,mid,mid,center
001_20200706_083233(2),1,0.634476,0.438186,0.023218,0.03012,13.37342399922473,0.36552399999999996,1.0520833333333286,96.05208333333333,3,576x444,7,team,jung,3,3,large,low,mid,center
001_20200706_083233(2),2,0.647322,0.516673,0.023218,0.03012,13.37342399922473,0.35267800000000005,0.0014985014985029466,95.45454545454545,3,576x444,7,team,jung,3,3,large,low,mid,center
001_20200706_083236(5),0,0.635261,0.374761,0.023218,0.03012,13.37342399922473,0.36473900000000004,2.2271062271062334,97.66666666666667,3,576x444,7,team,jung,3,3,large,low,mid,center
001_20200706_083236(5),1,0.642305,0.444647,0.023218,0.03012,13.37342399922473,0.357695,1.1417471417471319,96.76262626262626,3,576x444,7,team,jung,3,3,large,low,mid,center
001_20200706_083236(5),2,0.654323,0.520446,0.023218,0.03012,13.37342399922473,0.345677,1.4971988795518172,98.18137254901961,3,576x444,7,team,jung,3,3,large,low,mid,center
001_20200706_083239(5),0,0.625982,0.38801,0.023218,0.03012,13.37342399922473,0.37401799999999996,2.664262820512832,97.51041666666667,3,576x444,7,team,jung,3,3,large,mid,mid,center
001_20200706_083239(5),1,0.627639,0.455745,0.023218,0.03012,13.37342399922473,0.37236100000000005,0.4494575936883649,96.95833333333333,3,576x444,7,team,jung,3,3,large,low,mid,center
001_20200706_083239(5),2,0.630126,0.537995,0.023218,0.03012,13.37342399922473,0.36987400000000004,0.1811724689875973,96.81372549019608,3,576x444,7,team,jung,3,3,large,low,mid,center
001_20200706_083242(3),0,0.596877,0.457568,0.023218,0.03012,13.37342399922473,0.403123,5.082861582861582,95.4949494949495,3,576x444,7,team,jung,3,3,large,high,mid,center
001_20200706_083242(3),1,0.60248,0.531158,0.023218,0.03012,13.37342399922473,0.39752,1.224389755902365,91.62745098039215,3,576x444,7,team,jung,3,3,large,low,mid,center
001_20200706_083242(3),2,0.616486,0.634729,0.023218,0.03012,13.37342399922473,0.365271,1.3851540616246467,97.56372549019608,3,576x444,7,team,jung,3,3,large,low,mid,center
001_20200706_083245(3),0,0.599679,0.466538,0.023218,0.03012,13.37342399922473,0.40032100000000004,7.23759573759574,96.98484848484848,3,576x444,7,team,jung,3,3,large,high,mid,center
001_20200706_083245(3),1,0.605066,0.542014,0.023218,0.03012,13.37342399922473,0.394934,0.09578402366864225,91.3125,3,576x444,7,team,jung,3,3,large,low,mid,center
001_20200706_083245(3),2,0.614224,0.643349,0.023218,0.03012,13.37342399922473,0.35665100000000005,3.3544132149901316,97.39583333333333,3,576x444,7,team,jung,3,3,large,mid,mid,center
001_20200706_083248(4),0,0.610835,0.49868,0.023218,0.03012,13.37342399922473,0.389165,6.224164724164723,96.76262626262626,3,576x444,7,team,jung,3,3,large,high,mid,center
001_20200706_083248(4),1,0.618916,0.57206,0.023218,0.03012,13.37342399922473,0.381084,1.0878010878010969,91.62626262626263,3,576x444,7,team,jung,3,3,large,low,mid,center
001_20200706_083248(4),2,0.630767,0.672696,0.023218,0.03012,13.37342399922473,0.32730400000000004,2.1233049802761457,95.96354166666667,3,576x444,7,team,jung,3,3,large,low,mid,center
001_20200706_123355(3),0,0.599506,0.306624,0.023218,0.03012,13.37342399922473,0.306624,2.887279387279392,91.96969696969697,3,576x444,7,team,lee,3,3,large,mid,mid,center
001_20200706_123355(3),1,0.603235,0.379197,0.023218,0.03012,13.37342399922473,0.379197,0.37034640039448163,88.71354166666667,3,576x444,7,team,lee,3,3,large,low,mid,center
001_20200706_123355(3),2,0.616081,0.483488,0.023218,0.03012,13.37342399922473,0.383919,1.622377622377627,94.04545454545455,3,576x444,7,team,lee,3,3,large,low,mid,center
001_20200706_123359(3),0,0.605485,0.360466,0.023218,0.03012,13.37342399922473,0.360466,4.531413031413024,92.26767676767676,3,576x444,7,team,lee,3,3,large,mid,mid,center
001_20200706_123359(3),1,0.620512,0.537691,0.023218,0.03012,13.37342399922473,0.37948800000000005,2.4620007396449637,89.953125,3,576x444,7,team,lee,3,3,large,mid,mid,center
001_20200706_123359(3),2,0.610039,0.433128,0.023218,0.03012,13.37342399922473,0.389961,0.7326799802761457,88.57291666666667,3,576x444,7,team,lee,3,3,large,low,mid,center
001_20200706_123411(3),0,0.614608,0.34802,0.023218,0.03012,13.37342399922473,0.34802,4.515373515373511,91.76262626262626,3,576x444,7,team,lee,3,3,large,mid,mid,center
001_20200706_123411(3),1,0.621712,0.42021,0.023218,0.03012,13.37342399922473,0.37828799999999996,0.23476523476523425,90.54545454545455,3,576x444,7,team,lee,3,3,large,low,mid,center
001_20200706_123411(3),2,0.631184,0.527727,0.023218,0.03012,13.37342399922473,0.36881600000000003,1.8134245562130218,91.71875,3,576x444,7,team,lee,3,3,large,low,mid,center
001_20200706_123437(4),0,0.635648,0.383015,0.023218,0.03012,13.37342399922473,0.364352,3.1859743897558985,92.81862745098039,3,576x444,7,team,lee,3,3,large,mid,mid,center
001_20200706_123437(4),1,0.649323,0.529775,0.023218,0.03012,13.37342399922473,0.350677,2.1631701631701645,88.10606060606061,3,576x444,7,team,lee,3,3,large,low,mid,center
001_20200706_123437(4),2,0.641449,0.451288,0.023218,0.03012,13.37342399922473,0.35855099999999995,1.3399901380670514,92.45833333333333,3,576x444,7,team,lee,3,3,large,low,mid,center
001_20200706_123445(4),0,0.634098,0.36295,0.023218,0.03012,13.37342399922473,0.36295,1.4016539016539014,93.36868686868686,3,576x444,7,team,lee,3,3,large,low,mid,center
001_20200706_123445(4),1,0.637828,0.430686,0.023218,0.03012,13.37342399922473,0.36217200000000005,0.06108234714004368,92.07291666666667,3,576x444,7,team,lee,3,3,large,low,mid,center
001_20200706_123445(4),2,0.641143,0.50971,0.023218,0.03012,13.37342399922473,0.358857,0.8988227317554305,87.47395833333333,3,576x444,7,team,lee,3,3,large,low,mid,center
001_20200706_123449(4),0,0.630735,0.370967,0.023218,0.03012,13.37342399922473,0.36926499999999995,1.8043330867850216,92.30729166666667,3,576x444,7,team,lee,3,3,large,low,mid,center
001_20200706_123449(4),1,0.63289,0.441552,0.023218,0.03012,13.37342399922473,0.36711000000000005,1.283605283605283,93.3989898989899,3,576x444,7,team,lee,3,3,large,low,mid,center
001_20200706_123449(4),2,0.638277,0.523318,0.023218,0.03012,13.37342399922473,0.361723,0.4620623767258394,88.78645833333333,3,576x444,7,team,lee,3,3,large,low,mid,center
001_20200706_163108(5),0,0.628857,0.613858,0.023218,0.03012,13.37342399922473,0.371143,1.0261341222879707,90.41666666666667,3,576x444,7,team,heo,3,3,large,low,mid,center
001_20200706_163108(5),1,0.6128,0.515108,0.023218,0.03012,13.37342399922473,0.3872,0.6188256188256247,83.91414141414141,3,576x444,7,team,heo,3,3,large,low,dark,center
001_20200706_163108(5),2,0.602096,0.442588,0.023218,0.03012,13.37342399922473,0.39790400000000004,4.935157790927022,93.04166666666667,3,576x444,7,team,heo,3,3,large,high,mid,center
001_20200706_163112(5),0,0.624649,0.586443,0.023218,0.03012,13.37342399922473,0.375351,3.7309233234714014,91.15104166666667,3,576x444,7,team,heo,3,3,large,mid,mid,center
001_20200706_163112(5),1,0.613827,0.484659,0.023218,0.03012,13.37342399922473,0.386173,1.8843688362919124,86.54166666666667,3,576x444,7,team,heo,3,3,large,low,mid,center
001_20200706_163112(5),2,0.606387,0.40832,0.023218,0.03012,13.37342399922473,0.393613,4.077940088757401,94.296875,3,576x444,7,team,heo,3,3,large,mid,mid,center
001_20200706_163116(3),0,0.620768,0.595066,0.023218,0.03012,13.37342399922473,0.379232,2.7820821005917225,90.296875,3,576x444,7,team,heo,3,3,large,mid,mid,center
001_20200706_163116(3),1,0.604498,0.500086,0.023218,0.03012,13.37342399922473,0.395502,1.9925629925629949,86.95959595959596,3,576x444,7,team,heo,3,3,large,low,mid,center
001_20200706_163116(3),2,0.594486,0.425401,0.023218,0.03012,13.37342399922473,0.40551400000000004,3.9612609612609617,93.56565656565657,3,576x444,7,team,heo,3,3,large,mid,mid,center
001_20200706_163120(5),0,0.640268,0.585397,0.023218,0.03012,13.37342399922473,0.35973200000000005,0.9211899211899208,91.85353535353535,3,576x444,7,team,heo,3,3,large,low,mid,center
001_20200706_163120(5),1,0.636715,0.500122,0.023218,0.03012,13.37342399922473,0.36328499999999997,1.670163170163164,90.93939393939394,3,576x444,7,team,heo,3,3,large,low,mid,center
001_20200706_163120(5),2,0.634583,0.43513,0.023218,0.03012,13.37342399922473,0.365417,2.3377712031558104,94.08333333333333,3,576x444,7,team,heo,3,3,large,low,mid,center
001_20200706_163124(3),0,0.642026,0.593587,0.023218,0.03012,13.37342399922473,0.357974,0.5849975345167593,93.38541666666667,3,576x444,7,team,heo,3,3,large,low,mid,center
001_20200706_163124(3),1,0.625784,0.517032,0.023218,0.03012,13.37342399922473,0.374216,0.5159948224852116,91.078125,3,576x444,7,team,heo,3,3,large,low,mid,center
001_20200706_163124(3),2,0.612791,0.453119,0.023218,0.03012,13.37342399922473,0.387209,2.9980992396958754,95.67156862745098,3,576x444,7,team,heo,3,3,large,mid,mid,center
001_20200706_163134(3),0,0.651253,0.599466,0.023218,0.03012,13.37342399922473,0.34874700000000003,1.9951980792316988,93.13235294117646,3,576x444,7,team,heo,3,3,large,low,mid,center
001_20200706_163134(3),1,0.637516,0.521766,0.023218,0.03012,13.37342399922473,0.36248400000000003,1.477440828402365,91.1875,3,576x444,7,team,heo,3,3,large,low,mid,center
001_20200706_163134(3),2,0.629274,0.455472,0.023218,0.03012,13.37342399922473,0.370726,2.9568848619329486,94.83854166666667,3,576x444,7,team,heo,3,3,large,mid,mid,center
001_20200706_203245(6),0,0.615904,0.63997,0.023218,0.03012,13.37342399922473,0.36002999999999996,5.935453435453439,89.17171717171718,3,576x444,7,team,heo,3,3,large,high,mid,center
001_20200706_203245(6),1,0.603173,0.535919,0.023218,0.03012,13.37342399922473,0.39682700000000004,0.8502608502608524,83.32828282828282,3,576x444,7,team,heo,3,3,large,low,dark,center
001_20200706_203245(6),2,0.596171,0.466552,0.023218,0.03012,13.37342399922473,0.403829,3.494116994116993,90.1919191919192,3,576x444,7,team,heo,3,3,large,mid,mid,center
001_20200706_203309(2),0,0.621177,0.584146,0.023218,0.03012,13.37342399922473,0.378823,3.0414817554240727,95.26041666666667,3,576x444,7,team,heo,3,3,large,mid,mid,center
001_20200706_203309(2),1,0.616372,0.482557,0.023218,0.03012,13.37342399922473,0.38362799999999997,1.5415140415140343,87.22222222222223,3,576x444,7,team,heo,3,3,large,low,mid,center
001_20200706_203309(2),2,0.612049,0.407144,0.023218,0.03012,13.37342399922473,0.38795100000000005,4.320050542406321,91.21354166666667,3,576x444,7,team,heo,3,3,large,mid,mid,center
001_20200706_203419(5),0,0.600909,0.329933,0.023218,0.03012,13.37342399922473,0.329933,4.45066045066045,91.37373737373737,3,576x444,7,team,jung,3,3,large,mid,mid,center
001_20200706_203419(5),1,0.603396,0.401432,0.023218,0.03012,13.37342399922473,0.39660399999999996,0.4823717948717956,87.02083333333333,3,576x444,7,team,jung,3,3,large,low,mid,center
001_20200706_203419(5),2,0.611684,0.506798,0.023218,0.03012,13.37342399922473,0.388316,5.6911976911976865,93.76262626262626,3,576x444,7,team,jung,3,3,large,high,mid,center
001_20200706_203456(7),0,0.619347,0.489866,0.023218,0.03012,13.37342399922473,0.380653,3.911088510848117,90.34895833333333,3,576x444,7,team,jung,3,3,large,mid,mid,center
001_20200706_203456(7),1,0.621502,0.56045,0.023218,0.03012,13.37342399922473,0.378498,1.7239895958383329,86.38725490196079,3,576x444,7,team,jung,3,3,large,low,mid,center
001_20200706_203456(7),2,0.630121,0.663881,0.023218,0.03012,13.37342399922473,0.33611899999999995,2.7157287157287158,92.85858585858585,3,576x444,7,team,jung,3,3,large,mid,mid,center
001_20200706_203500(1),0,0.611026,0.552077,0.023218,0.03012,13.37342399922473,0.38897400000000004,4.966186474589833,91.07843137254902,3,576x444,7,team,jung,3,3,large,high,mid,center
001_20200706_203500(1),1,0.615999,0.625188,0.023218,0.03012,13.37342399922473,0.37481200000000003,0.14757464757464334,85.61616161616162,3,576x444,7,team,jung,3,3,large,low,dark,center
001_20200706_203500(1),2,0.626773,0.724103,0.023218,0.03012,13.37342399922473,0.27589699999999995,2.274836274836275,90.37373737373737,3,576x444,7,team,jung,3,3,large,low,mid,center
001_20200706_203520(0),0,0.609273,0.457053,0.023218,0.03012,13.37342399922473,0.39072700000000005,3.2369947979191664,92.06862745098039,3,576x444,7,team,jung,3,3,large,mid,mid,center
001_20200706_203520(0),1,0.610889,0.530433,0.023218,0.03012,13.37342399922473,0.389111,0.10617160617159982,82.47979797979798,3,576x444,7,team,jung,3,3,large,low,dark,center
001_20200706_203520(0),2,0.617354,0.633864,0.023218,0.03012,13.37342399922473,0.366136,3.1556028106508904,89.421875,3,576x444,7,team,jung,3,3,large,mid,mid,center
001_20200707_003223(4),0,0.616028,0.418543,0.023218,0.03012,13.37342399922473,0.383972,5.6561624649859965,95.54901960784314,3,576x444,7,team,jung,3,3,large,high,mid,center
001_20200707_003223(4),1,0.622493,0.491923,0.023218,0.03012,13.37342399922473,0.37750700000000004,1.1174802761341311,92.35416666666667,3,576x444,7,team,jung,3,3,large,low,mid,center
001_20200707_003223(4),2,0.632189,0.593257,0.023218,0.03012,13.37342399922473,0.367811,3.2247197247197334,97.13131313131314,3,576x444,7,team,jung,3,3,large,mid,mid,center
001_20200707_003233(9),0,0.604947,0.403004,0.023218,0.03012,13.37342399922473,0.395053,3.5236985236985134,94.29292929292929,3,576x444,7,team,jung,3,3,large,mid,mid,center
001_20200707_003233(9),1,0.609257,0.477083,0.023218,0.03012,13.37342399922473,0.39074299999999995,0.09433773509402954,94.81372549019608,3,576x444,7,team,jung,3,3,large,low,mid,center
001_20200707_003233(9),2,0.618954,0.581213,0.023218,0.03012,13.37342399922473,0.381046,2.4010434010433954,97.31313131313131,3,576x444,7,team,jung,3,3,large,low,mid,center
001_20200707_003256(1),0,0.623506,0.452037,0.023218,0.03012,13.37342399922473,0.376494,6.2247197247197334,95.13131313131314,3,576x444,7,team,jung,3,3,large,high,mid,center
001_20200707_003256(1),1,0.619196,0.528213,0.023218,0.03012,13.37342399922473,0.38080400000000003,0.8495130670611388,91.19270833333333,3,576x444,7,team,jung,3,3,large,low,mid,center
001_20200707_003256(1),2,0.615964,0.630945,0.023218,0.03012,13.37342399922473,0.369055,3.1086691086691047,95.88888888888889,3,576x444,7,team,jung,3,3,large,mid,mid,center
001_20200707_003312(2),0,0.607032,0.449475,0.023218,0.03012,13.37342399922473,0.392968,5.327693540433927,94.50520833333333,3,576x444,7,team,jung,3,3,large,high,mid,center
001_20200707_003312(2),1,0.604931,0.527608,0.023218,0.03012,13.37342399922473,0.395069,1.2473187869822482,90.921875,3,576x444,7,team,jung,3,3,large,low,mid,center
001_20200707_003312(2),2,0.605491,0.626968,0.023218,0.03012,13.37342399922473,0.37303200000000003,2.793484960552263,96.47395833333333,3,576x444,7,team,jung,3,3,large,mid,mid,center
001_20200707_003315(4),0,0.606515,0.462605,0.023218,0.03012,13.37342399922473,0.393485,4.763529339250482,93.91145833333333,3,576x444,7,team,jung,3,3,large,mid,mid,center
001_20200707_003315(4),1,0.603821,0.538781,0.023218,0.03012,13.37342399922473,0.39617899999999995,1.030356262327416,90.25520833333333,3,576x444,7,team,jung,3,3,large,low,mid,center
001_20200707_003315(4),2,0.605976,0.640814,0.023218,0.03012,13.37342399922473,0.359186,1.1602841602841636,93.67676767676768,3,576x444,7,team,jung,3,3,large,low,mid,center
001_20200707_003402(5),0,0.613793,0.577298,0.023218,0.03012,13.37342399922473,0.38620699999999997,6.3551836785009925,93.65104166666667,3,576x444,7,team,jung,3,3,large,high,mid,center
001_20200707_003402(5),1,0.609483,0.652076,0.023218,0.03012,13.37342399922473,0.347924,1.7848262848262806,90.01010101010101,3,576x444,7,team,jung,3,3,large,low,mid,center
001_20200707_003402(5),2,0.608406,0.754109,0.023218,0.03012,13.37342399922473,0.24589099999999997,0.4764679764679727,93.26767676767676,3,576x444,7,team,jung,3,3,large,low,mid,center
001_20200707_043717(1),0,0.628693,0.436197,0.023218,0.03012,13.37342399922473,0.37130700000000005,3.311799311799305,95.32828282828282,3,576x444,7,team,lee,3,3,large,mid,mid,center
001_20200707_043717(1),1,0.630848,0.501889,0.023218,0.03012,13.37342399922473,0.36915200000000004,2.413031413031419,90.67676767676768,3,576x444,7,team,lee,3,3,large,low,mid,center
001_20200707_043717(1),2,0.635158,0.587849,0.023218,0.03012,13.37342399922473,0.364842,0.29111644657864133,89.88235294117646,3,576x444,7,team,lee,3,3,large,low,mid,center
001_20200707_043827(5),0,0.615894,0.362508,0.023218,0.03012,13.37342399922473,0.362508,4.926573426573427,91.77272727272727,3,576x444,7,team,jung,3,3,large,high,mid,center
001_20200707_043827(5),1,0.619665,0.439382,0.023218,0.03012,13.37342399922473,0.380335,1.1816726690676234,89.29901960784314,3,576x444,7,team,jung,3,3,large,low,mid,center
001_20200707_043827(5),2,0.623974,0.543512,0.023218,0.03012,13.37342399922473,0.37602599999999997,2.7903106508875766,91.0625,3,576x444,7,team,jung,3,3,large,mid,mid,center
001_20200707_043842(1),0,0.600032,0.447269,0.023218,0.03012,13.37342399922473,0.399968,5.062869822485212,91.625,3,576x444,7,team,jung,3,3,large,high,mid,center
001_20200707_043842(1),1,0.607906,0.525219,0.023218,0.03012,13.37342399922473,0.39209400000000005,0.19658119658119233,86.11111111111111,3,576x444,7,team,jung,3,3,large,low,mid,center
001_20200707_043842(1),2,0.617436,0.625747,0.023218,0.03012,13.37342399922473,0.37425299999999995,3.3299478299478267,91.43434343434343,3,576x444,7,team,jung,3,3,large,mid,mid,center
001_20200707_043856(6),0,0.604414,0.383605,0.023218,0.03012,13.37342399922473,0.383605,4.9114774114774065,92.94444444444444,3,576x444,7,team,jung,3,3,large,high,mid,center
001_20200707_043856(6),1,0.608185,0.463275,0.023218,0.03012,13.37342399922473,0.391815,0.4893984220907299,90.29166666666667,3,576x444,7,team,jung,3,3,large,low,mid,center
001_20200707_043856(6),2,0.612494,0.565308,0.023218,0.03012,13.37342399922473,0.387506,3.0715395715395744,94.87373737373737,3,576x444,7,team,jung,3,3,large,mid,mid,center
001_20200707_043900(9),0,0.604409,0.37272,0.023218,0.03012,13.37342399922473,0.37272,3.7049062049062087,92.41919191919192,3,576x444,7,team,jung,3,3,large,mid,mid,center
001_20200707_043900(9),1,0.610334,0.450992,0.023218,0.03012,13.37342399922473,0.38966599999999996,0.32676898422090517,91.59895833333333,3,576x444,7,team,jung,3,3,large,low,mid,center
001_20200707_043900(9),2,0.621108,0.55023,0.023218,0.03012,13.37342399922473,0.378892,4.24759615384616,92.09375,3,576x444,7,team,jung,3,3,large,mid,mid,center
001_20200707_044035(7),0,0.613987,0.381388,0.023218,0.03012,13.37342399922473,0.381388,3.038060897435898,92.80729166666667,3,576x444,7,team,jung,3,3,large,mid,mid,center
001_20200707_044035(7),1,0.614525,0.462455,0.023218,0.03012,13.37342399922473,0.385475,0.40853590853591015,90.95959595959596,3,576x444,7,team,jung,3,3,large,low,mid,center
001_20200707_044035(7),2,0.615603,0.562392,0.023218,0.03012,13.37342399922473,0.384397,3.5471215483234744,92.58854166666667,3,576x444,7,team,jung,3,3,large,mid,mid,center
001_20200707_083252(0),0,0.634817,0.315153,0.023218,0.03012,13.37342399922473,0.315153,2.152514152514158,93.01515151515152,3,576x444,7,team,lee,3,3,large,low,mid,center
001_20200707_083252(0),1,0.640619,0.381813,0.023218,0.03012,13.37342399922473,0.35938099999999995,1.032800532800536,91.93939393939394,3,576x444,7,team,lee,3,3,large,low,mid,center
001_20200707_083252(0),2,0.649735,0.467826,0.023218,0.03012,13.37342399922473,0.35026500000000005,0.6245069033530655,96.54166666666667,3,576x444,7,team,lee,3,3,large,low,mid,center
001_20200707_083254(7),0,0.638799,0.549842,0.023218,0.03012,13.37342399922473,0.361201,0.7685074029611911,92.67156862745098,3,576x444,7,team,lee,3,3,large,low,mid,center
001_20200707_083254(7),1,0.647405,0.636269,0.023218,0.03012,13.37342399922473,0.352595,1.291930291930285,92.57070707070707,3,576x444,7,team,lee,3,3,large,low,mid,center
001_20200707_083254(7),2,0.633699,0.484091,0.023218,0.03012,13.37342399922473,0.366301,3.32973189275711,93.42156862745098,3,576x444,7,team,lee,3,3,large,mid,mid,center
001_20200707_083257(4),0,0.62385,0.43003,0.023218,0.03012,13.37342399922473,0.37615,0.3344988344988309,92.25757575757575,3,576x444,7,team,lee,3,3,large,low,mid,center
001_20200707_083257(4),1,0.629776,0.498518,0.023218,0.03012,13.37342399922473,0.370224,1.2624506903353137,92.85416666666667,3,576x444,7,team,lee,3,3,large,low,mid,center
001_20200707_083257(4),2,0.634624,0.58308,0.023218,0.03012,13.37342399922473,0.36537600000000003,0.2789987789987691,94.11111111111111,3,576x444,7,team,lee,3,3,large,low,mid,center
001_20200707_083259(9),0,0.597659,0.44708,0.023218,0.03012,13.37342399922473,0.40234099999999995,5.957994329388569,92.52604166666667,3,576x444,7,team,lee,3,3,large,high,mid,center
001_20200707_083259(9),1,0.61388,0.518041,0.023218,0.03012,13.37342399922473,0.38612,0.8376068376068417,87.22222222222223,3,576x444,7,team,lee,3,3,large,low,mid,center
001_20200707_083259(9),2,0.635665,0.616188,0.023218,0.03012,13.37342399922473,0.36433499999999996,2.641747141747132,91.26262626262626,3,576x444,7,team,lee,3,3,large,mid,mid,center
001_20200707_083302(4),0,0.622521,0.522854,0.023218,0.03012,13.37342399922473,0.377479,6.455766455766451,92.06565656565657,3,576x444,7,team,lee,3,3,large,high,mid,center
001_20200707_083302(4),1,0.620449,0.703482,0.023218,0.03012,13.37342399922473,0.29651799999999995,1.856139053254438,91.1875,3,576x444,7,team,lee,3,3,large,low,mid,center
001_20200707_083302(4),2,0.620035,0.601341,0.023218,0.03012,13.37342399922473,0.379965,0.9506802721088405,87.58333333333333,3,576x444,7,team,lee,3,3,large,low,mid,center
001_20200707_083305(1),0,0.608934,0.497018,0.023218,0.03012,13.37342399922473,0.391066,7.0354721400394595,91.86979166666667,3,576x444,7,team,lee,3,3,large,high,mid,center
001_20200707_083305(1),1,0.612705,0.576688,0.023218,0.03012,13.37342399922473,0.38729499999999994,2.0707282913165272,89.3921568627451,3,576x444,7,team,lee,3,3,large,low,mid,center
001_20200707_083305(1),2,0.624017,0.678022,0.023218,0.03012,13.37342399922473,0.321978,1.5063825063825078,89.98989898989899,3,576x444,7,team,lee,3,3,large,low,mid,center
001_20200707_123433(4),0,0.612464,0.36625,0.023218,0.03012,13.37342399922473,0.36625,3.071221646942803,87.91145833333333,3,576x444,7,team,jung,3,3,large,mid,mid,center
001_20200707_123433(4),1,0.617792,0.443815,0.023218,0.03012,13.37342399922473,0.382208,0.12625050020008644,88.65686274509804,3,576x444,7,team,jung,3,3,large,low,mid,center
001_20200707_123433(4),2,0.627855,0.54442,0.023218,0.03012,13.37342399922473,0.37214499999999995,4.113966962524657,90.51041666666667,3,576x444,7,team,jung,3,3,large,mid,mid,center
001_20200707_123441(2),0,0.608039,0.367129,0.023218,0.03012,13.37342399922473,0.367129,3.8670218670218617,89.26262626262626,3,576x444,7,team,jung,3,3,large,mid,mid,center
001_20200707_123441(2),1,0.612349,0.442606,0.023218,0.03012,13.37342399922473,0.38765099999999997,0.9602749013806715,89.16145833333333,3,576x444,7,team,jung,3,3,large,low,mid,center
001_20200707_123441(2),2,0.621507,0.546037,0.023218,0.03012,13.37342399922473,0.37849299999999997,4.809967809967816,91.16161616161617,3,576x444,7,team,jung,3,3,large,mid,mid,center
001_20200707_123448(9),0,0.60157,0.324821,0.023218,0.03012,13.37342399922473,0.324821,3.7076245069033575,88.71354166666667,3,576x444,7,team,jung,3,3,large,mid,mid,center
001_20200707_123448(9),1,0.605879,0.400996,0.023218,0.03012,13.37342399922473,0.39412100000000005,0.3154261704681858,90.1029411764706,3,576x444,7,team,jung,3,3,large,low,mid,center
001_20200707_123448(9),2,0.612882,0.505825,0.023218,0.03012,13.37342399922473,0.38711799999999996,5.553613053613049,90.51515151515152,3,576x444,7,team,jung,3,3,large,high,mid,center
001_20200707_123557(9),0,0.653223,0.66356,0.023218,0.03012,13.37342399922473,0.33643999999999996,1.078987919132146,88.27604166666667,3,576x444,7,team,heo,3,3,large,low,mid,center
001_20200707_123557(9),1,0.641866,0.581647,0.023218,0.03012,13.37342399922473,0.35813399999999995,1.0556891025641022,91.28645833333333,3,576x444,7,team,heo,3,3,large,low,mid,center
001_20200707_123557(9),2,0.633236,0.515055,0.023218,0.03012,13.37342399922473,0.366764,4.626232741617358,90.83333333333333,3,576x444,7,team,heo,3,3,large,mid,mid,center
001_20200707_123605(6),0,0.649083,0.50333,0.023218,0.03012,13.37342399922473,0.35091700000000003,0.8375513375513322,91.53535353535354,3,576x444,7,team,heo,3,3,large,low,mid,center
001_20200707_123605(6),1,0.646263,0.420661,0.023218,0.03012,13.37342399922473,0.35373699999999997,0.8716715976331386,94.8125,3,576x444,7,team,heo,3,3,large,low,mid,center
001_20200707_123605(6),2,0.643443,0.35116,0.023218,0.03012,13.37342399922473,0.35116,1.706460206460207,91.15151515151516,3,576x444,7,team,heo,3,3,large,low,mid,center
001_20200707_123640(2),0,0.641261,0.775697,0.023218,0.03012,13.37342399922473,0.22430300000000003,0.5316506410256352,88.77604166666667,3,576x444,7,team,heo,3,3,large,low,mid,center
001_20200707_123640(2),1,0.640178,0.692084,0.023218,0.03012,13.37342399922473,0.30791599999999997,0.6450320512820582,92.26041666666667,3,576x444,7,team,heo,3,3,large,low,mid,center
001_20200707_123640(2),2,0.641803,0.62393,0.023218,0.03012,13.37342399922473,0.358197,4.7254967254967255,92.74747474747475,3,576x444,7,team,heo,3,3,large,mid,mid,center
001_20200708_041209(1),0,0.613498,0.651537,0.023218,0.03012,13.37342399922473,0.34846299999999997,2.694434171597635,93.984375,3,576x444,7,team,heo,3,3,large,mid,mid,center
001_20200708_041209(1),1,0.616505,0.546979,0.023218,0.03012,13.37342399922473,0.38349500000000003,0.8647458983593452,90.31372549019608,3,576x444,7,team,heo,3,3,large,low,mid,center
001_20200708_041209(1),2,0.61831,0.46895,0.023218,0.03012,13.37342399922473,0.38169,5.4710289710289715,92.45454545454545,3,576x444,7,team,heo,3,3,large,high,mid,center
001_20200708_041212(4),0,0.622001,0.721062,0.023218,0.03012,13.37342399922473,0.278938,1.3597513597513569,93.28282828282828,3,576x444,7,team,heo,3,3,large,low,mid,center
001_20200708_041212(4),1,0.613588,0.619196,0.023218,0.03012,13.37342399922473,0.38080400000000003,0.5231435231435171,89.42424242424242,3,576x444,7,team,heo,3,3,large,low,mid,center
001_20200708_041212(4),2,0.607418,0.540615,0.023218,0.03012,13.37342399922473,0.392582,5.795718287314926,92.75490196078431,3,576x444,7,team,heo,3,3,large,high,mid,center
001_20200708_041219(0),0,0.610682,0.662879,0.023218,0.03012,13.37342399922473,0.337121,2.5537475345167593,94.58333333333333,3,576x444,7,team,heo,3,3,large,mid,mid,center
001_20200708_041219(0),1,0.606087,0.558559,0.023218,0.03012,13.37342399922473,0.39391299999999996,0.5125050020007933,90.31862745098039,3,576x444,7,team,heo,3,3,large,low,mid,center
001_20200708_041219(0),2,0.604249,0.48166,0.023218,0.03012,13.37342399922473,0.39575099999999996,4.745398159263701,93.61274509803921,3,576x444,7,team,heo,3,3,large,mid,mid,center
001_20200708_041228(7),0,0.603712,0.622756,0.023218,0.03012,13.37342399922473,0.377244,3.049679487179489,95.89583333333333,3,576x444,7,team,heo,3,3,large,mid,mid,center
001_20200708_041228(7),1,0.609136,0.520722,0.023218,0.03012,13.37342399922473,0.390864,1.8437118437118443,91.77777777777777,3,576x444,7,team,heo,3,3,large,low,mid,center
001_20200708_041228(7),2,0.616188,0.442614,0.023218,0.03012,13.37342399922473,0.38381200000000004,5.131812631812622,93.81313131313131,3,576x444,7,team,heo,3,3,large,high,mid,center
001_20200708_041231(7),0,0.607732,0.646313,0.023218,0.03012,13.37342399922473,0.353687,1.5915366146458467,94.88235294117646,3,576x444,7,team,heo,3,3,large,low,mid,center
001_20200708_041231(7),1,0.605377,0.54165,0.023218,0.03012,13.37342399922473,0.39462299999999995,0.5405263806706131,91.27604166666667,3,576x444,7,team,heo,3,3,large,low,mid,center
001_20200708_041231(7),2,0.603021,0.462961,0.023218,0.03012,13.37342399922473,0.39697899999999997,5.143706854043387,93.16145833333333,3,576x444,7,team,heo,3,3,large,high,mid,center
001_20200708_093645(7),0,0.601001,0.529343,0.023218,0.03012,13.37342399922473,0.398999,7.686574629851933,95.55392156862744,3,576x444,7,team,heo,3,3,large,high,mid,center
001_20200708_093645(7),1,0.607573,0.602196,0.023218,0.03012,13.37342399922473,0.39242699999999997,0.8038073038073037,91.58080808080808,3,576x444,7,team,heo,3,3,large,low,mid,center
001_20200708_093645(7),2,0.620716,0.707599,0.023218,0.03012,13.37342399922473,0.292401,0.9068709068709069,94.93434343434343,3,576x444,7,team,heo,3,3,large,low,mid,center
001_20200708_093653(4),0,0.599593,0.590221,0.023218,0.03012,13.37342399922473,0.40040699999999996,5.314074814074814,93.98989898989899,3,576x444,7,team,heo,3,3,large,high,mid,center
001_20200708_093653(4),1,0.604505,0.665779,0.023218,0.03012,13.37342399922473,0.334221,1.168793145956613,92.15104166666667,3,576x444,7,team,heo,3,3,large,low,mid,center
001_20200708_093653(4),2,0.612926,0.768647,0.023218,0.03012,13.37342399922473,0.23135300000000003,1.9255744255744247,92.9090909090909,3,576x444,7,team,heo,3,3,large,low,mid,center
001_20200708_093657(4),0,0.629735,0.784198,0.023218,0.03012,13.37342399922473,0.21580200000000005,1.959928959928959,94.08080808080808,3,576x444,7,team,heo,3,3,large,low,mid,center
001_20200708_093657(4),1,0.614618,0.68418,0.023218,0.03012,13.37342399922473,0.31582,1.133699633699635,92.66666666666667,3,576x444,7,team,heo,3,3,large,low,mid,center
001_20200708_093657(4),2,0.60454,0.607695,0.023218,0.03012,13.37342399922473,0.392305,6.381895881895872,95.34343434343434,3,576x444,7,team,heo,3,3,large,high,mid,center
001_20200708_093703(5),0,0.64911,0.629729,0.023218,0.03012,13.37342399922473,0.35089000000000004,1.8980463980464037,95.77777777777777,3,576x444,7,team,heo,3,3,large,low,mid,center
001_20200708_093703(5),1,0.637148,0.481894,0.023218,0.03012,13.37342399922473,0.36285199999999995,3.930572228891563,95.70098039215686,3,576x444,7,team,heo,3,3,large,mid,mid,center
001_20200708_093703(5),2,0.642185,0.545602,0.023218,0.03012,13.37342399922473,0.357815,0.09995559995560654,93.94949494949495,3,576x444,7,team,heo,3,3,large,low,mid,center
001_20200708_093714(9),0,0.647896,0.749925,0.023218,0.03012,13.37342399922473,0.25007500000000005,1.5040515040515032,94.85858585858585,3,576x444,7,team,heo,3,3,large,low,mid,center
001_20200708_093714(9),1,0.644297,0.666808,0.023218,0.03012,13.37342399922473,0.33319200000000004,1.2744097639055667,94.65196078431373,3,576x444,7,team,heo,3,3,large,low,mid,center
001_20200708_093714(9),2,0.640697,0.599567,0.023218,0.03012,13.37342399922473,0.35930300000000004,3.5281940281940223,94.92929292929293,3,576x444,7,team,heo,3,3,large,mid,mid,center
001_20200708_093723(4),0,0.625328,0.681397,0.023218,0.03012,13.37342399922473,0.31860299999999997,1.889484714003956,96.92708333333333,3,576x444,7,team,heo,3,3,large,low,mid,center
001_20200708_093723(4),1,0.629268,0.598076,0.023218,0.03012,13.37342399922473,0.37073199999999995,0.9366678994082775,96.421875,3,576x444,7,team,heo,3,3,large,low,mid,center
001_20200708_093723(4),2,0.633208,0.531112,0.023218,0.03012,13.37342399922473,0.366792,3.4622599622599637,94.42929292929293,3,576x444,7,team,heo,3,3,large,mid,mid,center
001_20200708_123604(8),0,0.613629,0.629145,0.023218,0.03012,13.37342399922473,0.37085500000000005,5.339620315581854,94.89583333333333,3,576x444,7,team,lee,3,3,large,high,mid,center
001_20200708_123604(8),1,0.614629,0.707046,0.023218,0.03012,13.37342399922473,0.29295400000000005,0.28541416566625344,91.88235294117646,3,576x444,7,team,lee,3,3,large,low,mid,center
001_20200708_123604(8),2,0.616131,0.812861,0.023218,0.03012,13.37342399922473,0.18713900000000006,0.43557422969188053,92.32843137254902,3,576x444,7,team,lee,3,3,large,low,mid,center
001_20200708_123620(9),0,0.609072,0.278719,0.023218,0.03012,13.37342399922473,0.278719,4.503052503052501,92.27777777777777,3,576x444,7,team,lee,3,3,large,mid,mid,center
001_20200708_123620(9),1,0.605854,0.460555,0.023218,0.03012,13.37342399922473,0.394146,3.87873237873238,95.6919191919192,3,576x444,7,team,lee,3,3,large,mid,mid,center
001_20200708_123620(9),2,0.606927,0.357576,0.023218,0.03012,13.37342399922473,0.357576,0.3235946745562188,92.8125,3,576x444,7,team,lee,3,3,large,low,mid,center
001_20200708_123811(1),0,0.622431,0.599613,0.023218,0.03012,13.37342399922473,0.37756900000000004,2.9491802268244527,96.28645833333333,3,576x444,7,team,heo,3,3,large,mid,mid,center
001_20200708_123811(1),1,0.606408,0.498878,0.023218,0.03012,13.37342399922473,0.39359200000000005,0.4677329881656789,95.171875,3,576x444,7,team,heo,3,3,large,low,mid,center
001_20200708_123811(1),2,0.594699,0.426125,0.023218,0.03012,13.37342399922473,0.405301,3.3886526134122334,94.05729166666667,3,576x444,7,team,heo,3,3,large,mid,mid,center
001_20200708_123855(3),0,0.617113,0.6061,0.023218,0.03012,13.37342399922473,0.382887,2.8188478188478143,93.56060606060606,3,576x444,7,team,heo,3,3,large,mid,mid,center
001_20200708_123855(3),1,0.601837,0.502698,0.023218,0.03012,13.37342399922473,0.39816300000000004,1.0296782544378686,91.390625,3,576x444,7,team,heo,3,3,large,low,mid,center
001_20200708_123855(3),2,0.593202,0.429456,0.023218,0.03012,13.37342399922473,0.406798,4.245130670611431,93.67708333333333,3,576x444,7,team,heo,3,3,large,mid,mid,center
001_20200708_123935(2),0,0.630529,0.607797,0.023218,0.03012,13.37342399922473,0.369471,1.7755102040816269,92.0,3,576x444,7,team,heo,3,3,large,low,mid,center
001_20200708_123935(2),1,0.616492,0.504601,0.023218,0.03012,13.37342399922473,0.38350799999999996,1.756602641056432,91.08823529411765,3,576x444,7,team,heo,3,3,large,low,mid,center
001_20200708_123935(2),2,0.609473,0.428721,0.023218,0.03012,13.37342399922473,0.39052699999999996,3.5180375180375307,91.73232323232324,3,576x444,7,team,heo,3,3,large,mid,mid,center
001_20200708_123946(1),0,0.639023,0.430018,0.023218,0.03012,13.37342399922473,0.360977,1.5244097639055667,97.34803921568627,3,576x444,7,team,heo,3,3,large,low,mid,center
001_20200708_123946(1),1,0.63834,0.344901,0.023218,0.03012,13.37342399922473,0.344901,0.8681318681318686,95.5,3,576x444,7,team,heo,3,3,large,low,mid,center
001_20200708_123946(1),2,0.639023,0.274857,0.023218,0.03012,13.37342399922473,0.274857,1.760504201680675,91.36764705882354,3,576x444,7,team,heo,3,3,large,low,mid,center
001_20200708_163845(3),0,0.641238,0.364094,0.023218,0.03012,13.37342399922473,0.358762,1.918207593688365,93.42708333333333,3,576x444,7,team,jung,3,3,large,low,mid,center
001_20200708_163845(3),1,0.646625,0.434518,0.023218,0.03012,13.37342399922473,0.353375,0.06682206682206981,92.48989898989899,3,576x444,7,team,jung,3,3,large,low,mid,center
001_20200708_163845(3),2,0.656156,0.51623,0.023218,0.03012,13.37342399922473,0.34384400000000004,1.1335331335331347,94.89393939393939,3,576x444,7,team,jung,3,3,large,low,mid,center
001_20200708_163848(2),0,0.641019,0.473023,0.023218,0.03012,13.37342399922473,0.358981,1.7682317682317716,95.13636363636364,3,576x444,7,team,jung,3,3,large,low,mid,center
001_20200708_163848(2),1,0.64048,0.540114,0.023218,0.03012,13.37342399922473,0.35951999999999995,0.14496614496614768,93.8989898989899,3,576x444,7,team,jung,3,3,large,low,mid,center
001_20200708_163848(2),2,0.643174,0.624675,0.023218,0.03012,13.37342399922473,0.356826,1.0091839250492995,96.19791666666667,3,576x444,7,team,jung,3,3,large,low,mid,center
001_20200708_163851(0),0,0.63415,0.497759,0.023218,0.03012,13.37342399922473,0.36585,1.2124542124542046,95.83333333333333,3,576x444,7,team,jung,3,3,large,low,mid,center
001_20200708_163851(0),1,0.633073,0.568344,0.023218,0.03012,13.37342399922473,0.366927,0.7667961045364962,94.28645833333333,3,576x444,7,team,jung,3,3,large,low,mid,center
001_20200708_163851(0),2,0.633073,0.651508,0.023218,0.03012,13.37342399922473,0.348492,0.7805103550295911,96.34375,3,576x444,7,team,jung,3,3,large,low,mid,center
001_20200708_163853(5),0,0.600665,0.406743,0.023218,0.03012,13.37342399922473,0.399335,5.489066489066488,96.18686868686869,3,576x444,7,team,jung,3,3,large,high,mid,center
001_20200708_163853(5),1,0.6109,0.482918,0.023218,0.03012,13.37342399922473,0.3891,0.0954600954600977,93.58585858585859,3,576x444,7,team,jung,3,3,large,low,mid,center
001_20200708_163853(5),2,0.627061,0.580758,0.023218,0.03012,13.37342399922473,0.372939,2.059940059940061,97.31818181818181,3,576x444,7,team,jung,3,3,large,low,mid,center
001_20200708_163856(2),0,0.618587,0.432612,0.023218,0.03012,13.37342399922473,0.381413,4.553113553113548,95.33333333333333,3,576x444,7,team,jung,3,3,large,mid,mid,center
001_20200708_163856(2),1,0.622789,0.510745,0.023218,0.03012,13.37342399922473,0.37721099999999996,0.746024408284029,92.953125,3,576x444,7,team,jung,3,3,large,low,mid,center
001_20200708_163856(2),2,0.630493,0.612498,0.023218,0.03012,13.37342399922473,0.36950700000000003,3.2606042416966687,98.24019607843137,3,576x444,7,team,jung,3,3,large,mid,mid,center
001_20200708_163858(9),0,0.611402,0.515071,0.023218,0.03012,13.37342399922473,0.388598,5.460317460317455,97.38888888888889,3,576x444,7,team,jung,3,3,large,high,mid,center
001_20200708_163858(9),1,0.616375,0.591946,0.023218,0.03012,13.37342399922473,0.383625,0.7012805122048746,94.06862745098039,3,576x444,7,team,jung,3,3,large,low,mid,center
001_20200708_163858(9),2,0.624248,0.695699,0.023218,0.03012,13.37342399922473,0.30430100000000004,0.6555666555666448,97.29292929292929,3,576x444,7,team,jung,3,3,large,low,mid,center
001_20200708_203204(7),0,0.604538,0.403667,0.023218,0.03012,13.37342399922473,0.395462,3.2281188362919124,92.80208333333333,3,576x444,7,team,lee,3,3,large,mid,mid,center
001_20200708_203204(7),1,0.617467,0.581875,0.023218,0.03012,13.37342399922473,0.382533,3.603026380670613,94.78645833333333,3,576x444,7,team,lee,3,3,large,mid,mid,center
001_20200708_203204(7),2,0.611002,0.477746,0.023218,0.03012,13.37342399922473,0.38899799999999995,0.2589035614245745,90.15686274509804,3,576x444,7,team,lee,3,3,large,low,mid,center
001_20200708_203208(3),0,0.612177,0.480579,0.023218,0.03012,13.37342399922473,0.38782300000000003,4.8758321005917225,93.390625,3,576x444,7,team,lee,3,3,large,high,mid,center
001_20200708_203208(3),1,0.627095,0.660132,0.023218,0.03012,13.37342399922473,0.33986799999999995,2.4795759795759835,94.23232323232324,3,576x444,7,team,lee,3,3,large,mid,mid,center
001_20200708_203208(3),2,0.617564,0.554766,0.023218,0.03012,13.37342399922473,0.382436,0.2717578895463504,88.17708333333333,3,576x444,7,team,lee,3,3,large,low,mid,center
001_20200708_203247(7),0,0.615311,0.461951,0.023218,0.03012,13.37342399922473,0.38468899999999995,0.20207570207570313,87.61111111111111,3,576x444,7,team,lee,3,3,large,low,mid,center
001_20200708_203247(7),1,0.616555,0.387227,0.023218,0.03012,13.37342399922473,0.38344500000000004,5.327130852340929,93.48529411764706,3,576x444,7,team,lee,3,3,large,high,mid,center
001_20200708_203247(7),2,0.615311,0.570006,0.023218,0.03012,13.37342399922473,0.38468899999999995,3.000610500610506,93.05555555555556,3,576x444,7,team,lee,3,3,large,mid,mid,center
001_20200708_203804(5),0,0.614536,0.346203,0.023218,0.03012,13.37342399922473,0.346203,4.031413031413024,93.26767676767676,3,576x444,7,team,jung,3,3,large,mid,mid,center
001_20200708_203804(5),1,0.619923,0.419852,0.023218,0.03012,13.37342399922473,0.380077,0.3939948939949005,89.08080808080808,3,576x444,7,team,jung,3,3,large,low,mid,center
001_20200708_203804(5),2,0.628211,0.523606,0.023218,0.03012,13.37342399922473,0.37178900000000004,4.600233100233098,93.98484848484848,3,576x444,7,team,jung,3,3,large,mid,mid,center
001_20200708_203844(8),0,0.628138,0.375214,0.023218,0.03012,13.37342399922473,0.371862,4.00678007889546,91.64583333333333,3,576x444,7,team,jung,3,3,large,mid,mid,center
001_20200708_203844(8),1,0.6276,0.454884,0.023218,0.03012,13.37342399922473,0.37239999999999995,1.3153513153513074,89.78787878787878,3,576x444,7,team,jung,3,3,large,low,mid,center
001_20200708_203844(8),2,0.6276,0.558315,0.023218,0.03012,13.37342399922473,0.37239999999999995,2.4708069708069758,93.70707070707071,3,576x444,7,team,jung,3,3,large,mid,mid,center
001_20200708_203917(6),0,0.614986,0.456566,0.023218,0.03012,13.37342399922473,0.38501399999999997,4.417776134122292,95.10416666666667,3,576x444,7,team,jung,3,3,large,mid,mid,center
001_20200708_203917(6),1,0.623274,0.530215,0.023218,0.03012,13.37342399922473,0.376726,1.4985569985570066,91.64141414141415,3,576x444,7,team,jung,3,3,large,low,mid,center
001_20200708_203917(6),2,0.635705,0.633969,0.023218,0.03012,13.37342399922473,0.36429500000000004,3.970973470973462,97.76767676767676,3,576x444,7,team,jung,3,3,large,mid,mid,center
001_20200713_091052(5),0,0.615068,0.407228,0.023218,0.03012,13.37342399922473,0.38493200000000005,3.529462524654832,91.97916666666667,3,576x444,7,team,lee,3,3,large,mid,mid,center
001_20200713_091052(5),1,0.612581,0.479801,0.023218,0.03012,13.37342399922473,0.38741899999999996,0.9242697078831554,89.76960784313725,3,576x444,7,team,lee,3,3,large,low,mid,center
001_20200713_091052(5),2,0.610924,0.588393,0.023218,0.03012,13.37342399922473,0.389076,3.4378954378954347,97.39393939393939,3,576x444,7,team,lee,3,3,large,mid,mid,center
001_20200713_091104(2),0,0.618948,0.327802,0.023218,0.03012,13.37342399922473,0.327802,3.0866000986193285,91.88541666666667,3,576x444,7,team,lee,3,3,large,mid,mid,center
001_20200713_091104(2),1,0.616793,0.399784,0.023218,0.03012,13.37342399922473,0.38320699999999996,0.3827662721893432,91.1875,3,576x444,7,team,lee,3,3,large,low,mid,center
001_20200713_091104(2),2,0.615716,0.505311,0.023218,0.03012,13.37342399922473,0.38428399999999996,2.701768984220905,96.97395833333333,3,576x444,7,team,lee,3,3,large,mid,mid,center
001_20200713_091113(2),0,0.627718,0.360554,0.023218,0.03012,13.37342399922473,0.360554,5.678932178932172,94.96464646464646,3,576x444,7,team,lee,3,3,large,high,mid,center
001_20200713_091113(2),1,0.622331,0.431837,0.023218,0.03012,13.37342399922473,0.37766900000000003,0.6083579881656789,91.3125,3,576x444,7,team,lee,3,3,large,low,mid,center
001_20200713_091113(2),2,0.617483,0.538763,0.023218,0.03012,13.37342399922473,0.382517,3.167622041420117,97.203125,3,576x444,7,team,lee,3,3,large,mid,mid,center
001_20200713_091125(7),0,0.602566,0.378715,0.023218,0.03012,13.37342399922473,0.378715,5.246998799519815,94.07352941176471,3,576x444,7,team,lee,3,3,large,high,mid,center
001_20200713_091125(7),1,0.604182,0.456987,0.023218,0.03012,13.37342399922473,0.395818,1.018407362945183,91.04901960784314,3,576x444,7,team,lee,3,3,large,low,mid,center
001_20200713_091125(7),2,0.606876,0.560418,0.023218,0.03012,13.37342399922473,0.39312400000000003,3.299478299478295,97.84343434343434,3,576x444,7,team,lee,3,3,large,mid,mid,center
001_20200713_091129(5),0,0.619422,0.388942,0.023218,0.03012,13.37342399922473,0.38057799999999997,3.43629807692308,92.359375,3,576x444,7,team,lee,3,3,large,mid,mid,center
001_20200713_091129(5),1,0.614574,0.456032,0.023218,0.03012,13.37342399922473,0.38542600000000005,0.5063270063269982,90.3030303030303,3,576x444,7,team,lee,3,3,large,low,mid,center
001_20200713_091129(5),2,0.609187,0.562957,0.023218,0.03012,13.37342399922473,0.39081299999999997,4.673269307723089,98.00490196078431,3,576x444,7,team,lee,3,3,large,mid,mid,center
001_20200713_091141(5),0,0.615926,0.352923,0.023218,0.03012,13.37342399922473,0.352923,2.6511649408284086,93.171875,3,576x444,7,team,lee,3,3,large,mid,mid,center
001_20200713_091141(5),1,0.612155,0.425604,0.023218,0.03012,13.37342399922473,0.387845,0.6193806193806211,93.45454545454545,3,576x444,7,team,lee,3,3,large,low,mid,center
001_20200713_091141(5),2,0.612694,0.53253,0.023218,0.03012,13.37342399922473,0.38730600000000004,4.241314241314242,99.5050505050505,3,576x444,7,team,lee,3,3,large,mid,mid,center
001_20200713_123019(3),0,0.616374,0.535576,0.023218,0.03012,13.37342399922473,0.383626,3.223443223443212,95.83333333333333,3,576x444,7,team,heo,3,3,large,mid,mid,center
001_20200713_123019(3),1,0.614276,0.432816,0.023218,0.03012,13.37342399922473,0.38572399999999996,0.4989995998399479,92.02450980392157,3,576x444,7,team,heo,3,3,large,low,mid,center
001_20200713_123019(3),2,0.613227,0.359319,0.023218,0.03012,13.37342399922473,0.359319,2.997472879684423,94.32291666666667,3,576x444,7,team,heo,3,3,large,mid,mid,center
001_20200713_123032(8),0,0.618189,0.529663,0.023218,0.03012,13.37342399922473,0.381811,2.0717286914765936,96.36764705882354,3,576x444,7,team,heo,3,3,large,low,mid,center
001_20200713_123032(8),1,0.618189,0.425925,0.023218,0.03012,13.37342399922473,0.381811,1.2320928371348572,92.56372549019608,3,576x444,7,team,heo,3,3,large,low,mid,center
001_20200713_123032(8),2,0.61742,0.349119,0.023218,0.03012,13.37342399922473,0.349119,4.291819291819294,93.05555555555556,3,576x444,7,team,heo,3,3,large,mid,mid,center
001_20200713_123043(4),0,0.623867,0.547388,0.023218,0.03012,13.37342399922473,0.37613300000000005,2.61155511155512,95.10606060606061,3,576x444,7,team,heo,3,3,large,mid,mid,center
001_20200713_123043(4),1,0.623867,0.441726,0.023218,0.03012,13.37342399922473,0.37613300000000005,0.08602508602508863,91.64646464646465,3,576x444,7,team,heo,3,3,large,low,mid,center
001_20200713_123043(4),2,0.62217,0.366882,0.023218,0.03012,13.37342399922473,0.366882,4.260517260517261,93.66161616161617,3,576x444,7,team,heo,3,3,large,mid,mid,center
001_20200713_123049(2),0,0.614497,0.519299,0.023218,0.03012,13.37342399922473,0.38550300000000004,4.775779775779782,96.05050505050505,3,576x444,7,team,heo,3,3,large,mid,mid,center
001_20200713_123049(2),1,0.612489,0.41596,0.023218,0.03012,13.37342399922473,0.38751100000000005,1.1576984714003942,91.27604166666667,3,576x444,7,team,heo,3,3,large,low,mid,center
001_20200713_123049(2),2,0.61115,0.338673,0.023218,0.03012,13.37342399922473,0.338673,3.9315684315684365,93.0909090909091,3,576x444,7,team,heo,3,3,large,mid,mid,center
001_20200713_123108(0),0,0.629026,0.578331,0.023218,0.03012,13.37342399922473,0.370974,2.764762080867854,95.11979166666667,3,576x444,7,team,heo,3,3,large,mid,mid,center
001_20200713_123108(0),1,0.621471,0.475407,0.023218,0.03012,13.37342399922473,0.378529,0.18227290916365746,92.2843137254902,3,576x444,7,team,heo,3,3,large,low,mid,center
001_20200713_123108(0),2,0.617063,0.400257,0.023218,0.03012,13.37342399922473,0.38293699999999997,2.9316752958579855,92.328125,3,576x444,7,team,heo,3,3,large,mid,mid,center
001_20200713_123114(3),0,0.602724,0.546472,0.023218,0.03012,13.37342399922473,0.39727599999999996,3.1472971472971523,96.44949494949495,3,576x444,7,team,heo,3,3,large,mid,mid,center
001_20200713_123114(3),1,0.605246,0.444213,0.023218,0.03012,13.37342399922473,0.39475400000000005,0.2566259861932991,92.24479166666667,3,576x444,7,team,heo,3,3,large,low,mid,center
001_20200713_123114(3),2,0.607138,0.370586,0.023218,0.03012,13.37342399922473,0.370586,4.341839250493095,93.27083333333333,3,576x444,7,team,heo,3,3,large,mid,mid,center
001_20200713_163743(9),0,0.628299,0.723469,0.023218,0.03012,13.37342399922473,0.27653099999999997,2.4478854478854544,92.53030303030303,3,576x444,7,team,heo,3,3,large,mid,mid,center
001_20200713_163743(9),1,0.616267,0.621668,0.023218,0.03012,13.37342399922473,0.378332,0.8569427771108451,87.50490196078431,3,576x444,7,team,heo,3,3,large,low,mid,center
001_20200713_163743(9),2,0.608943,0.547692,0.023218,0.03012,13.37342399922473,0.391057,4.905372405372404,91.88888888888889,3,576x444,7,team,heo,3,3,large,high,mid,center
001_20200713_163757(3),0,0.627827,0.676748,0.023218,0.03012,13.37342399922473,0.323252,2.9009800295857957,88.640625,3,576x444,7,team,heo,3,3,large,mid,mid,center
001_20200713_163757(3),1,0.612754,0.571325,0.023218,0.03012,13.37342399922473,0.387246,0.5028860028860151,84.78282828282828,3,576x444,7,team,heo,3,3,large,low,dark,center
001_20200713_163757(3),2,0.600957,0.496508,0.023218,0.03012,13.37342399922473,0.39904300000000004,5.728271728271736,91.0909090909091,3,576x444,7,team,heo,3,3,large,high,mid,center
001_20200713_163904(8),0,0.620834,0.343521,0.023218,0.03012,13.37342399922473,0.343521,4.2426960059171535,93.390625,3,576x444,7,team,lee,3,3,large,mid,mid,center
001_20200713_163904(8),1,0.626221,0.421793,0.023218,0.03012,13.37342399922473,0.373779,0.8026072485207152,91.015625,3,576x444,7,team,lee,3,3,large,low,mid,center
001_20200713_163904(8),2,0.63053,0.521031,0.023218,0.03012,13.37342399922473,0.36946999999999997,3.1463536463536457,95.27272727272727,3,576x444,7,team,lee,3,3,large,mid,mid,center
001_20200713_163925(9),0,0.605863,0.354137,0.023218,0.03012,13.37342399922473,0.354137,4.134865134865137,94.5909090909091,3,576x444,7,team,lee,3,3,large,mid,mid,center
001_20200713_163925(9),1,0.608349,0.427786,0.023218,0.03012,13.37342399922473,0.39165099999999997,0.36158286158286046,90.94949494949495,3,576x444,7,team,lee,3,3,large,low,mid,center
001_20200713_163925(9),2,0.61125,0.532614,0.023218,0.03012,13.37342399922473,0.38875000000000004,2.9169164169164077,94.25757575757575,3,576x444,7,team,lee,3,3,large,mid,mid,center
001_20200713_163945(4),0,0.597225,0.528573,0.023218,0.03012,13.37342399922473,0.402775,5.451992451992453,91.85858585858585,3,576x444,7,team,lee,3,3,large,high,mid,center
001_20200713_163945(4),1,0.606104,0.603067,0.023218,0.03012,13.37342399922473,0.393896,0.030136530136530837,84.96969696969697,3,576x444,7,team,lee,3,3,large,low,dark,center
001_20200713_163945(4),2,0.61676,0.715191,0.023218,0.03012,13.37342399922473,0.284809,2.1025024654832407,87.07291666666667,3,576x444,7,team,lee,3,3,large,low,mid,center
001_20200713_164009(3),0,0.614455,0.504196,0.023218,0.03012,13.37342399922473,0.385545,5.704881952781122,92.98039215686275,3,576x444,7,team,lee,3,3,large,high,mid,center
001_20200713_164009(3),1,0.618765,0.577576,0.023218,0.03012,13.37342399922473,0.381235,1.3733357988165693,84.34375,3,576x444,7,team,lee,3,3,large,low,dark,center
001_20200713_164009(3),2,0.634926,0.688695,0.023218,0.03012,13.37342399922473,0.31130500000000005,3.0499260355029634,87.9375,3,576x444,7,team,lee,3,3,large,mid,mid,center
001_20200713_202630(0),0,0.610345,0.407653,0.023218,0.03012,13.37342399922473,0.389655,3.0463425463425438,97.03535353535354,3,576x444,7,team,jung,3,3,large,mid,mid,center
001_20200713_202630(0),1,0.614116,0.482431,0.023218,0.03012,13.37342399922473,0.385884,0.8275394477317661,93.64583333333333,3,576x444,7,team,jung,3,3,large,low,mid,center
001_20200713_202630(0),2,0.620042,0.585862,0.023218,0.03012,13.37342399922473,0.379958,4.019307723089241,100.40196078431373,3,576x444,7,team,jung,3,3,large,mid,mid,center
001_20200713_202634(5),0,0.599516,0.438264,0.023218,0.03012,13.37342399922473,0.40048399999999995,5.594058185404336,98.89583333333333,3,576x444,7,team,jung,3,3,large,high,mid,center
001_20200713_202634(5),1,0.609534,0.510335,0.023218,0.03012,13.37342399922473,0.390466,1.4193029193029076,92.79292929292929,3,576x444,7,team,jung,3,3,large,low,mid,center
001_20200713_202634(5),2,0.625472,0.611353,0.023218,0.03012,13.37342399922473,0.37452799999999997,2.3152428500986275,98.90104166666667,3,576x444,7,team,jung,3,3,large,low,mid,center
001_20200713_202639(1),0,0.604215,0.446221,0.023218,0.03012,13.37342399922473,0.39578500000000005,5.84453781512606,99.30882352941177,3,576x444,7,team,jung,3,3,large,high,mid,center
001_20200713_202639(1),1,0.617682,0.516805,0.023218,0.03012,13.37342399922473,0.38231800000000005,0.8608234714003942,91.97916666666667,3,576x444,7,team,jung,3,3,large,low,mid,center
001_20200713_202639(1),2,0.637075,0.617441,0.023218,0.03012,13.37342399922473,0.36292500000000005,2.6015406162464956,99.13725490196079,3,576x444,7,team,jung,3,3,large,mid,mid,center
001_20200713_202643(6),0,0.636913,0.496189,0.023218,0.03012,13.37342399922473,0.36308700000000005,4.008380508380512,95.71717171717172,3,576x444,7,team,jung,3,3,large,mid,mid,center
001_20200713_202643(6),1,0.645615,0.563387,0.023218,0.03012,13.37342399922473,0.35438499999999995,0.9881952781112489,95.28921568627452,3,576x444,7,team,jung,3,3,large,low,mid,center
001_20200713_202643(6),2,0.65929,0.641874,0.023218,0.03012,13.37342399922473,0.34070999999999996,2.758630258630248,97.1919191919192,3,576x444,7,team,jung,3,3,large,mid,mid,center
001_20200713_202648(2),0,0.628681,0.480321,0.023218,0.03012,13.37342399922473,0.37131899999999995,2.7100122100122093,96.11111111111111,3,576x444,7,team,jung,3,3,large,mid,mid,center
001_20200713_202648(2),1,0.632825,0.546443,0.023218,0.03012,13.37342399922473,0.36717500000000003,1.1510416666666714,96.15104166666667,3,576x444,7,team,jung,3,3,large,low,mid,center
001_20200713_202648(2),2,0.638627,0.629769,0.023218,0.03012,13.37342399922473,0.36137300000000006,0.7044622044622031,99.57575757575758,3,576x444,7,team,jung,3,3,large,low,mid,center
001_20200713_202652(6),0,0.631834,0.427628,0.023218,0.03012,13.37342399922473,0.368166,2.57462985194077,96.67156862745098,3,576x444,7,team,jung,3,3,large,mid,mid,center
001_20200713_202652(6),1,0.635605,0.496116,0.023218,0.03012,13.37342399922473,0.364395,1.674658674658673,95.07575757575758,3,576x444,7,team,jung,3,3,large,low,mid,center
001_20200713_202652(6),2,0.640453,0.578581,0.023218,0.03012,13.37342399922473,0.35954699999999995,1.2750100040016008,97.11274509803921,3,576x444,7,team,jung,3,3,large,low,mid,center
001_20200714_003045(4),0,0.630281,0.494479,0.023218,0.03012,13.37342399922473,0.369719,2.6596736596736577,94.12121212121212,3,576x444,7,team,lee,3,3,large,mid,mid,center
001_20200714_003045(4),1,0.633596,0.558451,0.023218,0.03012,13.37342399922473,0.36640399999999995,0.10464185674270254,95.06372549019608,3,576x444,7,team,lee,3,3,large,low,mid,center
001_20200714_003045(4),2,0.640226,0.643389,0.023218,0.03012,13.37342399922473,0.356611,1.6494082840236644,97.25,3,576x444,7,team,lee,3,3,large,low,mid,center
001_20200714_003052(4),0,0.626311,0.495305,0.023218,0.03012,13.37342399922473,0.37368900000000005,3.296925296925309,94.74747474747475,3,576x444,7,team,lee,3,3,large,mid,mid,center
001_20200714_003052(4),1,0.632942,0.564116,0.023218,0.03012,13.37342399922473,0.367058,0.8794686883629197,94.75520833333333,3,576x444,7,team,lee,3,3,large,low,mid,center
001_20200714_003052(4),2,0.642472,0.639378,0.023218,0.03012,13.37342399922473,0.35752799999999996,2.582032813125238,94.50980392156863,3,576x444,7,team,lee,3,3,large,mid,mid,center
001_20200714_003110(6),0,0.645122,0.652053,0.023218,0.03012,13.37342399922473,0.347947,1.1686082347140143,94.63020833333333,3,576x444,7,team,lee,3,3,large,low,mid,center
001_20200714_003110(6),1,0.638906,0.498842,0.023218,0.03012,13.37342399922473,0.361094,2.5597735597735465,96.75757575757575,3,576x444,7,team,lee,3,3,large,mid,mid,center
001_20200714_003110(6),2,0.639735,0.566577,0.023218,0.03012,13.37342399922473,0.36026499999999995,1.2823594674556205,97.96875,3,576x444,7,team,lee,3,3,large,low,mid,center
001_20200714_003118(1),0,0.602165,0.516023,0.023218,0.03012,13.37342399922473,0.39783500000000005,6.368847539015604,97.08823529411765,3,576x444,7,team,lee,3,3,large,high,mid,center
001_20200714_003118(1),1,0.611281,0.59236,0.023218,0.03012,13.37342399922473,0.38871900000000004,1.5056022408963514,95.86274509803921,3,576x444,7,team,lee,3,3,large,low,mid,center
001_20200714_003118(1),2,0.62537,0.694501,0.023218,0.03012,13.37342399922473,0.30549899999999997,0.9116740631163793,97.82291666666667,3,576x444,7,team,lee,3,3,large,low,mid,center
001_20200714_003133(7),0,0.599199,0.532359,0.023218,0.03012,13.37342399922473,0.40080099999999996,5.096348096348095,95.4040404040404,3,576x444,7,team,lee,3,3,large,high,mid,center
001_20200714_003133(7),1,0.60728,0.609233,0.023218,0.03012,13.37342399922473,0.390767,0.5011094674556205,94.8125,3,576x444,7,team,lee,3,3,large,low,mid,center
001_20200714_003133(7),2,0.615899,0.710568,0.023218,0.03012,13.37342399922473,0.289432,2.4391950197238543,96.59895833333333,3,576x444,7,team,lee,3,3,large,mid,mid,center
001_20200714_003137(8),0,0.595652,0.547313,0.023218,0.03012,13.37342399922473,0.40434800000000004,5.16056422569028,96.69117647058823,3,576x444,7,team,lee,3,3,large,high,mid,center
001_20200714_003137(8),1,0.604768,0.618811,0.023218,0.03012,13.37342399922473,0.381189,0.6631533530571971,96.17708333333333,3,576x444,7,team,lee,3,3,large,low,mid,center
001_20200714_003137(8),2,0.616371,0.720952,0.023218,0.03012,13.37342399922473,0.27904799999999996,1.6339535814325785,95.59313725490196,3,576x444,7,team,lee,3,3,large,low,mid,center
001_20200714_042943(8),0,0.634627,0.548363,0.023218,0.03012,13.37342399922473,0.36537299999999995,0.852317554240642,92.95833333333333,3,576x444,7,team,heo,3,3,large,low,mid,center
001_20200714_042943(8),1,0.633463,0.464523,0.023218,0.03012,13.37342399922473,0.366537,0.2408147408147414,94.17676767676768,3,576x444,7,team,heo,3,3,large,low,mid,center
001_20200714_042943(8),2,0.632298,0.398054,0.023218,0.03012,13.37342399922473,0.367702,0.07267011834319703,93.03125,3,576x444,7,team,heo,3,3,large,low,mid,center
001_20200714_042948(4),0,0.640568,0.577339,0.023218,0.03012,13.37342399922473,0.359432,1.2790542790542787,92.92424242424242,3,576x444,7,team,heo,3,3,large,low,mid,center
001_20200714_042948(4),1,0.635926,0.496798,0.023218,0.03012,13.37342399922473,0.364074,0.40215113412229186,93.08854166666667,3,576x444,7,team,heo,3,3,large,low,mid,center
001_20200714_042948(4),2,0.633605,0.429053,0.023218,0.03012,13.37342399922473,0.366395,2.7571872571872547,93.94949494949495,3,576x444,7,team,heo,3,3,large,mid,mid,center
001_20200714_042957(3),0,0.647556,0.609417,0.023218,0.03012,13.37342399922473,0.352444,0.8534243534243586,94.02020202020202,3,576x444,7,team,heo,3,3,large,low,mid,center
001_20200714_042957(3),1,0.644436,0.526057,0.023218,0.03012,13.37342399922473,0.355564,0.4009800295857957,94.140625,3,576x444,7,team,heo,3,3,large,low,mid,center
001_20200714_042957(3),2,0.641317,0.458074,0.023218,0.03012,13.37342399922473,0.358683,3.0079820019723797,93.72395833333333,3,576x444,7,team,heo,3,3,large,mid,mid,center
001_20200714_043001(8),0,0.598627,0.411769,0.023218,0.03012,13.37342399922473,0.401373,5.92324342324342,95.56060606060606,3,576x444,7,team,heo,3,3,large,high,mid,center
001_20200714_043001(8),1,0.608149,0.486711,0.023218,0.03012,13.37342399922473,0.39185099999999995,0.536297036297043,94.28787878787878,3,576x444,7,team,heo,3,3,large,low,mid,center
001_20200714_043001(8),2,0.618306,0.58883,0.023218,0.03012,13.37342399922473,0.381694,3.0636585636585636,97.33838383838383,3,576x444,7,team,heo,3,3,large,mid,mid,center
001_20200714_043006(2),0,0.609432,0.437185,0.023218,0.03012,13.37342399922473,0.390568,4.274309723889559,95.02941176470588,3,576x444,7,team,heo,3,3,large,mid,mid,center
001_20200714_043006(2),1,0.613689,0.511736,0.023218,0.03012,13.37342399922473,0.38631099999999996,0.26978550295858383,93.84375,3,576x444,7,team,heo,3,3,large,low,mid,center
001_20200714_043006(2),2,0.620783,0.61574,0.023218,0.03012,13.37342399922473,0.379217,2.2726208086785107,96.82291666666667,3,576x444,7,team,heo,3,3,large,low,mid,center
001_20200714_043010(8),0,0.604432,0.42882,0.023218,0.03012,13.37342399922473,0.39556800000000003,4.4063159063159105,95.56565656565657,3,576x444,7,team,heo,3,3,large,mid,mid,center
001_20200714_043010(8),1,0.608791,0.504217,0.023218,0.03012,13.37342399922473,0.39120900000000003,0.33505383505384145,93.12626262626263,3,576x444,7,team,heo,3,3,large,low,mid,center
001_20200714_043010(8),2,0.61315,0.609773,0.023218,0.03012,13.37342399922473,0.38685,2.242257742257749,96.68181818181819,3,576x444,7,team,heo,3,3,large,low,mid,center
001_20200714_084009(9),0,0.601042,0.504496,0.023218,0.03012,13.37342399922473,0.39895800000000003,6.092851592851602,94.13131313131314,3,576x444,7,team,jung,3,3,large,high,mid,center
001_20200714_084009(9),1,0.61495,0.576289,0.023218,0.03012,13.37342399922473,0.38505,0.2250527250527199,88.75252525252525,3,576x444,7,team,jung,3,3,large,low,mid,center
001_20200714_084009(9),2,0.631526,0.676817,0.023218,0.03012,13.37342399922473,0.323183,4.962894477317562,93.22916666666667,3,576x444,7,team,jung,3,3,large,high,mid,center
001_20200714_084013(3),0,0.614175,0.453154,0.023218,0.03012,13.37342399922473,0.385825,5.566198224852073,93.1875,3,576x444,7,team,jung,3,3,large,high,mid,center
001_20200714_084013(3),1,0.621717,0.529329,0.023218,0.03012,13.37342399922473,0.37828300000000004,0.45548219287715597,86.2156862745098,3,576x444,7,team,jung,3,3,large,low,mid,center
001_20200714_084013(3),2,0.633569,0.63276,0.023218,0.03012,13.37342399922473,0.36643099999999995,3.9688875550220075,92.13725490196079,3,576x444,7,team,jung,3,3,large,mid,mid,center
001_20200714_084020(1),0,0.623015,0.525583,0.023218,0.03012,13.37342399922473,0.376985,2.5696525696525754,90.52020202020202,3,576x444,7,team,jung,3,3,large,mid,mid,center
001_20200714_084020(1),1,0.626248,0.603855,0.023218,0.03012,13.37342399922473,0.373752,0.6383061383061488,87.67676767676768,3,576x444,7,team,jung,3,3,large,low,mid,center
001_20200714_084020(1),2,0.630557,0.712877,0.023218,0.03012,13.37342399922473,0.287123,2.4461600098619414,90.02604166666667,3,576x444,7,team,jung,3,3,large,mid,mid,center
001_20200714_084027(0),0,0.598456,0.46703,0.023218,0.03012,13.37342399922473,0.401544,5.486532297830365,92.59895833333333,3,576x444,7,team,jung,3,3,large,high,mid,center
001_20200714_084027(0),1,0.612462,0.538314,0.023218,0.03012,13.37342399922473,0.38753800000000005,1.2156732156732204,87.17171717171718,3,576x444,7,team,jung,3,3,large,low,mid,center
001_20200714_084027(0),2,0.628623,0.64454,0.023218,0.03012,13.37342399922473,0.35546,4.576530612244895,90.0,3,576x444,7,team,jung,3,3,large,mid,mid,center
001_20200714_084047(6),0,0.607118,0.50178,0.023218,0.03012,13.37342399922473,0.39288199999999995,3.538461538461533,92.0,3,576x444,7,team,jung,3,3,large,mid,mid,center
001_20200714_084047(6),1,0.621663,0.68558,0.023218,0.03012,13.37342399922473,0.31442000000000003,3.534299034299039,88.98484848484848,3,576x444,7,team,jung,3,3,large,mid,mid,center
001_20200714_084047(6),2,0.611428,0.576558,0.023218,0.03012,13.37342399922473,0.38857200000000003,0.3099239695878282,86.65686274509804,3,576x444,7,team,jung,3,3,large,low,mid,center
001_20200714_084106(0),0,0.592045,0.457362,0.023218,0.03012,13.37342399922473,0.40795499999999996,5.214085634253692,94.25490196078431,3,576x444,7,team,jung,3,3,large,high,mid,center
001_20200714_084106(0),1,0.60325,0.530043,0.023218,0.03012,13.37342399922473,0.39675000000000005,0.5593565088757373,88.28125,3,576x444,7,team,jung,3,3,large,low,mid,center
001_20200714_084106(0),2,0.620058,0.631797,0.023218,0.03012,13.37342399922473,0.36820299999999995,3.9636474636474617,93.1010101010101,3,576x444,7,team,jung,3,3,large,mid,mid,center
001_20200714_123235(9),0,0.621715,0.361752,0.023218,0.03012,13.37342399922473,0.361752,5.3966588966588915,96.55050505050505,3,576x444,7,team,lee,3,3,large,high,mid,center
001_20200714_123235(9),1,0.624201,0.439164,0.023218,0.03012,13.37342399922473,0.375799,0.9737484737484721,93.11111111111111,3,576x444,7,team,lee,3,3,large,low,mid,center
001_20200714_123235(9),2,0.63166,0.539154,0.023218,0.03012,13.37342399922473,0.36834,2.838661338661339,96.27272727272727,3,576x444,7,team,lee,3,3,large,mid,mid,center
001_20200714_123240(4),0,0.618761,0.320927,0.023218,0.03012,13.37342399922473,0.320927,3.150332840236686,96.15625,3,576x444,7,team,lee,3,3,large,mid,mid,center
001_20200714_123240(4),1,0.614767,0.40038,0.023218,0.03012,13.37342399922473,0.38523300000000005,1.3952158952158982,93.6919191919192,3,576x444,7,team,lee,3,3,large,low,mid,center
001_20200714_123240(4),2,0.61743,0.500559,0.023218,0.03012,13.37342399922473,0.38256999999999997,4.086908284023664,97.1875,3,576x444,7,team,lee,3,3,large,mid,mid,center
001_20200714_123244(9),0,0.61524,0.301304,0.023218,0.03012,13.37342399922473,0.301304,2.6073717948717956,95.14583333333333,3,576x444,7,team,lee,3,3,large,mid,mid,center
001_20200714_123244(9),1,0.612396,0.376938,0.023218,0.03012,13.37342399922473,0.376938,1.1683616863905257,92.328125,3,576x444,7,team,lee,3,3,large,low,mid,center
001_20200714_123244(9),2,0.614292,0.481472,0.023218,0.03012,13.37342399922473,0.38570800000000005,3.842546342546342,96.85353535353535,3,576x444,7,team,lee,3,3,large,mid,mid,center
001_20200714_123249(5),0,0.614475,0.385478,0.023218,0.03012,13.37342399922473,0.385478,0.11174469787916053,91.63725490196079,3,576x444,7,team,lee,3,3,large,low,mid,center
001_20200714_123249(5),1,0.61201,0.308737,0.023218,0.03012,13.37342399922473,0.308737,4.412864912864919,95.61616161616162,3,576x444,7,team,lee,3,3,large,mid,mid,center
001_20200714_123249(5),2,0.616939,0.488597,0.023218,0.03012,13.37342399922473,0.383061,3.3536463536463543,96.72727272727273,3,576x444,7,team,lee,3,3,large,mid,mid,center
001_20200714_123253(9),0,0.617559,0.310392,0.023218,0.03012,13.37342399922473,0.310392,4.017427017427025,95.67676767676768,3,576x444,7,team,lee,3,3,large,mid,mid,center
001_20200714_123253(9),1,0.618507,0.386026,0.023218,0.03012,13.37342399922473,0.38149299999999997,0.2116000986193285,92.01041666666667,3,576x444,7,team,lee,3,3,large,low,mid,center
001_20200714_123253(9),2,0.623721,0.49302,0.023218,0.03012,13.37342399922473,0.37627900000000003,3.130425130425138,96.64141414141415,3,576x444,7,team,lee,3,3,large,mid,mid,center
001_20200714_123258(4),0,0.61994,0.324808,0.023218,0.03012,13.37342399922473,0.324808,3.3125763125763115,94.94444444444444,3,576x444,7,team,lee,3,3,large,mid,mid,center
001_20200714_123258(4),1,0.61994,0.404746,0.023218,0.03012,13.37342399922473,0.38005999999999995,0.8460428460428489,90.62626262626263,3,576x444,7,team,lee,3,3,large,low,mid,center
001_20200714_123258(4),2,0.622405,0.50307,0.023218,0.03012,13.37342399922473,0.377595,4.131286982248525,93.6875,3,576x444,7,team,lee,3,3,large,mid,mid,center
001_20200714_163058(0),0,0.641308,0.451912,0.023218,0.03012,13.37342399922473,0.358692,0.1081114398422045,94.22916666666667,3,576x444,7,team,heo,3,3,large,low,mid,center
001_20200714_163058(0),1,0.640641,0.367936,0.023218,0.03012,13.37342399922473,0.359359,1.6164946164946201,91.23737373737374,3,576x444,7,team,heo,3,3,large,low,mid,center
001_20200714_163058(0),2,0.644645,0.300409,0.023218,0.03012,13.37342399922473,0.300409,0.08881903353058362,94.26041666666667,3,576x444,7,team,heo,3,3,large,low,mid,center
001_20200714_163100(9),0,0.63594,0.500547,0.023218,0.03012,13.37342399922473,0.36406000000000005,1.0481693786982191,89.484375,3,576x444,7,team,heo,3,3,large,low,mid,center
001_20200714_163100(9),1,0.630742,0.422618,0.023218,0.03012,13.37342399922473,0.369258,0.002712031558175454,88.54166666666667,3,576x444,7,team,heo,3,3,large,low,mid,center
001_20200714_163100(9),2,0.627276,0.352931,0.023218,0.03012,13.37342399922473,0.352931,0.49075443786982476,91.4375,3,576x444,7,team,heo,3,3,large,low,mid,center
001_20200714_163104(1),0,0.635415,0.565534,0.023218,0.03012,13.37342399922473,0.36458500000000005,1.2269907963185318,89.43627450980392,3,576x444,7,team,heo,3,3,large,low,mid,center
001_20200714_163104(1),1,0.631927,0.481382,0.023218,0.03012,13.37342399922473,0.368073,0.8089688089687996,86.79797979797979,3,576x444,7,team,heo,3,3,large,low,mid,center
001_20200714_163104(1),2,0.632625,0.412613,0.023218,0.03012,13.37342399922473,0.367375,2.4022127712031534,90.34895833333333,3,576x444,7,team,heo,3,3,large,low,mid,center
001_20200714_163107(2),0,0.645291,0.554489,0.023218,0.03012,13.37342399922473,0.35470900000000005,0.30978796844182455,88.14583333333333,3,576x444,7,team,heo,3,3,large,low,mid,center
001_20200714_163107(2),1,0.641822,0.470776,0.023218,0.03012,13.37342399922473,0.358178,0.43190143190143715,87.21212121212122,3,576x444,7,team,heo,3,3,large,low,mid,center
001_20200714_163107(2),2,0.644597,0.399664,0.023218,0.03012,13.37342399922473,0.355403,1.3980830867850216,91.09895833333333,3,576x444,7,team,heo,3,3,large,low,mid,center
001_20200714_163110(3),0,0.648638,0.534101,0.023218,0.03012,13.37342399922473,0.35136199999999995,0.4435009435009363,86.23232323232324,3,576x444,7,team,heo,3,3,large,low,mid,center
001_20200714_163110(3),1,0.640058,0.450717,0.023218,0.03012,13.37342399922473,0.359942,1.4186924186924301,85.23737373737374,3,576x444,7,team,heo,3,3,large,low,dark,center
001_20200714_163110(3),2,0.636703,0.381562,0.023218,0.03012,13.37342399922473,0.363297,1.1162167159763356,89.015625,3,576x444,7,team,heo,3,3,large,low,mid,center
001_20200714_163113(3),0,0.636439,0.540914,0.023218,0.03012,13.37342399922473,0.363561,1.729714729714729,84.55050505050505,3,576x444,7,team,heo,3,3,large,low,dark,center
001_20200714_163113(3),1,0.631906,0.456921,0.023218,0.03012,13.37342399922473,0.36809400000000003,0.9454781912765071,85.96078431372548,3,576x444,7,team,heo,3,3,large,low,mid,center
001_20200714_163113(3),2,0.629317,0.389727,0.023218,0.03012,13.37342399922473,0.370683,0.6097791097791116,89.87373737373737,3,576x444,7,team,heo,3,3,large,low,mid,center
001_20200714_225902(4),0,0.610889,0.262072,0.023218,0.03012,13.37342399922473,0.262072,2.9610944610944614,95.5050505050505,3,576x444,7,team,jung,3,3,large,mid,mid,center
001_20200714_225902(4),1,0.617354,0.334753,0.023218,0.03012,13.37342399922473,0.334753,0.07615261341223345,93.25520833333333,3,576x444,7,team,jung,3,3,large,low,mid,center
001_20200714_225902(4),2,0.624895,0.436786,0.023218,0.03012,13.37342399922473,0.375105,4.8549419767907125,100.55392156862744,3,576x444,7,team,jung,3,3,large,mid,mid,center
001_20200714_225906(4),0,0.584132,0.497012,0.023218,0.03012,13.37342399922473,0.415868,4.91333826429981,96.85416666666667,3,576x444,7,team,jung,3,3,large,high,mid,center
001_20200714_225906(4),1,0.597599,0.569693,0.023218,0.03012,13.37342399922473,0.402401,2.0088245088245174,93.21212121212122,3,576x444,7,team,jung,3,3,large,low,mid,center
001_20200714_225906(4),2,0.620225,0.664039,0.023218,0.03012,13.37342399922473,0.33596099999999995,3.2874347874347762,100.29292929292929,3,576x444,7,team,jung,3,3,large,mid,mid,center
001_20200714_225909(9),0,0.61355,0.491369,0.023218,0.03012,13.37342399922473,0.38644999999999996,6.027972027972027,98.18181818181819,3,576x444,7,team,jung,3,3,large,high,mid,center
001_20200714_225909(9),1,0.619476,0.568942,0.023218,0.03012,13.37342399922473,0.380524,0.23426573426573327,93.27272727272727,3,576x444,7,team,jung,3,3,large,low,mid,center
001_20200714_225909(9),2,0.628634,0.669578,0.023218,0.03012,13.37342399922473,0.330422,2.117382617382617,98.72727272727273,3,576x444,7,team,jung,3,3,large,low,mid,center
001_20200714_225913(0),0,0.644466,0.414373,0.023218,0.03012,13.37342399922473,0.355534,2.3073038073038106,96.6919191919192,3,576x444,7,team,jung,3,3,large,low,mid,center
001_20200714_225913(0),1,0.647367,0.483721,0.023218,0.03012,13.37342399922473,0.352633,1.1276501276501278,96.29797979797979,3,576x444,7,team,jung,3,3,large,low,mid,center
001_20200714_225913(0),2,0.653583,0.565433,0.023218,0.03012,13.37342399922473,0.346417,1.8963258963258909,98.57070707070707,3,576x444,7,team,jung,3,3,large,low,mid,center
001_20200714_225916(1),0,0.636567,0.44723,0.023218,0.03012,13.37342399922473,0.363433,2.576337524654832,95.02604166666667,3,576x444,7,team,jung,3,3,large,mid,mid,center
001_20200714_225916(1),1,0.634909,0.514965,0.023218,0.03012,13.37342399922473,0.36509100000000005,0.7551158777120293,94.36458333333333,3,576x444,7,team,jung,3,3,large,low,mid,center
001_20200714_225916(1),2,0.636153,0.596678,0.023218,0.03012,13.37342399922473,0.36384700000000003,1.158730158730151,99.05555555555556,3,576x444,7,team,jung,3,3,large,low,mid,center
001_20200714_225919(2),0,0.634468,0.531189,0.023218,0.03012,13.37342399922473,0.36553199999999997,4.168775668775666,97.26767676767676,3,576x444,7,team,jung,3,3,large,mid,mid,center
001_20200714_225919(2),1,0.644165,0.598279,0.023218,0.03012,13.37342399922473,0.355835,1.4046509046509073,95.45959595959596,3,576x444,7,team,jung,3,3,large,low,mid,center
001_20200714_225919(2),2,0.65871,0.67725,0.023218,0.03012,13.37342399922473,0.32275,1.0650887573964525,98.0,3,576x444,7,team,jung,3,3,large,low,mid,center
001_20200715_002651(8),0,0.614203,0.367376,0.023218,0.03012,13.37342399922473,0.367376,4.410367410367414,95.20707070707071,3,576x444,7,team,lee,3,3,large,mid,mid,center
001_20200715_002651(8),1,0.620982,0.440919,0.023218,0.03012,13.37342399922473,0.37901799999999997,0.5969243096646863,92.00520833333333,3,576x444,7,team,lee,3,3,large,low,mid,center
001_20200715_002651(8),2,0.63577,0.54164,0.023218,0.03012,13.37342399922473,0.36423000000000005,2.5857679980276203,97.86979166666667,3,576x444,7,team,lee,3,3,large,mid,mid,center
001_20200715_002656(3),0,0.615474,0.417836,0.023218,0.03012,13.37342399922473,0.38452600000000003,3.0022805719921166,94.63541666666667,3,576x444,7,team,lee,3,3,large,mid,mid,center
001_20200715_002656(3),1,0.621162,0.489165,0.023218,0.03012,13.37342399922473,0.378838,0.9280387080867882,93.03645833333333,3,576x444,7,team,lee,3,3,large,low,mid,center
001_20200715_002656(3),2,0.630167,0.589395,0.023218,0.03012,13.37342399922473,0.36983299999999997,3.9441669441669376,97.51010101010101,3,576x444,7,team,lee,3,3,large,mid,mid,center
001_20200715_002700(8),0,0.602458,0.419818,0.023218,0.03012,13.37342399922473,0.39754199999999995,3.1701076701076687,94.25252525252525,3,576x444,7,team,lee,3,3,large,mid,mid,center
001_20200715_002700(8),1,0.60862,0.59814,0.023218,0.03012,13.37342399922473,0.39137999999999995,3.063085552268234,97.53645833333333,3,576x444,7,team,lee,3,3,large,mid,mid,center
001_20200715_002700(8),2,0.603406,0.493606,0.023218,0.03012,13.37342399922473,0.396594,0.2872682872682901,92.26767676767676,3,576x444,7,team,lee,3,3,large,low,mid,center
001_20200715_002705(1),0,0.633963,0.393198,0.023218,0.03012,13.37342399922473,0.36603699999999995,1.167499167499173,97.46969696969697,3,576x444,7,team,lee,3,3,large,low,mid,center
001_20200715_002705(1),1,0.638229,0.461452,0.023218,0.03012,13.37342399922473,0.36177099999999995,0.36391386391386504,97.70202020202021,3,576x444,7,team,lee,3,3,large,low,mid,center
001_20200715_002705(1),2,0.643443,0.545695,0.023218,0.03012,13.37342399922473,0.356557,0.48881286982248184,98.765625,3,576x444,7,team,lee,3,3,large,low,mid,center
001_20200715_002709(8),0,0.640003,0.431176,0.023218,0.03012,13.37342399922473,0.359997,1.0041605029585838,95.578125,3,576x444,7,team,lee,3,3,large,low,mid,center
001_20200715_002709(8),1,0.6437,0.498324,0.023218,0.03012,13.37342399922473,0.35629999999999995,0.3984837278106568,96.40625,3,576x444,7,team,lee,3,3,large,low,mid,center
001_20200715_002709(8),2,0.648014,0.57986,0.023218,0.03012,13.37342399922473,0.351986,2.067492603550292,97.84375,3,576x444,7,team,lee,3,3,large,low,mid,center
001_20200715_002714(2),0,0.633783,0.398187,0.023218,0.03012,13.37342399922473,0.366217,1.9051504051504082,94.64141414141415,3,576x444,7,team,lee,3,3,large,low,mid,center
001_20200715_002714(2),1,0.635241,0.467718,0.023218,0.03012,13.37342399922473,0.36475900000000006,0.5566100566100545,96.10606060606061,3,576x444,7,team,lee,3,3,large,low,mid,center
001_20200715_002714(2),2,0.638887,0.549075,0.023218,0.03012,13.37342399922473,0.361113,2.2737817737817636,97.67676767676768,3,576x444,7,team,lee,3,3,large,low,mid,center
001_20200715_042104(4),0,0.640074,0.545409,0.023218,0.03012,13.37342399922473,0.35992599999999997,1.960927960927961,97.55555555555556,3,576x444,7,team,heo,3,3,large,low,mid,center
001_20200715_042104(4),1,0.631439,0.465593,0.023218,0.03012,13.37342399922473,0.368561,0.02927761341223345,94.69791666666667,3,576x444,7,team,heo,3,3,large,low,mid,center
001_20200715_042104(4),2,0.626582,0.395579,0.023218,0.03012,13.37342399922473,0.373418,1.4295704295704326,96.86363636363636,3,576x444,7,team,heo,3,3,large,low,mid,center
001_20200715_042108(8),0,0.647928,0.563179,0.023218,0.03012,13.37342399922473,0.35207200000000005,1.8820623820623723,98.5959595959596,3,576x444,7,team,heo,3,3,large,low,mid,center
001_20200715_042108(8),1,0.641433,0.480318,0.023218,0.03012,13.37342399922473,0.35856699999999997,0.6644169132149784,96.16145833333333,3,576x444,7,team,heo,3,3,large,low,mid,center
001_20200715_042108(8),2,0.639809,0.413607,0.023218,0.03012,13.37342399922473,0.36019100000000004,1.786242603550292,94.875,3,576x444,7,team,heo,3,3,large,low,mid,center
001_20200715_042113(4),0,0.649216,0.518094,0.023218,0.03012,13.37342399922473,0.350784,0.7124849939976059,98.04411764705883,3,576x444,7,team,heo,3,3,large,low,mid,center
001_20200715_042113(4),1,0.648552,0.434475,0.023218,0.03012,13.37342399922473,0.351448,1.2854367854367865,97.06565656565657,3,576x444,7,team,heo,3,3,large,low,mid,center
001_20200715_042113(4),2,0.647887,0.363787,0.023218,0.03012,13.37342399922473,0.352113,1.7142302142302128,95.31313131313131,3,576x444,7,team,heo,3,3,large,low,mid,center
001_20200715_042118(0),0,0.632343,0.61339,0.023218,0.03012,13.37342399922473,0.367657,2.158777120315577,97.83333333333333,3,576x444,7,team,heo,3,3,large,low,mid,center
001_20200715_042118(0),1,0.623409,0.514055,0.023218,0.03012,13.37342399922473,0.376591,0.5145965145965192,93.64646464646465,3,576x444,7,team,heo,3,3,large,low,mid,center
001_20200715_042118(0),2,0.615752,0.440382,0.023218,0.03012,13.37342399922473,0.38424800000000003,5.265655818540424,96.39583333333333,3,576x444,7,team,heo,3,3,large,high,mid,center
001_20200715_042122(5),0,0.624447,0.573784,0.023218,0.03012,13.37342399922473,0.375553,2.882951183431956,97.46875,3,576x444,7,team,heo,3,3,large,mid,mid,center
001_20200715_042122(5),1,0.615868,0.47191,0.023218,0.03012,13.37342399922473,0.38413200000000003,0.42298446745562046,94.109375,3,576x444,7,team,heo,3,3,large,low,mid,center
001_20200715_042122(5),2,0.611249,0.398287,0.023218,0.03012,13.37342399922473,0.38875099999999996,4.643757503001211,96.3529411764706,3,576x444,7,team,heo,3,3,large,mid,mid,center
001_20200715_042127(0),0,0.61734,0.590661,0.023218,0.03012,13.37342399922473,0.38266,3.3080004930966425,97.30208333333333,3,576x444,7,team,heo,3,3,large,mid,mid,center
001_20200715_042127(0),1,0.608385,0.488289,0.023218,0.03012,13.37342399922473,0.39161500000000005,0.1370192307692264,93.09375,3,576x444,7,team,heo,3,3,large,low,mid,center
001_20200715_042127(0),2,0.603349,0.414959,0.023218,0.03012,13.37342399922473,0.396651,5.004930966469416,95.83333333333333,3,576x444,7,team,heo,3,3,large,high,mid,center
001_20200715_083509(3),0,0.610392,0.372007,0.023218,0.03012,13.37342399922473,0.372007,4.974747474747474,95.97474747474747,3,576x444,7,team,jung,3,3,large,high,mid,center
001_20200715_083509(3),1,0.617022,0.446194,0.023218,0.03012,13.37342399922473,0.38297800000000004,0.28449328449327993,90.38888888888889,3,576x444,7,team,jung,3,3,large,low,mid,center
001_20200715_083509(3),2,0.627382,0.547259,0.023218,0.03012,13.37342399922473,0.372618,2.7831612831612773,96.4040404040404,3,576x444,7,team,jung,3,3,large,mid,mid,center
001_20200715_083513(8),0,0.607592,0.378994,0.023218,0.03012,13.37342399922473,0.378994,3.9701409701409744,94.96464646464646,3,576x444,7,team,jung,3,3,large,mid,mid,center
001_20200715_083513(8),1,0.616696,0.449859,0.023218,0.03012,13.37342399922473,0.383304,0.5376294378698248,89.484375,3,576x444,7,team,jung,3,3,large,low,mid,center
001_20200715_083513(8),2,0.633504,0.550704,0.023218,0.03012,13.37342399922473,0.36649600000000004,3.7809967809967873,96.11616161616162,3,576x444,7,team,jung,3,3,large,mid,mid,center
001_20200715_083518(2),0,0.614407,0.36625,0.023218,0.03012,13.37342399922473,0.36625,4.305805305805308,94.64646464646465,3,576x444,7,team,jung,3,3,large,mid,mid,center
001_20200715_083518(2),1,0.618716,0.438931,0.023218,0.03012,13.37342399922473,0.38128399999999996,1.1728271728271693,89.4090909090909,3,576x444,7,team,jung,3,3,large,low,mid,center
001_20200715_083518(2),2,0.629491,0.542362,0.023218,0.03012,13.37342399922473,0.370509,3.5104166666666714,94.51041666666667,3,576x444,7,team,jung,3,3,large,mid,mid,center
001_20200715_083522(7),0,0.611514,0.409471,0.023218,0.03012,13.37342399922473,0.388486,4.233635355029591,94.109375,3,576x444,7,team,jung,3,3,large,mid,mid,center
001_20200715_083522(7),1,0.620618,0.48397,0.023218,0.03012,13.37342399922473,0.379382,0.23681873681873356,90.13131313131314,3,576x444,7,team,jung,3,3,large,low,mid,center
001_20200715_083522(7),2,0.631823,0.588449,0.023218,0.03012,13.37342399922473,0.368177,2.7688422688422776,95.1919191919192,3,576x444,7,team,jung,3,3,large,mid,mid,center
001_20200715_083527(3),0,0.609758,0.430795,0.023218,0.03012,13.37342399922473,0.390242,4.566105769230774,94.796875,3,576x444,7,team,jung,3,3,large,mid,mid,center
001_20200715_083527(3),1,0.621071,0.503476,0.023218,0.03012,13.37342399922473,0.37892899999999996,0.6143676035502921,89.703125,3,576x444,7,team,jung,3,3,large,low,mid,center
001_20200715_083527(3),2,0.636693,0.606907,0.023218,0.03012,13.37342399922473,0.36330700000000005,3.1808431952662772,95.0625,3,576x444,7,team,jung,3,3,large,mid,mid,center
001_20200715_083531(8),0,0.597104,0.458226,0.023218,0.03012,13.37342399922473,0.40289600000000003,5.197913197913195,95.37373737373737,3,576x444,7,team,jung,3,3,large,high,mid,center
001_20200715_083531(8),1,0.604107,0.533703,0.023218,0.03012,13.37342399922473,0.39589300000000005,0.10394157663064618,88.07843137254902,3,576x444,7,team,jung,3,3,large,low,mid,center
001_20200715_083531(8),2,0.617574,0.640628,0.023218,0.03012,13.37342399922473,0.359372,3.474204881656803,93.515625,3,576x444,7,team,jung,3,3,large,mid,mid,center
001_20200721_163828(2),0,0.583466,0.398297,0.023218,0.03012,13.37342399922473,0.398297,1.6967787114845834,95.05392156862744,3,576x444,7,team,lee,1,1,large,low,mid,center
001_20200721_163831(6),0,0.572504,0.450573,0.023218,0.03012,13.37342399922473,0.427496,1.6174381174381125,93.41414141414141,3,576x444,7,team,lee,1,1,large,low,mid,center
001_20200721_163835(0),0,0.588816,0.569566,0.023218,0.03012,13.37342399922473,0.411184,2.3182272909163686,93.82843137254902,3,576x444,7,team,lee,1,1,large,low,mid,center
001_20200721_163838(2),0,0.564372,0.492818,0.023218,0.03012,13.37342399922473,0.435628,3.1672771672771773,92.72222222222223,3,576x444,7,team,lee,1,1,large,mid,mid,center
001_20200721_163841(6),0,0.551298,0.40389,0.023218,0.03012,13.37342399922473,0.40389,2.627095660749518,91.47916666666667,3,576x444,7,team,lee,1,1,large,mid,mid,center
001_20200721_163845(0),0,0.565825,0.474748,0.023218,0.03012,13.37342399922473,0.434175,3.991730491730493,92.65656565656566,3,576x444,7,team,lee,1,1,large,mid,mid,center
001_20200722_003342(7),0,0.582493,0.38534,0.023218,0.03012,13.37342399922473,0.38534,0.623265623265624,87.53535353535354,3,576x444,7,team,lee,1,1,large,low,mid,center
001_20200722_003351(5),0,0.580703,0.374233,0.023218,0.03012,13.37342399922473,0.374233,4.0712065712065595,91.25252525252525,3,576x444,7,team,lee,1,1,large,mid,mid,center
001_20200722_043531(1),0,0.564442,0.386484,0.023218,0.03012,13.37342399922473,0.386484,3.033577533577528,87.05555555555556,3,576x444,7,team,jung,1,1,large,mid,mid,center
001_20200722_043535(5),0,0.584581,0.362108,0.023218,0.03012,13.37342399922473,0.362108,1.9226454635108468,86.17708333333333,3,576x444,7,team,jung,1,1,large,low,mid,center
001_20200722_083525(2),0,0.579697,0.432251,0.023218,0.03012,13.37342399922473,0.420303,2.0901360544217766,94.41666666666667,3,576x444,7,team,heo,1,1,large,low,mid,center
001_20200722_083529(6),0,0.567626,0.494583,0.023218,0.03012,13.37342399922473,0.43237400000000004,2.0207015207015218,91.20202020202021,3,576x444,7,team,heo,1,1,large,low,mid,center
001_20200722_131315(1),0,0.561556,0.520504,0.023218,0.03012,13.37342399922473,0.43844399999999994,1.9324564324564335,92.58080808080808,3,576x444,7,team,lee,1,1,large,low,mid,center
001_20200722_131319(5),0,0.559323,0.308317,0.023218,0.03012,13.37342399922473,0.308317,5.122348939575829,95.12745098039215,3,576x444,7,team,lee,1,1,large,high,mid,center
001_20200722_163247(7),0,0.577549,0.469805,0.023218,0.03012,13.37342399922473,0.422451,2.738812869822482,93.484375,3,576x444,7,team,jung,1,1,large,mid,mid,center
001_20200722_163255(2),0,0.5658,0.495548,0.023218,0.03012,13.37342399922473,0.43420000000000003,1.1006402561024373,93.5343137254902,3,576x444,7,team,jung,1,1,large,low,mid,center
001_20200723_003047(2),0,0.562483,0.393669,0.023218,0.03012,13.37342399922473,0.393669,3.4148629148629084,90.34343434343434,3,576x444,7,team,heo,1,1,large,mid,mid,center
001_20200723_003051(9),0,0.57808,0.382707,0.023218,0.03012,13.37342399922473,0.382707,1.198979591836732,93.5,3,576x444,7,team,heo,1,1,large,low,mid,center
001_20200723_043303(9),0,0.579835,0.385536,0.023218,0.03012,13.37342399922473,0.385536,0.31102440976390255,92.00490196078431,3,576x444,7,team,lee,1,1,large,low,mid,center
001_20200723_043308(5),0,0.568893,0.415968,0.023218,0.03012,13.37342399922473,0.415968,2.520802514792905,87.390625,3,576x444,7,team,lee,1,1,large,mid,mid,center
001_20200723_082647(1),0,0.581616,0.436009,0.023218,0.03012,13.37342399922473,0.418384,2.9017649017649063,92.24242424242425,3,576x444,7,team,jung,1,1,large,mid,mid,center
001_20200723_082651(6),0,0.567834,0.520385,0.023218,0.03012,13.37342399922473,0.43216600000000005,4.367947178871546,91.98529411764706,3,576x444,7,team,jung,1,1,large,mid,mid,center
001_20200723_123426(4),0,0.56727,0.291037,0.023218,0.03012,13.37342399922473,0.291037,0.09787968441814598,93.54166666666667,3,576x444,7,team,heo,1,1,large,low,mid,center
001_20200723_123428(2),0,0.567473,0.263788,0.023218,0.03012,13.37342399922473,0.263788,2.2588035214085664,87.7843137254902,3,576x444,7,team,heo,1,1,large,low,mid,center
001_20200723_163233(0),0,0.57557,0.45566,0.023218,0.03012,13.37342399922473,0.42443,0.06558185404338701,94.08333333333333,3,576x444,7,team,lee,1,1,large,low,mid,center
001_20200723_163243(6),0,0.576168,0.569394,0.023218,0.03012,13.37342399922473,0.423832,2.8980463980464037,92.72222222222223,3,576x444,7,team,lee,1,1,large,mid,mid,center
001_20200723_203353(2),0,0.582383,0.365025,0.023218,0.03012,13.37342399922473,0.365025,0.9959484959484968,93.35858585858585,3,576x444,7,team,jung,1,1,large,low,mid,center
001_20200723_203357(7),0,0.575448,0.370032,0.023218,0.03012,13.37342399922473,0.370032,1.8810096153846132,93.265625,3,576x444,7,team,jung,1,1,large,low,mid,center
001_20200724_003201(1),0,0.566079,0.384872,0.023218,0.03012,13.37342399922473,0.384872,0.5292116846738679,90.5343137254902,3,576x444,7,team,heo,1,1,large,low,mid,center
001_20200724_003210(1),0,0.578239,0.376377,0.023218,0.03012,13.37342399922473,0.376377,1.0469187675069946,90.22549019607843,3,576x444,7,team,heo,1,1,large,low,mid,center
001_20200727_091913(0),0,0.570265,0.402899,0.023218,0.03012,13.37342399922473,0.402899,2.3302808302808273,86.05555555555556,3,576x444,7,team,lee,1,1,large,low,mid,center
001_20200727_091915(2),0,0.579132,0.371345,0.023218,0.03012,13.37342399922473,0.371345,0.16716616716615817,95.15151515151516,3,576x444,7,team,lee,1,1,large,low,mid,center
001_20200727_123118(0),0,0.571135,0.412118,0.023218,0.03012,13.37342399922473,0.412118,4.326730692276911,91.99509803921569,3,576x444,7,team,jung,1,1,large,mid,mid,center
001_20200727_123121(5),0,0.583051,0.459805,0.023218,0.03012,13.37342399922473,0.416949,3.433673469387756,95.0,3,576x444,7,team,jung,1,1,large,mid,mid,center
001_20200727_163532(4),0,0.570172,0.471658,0.023218,0.03012,13.37342399922473,0.429828,1.504561143984219,96.77083333333333,3,576x444,7,team,heo,1,1,large,low,mid,center
001_20200727_163538(3),0,0.575895,0.530094,0.023218,0.03012,13.37342399922473,0.42410499999999995,4.064873027613416,90.08854166666667,3,576x444,7,team,heo,1,1,large,mid,mid,center
001_20200727_204954(7),0,0.5598958333333334,0.35135135135135137,0.019097222222222224,0.018018018018018018,9.38083151964686,0.35135135135135137,1.5163636363636357,94.88,3,576x444,7,official,,1,1,small,low,mid,center
001_20200727_204958(2),0,0.5642361111111112,0.34234234234234234,0.013888888888888888,0.018018018018018018,8.0,0.34234234234234234,3.3177083333333286,89.33333333333333,3,576x444,7,official,,1,1,small,mid,mid,center
001_20200728_014351(3),0,0.5529513888888888,0.4954954954954955,0.019097222222222224,0.02252252252252252,10.488088481701515,0.44704861111111116,1.9942760942761026,94.68518518518519,3,576x444,7,official,,1,1,mid,low,mid,center
001_20200728_014355(2),0,0.5677083333333334,0.43243243243243246,0.013888888888888888,0.02702702702702703,9.797958971132712,0.43229166666666663,3.584134615384613,90.28205128205128,3,576x444,7,official,,1,1,small,mid,mid,center
001_20200728_043138(3),0,0.5789930555555556,0.4166666666666667,0.019097222222222224,0.02702702702702703,11.489125293076057,0.4166666666666667,3.726750261233022,94.28735632183908,3,576x444,7,official,,1,1,large,mid,mid,center
001_20200728_043141(5),0,0.5520833333333334,0.48986486486486486,0.017361111111111112,0.02027027027027027,9.486832980505138,0.44791666666666663,0.04000000000000625,94.30666666666667,3,576x444,7,official,,1,1,small,low,mid,center
001_20200728_083108(2),0,0.5668402777777778,0.4358108108108108,0.015625,0.024774774774774775,9.9498743710662,0.4331597222222222,0.4446386946386838,89.59615384615384,3,576x444,7,official,,1,1,small,low,mid,center
001_20200728_083116(1),0,0.5729166666666666,0.46959459459459457,0.013888888888888888,0.024774774774774775,9.38083151964686,0.42708333333333337,1.5053030303030255,91.26666666666667,3,576x444,7,official,,1,1,small,low,mid,center
001_20200728_123129(2),0,0.5824652777777778,0.46846846846846846,0.015625,0.02252252252252252,9.486832980505138,0.4175347222222222,3.228888888888889,90.37333333333333,3,576x444,7,official,,1,1,small,mid,mid,center
001_20200728_123132(4),0,0.5685763888888888,0.5225225225225225,0.015625,0.02702702702702703,10.392304845413264,0.43142361111111116,2.712962962962962,91.83333333333333,3,576x444,7,official,,1,1,mid,mid,mid,center
001_20200728_163910(5),0,0.5729166666666666,0.4380630630630631,0.020833333333333332,0.02027027027027027,10.392304845413264,0.42708333333333337,0.040123456790126966,95.34567901234568,3,576x444,7,official,,1,1,mid,low,mid,center
001_20200728_163913(6),0,0.5815972222222222,0.4436936936936937,0.017361111111111112,0.02702702702702703,10.954451150103322,0.4184027777777778,0.0535714285714306,97.13690476190476,3,576x444,7,official,,1,1,mid,low,mid,center
001_20200810_085043(8),0,0.5746527777777778,0.4864864864864865,0.017361111111111112,0.02702702702702703,10.954451150103322,0.4253472222222222,1.6190476190476204,88.82738095238095,3,576x444,8,official,,1,1,mid,low,mid,center
001_20200810_085047(2),0,0.5591,0.462513,0.023218,0.03012,13.37342399922473,0.44089999999999996,4.332334332334327,92.46969696969697,3,576x444,8,team,heo,1,1,large,mid,mid,center
001_20200810_123047(8),0,0.5685763888888888,0.44144144144144143,0.015625,0.02252252252252252,9.486832980505138,0.43142361111111116,1.539999999999992,79.97333333333333,3,576x444,8,official,,1,1,small,low,dark,center
001_20200810_123051(3),0,0.5755208333333334,0.5202702702702703,0.019097222222222224,0.02252252252252252,10.488088481701515,0.42447916666666663,1.5745230078563424,82.76543209876543,3,576x444,8,official,,1,1,mid,low,dark,center
001_20200810_163112(8),0,0.5572916666666666,0.5123873873873874,0.024305555555555556,0.024774774774774775,12.409673645990857,0.44270833333333337,2.3712470325373545,86.99462365591398,3,576x444,8,official,,1,1,large,low,mid,center
001_20200810_163116(0),0,0.5651041666666666,0.44256756756756754,0.019097222222222224,0.024774774774774775,11.0,0.43489583333333337,3.3428768201495416,89.20238095238095,3,576x444,8,official,,1,1,mid,mid,mid,center
001_20200810_203208(7),0,0.5546875,0.43355855855855857,0.015625,0.024774774774774775,9.9498743710662,0.43355855855855857,3.4551282051282044,89.12179487179488,3,576x444,8,official,,1,1,small,mid,mid,center
001_20200810_203212(6),0,0.5607638888888888,0.4527027027027027,0.024305555555555556,0.02702702702702703,12.96148139681572,0.43923611111111116,0.8177083333333286,93.94270833333333,3,576x444,8,official,,1,1,large,low,mid,center
001_20200811_003323(2),0,0.5711805555555556,0.48423423423423423,0.020833333333333332,0.02702702702702703,12.0,0.4288194444444444,0.7236111111111114,96.27222222222223,3,576x444,8,official,,1,1,large,low,mid,center
001_20200811_003327(0),0,0.5668402777777778,0.44932432432432434,0.015625,0.024774774774774775,9.9498743710662,0.4331597222222222,3.8848096348096277,94.48076923076923,3,576x444,8,official,,1,1,small,mid,mid,center
001_20200811_043037(3),0,0.5572916666666666,0.5123873873873874,0.017361111111111112,0.024774774774774775,10.488088481701515,0.44270833333333337,2.2962962962962905,89.79629629629629,3,576x444,8,official,,1,1,mid,low,mid,center
001_20200811_043041(6),0,0.5460069444444444,0.5461711711711712,0.019097222222222224,0.02927927927927928,11.958260743101398,0.4538288288288288,1.574669774669772,97.02222222222223,3,576x444,8,official,,1,1,large,low,mid,center
001_20200814_033012(7),0,0.5572916666666666,0.40653153153153154,0.017361111111111112,0.024774774774774775,10.488088481701515,0.40653153153153154,4.021436588103256,91.51234567901234,3,576x444,8,official,,1,1,mid,mid,mid,center
001_20200814_033016(6),0,0.5546875,0.32319819819819817,0.015625,0.02927927927927928,10.816653826391967,0.32319819819819817,2.714743589743591,99.125,3,576x444,8,official,,1,1,mid,mid,mid,center
001_20200814_043321(6),0,0.5720486111111112,0.4369369369369369,0.022569444444444444,0.03153153153153153,13.490737563232042,0.42795138888888884,2.300699300699293,98.45454545454545,3,576x444,8,official,,1,1,large,low,mid,center
001_20200814_043345(8),0,0.562795,0.492964,0.023218,0.03012,13.37342399922473,0.43720499999999995,1.5540216086434526,96.67647058823529,3,576x444,8,team,heo,1,1,large,low,mid,center
001_20200814_083045(8),0,0.5737847222222222,0.38626126126126126,0.022569444444444444,0.02927927927927928,13.0,0.38626126126126126,3.1719366370808757,90.43229166666667,3,576x444,8,official,,1,1,large,mid,mid,center
001_20200814_083051(9),0,0.5616319444444444,0.34572072072072074,0.022569444444444444,0.024774774774774775,11.958260743101398,0.34572072072072074,3.9146464646464665,89.00555555555556,3,576x444,8,official,,1,1,large,mid,mid,center
001_20200814_123136(2),0,0.5763888888888888,0.36936936936936937,0.020833333333333332,0.02252252252252252,10.954451150103322,0.36936936936936937,1.1952380952380963,89.42857142857143,3,576x444,8,official,,1,1,mid,low,mid,center
001_20200814_123143(5),0,0.5833333333333334,0.38288288288288286,0.020833333333333332,0.02702702702702703,12.0,0.38288288288288286,2.18472222222222,89.37222222222222,3,576x444,8,official,,1,1,large,low,mid,center
001_20200814_163101(7),0,0.578125,0.4177927927927928,0.017361111111111112,0.02927927927927928,11.40175425099138,0.4177927927927928,4.234659593280284,92.98850574712644,3,576x444,8,official,,1,1,mid,mid,mid,center
001_20200814_163105(1),0,0.5772569444444444,0.4369369369369369,0.019097222222222224,0.03153153153153153,12.409673645990855,0.4227430555555556,4.546013126658295,93.74731182795699,3,576x444,8,official,,1,1,large,mid,mid,center
001_20200814_203438(9),0,0.5607638888888888,0.29504504504504503,0.024305555555555556,0.02702702702702703,12.96148139681572,0.29504504504504503,1.732886904761898,94.16145833333333,3,576x444,8,official,,1,1,large,low,mid,center
001_20200814_203442(4),0,0.5685763888888888,0.3738738738738739,0.015625,0.02702702702702703,10.392304845413264,0.3738738738738739,0.3179012345678984,97.54938271604938,3,576x444,8,official,,1,1,mid,low,mid,center
001_20200815_003438(6),0,0.5564236111111112,0.35923423423423423,0.019097222222222224,0.024774774774774775,11.0,0.35923423423423423,3.5052636757182256,93.42261904761905,3,576x444,8,official,,1,1,mid,mid,mid,center
001_20200815_003529(0),0,0.5642361111111112,0.45045045045045046,0.020833333333333332,0.02702702702702703,12.0,0.43576388888888884,3.7208333333333314,93.39444444444445,3,576x444,8,official,,1,1,large,mid,mid,center
001_20200818_083145(2),0,0.5737847222222222,0.3322072072072072,0.022569444444444444,0.024774774774774775,11.958260743101398,0.3322072072072072,1.09735819735819,100.67777777777778,3,576x444,8,official,,1,1,large,low,mid,center
001_20200818_083159(7),0,0.5746527777777778,0.44707207207207206,0.017361111111111112,0.02927927927927928,11.40175425099138,0.4253472222222222,2.76259946949601,102.22413793103448,3,576x444,8,official,,1,1,mid,mid,mid,center
001_20200818_123634(4),0,0.5546875,0.36936936936936937,0.015625,0.03153153153153153,11.224972160321824,0.36936936936936937,1.1343732895456924,99.79310344827586,3,576x444,8,official,,1,1,mid,low,mid,center
001_20200818_123638(1),0,0.578633,0.389983,0.023218,0.03012,13.37342399922473,0.389983,3.6358086358086297,102.76767676767676,3,576x444,8,team,lee,1,1,large,mid,mid,center
001_20200818_163230(6),0,0.5824652777777778,0.40540540540540543,0.015625,0.03153153153153153,11.224972160321824,0.40540540540540543,2.2304324028461906,91.27011494252874,3,576x444,8,official,,1,1,mid,low,mid,center
001_20200818_163233(9),0,0.5607638888888888,0.4988738738738739,0.020833333333333332,0.02927927927927928,12.489995996796795,0.43923611111111116,2.7045078577336596,95.56989247311827,3,576x444,8,official,,1,1,large,mid,mid,center
001_20200818_203601(4),0,0.5755208333333334,0.4166666666666667,0.015625,0.02252252252252252,9.486832980505138,0.4166666666666667,4.8999999999999915,90.06666666666666,3,576x444,8,official,,1,1,small,high,mid,center
001_20200818_203607(4),0,0.5703125,0.42117117117117114,0.022569444444444444,0.02252252252252252,11.40175425099138,0.42117117117117114,3.3991158267020296,88.72988505747126,3,576x444,8,official,,1,1,mid,mid,mid,center
001_20200819_003039(4),0,0.5590277777777778,0.3952702702702703,0.020833333333333332,0.02927927927927928,12.489995996796795,0.3952702702702703,1.1639784946236489,96.41397849462365,3,576x444,8,official,,1,1,large,low,mid,center
001_20200819_003044(1),0,0.5737847222222222,0.3704954954954955,0.015625,0.02027027027027027,9.0,0.3704954954954955,1.9128086419753032,95.49305555555556,3,576x444,8,official,,1,1,small,low,mid,center
001_20200819_043209(9),0,0.5798611111111112,0.39414414414414417,0.017361111111111112,0.03153153153153153,11.832159566199232,0.39414414414414417,1.1769841269841237,95.60555555555555,3,576x444,8,official,,1,1,large,low,mid,center
001_20200819_043216(0),0,0.5989583333333334,0.3716216216216216,0.024305555555555556,0.02702702702702703,12.96148139681572,0.3716216216216216,1.3184523809523796,92.60416666666667,3,576x444,8,official,,1,1,large,low,mid,center
001_20200819_083353(5),0,0.5538194444444444,0.39864864864864863,0.017361111111111112,0.03153153153153153,11.832159566199232,0.39864864864864863,2.868253968253981,90.06111111111112,3,576x444,8,official,,1,1,large,mid,mid,center
001_20200819_083401(0),0,0.5425347222222222,0.32432432432432434,0.022569444444444444,0.02702702702702703,12.489995996796797,0.32432432432432434,1.8521505376344152,94.60215053763442,3,576x444,8,official,,1,1,large,low,mid,center
001_20200819_124414(0),0,0.5685763888888888,0.38063063063063063,0.015625,0.018018018018018018,8.48528137423857,0.38063063063063063,1.8762077294686037,89.02898550724638,3,576x444,8,official,,1,1,small,low,mid,center
001_20200819_124415(9),0,0.5538194444444444,0.37274774774774777,0.017361111111111112,0.02027027027027027,9.486832980505138,0.37274774774774777,2.3688888888888897,100.14666666666666,3,576x444,8,official,,1,1,small,low,mid,center
001_20200819_162723(4),0,0.5512152777777778,0.36936936936936937,0.015625,0.02252252252252252,9.486832980505138,0.36936936936936937,1.6288888888888948,86.04,3,576x444,8,official,,1,1,small,low,mid,center
001_20200819_162727(9),0,0.567169,0.37055,0.023218,0.03012,13.37342399922473,0.37055,1.3885601577909341,98.66666666666667,3,576x444,8,team,jung,1,1,large,low,mid,center
001_20200821_150525(5),0,0.5642361111111112,0.5326576576576577,0.020833333333333332,0.024774774774774775,11.489125293076057,0.43576388888888884,0.9639498432601954,96.67241379310344,3,576x444,8,official,,1,1,large,low,mid,center
001_20200821_150529(4),0,0.5407986111111112,0.5664414414414415,0.019097222222222224,0.024774774774774775,11.0,0.4335585585585585,2.886904761904759,91.88690476190476,3,576x444,8,official,,1,1,mid,mid,mid,center
001_20200821_163349(7),0,0.5633680555555556,0.49324324324324326,0.019097222222222224,0.03153153153153153,12.409673645990855,0.4366319444444444,3.4686496299399607,90.49462365591398,3,576x444,8,official,,1,1,large,mid,mid,center
001_20200821_163353(8),0,0.5885416666666666,0.5236486486486487,0.017361111111111112,0.024774774774774775,10.488088481701515,0.41145833333333337,2.5707070707070727,97.88888888888889,3,576x444,8,official,,1,1,mid,mid,mid,center
001_20200826_023328(3),0,0.5572916666666666,0.46396396396396394,0.017361111111111112,0.02252252252252252,10.0,0.44270833333333337,4.664358974358976,102.22435897435898,3,576x444,8,official,,1,1,mid,mid,mid,center
001_20200826_023332(5),0,0.5607638888888888,0.40202702702702703,0.020833333333333332,0.024774774774774775,11.489125293076057,0.40202702702702703,5.105015673981185,95.24137931034483,3,576x444,8,official,,1,1,large,high,mid,center
001_20200826_043252(8),0,0.5477430555555556,0.4403153153153153,0.022569444444444444,0.024774774774774775,11.958260743101398,0.4403153153153153,1.23069153069153,92.81111111111112,3,576x444,8,official,,1,1,large,low,mid,center
001_20200826_043255(8),0,0.578125,0.5225225225225225,0.020833333333333332,0.02702702702702703,12.0,0.421875,0.40972222222222854,97.97222222222223,3,576x444,8,official,,1,1,large,low,mid,center
001_20200826_123711(3),0,0.5616319444444444,0.4380630630630631,0.015625,0.024774774774774775,9.9498743710662,0.4380630630630631,0.8411033411033486,90.67948717948718,3,576x444,8,official,,1,1,small,low,mid,center
001_20200826_123714(5),0,0.5703125,0.44819819819819817,0.022569444444444444,0.02252252252252252,11.40175425099138,0.4296875,3.775508399646327,92.86781609195403,3,576x444,8,official,,1,1,mid,mid,mid,center
001_20200831_083711(6),0,0.8298611111111112,0.4313063063063063,0.020833333333333332,0.02927927927927928,12.489995996796795,0.17013888888888884,0.05500413564929829,92.24731182795699,3,576x444,8,official,,1,1,large,low,mid,center
001_20200831_083714(8),0,0.8342013888888888,0.38738738738738737,0.022569444444444444,0.02702702702702703,12.489995996796797,0.16579861111111116,1.9545078577336596,84.56989247311827,3,576x444,8,official,,1,1,large,low,dark,center
001_20200831_123316(5),0,0.8272569444444444,0.25675675675675674,0.019097222222222224,0.02702702702702703,11.489125293076057,0.17274305555555558,2.7176071055381357,85.98275862068965,3,576x444,8,official,,1,1,large,mid,mid,center
001_20200831_123324(1),0,0.837601,0.332741,0.023218,0.03012,13.37342399922473,0.16239899999999996,1.5186143984220877,86.14583333333333,3,576x444,8,team,heo,1,1,large,low,mid,center
001_20200831_163330(7),0,0.842894,0.286785,0.023218,0.03012,13.37342399922473,0.15710599999999997,5.393768491124263,87.671875,3,576x444,8,team,lee,1,1,large,high,mid,center
001_20200831_163332(1),0,0.84132,0.394547,0.023218,0.03012,13.37342399922473,0.15868000000000004,1.210844710844711,90.91414141414141,3,576x444,8,team,lee,1,1,large,low,mid,center
001_20200831_203249(0),0,0.827668,0.400765,0.023218,0.03012,13.37342399922473,0.17233200000000004,2.1977466977466946,88.31313131313131,3,576x444,8,team,jung,1,1,large,low,mid,center
001_20200831_203253(5),0,0.826036,0.413375,0.023218,0.03012,13.37342399922473,0.173964,3.3811637080867882,88.41666666666667,3,576x444,8,team,jung,1,1,large,mid,mid,center
001_20200901_003429(1),0,0.821184,0.406895,0.023218,0.03012,13.37342399922473,0.17881599999999997,4.4069264069264165,90.12121212121212,3,576x444,9,team,lee,1,1,large,mid,mid,center
001_20200901_003433(7),0,0.832457,0.38819,0.023218,0.03012,13.37342399922473,0.167543,3.497935157790934,91.77604166666667,3,576x444,9,team,lee,1,1,large,mid,mid,center
001_20200901_003438(1),0,0.83882,0.396806,0.023218,0.03012,13.37342399922473,0.16118,2.690676270508206,88.82843137254902,3,576x444,9,team,lee,1,1,large,mid,mid,center
001_20200901_003442(7),0,0.836296,0.394477,0.023218,0.03012,13.37342399922473,0.16370399999999996,1.800310800310811,88.14646464646465,3,576x444,9,team,lee,1,1,large,low,mid,center
001_20200901_003447(1),0,0.82518,0.399821,0.023218,0.03012,13.37342399922473,0.17481999999999998,3.7298754930966425,89.72395833333333,3,576x444,9,team,lee,1,1,large,mid,mid,center
001_20200901_003451(7),0,0.828202,0.386073,0.023218,0.03012,13.37342399922473,0.171798,2.385281385281388,88.24242424242425,3,576x444,9,team,lee,1,1,large,low,mid,center
001_20200901_043410(8),0,0.83423,0.359181,0.023218,0.03012,13.37342399922473,0.16576999999999997,3.13002342209073,86.34895833333333,3,576x444,9,team,jung,1,1,large,mid,mid,center
001_20200901_043415(3),0,0.831343,0.426031,0.023218,0.03012,13.37342399922473,0.16865699999999995,3.7540016006402652,91.65196078431373,3,576x444,9,team,jung,1,1,large,mid,mid,center
001_20200901_043419(9),0,0.832677,0.405156,0.023218,0.03012,13.37342399922473,0.167323,3.3171273171273157,90.26767676767676,3,576x444,9,team,jung,1,1,large,mid,mid,center
001_20200901_043424(4),0,0.831903,0.410228,0.023218,0.03012,13.37342399922473,0.16809700000000005,2.3856542617046728,92.67647058823529,3,576x444,9,team,jung,1,1,large,low,mid,center
001_20200901_043428(8),0,0.842232,0.409238,0.023218,0.03012,13.37342399922473,0.15776800000000002,4.487567987567985,93.14141414141415,3,576x444,9,team,jung,1,1,large,mid,mid,center
001_20200901_043433(3),0,0.828584,0.41247,0.023218,0.03012,13.37342399922473,0.171416,3.172660672660669,91.34848484848484,3,576x444,9,team,jung,1,1,large,mid,mid,center
001_20200901_083346(7),0,0.848907,0.383386,0.023218,0.03012,13.37342399922473,0.15109300000000003,3.052003552003555,91.0959595959596,3,576x444,9,team,heo,1,1,large,mid,mid,center
001_20200901_083356(1),0,0.820084,0.366666,0.023218,0.03012,13.37342399922473,0.17991599999999996,3.9273915187376787,91.22916666666667,3,576x444,9,team,heo,1,1,large,mid,mid,center
001_20200901_083422(0),0,0.821089,0.412903,0.023218,0.03012,13.37342399922473,0.17891100000000004,4.899489399489397,90.08080808080808,3,576x444,9,team,heo,1,1,large,high,mid,center
001_20200901_083438(5),0,0.839604,0.540648,0.023218,0.03012,13.37342399922473,0.16039599999999998,3.4822399822399888,88.70202020202021,3,576x444,9,team,heo,1,1,large,mid,mid,center
001_20200901_083442(9),0,0.841003,0.518371,0.023218,0.03012,13.37342399922473,0.15899700000000005,4.375069375069373,89.35858585858585,3,576x444,9,team,heo,1,1,large,mid,mid,center
001_20200901_083502(5),0,0.853822,0.480126,0.023218,0.03012,13.37342399922473,0.14617800000000003,1.8377178377178467,89.0959595959596,3,576x444,9,team,heo,1,1,large,low,mid,near
001_20200901_123053(8),0,0.850369,0.480993,0.023218,0.03012,13.37342399922473,0.14963099999999996,0.9506595167652847,87.53645833333333,3,576x444,9,team,lee,1,1,large,low,mid,near
001_20200901_123056(9),0,0.842769,0.474113,0.023218,0.03012,13.37342399922473,0.157231,3.7632211538461604,88.609375,3,576x444,9,team,lee,1,1,large,mid,mid,center
001_20200901_123100(2),0,0.847654,0.474976,0.023218,0.03012,13.37342399922473,0.15234599999999998,2.94549894549894,88.9949494949495,3,576x444,9,team,lee,1,1,large,mid,mid,center
001_20200901_123103(2),0,0.820133,0.405119,0.023218,0.03012,13.37342399922473,0.179867,3.1249861249861226,83.82828282828282,3,576x444,9,team,lee,1,1,large,mid,dark,center
001_20200901_123106(4),0,0.813176,0.464403,0.023218,0.03012,13.37342399922473,0.186824,3.337740384615387,83.953125,3,576x444,9,team,lee,1,1,large,mid,dark,center
001_20200901_123109(7),0,0.823967,0.431561,0.023218,0.03012,13.37342399922473,0.176033,1.5199704142011825,82.875,3,576x444,9,team,lee,1,1,large,low,dark,center
001_20200904_230425(6),0,0.829603,0.363007,0.023218,0.03012,13.37342399922473,0.17039700000000002,3.757503001200476,86.19117647058823,3,576x444,9,team,jung,1,1,large,mid,mid,center
001_20200904_230429(3),0,0.828471,0.339071,0.023218,0.03012,13.37342399922473,0.17152900000000004,2.7907421104536496,82.88541666666667,3,576x444,9,team,jung,1,1,large,mid,dark,center
001_20200904_230433(1),0,0.827351,0.354023,0.023218,0.03012,13.37342399922473,0.17264900000000005,1.5667110667110649,81.11616161616162,3,576x444,9,team,jung,1,1,large,low,dark,center
001_20200904_230437(0),0,0.834844,0.388773,0.023218,0.03012,13.37342399922473,0.16515599999999997,2.6288711288711255,82.9090909090909,3,576x444,9,team,jung,1,1,large,mid,dark,center
001_20200904_230440(7),0,0.830082,0.355854,0.023218,0.03012,13.37342399922473,0.169918,3.2377951180472166,80.04901960784314,3,576x444,9,team,jung,1,1,large,mid,dark,center
001_20200904_230444(3),0,0.844368,0.390103,0.023218,0.03012,13.37342399922473,0.155632,2.0233604536489196,80.69791666666667,3,576x444,9,team,jung,1,1,large,low,dark,center
001_20200905_003911(9),0,0.839169,0.498761,0.023218,0.03012,13.37342399922473,0.16083099999999995,1.937037721893489,78.984375,3,576x444,9,team,heo,1,1,large,low,dark,center
001_20200905_003914(9),0,0.83441,0.457272,0.023218,0.03012,13.37342399922473,0.16559000000000001,2.7116772116772125,83.21717171717172,3,576x444,9,team,heo,1,1,large,mid,dark,center
001_20200905_003918(2),0,0.82926,0.437665,0.023218,0.03012,13.37342399922473,0.17074,0.5887265779092701,80.36979166666667,3,576x444,9,team,heo,1,1,large,low,dark,center
001_20200905_003921(2),0,0.831983,0.502318,0.023218,0.03012,13.37342399922473,0.16801699999999997,5.271839271839269,81.78282828282828,3,576x444,9,team,heo,1,1,large,high,dark,center
001_20200905_003924(3),0,0.820001,0.49846,0.023218,0.03012,13.37342399922473,0.17999900000000002,3.612210305719927,80.58854166666667,3,576x444,9,team,heo,1,1,large,mid,dark,center
001_20200905_003927(3),0,0.837725,0.569209,0.023218,0.03012,13.37342399922473,0.16227499999999995,2.2027859960552263,81.77083333333333,3,576x444,9,team,heo,1,1,large,low,dark,center
001_20200905_043356(8),0,0.821143,0.631288,0.023218,0.03012,13.37342399922473,0.17885700000000004,1.1210456210456243,94.06060606060606,3,576x444,9,team,lee,1,1,large,low,mid,center
001_20200905_043359(9),0,0.841975,0.593075,0.023218,0.03012,13.37342399922473,0.15802499999999997,0.2909867909867785,88.25252525252525,3,576x444,9,team,lee,1,1,large,low,mid,center
001_20200905_043402(9),0,0.826725,0.505419,0.023218,0.03012,13.37342399922473,0.17327499999999996,1.7574889053254452,86.390625,3,576x444,9,team,lee,1,1,large,low,mid,center
001_20200905_043406(0),0,0.847568,0.45424,0.023218,0.03012,13.37342399922473,0.152432,1.7103981755424087,89.43229166666667,3,576x444,9,team,lee,1,1,large,low,mid,center
001_20200905_043409(3),0,0.828398,0.450073,0.023218,0.03012,13.37342399922473,0.17160200000000003,2.100040016006403,87.29901960784314,3,576x444,9,team,lee,1,1,large,low,mid,center
001_20200905_043412(3),0,0.835076,0.456349,0.023218,0.03012,13.37342399922473,0.16492399999999996,0.8852258852258927,86.55555555555556,3,576x444,9,team,lee,1,1,large,low,mid,center
001_20200905_083552(0),0,0.836837,0.335951,0.023218,0.03012,13.37342399922473,0.16316299999999995,3.5380152060824344,86.81862745098039,3,576x444,9,team,jung,1,1,large,mid,mid,center
001_20200905_083555(2),0,0.83422,0.364791,0.023218,0.03012,13.37342399922473,0.16578000000000004,2.9625929625929643,86.05050505050505,3,576x444,9,team,jung,1,1,large,mid,mid,center
001_20200905_083558(2),0,0.829065,0.490221,0.023218,0.03012,13.37342399922473,0.17093499999999995,2.3263067061143943,87.64583333333333,3,576x444,9,team,jung,1,1,large,low,mid,center
001_20200905_083603(0),0,0.837527,0.364148,0.023218,0.03012,13.37342399922473,0.16247299999999998,1.473465236686394,88.390625,3,576x444,9,team,jung,1,1,large,low,mid,center
001_20200905_083606(6),0,0.843248,0.476311,0.023218,0.03012,13.37342399922473,0.156752,2.046597633136088,90.875,3,576x444,9,team,jung,1,1,large,low,mid,center
001_20200905_083609(7),0,0.850391,0.410818,0.023218,0.03012,13.37342399922473,0.149609,2.401487401487401,90.3080808080808,3,576x444,9,team,jung,1,1,large,low,mid,near
001_20200905_123258(6),0,0.834703,0.469085,0.023218,0.03012,13.37342399922473,0.16529700000000003,0.7848557692307736,97.015625,3,576x444,9,team,heo,1,1,large,low,mid,center
001_20200905_123303(2),0,0.828658,0.42293,0.023218,0.03012,13.37342399922473,0.171342,1.6902120315581755,96.14583333333333,3,576x444,9,team,heo,1,1,large,low,mid,center
001_20200905_123307(6),0,0.834538,0.429308,0.023218,0.03012,13.37342399922473,0.165462,1.4135539940828465,95.265625,3,576x444,9,team,heo,1,1,large,low,mid,center
001_20200905_123312(1),0,0.838011,0.387687,0.023218,0.03012,13.37342399922473,0.16198900000000005,3.3260073260073284,91.66666666666667,3,576x444,9,team,heo,1,1,large,mid,mid,center
001_20200905_123316(6),0,0.831195,0.40646,0.023218,0.03012,13.37342399922473,0.16880499999999998,1.9915557199211094,90.32291666666667,3,576x444,9,team,heo,1,1,large,low,mid,center
001_20200905_123321(0),0,0.83407,0.374519,0.023218,0.03012,13.37342399922473,0.16593000000000002,4.23733357988165,90.734375,3,576x444,9,team,heo,1,1,large,mid,mid,center
001_20200905_164117(6),0,0.830483,0.374723,0.023218,0.03012,13.37342399922473,0.16951700000000003,2.7335737179487154,94.34895833333333,3,576x444,9,team,lee,1,1,large,mid,mid,center
001_20200905_164122(0),0,0.818137,0.366,0.023218,0.03012,13.37342399922473,0.181863,2.759707840236686,90.765625,3,576x444,9,team,lee,1,1,large,mid,mid,center
001_20200905_164126(5),0,0.825569,0.409698,0.023218,0.03012,13.37342399922473,0.174431,2.209568209568218,91.11616161616162,3,576x444,9,team,lee,1,1,large,low,mid,center
001_20200905_164131(0),0,0.847432,0.384688,0.023218,0.03012,13.37342399922473,0.15256800000000004,1.7188367188367124,94.82323232323232,3,576x444,9,team,lee,1,1,large,low,mid,center
001_20200905_164135(4),0,0.829415,0.414844,0.023218,0.03012,13.37342399922473,0.170585,0.56425665680473,92.984375,3,576x444,9,team,lee,1,1,large,low,mid,center
001_20200905_164140(0),0,0.847411,0.410634,0.023218,0.03012,13.37342399922473,0.15258899999999997,2.664113664113671,93.57070707070707,3,576x444,9,team,lee,1,1,large,mid,mid,center
001_20200905_204255(4),0,0.840657,0.418983,0.023218,0.03012,13.37342399922473,0.159343,3.09163059163059,93.52020202020202,3,576x444,9,team,jung,1,1,large,mid,mid,center
001_20200905_204300(0),0,0.833163,0.415679,0.023218,0.03012,13.37342399922473,0.166837,2.3252858252858317,92.23737373737374,3,576x444,9,team,jung,1,1,large,low,mid,center
001_20200905_204304(5),0,0.83165,0.410982,0.023218,0.03012,13.37342399922473,0.16835,3.4334554334554355,93.94444444444444,3,576x444,9,team,jung,1,1,large,mid,mid,center
001_20200905_204309(0),0,0.832673,0.410639,0.023218,0.03012,13.37342399922473,0.167327,2.308370315581854,91.86458333333333,3,576x444,9,team,jung,1,1,large,low,mid,center
001_20200905_204313(4),0,0.838922,0.392769,0.023218,0.03012,13.37342399922473,0.16107800000000005,2.3394045857988175,90.984375,3,576x444,9,team,jung,1,1,large,low,mid,center
001_20200905_204317(9),0,0.843388,0.435143,0.023218,0.03012,13.37342399922473,0.15661199999999997,0.46998274161735765,91.32291666666667,3,576x444,9,team,jung,1,1,large,low,mid,center
001_20200907_185040(2),0,0.840639,0.435868,0.023218,0.03012,13.37342399922473,0.15936099999999997,1.5721153846153868,91.1875,3,576x444,9,team,heo,1,1,large,low,mid,center
001_20200907_185043(2),0,0.830628,0.558905,0.023218,0.03012,13.37342399922473,0.16937199999999997,0.5843600843600854,90.04040404040404,3,576x444,9,team,heo,1,1,large,low,mid,center
001_20200907_185046(1),0,0.818249,0.564828,0.023218,0.03012,13.37342399922473,0.181751,1.931428747534511,91.28645833333333,3,576x444,9,team,heo,1,1,large,low,mid,center
001_20200907_185049(1),0,0.824637,0.52295,0.023218,0.03012,13.37342399922473,0.17536300000000005,1.343656343656349,90.0909090909091,3,576x444,9,team,heo,1,1,large,low,mid,center
001_20200907_185052(1),0,0.814855,0.34913,0.023218,0.03012,13.37342399922473,0.185145,1.6804861804861844,91.6969696969697,3,576x444,9,team,heo,1,1,large,low,mid,center
001_20200907_185055(2),0,0.830734,0.514557,0.023218,0.03012,13.37342399922473,0.16926600000000003,3.7438979289940875,90.96875,3,576x444,9,team,heo,1,1,large,mid,mid,center
001_20200907_204437(0),0,0.848272,0.378683,0.023218,0.03012,13.37342399922473,0.15172799999999997,0.9888999888999876,91.62626262626263,3,576x444,9,team,lee,1,1,large,low,mid,center
001_20200907_204440(2),0,0.840331,0.345114,0.023218,0.03012,13.37342399922473,0.15966899999999995,0.5592740592740597,91.07575757575758,3,576x444,9,team,lee,1,1,large,low,mid,center
001_20200907_204443(2),0,0.846009,0.392769,0.023218,0.03012,13.37342399922473,0.153991,2.3617788461538396,90.515625,3,576x444,9,team,lee,1,1,large,low,mid,center
001_20200907_204446(0),0,0.823438,0.439978,0.023218,0.03012,13.37342399922473,0.176562,3.607464250493095,88.53645833333333,3,576x444,9,team,lee,1,1,large,mid,mid,center
001_20200907_204448(8),0,0.829917,0.387504,0.023218,0.03012,13.37342399922473,0.17008299999999998,3.6133453381352467,88.09803921568627,3,576x444,9,team,lee,1,1,large,mid,mid,center
001_20200907_204451(8),0,0.832184,0.414412,0.023218,0.03012,13.37342399922473,0.16781599999999997,2.5982350982350937,87.25757575757575,3,576x444,9,team,lee,1,1,large,mid,mid,center
001_20200908_003050(8),0,0.82539,0.41184,0.023218,0.03012,13.37342399922473,0.17461000000000004,2.7968697968697995,83.06060606060606,3,576x444,9,team,jung,1,1,large,mid,dark,center
001_20200908_003059(1),0,0.824221,0.455807,0.023218,0.03012,13.37342399922473,0.17577900000000002,1.5428377712031534,86.48958333333333,3,576x444,9,team,jung,1,1,large,low,mid,center
001_20200908_003103(1),0,0.828423,0.427382,0.023218,0.03012,13.37342399922473,0.17157699999999998,2.714285714285708,87.5,3,576x444,9,team,jung,1,1,large,mid,mid,center
001_20200908_003107(4),0,0.841637,0.375132,0.023218,0.03012,13.37342399922473,0.15836300000000003,0.5193848619329486,93.40104166666667,3,576x444,9,team,jung,1,1,large,low,mid,center
001_20200908_003111(1),0,0.841007,0.357169,0.023218,0.03012,13.37342399922473,0.15899300000000005,2.0677391518737664,92.19791666666667,3,576x444,9,team,jung,1,1,large,low,mid,center
001_20200908_003115(2),0,0.843512,0.378265,0.023218,0.03012,13.37342399922473,0.15648799999999996,3.1335534213685463,93.8529411764706,3,576x444,9,team,jung,1,1,large,mid,mid,center
001_20200908_043328(0),0,0.811506,0.357054,0.023218,0.03012,13.37342399922473,0.18849400000000005,3.8188794378698248,92.765625,3,576x444,9,team,heo,1,1,large,mid,mid,center
001_20200908_043332(2),0,0.826395,0.352451,0.023218,0.03012,13.37342399922473,0.173605,1.3146298146298108,89.85858585858585,3,576x444,9,team,heo,1,1,large,low,mid,center
001_20200908_043336(7),0,0.840659,0.361962,0.023218,0.03012,13.37342399922473,0.15934099999999995,2.1666358481262336,89.03645833333333,3,576x444,9,team,heo,1,1,large,low,mid,center
001_20200908_043341(4),0,0.844136,0.364354,0.023218,0.03012,13.37342399922473,0.155864,2.2829142011834307,90.3125,3,576x444,9,team,heo,1,1,large,low,mid,center
001_20200908_043345(8),0,0.821335,0.412493,0.023218,0.03012,13.37342399922473,0.17866499999999996,2.4684873949579753,92.6470588235294,3,576x444,9,team,heo,1,1,large,mid,mid,center
001_20200908_043350(5),0,0.83717,0.374927,0.023218,0.03012,13.37342399922473,0.16283000000000003,1.8837832840236644,90.984375,3,576x444,9,team,heo,1,1,large,low,mid,center
001_20200912_021546(2),0,0.832493,0.428266,0.023218,0.03012,13.37342399922473,0.16750699999999996,2.3403818403818377,89.06565656565657,3,576x444,9,team,lee,1,1,large,low,mid,center
001_20200912_021549(3),0,0.838623,0.416528,0.023218,0.03012,13.37342399922473,0.161377,3.5646258503401356,87.91666666666667,3,576x444,9,team,lee,1,1,large,mid,mid,center
001_20200912_021552(4),0,0.80359,0.411895,0.023218,0.03012,13.37342399922473,0.19640999999999997,4.408463385354153,88.86764705882354,3,576x444,9,team,lee,1,1,large,mid,mid,center
001_20200912_021555(0),0,0.852703,0.407259,0.023218,0.03012,13.37342399922473,0.147297,3.6953781512605133,95.33823529411765,3,576x444,9,team,lee,1,1,large,mid,mid,near
001_20200912_021601(0),0,0.832608,0.471932,0.023218,0.03012,13.37342399922473,0.16739199999999999,2.4517073471400437,93.46354166666667,3,576x444,9,team,lee,1,1,large,mid,mid,center
001_20200912_021604(3),0,0.838436,0.522936,0.023218,0.03012,13.37342399922473,0.16156400000000004,3.4513805522208827,93.19117647058823,3,576x444,9,team,lee,1,1,large,mid,mid,center
001_20200912_043256(0),0,0.846119,0.357627,0.023218,0.03012,13.37342399922473,0.15388100000000005,1.0170426528599563,88.00520833333333,3,576x444,9,team,jung,1,1,large,low,mid,center
001_20200912_043259(2),0,0.839816,0.441653,0.023218,0.03012,13.37342399922473,0.160184,1.3215118215118196,87.53030303030303,3,576x444,9,team,jung,1,1,large,low,mid,center
001_20200912_043302(3),0,0.835334,0.496561,0.023218,0.03012,13.37342399922473,0.16466599999999998,1.9000444000443935,86.94949494949495,3,576x444,9,team,jung,1,1,large,low,mid,center
001_20200912_043304(9),0,0.833023,0.544249,0.023218,0.03012,13.37342399922473,0.16697700000000004,4.1954711954712,86.65151515151516,3,576x444,9,team,jung,1,1,large,mid,mid,center
001_20200912_043307(9),0,0.835614,0.453067,0.023218,0.03012,13.37342399922473,0.16438600000000003,3.006271506271503,85.61616161616162,3,576x444,9,team,jung,1,1,large,mid,dark,center
001_20200912_043310(9),0,0.837855,0.432996,0.023218,0.03012,13.37342399922473,0.16214499999999998,3.4984590729782923,85.98958333333333,3,576x444,9,team,jung,1,1,large,mid,mid,center
001_20200912_123123(1),0,0.835606,0.456897,0.023218,0.03012,13.37342399922473,0.16439400000000004,3.3601953601953483,88.77777777777777,3,576x444,9,team,heo,1,1,large,mid,mid,center
001_20200912_123126(0),0,0.826669,0.509204,0.023218,0.03012,13.37342399922473,0.173331,4.002200880352149,87.69607843137256,3,576x444,9,team,heo,1,1,large,mid,mid,center
001_20200912_123129(3),0,0.828398,0.445238,0.023218,0.03012,13.37342399922473,0.17160200000000003,0.9730824730824708,88.86868686868686,3,576x444,9,team,heo,1,1,large,low,mid,center
001_20200912_123132(4),0,0.833815,0.461708,0.023218,0.03012,13.37342399922473,0.16618500000000003,2.8948828948828975,90.07070707070707,3,576x444,9,team,heo,1,1,large,mid,mid,center
001_20200912_123135(5),0,0.837296,0.482434,0.023218,0.03012,13.37342399922473,0.16270399999999996,0.9935281065088759,85.65625,3,576x444,9,team,heo,1,1,large,low,dark,center
001_20200912_123138(5),0,0.821158,0.470624,0.023218,0.03012,13.37342399922473,0.17884199999999995,2.1567627050820306,88.7843137254902,3,576x444,9,team,heo,1,1,large,low,mid,center
001_20200912_163419(0),0,0.842247,0.383647,0.023218,0.03012,13.37342399922473,0.15775300000000003,2.163336663336665,91.95454545454545,3,576x444,9,team,lee,1,1,large,low,mid,center
001_20200912_163423(5),0,0.825935,0.385571,0.023218,0.03012,13.37342399922473,0.17406500000000003,2.9938362919132118,91.95833333333333,3,576x444,9,team,lee,1,1,large,mid,mid,center
001_20200912_163427(9),0,0.828907,0.394534,0.023218,0.03012,13.37342399922473,0.17109300000000005,3.1933621933621907,92.55050505050505,3,576x444,9,team,lee,1,1,large,mid,mid,center
001_20200912_163432(2),0,0.840316,0.410757,0.023218,0.03012,13.37342399922473,0.15968400000000005,2.036075036075033,88.46464646464646,3,576x444,9,team,lee,1,1,large,low,mid,center
001_20200912_163436(7),0,0.826913,0.378379,0.023218,0.03012,13.37342399922473,0.173087,2.620657120657114,87.75252525252525,3,576x444,9,team,lee,1,1,large,mid,mid,center
001_20200912_163441(0),0,0.838157,0.442582,0.023218,0.03012,13.37342399922473,0.16184299999999996,1.5274593195266277,89.515625,3,576x444,9,team,lee,1,1,large,low,mid,center
001_20200912_202811(1),0,0.818828,0.437414,0.023218,0.03012,13.37342399922473,0.181172,5.316907051282058,88.93229166666667,3,576x444,9,team,jung,1,1,large,high,mid,center
001_20200912_202815(6),0,0.832113,0.520391,0.023218,0.03012,13.37342399922473,0.167887,3.538572538572538,87.37373737373737,3,576x444,9,team,jung,1,1,large,mid,mid,center
001_20200912_202820(0),0,0.833093,0.488637,0.023218,0.03012,13.37342399922473,0.16690700000000003,3.4459783913565474,88.32352941176471,3,576x444,9,team,jung,1,1,large,mid,mid,center
001_20200912_202824(6),0,0.831763,0.517847,0.023218,0.03012,13.37342399922473,0.16823699999999997,2.41946778711484,87.34803921568627,3,576x444,9,team,jung,1,1,large,mid,mid,center
001_20200912_202829(2),0,0.851151,0.47534,0.023218,0.03012,13.37342399922473,0.148849,0.7934842934842976,88.66161616161617,3,576x444,9,team,jung,1,1,large,low,mid,near
001_20200912_202833(7),0,0.827561,0.43761,0.023218,0.03012,13.37342399922473,0.172439,1.677915433925051,90.19270833333333,3,576x444,9,team,jung,1,1,large,low,mid,center
001_20200914_083101(5),0,0.828617,0.374211,0.023218,0.03012,13.37342399922473,0.17138299999999995,2.3180708180708223,87.94444444444444,3,576x444,9,team,heo,1,1,large,low,mid,center
001_20200914_083105(1),0,0.821633,0.613279,0.023218,0.03012,13.37342399922473,0.17836700000000005,0.7383814102564088,86.66145833333333,3,576x444,9,team,heo,1,1,large,low,mid,center
001_20200914_083108(8),0,0.838869,0.497911,0.023218,0.03012,13.37342399922473,0.16113100000000002,0.6062271062271094,86.16666666666667,3,576x444,9,team,heo,1,1,large,low,mid,center
001_20200914_083111(5),0,0.839088,0.39225,0.023218,0.03012,13.37342399922473,0.16091200000000005,4.400765900765904,88.37878787878788,3,576x444,9,team,heo,1,1,large,mid,mid,center
001_20200914_083114(5),0,0.820824,0.322839,0.023218,0.03012,13.37342399922473,0.179176,3.867449457593679,86.97395833333333,3,576x444,9,team,heo,1,1,large,mid,mid,center
001_20200914_083117(5),0,0.831738,0.468269,0.023218,0.03012,13.37342399922473,0.16826200000000002,3.551620648259302,87.98529411764706,3,576x444,9,team,heo,1,1,large,mid,mid,center
001_20200914_124151(5),0,0.830364,0.361499,0.023218,0.03012,13.37342399922473,0.169636,2.8054733727810657,90.125,3,576x444,9,team,lee,1,1,large,mid,mid,center
001_20200914_124155(9),0,0.8283,0.372938,0.023218,0.03012,13.37342399922473,0.17169999999999996,2.835608835608838,89.4949494949495,3,576x444,9,team,lee,1,1,large,mid,mid,center
001_20200914_124200(5),0,0.827719,0.401893,0.023218,0.03012,13.37342399922473,0.17228100000000002,2.228334566074949,89.71354166666667,3,576x444,9,team,lee,1,1,large,low,mid,center
001_20200914_124205(0),0,0.841903,0.352708,0.023218,0.03012,13.37342399922473,0.15809700000000004,1.7545232545232494,90.97979797979798,3,576x444,9,team,lee,1,1,large,low,mid,center
001_20200914_124209(5),0,0.848457,0.410855,0.023218,0.03012,13.37342399922473,0.15154299999999998,3.013128698224847,92.46875,3,576x444,9,team,lee,1,1,large,mid,mid,center
001_20200914_124214(0),0,0.84787,0.362365,0.023218,0.03012,13.37342399922473,0.15213,1.1405261405261484,92.15151515151516,3,576x444,9,team,lee,1,1,large,low,mid,center
001_20200914_163305(1),0,0.847832,0.337503,0.023218,0.03012,13.37342399922473,0.15216799999999997,0.21700521700522302,97.15656565656566,3,576x444,9,team,jung,1,1,large,low,mid,center
001_20200914_163315(7),0,0.832555,0.349935,0.023218,0.03012,13.37342399922473,0.16744499999999995,1.2397374260355036,92.890625,3,576x444,9,team,jung,1,1,large,low,mid,center
001_20200914_163320(2),0,0.844438,0.378732,0.023218,0.03012,13.37342399922473,0.15556199999999998,0.7955377955377969,93.57575757575758,3,576x444,9,team,jung,1,1,large,low,mid,center
001_20200914_163324(7),0,0.826524,0.45032,0.023218,0.03012,13.37342399922473,0.17347599999999996,3.7145858343337466,89.36764705882354,3,576x444,9,team,jung,1,1,large,mid,mid,center
001_20200914_163333(8),0,0.830222,0.443705,0.023218,0.03012,13.37342399922473,0.16977799999999998,2.567710067710067,86.97979797979798,3,576x444,9,team,jung,1,1,large,mid,mid,center
001_20200914_163338(3),0,0.842478,0.399972,0.023218,0.03012,13.37342399922473,0.15752200000000005,2.5451799802761457,88.38541666666667,3,576x444,9,team,jung,1,1,large,mid,mid,center
001_20200914_203322(0),0,0.840648,0.364038,0.023218,0.03012,13.37342399922473,0.15935200000000005,2.340082593688365,85.84895833333333,3,576x444,9,team,heo,1,1,large,low,dark,center
001_20200914_203326(4),0,0.83877,0.373558,0.023218,0.03012,13.37342399922473,0.16122999999999998,2.8630452180872368,87.73039215686275,3,576x444,9,team,heo,1,1,large,mid,mid,center
001_20200914_203330(8),0,0.82442,0.395419,0.023218,0.03012,13.37342399922473,0.17557999999999996,2.373459873459865,85.43939393939394,3,576x444,9,team,heo,1,1,large,low,dark,center
001_20200914_203335(4),0,0.840212,0.334066,0.023218,0.03012,13.37342399922473,0.15978800000000004,2.248806748806757,85.23232323232324,3,576x444,9,team,heo,1,1,large,low,dark,center
001_20200914_203340(0),0,0.82632,0.384408,0.023218,0.03012,13.37342399922473,0.17367999999999995,4.408258408258405,87.10606060606061,3,576x444,9,team,heo,1,1,large,mid,mid,center
001_20200914_203344(4),0,0.830364,0.366309,0.023218,0.03012,13.37342399922473,0.169636,2.3614090236686422,83.953125,3,576x444,9,team,heo,1,1,large,low,dark,center
001_20200915_003734(8),0,0.81736,0.550117,0.023218,0.03012,13.37342399922473,0.18264000000000002,3.2048200197238543,86.36458333333333,3,576x444,9,team,lee,1,1,large,mid,mid,center
001_20200915_003737(5),0,0.822869,0.610507,0.023218,0.03012,13.37342399922473,0.17713100000000004,3.294817927170868,86.40196078431373,3,576x444,9,team,lee,1,1,large,mid,mid,center
001_20200915_003740(4),0,0.815942,0.775138,0.023218,0.03012,13.37342399922473,0.18405800000000005,5.811224489795919,84.75,3,576x444,9,team,lee,1,1,large,high,dark,center
001_20200915_003743(5),0,0.843622,0.355162,0.023218,0.03012,13.37342399922473,0.15637800000000002,2.5597735597735465,87.75757575757575,3,576x444,9,team,lee,1,1,large,mid,mid,center
001_20200915_003746(5),0,0.838173,0.584744,0.023218,0.03012,13.37342399922473,0.16182700000000005,5.146357248520715,87.359375,3,576x444,9,team,lee,1,1,large,high,mid,center
001_20200915_003749(6),0,0.835743,0.35789,0.023218,0.03012,13.37342399922473,0.164257,2.244422244422239,84.46969696969697,3,576x444,9,team,lee,1,1,large,low,dark,center
001_20200915_043556(4),0,0.838502,0.408612,0.023218,0.03012,13.37342399922473,0.16149800000000003,2.169275169275167,85.94949494949495,3,576x444,9,team,jung,1,1,large,low,mid,center
001_20200915_043601(0),0,0.820574,0.41046,0.023218,0.03012,13.37342399922473,0.17942599999999997,2.385478303747533,86.64583333333333,3,576x444,9,team,jung,1,1,large,low,mid,center
001_20200915_043605(3),0,0.836315,0.403015,0.023218,0.03012,13.37342399922473,0.16368499999999997,1.951215451215461,85.74242424242425,3,576x444,9,team,jung,1,1,large,low,dark,center
001_20200915_043609(9),0,0.841648,0.394753,0.023218,0.03012,13.37342399922473,0.15835200000000005,4.355954142011839,85.90625,3,576x444,9,team,jung,1,1,large,mid,dark,center
001_20200915_043614(4),0,0.823117,0.395805,0.023218,0.03012,13.37342399922473,0.176883,3.4065379065379062,84.31313131313131,3,576x444,9,team,jung,1,1,large,mid,dark,center
001_20200915_043618(9),0,0.832393,0.400151,0.023218,0.03012,13.37342399922473,0.16760699999999995,3.883413461538467,84.421875,3,576x444,9,team,jung,1,1,large,mid,dark,center
001_20200915_083241(0),0,0.835877,0.443902,0.023218,0.03012,13.37342399922473,0.16412300000000002,3.5753135753135723,86.58080808080808,3,576x444,9,team,heo,1,1,large,mid,mid,center
001_20200915_083245(4),0,0.828628,0.519546,0.023218,0.03012,13.37342399922473,0.17137199999999997,3.1306706114398395,83.08333333333333,3,576x444,9,team,heo,1,1,large,mid,dark,center
001_20200915_083250(0),0,0.819101,0.383212,0.023218,0.03012,13.37342399922473,0.18089900000000003,6.530025530025526,87.5959595959596,3,576x444,9,team,heo,1,1,large,high,mid,center
001_20200915_083254(5),0,0.839972,0.477831,0.023218,0.03012,13.37342399922473,0.16002799999999995,1.3151260504201758,90.52941176470588,3,576x444,9,team,heo,1,1,large,low,mid,center
001_20200915_083259(0),0,0.847008,0.531122,0.023218,0.03012,13.37342399922473,0.15299200000000002,2.5596238495398183,90.03921568627452,3,576x444,9,team,heo,1,1,large,mid,mid,center
001_20200915_083303(4),0,0.829421,0.4829,0.023218,0.03012,13.37342399922473,0.17057900000000004,0.19834812623273024,89.02083333333333,3,576x444,9,team,heo,1,1,large,low,mid,center
001_20200915_123359(7),0,0.825824,0.408055,0.023218,0.03012,13.37342399922473,0.174176,3.482184482184479,93.51515151515152,3,576x444,9,team,lee,1,1,large,mid,mid,center
001_20200915_123404(4),0,0.818797,0.35462,0.023218,0.03012,13.37342399922473,0.181203,3.1930473372781023,90.625,3,576x444,9,team,lee,1,1,large,mid,mid,center
001_20200915_123409(0),0,0.826782,0.363547,0.023218,0.03012,13.37342399922473,0.17321799999999998,2.358203895463504,90.41145833333333,3,576x444,9,team,lee,1,1,large,low,mid,center
001_20200915_123413(3),0,0.828582,0.330056,0.023218,0.03012,13.37342399922473,0.17141799999999996,2.484837278106511,93.4375,3,576x444,9,team,lee,1,1,large,mid,mid,center
001_20200915_123417(9),0,0.844155,0.395786,0.023218,0.03012,13.37342399922473,0.155845,0.8459072978303652,92.95833333333333,3,576x444,9,team,lee,1,1,large,low,mid,center
001_20200915_123422(2),0,0.845048,0.392798,0.023218,0.03012,13.37342399922473,0.15495199999999998,2.2770586785009925,93.57291666666667,3,576x444,9,team,lee,1,1,large,low,mid,center
001_20200915_164139(8),0,0.823569,0.44153,0.023218,0.03012,13.37342399922473,0.176431,1.848706848706854,90.5959595959596,3,576x444,9,team,jung,1,1,large,low,mid,center
001_20200915_164147(9),0,0.82455,0.457522,0.023218,0.03012,13.37342399922473,0.17545,2.6890756302521055,90.36764705882354,3,576x444,9,team,jung,1,1,large,mid,mid,center
001_20200915_164151(3),0,0.827168,0.50321,0.023218,0.03012,13.37342399922473,0.17283199999999999,3.7636526134122334,89.43229166666667,3,576x444,9,team,jung,1,1,large,mid,mid,center
001_20200915_164155(7),0,0.833654,0.5248,0.023218,0.03012,13.37342399922473,0.166346,2.2596038415366166,93.26470588235294,3,576x444,9,team,jung,1,1,large,low,mid,center
001_20200915_164159(6),0,0.831208,0.53672,0.023218,0.03012,13.37342399922473,0.16879200000000005,0.38973126232741606,89.61458333333333,3,576x444,9,team,jung,1,1,large,low,mid,center
001_20200915_164202(8),0,0.837575,0.615302,0.023218,0.03012,13.37342399922473,0.16242500000000004,1.3152120315581755,90.77083333333333,3,576x444,9,team,jung,1,1,large,low,mid,center
001_20200915_203430(3),0,0.835965,0.37849,0.023218,0.03012,13.37342399922473,0.16403500000000004,0.39638139638140046,92.61616161616162,3,576x444,9,team,heo,1,1,large,low,mid,center
001_20200915_203446(9),0,0.830686,0.445061,0.023218,0.03012,13.37342399922473,0.16931399999999996,1.0055473372781023,90.4375,3,576x444,9,team,heo,1,1,large,low,mid,center
001_20200915_203451(3),0,0.841927,0.506974,0.023218,0.03012,13.37342399922473,0.15807300000000002,0.18797519007603114,88.98039215686275,3,576x444,9,team,heo,1,1,large,low,mid,center
001_20200915_203455(9),0,0.839391,0.513178,0.023218,0.03012,13.37342399922473,0.160609,1.4933399933400011,90.57575757575758,3,576x444,9,team,heo,1,1,large,low,mid,center
001_20200915_203500(5),0,0.834251,0.545244,0.023218,0.03012,13.37342399922473,0.16574900000000004,1.2781662781662817,91.58585858585859,3,576x444,9,team,heo,1,1,large,low,mid,center
001_20200915_203504(9),0,0.835161,0.505772,0.023218,0.03012,13.37342399922473,0.16483899999999996,1.089965589965587,88.91414141414141,3,576x444,9,team,heo,1,1,large,low,mid,center
001_20200916_003358(0),0,0.837065,0.414059,0.023218,0.03012,13.37342399922473,0.16293500000000005,0.6906762705082059,95.82843137254902,3,576x444,9,team,lee,1,1,large,low,mid,center
001_20200916_003402(5),0,0.839074,0.391091,0.023218,0.03012,13.37342399922473,0.160926,1.7348680966469345,95.81770833333333,3,576x444,9,team,lee,1,1,large,low,mid,center
001_20200916_003407(1),0,0.846636,0.386486,0.023218,0.03012,13.37342399922473,0.15336399999999994,0.5128821499013725,94.92708333333333,3,576x444,9,team,lee,1,1,large,low,mid,center
001_20200916_003411(6),0,0.838168,0.367787,0.023218,0.03012,13.37342399922473,0.16183199999999998,0.6663584812623213,93.36458333333333,3,576x444,9,team,lee,1,1,large,low,mid,center
001_20200916_003416(1),0,0.837387,0.388774,0.023218,0.03012,13.37342399922473,0.162613,1.9023668639053284,96.5,3,576x444,9,team,lee,1,1,large,low,mid,center
001_20200916_003420(6),0,0.83857,0.387744,0.023218,0.03012,13.37342399922473,0.16142999999999996,0.35744297719088536,95.11764705882354,3,576x444,9,team,lee,1,1,large,low,mid,center
001_20200916_043423(1),0,0.839466,0.377823,0.023218,0.03012,13.37342399922473,0.16053399999999995,2.297953648915197,97.85416666666667,3,576x444,9,team,jung,1,1,large,low,mid,center
001_20200916_043427(7),0,0.837155,0.381099,0.023218,0.03012,13.37342399922473,0.16284500000000002,3.38886834319527,98.96875,3,576x444,9,team,jung,1,1,large,mid,mid,center
001_20200916_043432(0),0,0.83388,0.382143,0.023218,0.03012,13.37342399922473,0.16612000000000005,2.901873767258394,99.41666666666667,3,576x444,9,team,jung,1,1,large,mid,mid,center
001_20200916_043436(2),0,0.827294,0.389402,0.023218,0.03012,13.37342399922473,0.17270600000000003,1.611943611943616,98.91414141414141,3,576x444,9,team,jung,1,1,large,low,mid,center
001_20200916_043440(6),0,0.845769,0.388123,0.023218,0.03012,13.37342399922473,0.154231,2.943722943722946,99.51515151515152,3,576x444,9,team,jung,1,1,large,mid,mid,center
001_20200916_043445(1),0,0.837225,0.393227,0.023218,0.03012,13.37342399922473,0.162775,1.3409146942800731,101.36458333333333,3,576x444,9,team,jung,1,1,large,low,mid,center
001_20200916_083309(1),0,0.841481,0.432566,0.023218,0.03012,13.37342399922473,0.15851899999999997,1.0540570540570542,94.01010101010101,3,576x444,9,team,heo,1,1,large,low,mid,center
001_20200916_083313(6),0,0.832157,0.40508,0.023218,0.03012,13.37342399922473,0.16784299999999996,0.8120213120213151,93.07575757575758,3,576x444,9,team,heo,1,1,large,low,mid,center
001_20200916_083318(0),0,0.826869,0.475084,0.023218,0.03012,13.37342399922473,0.17313100000000003,1.619269619269616,94.08080808080808,3,576x444,9,team,heo,1,1,large,low,mid,center
001_20200916_083322(4),0,0.816825,0.445947,0.023218,0.03012,13.37342399922473,0.18317499999999998,3.1478521478521486,91.81818181818181,3,576x444,9,team,heo,1,1,large,mid,mid,center
001_20200916_083327(0),0,0.836182,0.482618,0.023218,0.03012,13.37342399922473,0.16381800000000002,2.824580867850102,91.85416666666667,3,576x444,9,team,heo,1,1,large,mid,mid,center
001_20200916_083331(6),0,0.82244,0.43542,0.023218,0.03012,13.37342399922473,0.17756000000000005,3.4561452169625255,91.21354166666667,3,576x444,9,team,heo,1,1,large,mid,mid,center
001_20200916_122859(1),0,0.833541,0.452506,0.023218,0.03012,13.37342399922473,0.16645900000000002,2.6409563825530284,92.42156862745098,3,576x444,9,team,lee,1,1,large,mid,mid,center
001_20200916_122903(5),0,0.837492,0.434461,0.023218,0.03012,13.37342399922473,0.16250799999999999,3.0249750249750207,92.5909090909091,3,576x444,9,team,lee,1,1,large,mid,mid,center
001_20200916_122908(1),0,0.839616,0.409481,0.023218,0.03012,13.37342399922473,0.16038399999999997,2.7434048323471387,92.88541666666667,3,576x444,9,team,lee,1,1,large,mid,mid,center
001_20200916_122912(6),0,0.848513,0.403984,0.023218,0.03012,13.37342399922473,0.15148700000000004,2.0820697731755473,96.74479166666667,3,576x444,9,team,lee,1,1,large,low,mid,center
001_20200916_122917(1),0,0.823833,0.403229,0.023218,0.03012,13.37342399922473,0.17616699999999996,3.053002553002557,96.95959595959596,3,576x444,9,team,lee,1,1,large,mid,mid,center
001_20200916_122921(6),0,0.827376,0.41083,0.023218,0.03012,13.37342399922473,0.172624,0.7422029092702189,95.80729166666667,3,576x444,9,team,lee,1,1,large,low,mid,center
001_20200917_003431(4),0,0.832129,0.525956,0.023218,0.03012,13.37342399922473,0.167871,1.6027181952662772,95.484375,3,576x444,9,team,jung,1,1,large,low,mid,center
001_20200917_003434(7),0,0.84836,0.498506,0.023218,0.03012,13.37342399922473,0.15164,0.6663276627218977,95.234375,3,576x444,9,team,jung,1,1,large,low,mid,center
001_20200917_003438(0),0,0.843738,0.481231,0.023218,0.03012,13.37342399922473,0.156262,1.8289488289488247,96.57070707070707,3,576x444,9,team,jung,1,1,large,low,mid,center
001_20200917_003441(4),0,0.832905,0.494683,0.023218,0.03012,13.37342399922473,0.167095,0.01220414201183928,95.5625,3,576x444,9,team,jung,1,1,large,low,mid,center
001_20200917_003444(9),0,0.829032,0.459288,0.023218,0.03012,13.37342399922473,0.170968,1.3151293151293117,96.54040404040404,3,576x444,9,team,jung,1,1,large,low,mid,center
001_20200917_003448(2),0,0.835636,0.482829,0.023218,0.03012,13.37342399922473,0.16436399999999995,1.5045303254437812,96.640625,3,576x444,9,team,jung,1,1,large,low,mid,center
001_20200917_084022(3),0,0.834846,0.409416,0.023218,0.03012,13.37342399922473,0.16515400000000002,2.523365523365527,90.67171717171718,3,576x444,9,team,heo,1,1,large,mid,mid,center
001_20200917_084025(3),0,0.840593,0.480501,0.023218,0.03012,13.37342399922473,0.15940699999999997,2.049617049617055,92.06060606060606,3,576x444,9,team,heo,1,1,large,low,mid,center
001_20200917_084031(1),0,0.839947,0.387369,0.023218,0.03012,13.37342399922473,0.160053,1.2884337884337924,91.65656565656566,3,576x444,9,team,heo,1,1,large,low,mid,center
001_20200917_084034(2),0,0.829813,0.535979,0.023218,0.03012,13.37342399922473,0.17018699999999998,2.662064825930372,94.02941176470588,3,576x444,9,team,heo,1,1,large,mid,mid,center
001_20200917_084037(3),0,0.821179,0.414784,0.023218,0.03012,13.37342399922473,0.178821,0.5872348939575858,92.11274509803921,3,576x444,9,team,heo,1,1,large,low,mid,center
001_20200917_084040(4),0,0.841792,0.441583,0.023218,0.03012,13.37342399922473,0.15820800000000002,1.4751900760304153,91.8578431372549,3,576x444,9,team,heo,1,1,large,low,mid,center
001_20200917_123309(3),0,0.839455,0.400509,0.023218,0.03012,13.37342399922473,0.16054500000000005,1.2867687867687891,99.55050505050505,3,576x444,9,team,lee,1,1,large,low,mid,center
001_20200917_123313(1),0,0.842481,0.462548,0.023218,0.03012,13.37342399922473,0.15751899999999996,3.85108481262327,97.83333333333333,3,576x444,9,team,lee,1,1,large,mid,mid,center
001_20200917_123316(8),0,0.843999,0.447184,0.023218,0.03012,13.37342399922473,0.15600099999999995,2.464424464424468,94.71717171717172,3,576x444,9,team,lee,1,1,large,mid,mid,center
001_20200917_123325(3),0,0.830498,0.473775,0.023218,0.03012,13.37342399922473,0.16950200000000004,2.66891642011835,94.171875,3,576x444,9,team,lee,1,1,large,mid,mid,center
001_20200917_123329(1),0,0.836296,0.491813,0.023218,0.03012,13.37342399922473,0.16370399999999996,1.1487610946745548,92.515625,3,576x444,9,team,lee,1,1,large,low,mid,center
001_20200917_123340(7),0,0.838929,0.465592,0.023218,0.03012,13.37342399922473,0.16107099999999996,2.7400147928994016,94.5625,3,576x444,9,team,lee,1,1,large,mid,mid,center
001_20200917_163039(1),0,0.82672,0.451514,0.023218,0.03012,13.37342399922473,0.17328,2.834134615384613,89.21875,3,576x444,9,team,jung,1,1,large,mid,mid,center
001_20200917_163043(0),0,0.819157,0.402684,0.023218,0.03012,13.37342399922473,0.18084299999999998,3.92862692862694,90.18686868686869,3,576x444,9,team,jung,1,1,large,mid,mid,center
001_20200917_163046(8),0,0.824985,0.479849,0.023218,0.03012,13.37342399922473,0.17501500000000003,3.0264180264180283,88.94949494949495,3,576x444,9,team,jung,1,1,large,mid,mid,center
001_20200917_163049(9),0,0.841217,0.555339,0.023218,0.03012,13.37342399922473,0.158783,1.6849728796844232,97.01041666666667,3,576x444,9,team,jung,1,1,large,low,mid,center
001_20200917_163052(9),0,0.840167,0.531709,0.023218,0.03012,13.37342399922473,0.159833,2.5312124849940005,95.23529411764706,3,576x444,9,team,jung,1,1,large,mid,mid,center
001_20200917_163109(2),0,0.836175,0.486117,0.023218,0.03012,13.37342399922473,0.163825,0.7501387501387597,93.71717171717172,3,576x444,9,team,jung,1,1,large,low,mid,center
001_20200917_203305(3),0,0.832288,0.603721,0.023218,0.03012,13.37342399922473,0.16771199999999997,4.0661560661560685,91.74747474747475,3,576x444,9,team,heo,1,1,large,mid,mid,center
001_20200917_203308(8),0,0.826778,0.532701,0.023218,0.03012,13.37342399922473,0.173222,3.50853673570019,92.56770833333333,3,576x444,9,team,heo,1,1,large,mid,mid,center
001_20200917_203312(3),0,0.827604,0.53127,0.023218,0.03012,13.37342399922473,0.172396,3.748418248418247,92.42424242424242,3,576x444,9,team,heo,1,1,large,mid,mid,center
001_20200917_203315(7),0,0.827246,0.396194,0.023218,0.03012,13.37342399922473,0.17275399999999996,4.097347097347097,91.26767676767676,3,576x444,9,team,heo,1,1,large,mid,mid,center
001_20200917_203322(3),0,0.829757,0.534944,0.023218,0.03012,13.37342399922473,0.17024300000000003,4.209179709179708,88.8080808080808,3,576x444,9,team,heo,1,1,large,mid,mid,center
001_20200917_203325(7),0,0.83302,0.535931,0.023218,0.03012,13.37342399922473,0.16698000000000002,4.316426570628252,89.62254901960785,3,576x444,9,team,heo,1,1,large,mid,mid,center
001_20200918_004019(6),0,0.843584,0.564022,0.023218,0.03012,13.37342399922473,0.156416,0.2955932955932923,94.26262626262626,3,576x444,9,team,lee,1,1,large,low,mid,center
001_20200918_004022(5),0,0.834638,0.479306,0.023218,0.03012,13.37342399922473,0.165362,1.0517751479289927,94.75,3,576x444,9,team,lee,1,1,large,low,mid,center
001_20200918_004025(8),0,0.836928,0.518002,0.023218,0.03012,13.37342399922473,0.163072,2.397158863545414,98.26960784313725,3,576x444,9,team,lee,1,1,large,low,mid,center
001_20200918_004029(0),0,0.831953,0.664044,0.023218,0.03012,13.37342399922473,0.16804699999999995,1.6779886779886652,94.28787878787878,3,576x444,9,team,lee,1,1,large,low,mid,center
001_20200918_004032(2),0,0.816161,0.285258,0.023218,0.03012,13.37342399922473,0.18383899999999997,2.112332112332112,95.72222222222223,3,576x444,9,team,lee,1,1,large,low,mid,center
001_20200918_004036(3),0,0.843997,0.428198,0.023218,0.03012,13.37342399922473,0.156003,1.9366746698679407,93.42647058823529,3,576x444,9,team,lee,1,1,large,low,mid,center
001_20200918_043556(8),0,0.849481,0.479359,0.023218,0.03012,13.37342399922473,0.15051899999999996,4.326451326451334,104.66161616161617,3,576x444,9,team,jung,1,1,large,mid,mid,center
001_20200918_043559(9),0,0.829172,0.501823,0.023218,0.03012,13.37342399922473,0.17082799999999998,3.272528353057197,99.43229166666667,3,576x444,9,team,jung,1,1,large,mid,mid,center
001_20200918_043602(9),0,0.844402,0.482872,0.023218,0.03012,13.37342399922473,0.15559800000000001,4.9642504930966425,97.95833333333333,3,576x444,9,team,jung,1,1,large,high,mid,center
001_20200918_043606(0),0,0.82069,0.608546,0.023218,0.03012,13.37342399922473,0.17930999999999997,4.557014299802759,96.38541666666667,3,576x444,9,team,jung,1,1,large,mid,mid,center
001_20200918_043609(2),0,0.828582,0.423135,0.023218,0.03012,13.37342399922473,0.17141799999999996,3.6577311577311633,96.58080808080808,3,576x444,9,team,jung,1,1,large,mid,mid,center
001_20200918_043612(4),0,0.827363,0.393994,0.023218,0.03012,13.37342399922473,0.17263700000000004,2.7323787323787343,95.91919191919192,3,576x444,9,team,jung,1,1,large,mid,mid,center
001_20200918_083036(8),0,0.830736,0.392989,0.023218,0.03012,13.37342399922473,0.16926399999999997,1.8531804733727881,92.6875,3,576x444,9,team,heo,1,1,large,low,mid,center
001_20200918_083039(9),0,0.831423,0.456953,0.023218,0.03012,13.37342399922473,0.16857699999999998,0.9299719887955149,91.2156862745098,3,576x444,9,team,heo,1,1,large,low,mid,center
001_20200918_083042(8),0,0.844159,0.544115,0.023218,0.03012,13.37342399922473,0.155841,0.8473557692307736,92.078125,3,576x444,9,team,heo,1,1,large,low,mid,center
001_20200918_083045(5),0,0.824617,0.328973,0.023218,0.03012,13.37342399922473,0.17538299999999996,3.66946778711484,85.59803921568627,3,576x444,9,team,heo,1,1,large,mid,dark,center
001_20200918_083048(5),0,0.838824,0.580012,0.023218,0.03012,13.37342399922473,0.16117599999999999,2.9665334665334626,88.31818181818181,3,576x444,9,team,heo,1,1,large,mid,mid,center
001_20200918_083051(4),0,0.83847,0.599781,0.023218,0.03012,13.37342399922473,0.16152999999999995,3.6728271728271693,87.4090909090909,3,576x444,9,team,heo,1,1,large,mid,mid,center
001_20200918_123033(2),0,0.837661,0.338643,0.023218,0.03012,13.37342399922473,0.162339,3.21341839250492,87.69270833333333,3,576x444,9,team,lee,1,1,large,mid,mid,center
001_20200918_123038(9),0,0.824873,0.425316,0.023218,0.03012,13.37342399922473,0.17512700000000003,2.8663465386154456,89.77450980392157,3,576x444,9,team,lee,1,1,large,mid,mid,center
001_20200918_123042(8),0,0.83851,0.392934,0.023218,0.03012,13.37342399922473,0.16149000000000002,2.6884226884226905,89.91919191919192,3,576x444,9,team,lee,1,1,large,mid,mid,center
001_20200918_123046(4),0,0.836106,0.366068,0.023218,0.03012,13.37342399922473,0.16389399999999998,0.11643244575935796,92.07291666666667,3,576x444,9,team,lee,1,1,large,low,mid,center
001_20200918_123050(1),0,0.835321,0.339899,0.023218,0.03012,13.37342399922473,0.16467900000000002,0.16496598639454874,92.83333333333333,3,576x444,9,team,lee,1,1,large,low,mid,center
001_20200918_123054(1),0,0.846242,0.382339,0.023218,0.03012,13.37342399922473,0.15375799999999995,1.265470907297825,94.61458333333333,3,576x444,9,team,lee,1,1,large,low,mid,center
001_20200918_163052(9),0,0.82601,0.511031,0.023218,0.03012,13.37342399922473,0.17398999999999998,2.023254523254522,93.79797979797979,3,576x444,9,team,jung,1,1,large,low,mid,center
001_20200918_163056(2),0,0.845158,0.501385,0.023218,0.03012,13.37342399922473,0.15484200000000004,0.07248520710059836,94.25,3,576x444,9,team,jung,1,1,large,low,mid,center
001_20200918_163059(3),0,0.840115,0.559706,0.023218,0.03012,13.37342399922473,0.15988500000000005,1.2440892440892384,94.34848484848484,3,576x444,9,team,jung,1,1,large,low,mid,center
001_20200918_163104(4),0,0.832224,0.368537,0.023218,0.03012,13.37342399922473,0.16777600000000004,2.1057384122288028,93.74479166666667,3,576x444,9,team,jung,1,1,large,low,mid,center
001_20200918_163107(6),0,0.837626,0.481457,0.023218,0.03012,13.37342399922473,0.16237400000000002,2.5175973865877666,91.84895833333333,3,576x444,9,team,jung,1,1,large,mid,mid,center
001_20200918_163110(8),0,0.811405,0.378454,0.023218,0.03012,13.37342399922473,0.18859499999999996,2.5525030525030417,90.77777777777777,3,576x444,9,team,jung,1,1,large,mid,mid,center
001_20200921_112114(8),0,0.839739,0.444578,0.023218,0.03012,13.37342399922473,0.160261,2.4120438856015767,83.88541666666667,3,576x444,9,team,heo,1,1,large,low,dark,center
001_20200921_112118(0),0,0.833956,0.485841,0.023218,0.03012,13.37342399922473,0.16604399999999997,2.9123520710059125,81.6875,3,576x444,9,team,heo,1,1,large,mid,dark,center
001_20200921_112121(3),0,0.826248,0.42185,0.023218,0.03012,13.37342399922473,0.17375200000000002,2.0188145188145086,84.34848484848484,3,576x444,9,team,heo,1,1,large,low,dark,center
001_20200921_112127(9),0,0.828469,0.444943,0.023218,0.03012,13.37342399922473,0.171531,3.8817492603550363,84.390625,3,576x444,9,team,heo,1,1,large,mid,dark,center
001_20200921_112145(1),0,0.82569,0.455265,0.023218,0.03012,13.37342399922473,0.17430999999999996,2.77017427017428,86.67676767676768,3,576x444,9,team,heo,1,1,large,mid,mid,center
001_20200921_112148(7),0,0.833039,0.522483,0.023218,0.03012,13.37342399922473,0.16696100000000003,3.4659863945578167,84.33333333333333,3,576x444,9,team,heo,1,1,large,mid,dark,center
001_20200921_123501(8),0,0.839159,0.374766,0.023218,0.03012,13.37342399922473,0.160841,2.8317615877711972,85.19270833333333,3,576x444,9,team,lee,1,1,large,mid,dark,center
001_20200921_123506(3),0,0.825976,0.401114,0.023218,0.03012,13.37342399922473,0.17402399999999996,3.21550671550672,86.61111111111111,3,576x444,9,team,lee,1,1,large,mid,mid,center
001_20200921_123510(8),0,0.823603,0.391767,0.023218,0.03012,13.37342399922473,0.17639700000000003,2.4932844932844915,86.38888888888889,3,576x444,9,team,lee,1,1,large,mid,mid,center
001_20200921_123515(3),0,0.837391,0.396079,0.023218,0.03012,13.37342399922473,0.162609,3.8422133422133555,86.23232323232324,3,576x444,9,team,lee,1,1,large,mid,mid,center
001_20200921_123524(3),0,0.826486,0.404327,0.023218,0.03012,13.37342399922473,0.17351399999999995,2.718281718281716,87.45454545454545,3,576x444,9,team,lee,1,1,large,mid,mid,center
001_20200921_123528(7),0,0.834279,0.390375,0.023218,0.03012,13.37342399922473,0.165721,3.3833210059171535,86.53125,3,576x444,9,team,lee,1,1,large,mid,mid,center
001_20200921_163325(1),0,0.832986,0.407873,0.023218,0.03012,13.37342399922473,0.167014,2.198190698190686,86.8080808080808,3,576x444,9,team,jung,1,1,large,low,mid,center
001_20200921_163329(4),0,0.842095,0.388751,0.023218,0.03012,13.37342399922473,0.15790499999999996,1.7968697968697995,87.06060606060606,3,576x444,9,team,jung,1,1,large,low,mid,center
001_20200921_163333(8),0,0.82804,0.399304,0.023218,0.03012,13.37342399922473,0.17196,2.91869241869243,89.73737373737374,3,576x444,9,team,jung,1,1,large,mid,mid,center
001_20200921_163338(1),0,0.827067,0.393243,0.023218,0.03012,13.37342399922473,0.172933,3.8969119822485254,89.453125,3,576x444,9,team,jung,1,1,large,mid,mid,center
001_20200921_163342(6),0,0.829349,0.391443,0.023218,0.03012,13.37342399922473,0.170651,3.641364644970409,89.765625,3,576x444,9,team,jung,1,1,large,mid,mid,center
001_20200921_163346(9),0,0.825067,0.413148,0.023218,0.03012,13.37342399922473,0.174933,3.231724605522672,92.03645833333333,3,576x444,9,team,jung,1,1,large,mid,mid,center
001_20200921_202521(5),0,0.842332,0.477496,0.023218,0.03012,13.37342399922473,0.15766800000000003,1.9873949579831987,84.05882352941177,3,576x444,9,team,heo,1,1,large,low,dark,center
001_20200921_202526(0),0,0.814189,0.41461,0.023218,0.03012,13.37342399922473,0.18581099999999995,4.866346538615446,87.52450980392157,3,576x444,9,team,heo,1,1,large,high,mid,center
001_20200921_202530(4),0,0.835932,0.474929,0.023218,0.03012,13.37342399922473,0.164068,2.3304473304473277,86.11616161616162,3,576x444,9,team,heo,1,1,large,low,mid,center
001_20200921_202534(9),0,0.849455,0.502275,0.023218,0.03012,13.37342399922473,0.15054500000000004,2.3334443334443336,90.70707070707071,3,576x444,9,team,heo,1,1,large,low,mid,center
001_20200921_202539(4),0,0.836687,0.470972,0.023218,0.03012,13.37342399922473,0.16331300000000004,0.15246098439375544,90.23529411764706,3,576x444,9,team,heo,1,1,large,low,mid,center
001_20200921_202547(2),0,0.818299,0.554733,0.023218,0.03012,13.37342399922473,0.181701,1.1982248520710073,88.5,3,576x444,9,team,heo,1,1,large,low,mid,center
001_20200922_003308(2),0,0.84087,0.413483,0.023218,0.03012,13.37342399922473,0.15913,1.5035133136094743,91.34375,3,576x444,9,team,lee,1,1,large,low,mid,center
001_20200922_003312(7),0,0.824237,0.355662,0.023218,0.03012,13.37342399922473,0.175763,2.9284049284049303,90.93939393939394,3,576x444,9,team,lee,1,1,large,mid,mid,center
001_20200922_003317(2),0,0.835036,0.426421,0.023218,0.03012,13.37342399922473,0.164964,2.1244311244311262,90.45959595959596,3,576x444,9,team,lee,1,1,large,low,mid,center
001_20200922_003321(7),0,0.841181,0.429089,0.023218,0.03012,13.37342399922473,0.15881900000000004,0.8480954142011825,92.203125,3,576x444,9,team,lee,1,1,large,low,mid,center
001_20200922_003326(6),0,0.829648,0.422863,0.023218,0.03012,13.37342399922473,0.17035199999999995,0.02525252525252597,91.97474747474747,3,576x444,9,team,lee,1,1,large,low,mid,center
001_20200922_003330(7),0,0.841925,0.548916,0.023218,0.03012,13.37342399922473,0.15807499999999997,1.0028860028860151,91.71717171717172,3,576x444,9,team,lee,1,1,large,low,mid,center
001_20200922_043310(0),0,0.824206,0.414135,0.023218,0.03012,13.37342399922473,0.175794,0.5244755244755197,98.9090909090909,3,576x444,9,team,jung,1,1,large,low,mid,center
001_20200922_043314(4),0,0.832716,0.487496,0.023218,0.03012,13.37342399922473,0.167284,0.7589373767258394,95.51041666666667,3,576x444,9,team,jung,1,1,large,low,mid,center
001_20200922_043318(9),0,0.851993,0.49534,0.023218,0.03012,13.37342399922473,0.148007,0.6206016206016187,92.06565656565657,3,576x444,9,team,jung,1,1,large,low,mid,near
001_20200922_043323(4),0,0.836234,0.433424,0.023218,0.03012,13.37342399922473,0.16376599999999997,2.436421351084803,88.88020833333333,3,576x444,9,team,jung,1,1,large,mid,mid,center
001_20200922_043327(8),0,0.840377,0.477095,0.023218,0.03012,13.37342399922473,0.15962299999999996,2.070028011204485,88.2843137254902,3,576x444,9,team,jung,1,1,large,low,mid,center
001_20200922_043332(5),0,0.839116,0.422113,0.023218,0.03012,13.37342399922473,0.16088400000000003,0.7334504437869782,87.828125,3,576x444,9,team,jung,1,1,large,low,mid,center
001_20200922_084020(7),0,0.82752,0.393944,0.023218,0.03012,13.37342399922473,0.17247999999999997,3.945221445221449,86.56060606060606,3,576x444,9,team,heo,1,1,large,mid,mid,center
001_20200922_084025(1),0,0.825531,0.392576,0.023218,0.03012,13.37342399922473,0.17446899999999999,3.1669132149901316,87.20833333333333,3,576x444,9,team,heo,1,1,large,mid,mid,center
001_20200922_084029(7),0,0.834146,0.395834,0.023218,0.03012,13.37342399922473,0.16585399999999995,4.953433185404336,90.25520833333333,3,576x444,9,team,heo,1,1,large,high,mid,center
001_20200922_084034(2),0,0.823933,0.411181,0.023218,0.03012,13.37342399922473,0.17606699999999997,2.3030078895463504,89.20833333333333,3,576x444,9,team,heo,1,1,large,low,mid,center
001_20200922_084038(7),0,0.826309,0.368382,0.023218,0.03012,13.37342399922473,0.17369100000000004,3.630036630036628,87.33333333333333,3,576x444,9,team,heo,1,1,large,mid,mid,center
001_20200922_084043(2),0,0.824212,0.400671,0.023218,0.03012,13.37342399922473,0.17578800000000006,4.046009546009543,87.91414141414141,3,576x444,9,team,heo,1,1,large,mid,mid,center
001_20200922_122947(8),0,0.833481,0.450993,0.023218,0.03012,13.37342399922473,0.16651899999999997,0.8707403707403643,91.28282828282828,3,576x444,9,team,lee,1,1,large,low,mid,center
001_20200922_122952(4),0,0.834086,0.421476,0.023218,0.03012,13.37342399922473,0.165914,0.6852591852591843,92.26767676767676,3,576x444,9,team,lee,1,1,large,low,mid,center
001_20200922_123001(2),0,0.842774,0.395115,0.023218,0.03012,13.37342399922473,0.15722599999999998,0.46797953648915325,92.21354166666667,3,576x444,9,team,lee,1,1,large,low,mid,center
001_20200922_123005(5),0,0.832344,0.405581,0.023218,0.03012,13.37342399922473,0.16765600000000003,0.413419913419915,92.98484848484848,3,576x444,9,team,lee,1,1,large,low,mid,center
001_20200922_123014(3),0,0.839603,0.411493,0.023218,0.03012,13.37342399922473,0.160397,0.5255485700197227,89.55729166666667,3,576x444,9,team,lee,1,1,large,low,mid,center
001_20200922_123018(6),0,0.832379,0.436701,0.023218,0.03012,13.37342399922473,0.16762100000000002,1.6801531801531837,95.57575757575758,3,576x444,9,team,lee,1,1,large,low,mid,center
001_20200922_163323(0),0,0.838276,0.398541,0.023218,0.03012,13.37342399922473,0.16172399999999998,4.9278711484593885,87.1421568627451,3,576x444,9,team,jung,1,1,large,high,mid,center
001_20200922_163326(0),0,0.840605,0.423914,0.023218,0.03012,13.37342399922473,0.15939499999999995,2.4829573471400437,85.49479166666667,3,576x444,9,team,jung,1,1,large,mid,dark,center
001_20200922_163329(0),0,0.837344,0.384411,0.023218,0.03012,13.37342399922473,0.16265600000000002,5.283777120315577,84.95833333333333,3,576x444,9,team,jung,1,1,large,high,dark,center
001_20200922_163332(2),0,0.828125,0.4222972972972973,0.017361111111111112,0.02027027027027027,9.486832980505138,0.171875,1.8755555555555503,83.18666666666667,3,576x444,9,official,,1,1,small,low,dark,center
001_20200922_163335(3),0,0.8359375,0.38288288288288286,0.022569444444444444,0.02252252252252252,11.40175425099138,0.1640625,3.7795755968169686,81.3103448275862,3,576x444,9,official,,1,1,mid,mid,dark,center
001_20200922_163338(3),0,0.833616,0.386523,0.023218,0.03012,13.37342399922473,0.16638399999999998,4.497502497502495,84.5909090909091,3,576x444,9,team,jung,1,1,large,mid,dark,center
