image_id,split,source,labeler,machine,width,height,ts,month,burst_id,suffix_n,image_path,label_path
002_20200622_203053(2),val,official,,1,352,332,2020-06-22 20:30:53,6,m1_b0001,2,val/images/002_20200622_203053(2).png,val/labels/002_20200622_203053(2).txt
002_20200622_203057(3),val,official,,1,352,332,2020-06-22 20:30:57,6,m1_b0001,3,val/images/002_20200622_203057(3).png,val/labels/002_20200622_203057(3).txt
002_20200622_203101(3),val,official,,1,352,332,2020-06-22 20:31:01,6,m1_b0001,3,val/images/002_20200622_203101(3).png,val/labels/002_20200622_203101(3).txt
002_20200622_203105(4),val,official,,1,352,332,2020-06-22 20:31:05,6,m1_b0001,4,val/images/002_20200622_203105(4).png,val/labels/002_20200622_203105(4).txt
002_20200622_203109(3),val,official,,1,352,332,2020-06-22 20:31:09,6,m1_b0001,3,val/images/002_20200622_203109(3).png,val/labels/002_20200622_203109(3).txt
002_20200622_203121(4),val,official,,1,352,332,2020-06-22 20:31:21,6,m1_b0001,4,val/images/002_20200622_203121(4).png,val/labels/002_20200622_203121(4).txt
002_20200623_003346(4),train,official,,1,352,332,2020-06-23 00:33:46,6,m1_b0002,4,train/images/002_20200623_003346(4).png,train/labels/002_20200623_003346(4).txt
002_20200623_003350(4),train,official,,1,352,332,2020-06-23 00:33:50,6,m1_b0002,4,train/images/002_20200623_003350(4).png,train/labels/002_20200623_003350(4).txt
002_20200623_003354(3),train,official,,1,352,332,2020-06-23 00:33:54,6,m1_b0002,3,train/images/002_20200623_003354(3).png,train/labels/002_20200623_003354(3).txt
002_20200623_003358(2),train,official,,1,352,332,2020-06-23 00:33:58,6,m1_b0002,2,train/images/002_20200623_003358(2).png,train/labels/002_20200623_003358(2).txt
002_20200623_003402(2),train,official,,1,352,332,2020-06-23 00:34:02,6,m1_b0002,2,train/images/002_20200623_003402(2).png,train/labels/002_20200623_003402(2).txt
002_20200623_003410(2),train,official,,1,352,332,2020-06-23 00:34:10,6,m1_b0002,2,train/images/002_20200623_003410(2).png,train/labels/002_20200623_003410(2).txt
002_20200623_043039(3),test,official,,1,352,332,2020-06-23 04:30:39,6,m1_b0003,3,test/images/002_20200623_043039(3).png,test/labels/002_20200623_043039(3).txt
002_20200623_043043(2),test,official,,1,352,332,2020-06-23 04:30:43,6,m1_b0003,2,test/images/002_20200623_043043(2).png,test/labels/002_20200623_043043(2).txt
002_20200623_043047(2),test,official,,1,352,332,2020-06-23 04:30:47,6,m1_b0003,2,test/images/002_20200623_043047(2).png,test/labels/002_20200623_043047(2).txt
002_20200623_043051(3),test,official,,1,352,332,2020-06-23 04:30:51,6,m1_b0003,3,test/images/002_20200623_043051(3).png,test/labels/002_20200623_043051(3).txt
002_20200623_043055(3),test,official,,1,352,332,2020-06-23 04:30:55,6,m1_b0003,3,test/images/002_20200623_043055(3).png,test/labels/002_20200623_043055(3).txt
002_20200623_043059(4),test,official,,1,352,332,2020-06-23 04:30:59,6,m1_b0003,4,test/images/002_20200623_043059(4).png,test/labels/002_20200623_043059(4).txt
002_20200623_082258(6),train,official,,1,352,332,2020-06-23 08:22:58,6,m1_b0004,6,train/images/002_20200623_082258(6).png,train/labels/002_20200623_082258(6).txt
002_20200623_082302(6),train,official,,1,352,332,2020-06-23 08:23:02,6,m1_b0004,6,train/images/002_20200623_082302(6).png,train/labels/002_20200623_082302(6).txt
002_20200623_082306(5),train,official,,1,352,332,2020-06-23 08:23:06,6,m1_b0004,5,train/images/002_20200623_082306(5).png,train/labels/002_20200623_082306(5).txt
002_20200623_082310(6),train,official,,1,352,332,2020-06-23 08:23:10,6,m1_b0004,6,train/images/002_20200623_082310(6).png,train/labels/002_20200623_082310(6).txt
002_20200623_082314(4),train,official,,1,352,332,2020-06-23 08:23:14,6,m1_b0004,4,train/images/002_20200623_082314(4).png,train/labels/002_20200623_082314(4).txt
002_20200623_082318(5),train,official,,1,352,332,2020-06-23 08:23:18,6,m1_b0004,5,train/images/002_20200623_082318(5).png,train/labels/002_20200623_082318(5).txt
002_20200623_123032(7),train,official,,1,352,332,2020-06-23 12:30:32,6,m1_b0005,7,train/images/002_20200623_123032(7).png,train/labels/002_20200623_123032(7).txt
002_20200623_123036(5),train,official,,1,352,332,2020-06-23 12:30:36,6,m1_b0005,5,train/images/002_20200623_123036(5).png,train/labels/002_20200623_123036(5).txt
002_20200623_123040(5),train,official,,1,352,332,2020-06-23 12:30:40,6,m1_b0005,5,train/images/002_20200623_123040(5).png,train/labels/002_20200623_123040(5).txt
002_20200623_123044(3),train,official,,1,352,332,2020-06-23 12:30:44,6,m1_b0005,3,train/images/002_20200623_123044(3).png,train/labels/002_20200623_123044(3).txt
002_20200623_123048(4),train,official,,1,352,332,2020-06-23 12:30:48,6,m1_b0005,4,train/images/002_20200623_123048(4).png,train/labels/002_20200623_123048(4).txt
002_20200623_123052(5),train,official,,1,352,332,2020-06-23 12:30:52,6,m1_b0005,5,train/images/002_20200623_123052(5).png,train/labels/002_20200623_123052(5).txt
002_20200623_163039(5),train,official,,1,352,332,2020-06-23 16:30:39,6,m1_b0006,5,train/images/002_20200623_163039(5).png,train/labels/002_20200623_163039(5).txt
002_20200623_163043(7),train,official,,1,352,332,2020-06-23 16:30:43,6,m1_b0006,7,train/images/002_20200623_163043(7).png,train/labels/002_20200623_163043(7).txt
002_20200623_163047(6),train,official,,1,352,332,2020-06-23 16:30:47,6,m1_b0006,6,train/images/002_20200623_163047(6).png,train/labels/002_20200623_163047(6).txt
002_20200623_163051(7),train,official,,1,352,332,2020-06-23 16:30:51,6,m1_b0006,7,train/images/002_20200623_163051(7).png,train/labels/002_20200623_163051(7).txt
002_20200623_163055(6),train,official,,1,352,332,2020-06-23 16:30:55,6,m1_b0006,6,train/images/002_20200623_163055(6).png,train/labels/002_20200623_163055(6).txt
002_20200623_163059(6),train,official,,1,352,332,2020-06-23 16:30:59,6,m1_b0006,6,train/images/002_20200623_163059(6).png,train/labels/002_20200623_163059(6).txt
002_20200623_203040(4),test,official,,1,352,332,2020-06-23 20:30:40,6,m1_b0007,4,test/images/002_20200623_203040(4).png,test/labels/002_20200623_203040(4).txt
002_20200623_203044(0),test,official,,1,352,332,2020-06-23 20:30:44,6,m1_b0007,0,test/images/002_20200623_203044(0).png,test/labels/002_20200623_203044(0).txt
002_20200623_203047(7),test,official,,1,352,332,2020-06-23 20:30:47,6,m1_b0007,7,test/images/002_20200623_203047(7).png,test/labels/002_20200623_203047(7).txt
002_20200623_203051(2),test,official,,1,352,332,2020-06-23 20:30:51,6,m1_b0007,2,test/images/002_20200623_203051(2).png,test/labels/002_20200623_203051(2).txt
002_20200623_203054(7),test,official,,1,352,332,2020-06-23 20:30:54,6,m1_b0007,7,test/images/002_20200623_203054(7).png,test/labels/002_20200623_203054(7).txt
002_20200623_203058(3),test,official,,1,352,332,2020-06-23 20:30:58,6,m1_b0007,3,test/images/002_20200623_203058(3).png,test/labels/002_20200623_203058(3).txt
002_20200624_003107(0),train,official,,1,352,332,2020-06-24 00:31:07,6,m1_b0008,0,train/images/002_20200624_003107(0).png,train/labels/002_20200624_003107(0).txt
002_20200624_003111(0),train,official,,1,352,332,2020-06-24 00:31:11,6,m1_b0008,0,train/images/002_20200624_003111(0).png,train/labels/002_20200624_003111(0).txt
002_20200624_003115(1),train,official,,1,352,332,2020-06-24 00:31:15,6,m1_b0008,1,train/images/002_20200624_003115(1).png,train/labels/002_20200624_003115(1).txt
002_20200624_003119(1),train,official,,1,352,332,2020-06-24 00:31:19,6,m1_b0008,1,train/images/002_20200624_003119(1).png,train/labels/002_20200624_003119(1).txt
002_20200624_003123(1),train,official,,1,352,332,2020-06-24 00:31:23,6,m1_b0008,1,train/images/002_20200624_003123(1).png,train/labels/002_20200624_003123(1).txt
002_20200624_003127(0),train,official,,1,352,332,2020-06-24 00:31:27,6,m1_b0008,0,train/images/002_20200624_003127(0).png,train/labels/002_20200624_003127(0).txt
002_20200624_043128(1),train,official,,1,352,332,2020-06-24 04:31:28,6,m1_b0009,1,train/images/002_20200624_043128(1).png,train/labels/002_20200624_043128(1).txt
002_20200624_043132(2),train,official,,1,352,332,2020-06-24 04:31:32,6,m1_b0009,2,train/images/002_20200624_043132(2).png,train/labels/002_20200624_043132(2).txt
002_20200624_043136(1),train,official,,1,352,332,2020-06-24 04:31:36,6,m1_b0009,1,train/images/002_20200624_043136(1).png,train/labels/002_20200624_043136(1).txt
002_20200624_043140(2),train,official,,1,352,332,2020-06-24 04:31:40,6,m1_b0009,2,train/images/002_20200624_043140(2).png,train/labels/002_20200624_043140(2).txt
002_20200624_043144(2),train,official,,1,352,332,2020-06-24 04:31:44,6,m1_b0009,2,train/images/002_20200624_043144(2).png,train/labels/002_20200624_043144(2).txt
002_20200624_043148(1),train,official,,1,352,332,2020-06-24 04:31:48,6,m1_b0009,1,train/images/002_20200624_043148(1).png,train/labels/002_20200624_043148(1).txt
002_20200624_083045(5),test,official,,1,352,332,2020-06-24 08:30:45,6,m1_b0010,5,test/images/002_20200624_083045(5).png,test/labels/002_20200624_083045(5).txt
002_20200624_083049(6),test,official,,1,352,332,2020-06-24 08:30:49,6,m1_b0010,6,test/images/002_20200624_083049(6).png,test/labels/002_20200624_083049(6).txt
002_20200624_083053(3),test,official,,1,352,332,2020-06-24 08:30:53,6,m1_b0010,3,test/images/002_20200624_083053(3).png,test/labels/002_20200624_083053(3).txt
002_20200624_083057(4),test,official,,1,352,332,2020-06-24 08:30:57,6,m1_b0010,4,test/images/002_20200624_083057(4).png,test/labels/002_20200624_083057(4).txt
002_20200624_083101(4),test,official,,1,352,332,2020-06-24 08:31:01,6,m1_b0010,4,test/images/002_20200624_083101(4).png,test/labels/002_20200624_083101(4).txt
002_20200624_083105(5),test,official,,1,352,332,2020-06-24 08:31:05,6,m1_b0010,5,test/images/002_20200624_083105(5).png,test/labels/002_20200624_083105(5).txt
002_20200624_123122(6),test,official,,1,352,332,2020-06-24 12:31:22,6,m1_b0011,6,test/images/002_20200624_123122(6).png,test/labels/002_20200624_123122(6).txt
002_20200624_123126(4),test,official,,1,352,332,2020-06-24 12:31:26,6,m1_b0011,4,test/images/002_20200624_123126(4).png,test/labels/002_20200624_123126(4).txt
002_20200624_123129(9),test,official,,1,352,332,2020-06-24 12:31:29,6,m1_b0011,9,test/images/002_20200624_123129(9).png,test/labels/002_20200624_123129(9).txt
002_20200624_123133(0),test,official,,1,352,332,2020-06-24 12:31:33,6,m1_b0011,0,test/images/002_20200624_123133(0).png,test/labels/002_20200624_123133(0).txt
002_20200624_123136(5),test,official,,1,352,332,2020-06-24 12:31:36,6,m1_b0011,5,test/images/002_20200624_123136(5).png,test/labels/002_20200624_123136(5).txt
002_20200624_123143(7),test,official,,1,352,332,2020-06-24 12:31:43,6,m1_b0011,7,test/images/002_20200624_123143(7).png,test/labels/002_20200624_123143(7).txt
002_20200624_162522(0),train,official,,1,352,332,2020-06-24 16:25:22,6,m1_b0012,0,train/images/002_20200624_162522(0).png,train/labels/002_20200624_162522(0).txt
002_20200624_162527(8),train,official,,1,352,332,2020-06-24 16:25:27,6,m1_b0012,8,train/images/002_20200624_162527(8).png,train/labels/002_20200624_162527(8).txt
002_20200624_162531(7),train,official,,1,352,332,2020-06-24 16:25:31,6,m1_b0012,7,train/images/002_20200624_162531(7).png,train/labels/002_20200624_162531(7).txt
002_20200624_162536(8),train,official,,1,352,332,2020-06-24 16:25:36,6,m1_b0012,8,train/images/002_20200624_162536(8).png,train/labels/002_20200624_162536(8).txt
002_20200624_162540(3),train,official,,1,352,332,2020-06-24 16:25:40,6,m1_b0012,3,train/images/002_20200624_162540(3).png,train/labels/002_20200624_162540(3).txt
002_20200624_162543(7),train,official,,1,352,332,2020-06-24 16:25:43,6,m1_b0012,7,train/images/002_20200624_162543(7).png,train/labels/002_20200624_162543(7).txt
002_20200624_203003(9),train,official,,1,352,332,2020-06-24 20:30:03,6,m1_b0013,9,train/images/002_20200624_203003(9).png,train/labels/002_20200624_203003(9).txt
002_20200624_203012(9),train,official,,1,352,332,2020-06-24 20:30:12,6,m1_b0013,9,train/images/002_20200624_203012(9).png,train/labels/002_20200624_203012(9).txt
002_20200624_203017(4),train,official,,1,352,332,2020-06-24 20:30:17,6,m1_b0013,4,train/images/002_20200624_203017(4).png,train/labels/002_20200624_203017(4).txt
002_20200624_203021(9),train,official,,1,352,332,2020-06-24 20:30:21,6,m1_b0013,9,train/images/002_20200624_203021(9).png,train/labels/002_20200624_203021(9).txt
002_20200624_203026(4),train,official,,1,352,332,2020-06-24 20:30:26,6,m1_b0013,4,train/images/002_20200624_203026(4).png,train/labels/002_20200624_203026(4).txt
002_20200624_203044(4),train,official,,1,352,332,2020-06-24 20:30:44,6,m1_b0013,4,train/images/002_20200624_203044(4).png,train/labels/002_20200624_203044(4).txt
002_20200625_003116(4),val,official,,1,352,332,2020-06-25 00:31:16,6,m1_b0014,4,val/images/002_20200625_003116(4).png,val/labels/002_20200625_003116(4).txt
002_20200625_003120(7),val,official,,1,352,332,2020-06-25 00:31:20,6,m1_b0014,7,val/images/002_20200625_003120(7).png,val/labels/002_20200625_003120(7).txt
002_20200625_003125(4),val,official,,1,352,332,2020-06-25 00:31:25,6,m1_b0014,4,val/images/002_20200625_003125(4).png,val/labels/002_20200625_003125(4).txt
002_20200625_003130(0),val,official,,1,352,332,2020-06-25 00:31:30,6,m1_b0014,0,val/images/002_20200625_003130(0).png,val/labels/002_20200625_003130(0).txt
002_20200625_003134(4),val,official,,1,352,332,2020-06-25 00:31:34,6,m1_b0014,4,val/images/002_20200625_003134(4).png,val/labels/002_20200625_003134(4).txt
002_20200625_003139(0),val,official,,1,352,332,2020-06-25 00:31:39,6,m1_b0014,0,val/images/002_20200625_003139(0).png,val/labels/002_20200625_003139(0).txt
002_20200625_042934(9),train,official,,1,352,332,2020-06-25 04:29:34,6,m1_b0015,9,train/images/002_20200625_042934(9).png,train/labels/002_20200625_042934(9).txt
002_20200625_042939(2),train,official,,1,352,332,2020-06-25 04:29:39,6,m1_b0015,2,train/images/002_20200625_042939(2).png,train/labels/002_20200625_042939(2).txt
002_20200625_042943(7),train,official,,1,352,332,2020-06-25 04:29:43,6,m1_b0015,7,train/images/002_20200625_042943(7).png,train/labels/002_20200625_042943(7).txt
002_20200625_042948(3),train,official,,1,352,332,2020-06-25 04:29:48,6,m1_b0015,3,train/images/002_20200625_042948(3).png,train/labels/002_20200625_042948(3).txt
002_20200625_042952(8),train,official,,1,352,332,2020-06-25 04:29:52,6,m1_b0015,8,train/images/002_20200625_042952(8).png,train/labels/002_20200625_042952(8).txt
002_20200625_042957(3),train,official,,1,352,332,2020-06-25 04:29:57,6,m1_b0015,3,train/images/002_20200625_042957(3).png,train/labels/002_20200625_042957(3).txt
002_20200629_082630(7),val,official,,1,352,332,2020-06-29 08:26:30,6,m1_b0016,7,val/images/002_20200629_082630(7).png,val/labels/002_20200629_082630(7).txt
002_20200629_082639(2),val,official,,1,352,332,2020-06-29 08:26:39,6,m1_b0016,2,val/images/002_20200629_082639(2).png,val/labels/002_20200629_082639(2).txt
002_20200629_082642(2),val,official,,1,352,332,2020-06-29 08:26:42,6,m1_b0016,2,val/images/002_20200629_082642(2).png,val/labels/002_20200629_082642(2).txt
002_20200629_082645(4),val,official,,1,352,332,2020-06-29 08:26:45,6,m1_b0016,4,val/images/002_20200629_082645(4).png,val/labels/002_20200629_082645(4).txt
002_20200629_082648(6),val,team,lee,1,352,332,2020-06-29 08:26:48,6,m1_b0016,6,val/images/002_20200629_082648(6).png,val/labels/002_20200629_082648(6).txt
002_20200629_082651(5),val,team,lee,1,352,332,2020-06-29 08:26:51,6,m1_b0016,5,val/images/002_20200629_082651(5).png,val/labels/002_20200629_082651(5).txt
002_20200629_123235(1),train,team,lee,1,352,332,2020-06-29 12:32:35,6,m1_b0017,1,train/images/002_20200629_123235(1).png,train/labels/002_20200629_123235(1).txt
002_20200629_123239(5),train,team,lee,1,352,332,2020-06-29 12:32:39,6,m1_b0017,5,train/images/002_20200629_123239(5).png,train/labels/002_20200629_123239(5).txt
002_20200629_123244(1),train,team,lee,1,352,332,2020-06-29 12:32:44,6,m1_b0017,1,train/images/002_20200629_123244(1).png,train/labels/002_20200629_123244(1).txt
002_20200629_123248(5),train,team,lee,1,352,332,2020-06-29 12:32:48,6,m1_b0017,5,train/images/002_20200629_123248(5).png,train/labels/002_20200629_123248(5).txt
002_20200629_123253(1),train,team,lee,1,352,332,2020-06-29 12:32:53,6,m1_b0017,1,train/images/002_20200629_123253(1).png,train/labels/002_20200629_123253(1).txt
002_20200629_123257(5),train,team,lee,1,352,332,2020-06-29 12:32:57,6,m1_b0017,5,train/images/002_20200629_123257(5).png,train/labels/002_20200629_123257(5).txt
002_20200629_163454(3),train,team,jung,1,352,332,2020-06-29 16:34:54,6,m1_b0018,3,train/images/002_20200629_163454(3).png,train/labels/002_20200629_163454(3).txt
002_20200629_163457(3),train,team,jung,1,352,332,2020-06-29 16:34:57,6,m1_b0018,3,train/images/002_20200629_163457(3).png,train/labels/002_20200629_163457(3).txt
002_20200629_163500(2),train,team,jung,1,352,332,2020-06-29 16:35:00,6,m1_b0018,2,train/images/002_20200629_163500(2).png,train/labels/002_20200629_163500(2).txt
002_20200629_163506(3),train,team,jung,1,352,332,2020-06-29 16:35:06,6,m1_b0018,3,train/images/002_20200629_163506(3).png,train/labels/002_20200629_163506(3).txt
002_20200629_163513(1),train,team,jung,1,352,332,2020-06-29 16:35:13,6,m1_b0018,1,train/images/002_20200629_163513(1).png,train/labels/002_20200629_163513(1).txt
002_20200629_163520(3),train,team,jung,1,352,332,2020-06-29 16:35:20,6,m1_b0018,3,train/images/002_20200629_163520(3).png,train/labels/002_20200629_163520(3).txt
002_20200629_202528(1),train,team,heo,1,352,332,2020-06-29 20:25:28,6,m1_b0019,1,train/images/002_20200629_202528(1).png,train/labels/002_20200629_202528(1).txt
002_20200629_202532(5),train,team,heo,1,352,332,2020-06-29 20:25:32,6,m1_b0019,5,train/images/002_20200629_202532(5).png,train/labels/002_20200629_202532(5).txt
002_20200629_202537(0),train,team,heo,1,352,332,2020-06-29 20:25:37,6,m1_b0019,0,train/images/002_20200629_202537(0).png,train/labels/002_20200629_202537(0).txt
002_20200629_202541(5),train,team,heo,1,352,332,2020-06-29 20:25:41,6,m1_b0019,5,train/images/002_20200629_202541(5).png,train/labels/002_20200629_202541(5).txt
002_20200629_202546(0),train,team,heo,1,352,332,2020-06-29 20:25:46,6,m1_b0019,0,train/images/002_20200629_202546(0).png,train/labels/002_20200629_202546(0).txt
002_20200629_202550(6),train,team,heo,1,352,332,2020-06-29 20:25:50,6,m1_b0019,6,train/images/002_20200629_202550(6).png,train/labels/002_20200629_202550(6).txt
002_20200630_002731(0),val,team,lee,1,352,332,2020-06-30 00:27:31,6,m1_b0020,0,val/images/002_20200630_002731(0).png,val/labels/002_20200630_002731(0).txt
002_20200630_002735(3),val,team,lee,1,352,332,2020-06-30 00:27:35,6,m1_b0020,3,val/images/002_20200630_002735(3).png,val/labels/002_20200630_002735(3).txt
002_20200630_002739(8),val,team,lee,1,352,332,2020-06-30 00:27:39,6,m1_b0020,8,val/images/002_20200630_002739(8).png,val/labels/002_20200630_002739(8).txt
002_20200630_002744(3),val,team,lee,1,352,332,2020-06-30 00:27:44,6,m1_b0020,3,val/images/002_20200630_002744(3).png,val/labels/002_20200630_002744(3).txt
002_20200630_002748(7),val,team,lee,1,352,332,2020-06-30 00:27:48,6,m1_b0020,7,val/images/002_20200630_002748(7).png,val/labels/002_20200630_002748(7).txt
002_20200630_002753(4),val,team,lee,1,352,332,2020-06-30 00:27:53,6,m1_b0020,4,val/images/002_20200630_002753(4).png,val/labels/002_20200630_002753(4).txt
002_20200630_042952(6),train,team,jung,1,352,332,2020-06-30 04:29:52,6,m1_b0021,6,train/images/002_20200630_042952(6).png,train/labels/002_20200630_042952(6).txt
002_20200630_042956(9),train,team,jung,1,352,332,2020-06-30 04:29:56,6,m1_b0021,9,train/images/002_20200630_042956(9).png,train/labels/002_20200630_042956(9).txt
002_20200630_043001(5),train,team,jung,1,352,332,2020-06-30 04:30:01,6,m1_b0021,5,train/images/002_20200630_043001(5).png,train/labels/002_20200630_043001(5).txt
002_20200630_043009(0),train,team,jung,1,352,332,2020-06-30 04:30:09,6,m1_b0021,0,train/images/002_20200630_043009(0).png,train/labels/002_20200630_043009(0).txt
002_20200630_043018(1),train,team,jung,1,352,332,2020-06-30 04:30:18,6,m1_b0021,1,train/images/002_20200630_043018(1).png,train/labels/002_20200630_043018(1).txt
002_20200630_043022(7),train,team,jung,1,352,332,2020-06-30 04:30:22,6,m1_b0021,7,train/images/002_20200630_043022(7).png,train/labels/002_20200630_043022(7).txt
002_20200630_083021(2),train,team,heo,1,352,332,2020-06-30 08:30:21,6,m1_b0022,2,train/images/002_20200630_083021(2).png,train/labels/002_20200630_083021(2).txt
002_20200630_083024(2),train,team,heo,1,352,332,2020-06-30 08:30:24,6,m1_b0022,2,train/images/002_20200630_083024(2).png,train/labels/002_20200630_083024(2).txt
002_20200630_083028(7),train,team,heo,1,352,332,2020-06-30 08:30:28,6,m1_b0022,7,train/images/002_20200630_083028(7).png,train/labels/002_20200630_083028(7).txt
002_20200630_083033(2),train,team,heo,1,352,332,2020-06-30 08:30:33,6,m1_b0022,2,train/images/002_20200630_083033(2).png,train/labels/002_20200630_083033(2).txt
002_20200630_083037(7),train,team,heo,1,352,332,2020-06-30 08:30:37,6,m1_b0022,7,train/images/002_20200630_083037(7).png,train/labels/002_20200630_083037(7).txt
002_20200630_083042(2),train,team,heo,1,352,332,2020-06-30 08:30:42,6,m1_b0022,2,train/images/002_20200630_083042(2).png,train/labels/002_20200630_083042(2).txt
002_20200630_123220(5),val,team,lee,1,352,332,2020-06-30 12:32:20,6,m1_b0023,5,val/images/002_20200630_123220(5).png,val/labels/002_20200630_123220(5).txt
002_20200630_123224(9),val,team,lee,1,352,332,2020-06-30 12:32:24,6,m1_b0023,9,val/images/002_20200630_123224(9).png,val/labels/002_20200630_123224(9).txt
002_20200630_123229(5),val,team,lee,1,352,332,2020-06-30 12:32:29,6,m1_b0023,5,val/images/002_20200630_123229(5).png,val/labels/002_20200630_123229(5).txt
002_20200630_123234(0),val,team,lee,1,352,332,2020-06-30 12:32:34,6,m1_b0023,0,val/images/002_20200630_123234(0).png,val/labels/002_20200630_123234(0).txt
002_20200630_123238(5),val,team,lee,1,352,332,2020-06-30 12:32:38,6,m1_b0023,5,val/images/002_20200630_123238(5).png,val/labels/002_20200630_123238(5).txt
002_20200630_123243(0),val,team,lee,1,352,332,2020-06-30 12:32:43,6,m1_b0023,0,val/images/002_20200630_123243(0).png,val/labels/002_20200630_123243(0).txt
002_20200630_163223(6),val,team,jung,1,352,332,2020-06-30 16:32:23,6,m1_b0024,6,val/images/002_20200630_163223(6).png,val/labels/002_20200630_163223(6).txt
002_20200630_163227(9),val,team,jung,1,352,332,2020-06-30 16:32:27,6,m1_b0024,9,val/images/002_20200630_163227(9).png,val/labels/002_20200630_163227(9).txt
002_20200630_163232(4),val,team,jung,1,352,332,2020-06-30 16:32:32,6,m1_b0024,4,val/images/002_20200630_163232(4).png,val/labels/002_20200630_163232(4).txt
002_20200630_163237(0),val,team,jung,1,352,332,2020-06-30 16:32:37,6,m1_b0024,0,val/images/002_20200630_163237(0).png,val/labels/002_20200630_163237(0).txt
002_20200630_163241(3),val,team,jung,1,352,332,2020-06-30 16:32:41,6,m1_b0024,3,val/images/002_20200630_163241(3).png,val/labels/002_20200630_163241(3).txt
002_20200630_163246(0),val,team,jung,1,352,332,2020-06-30 16:32:46,6,m1_b0024,0,val/images/002_20200630_163246(0).png,val/labels/002_20200630_163246(0).txt
002_20200630_202821(1),train,team,heo,1,352,332,2020-06-30 20:28:21,6,m1_b0025,1,train/images/002_20200630_202821(1).png,train/labels/002_20200630_202821(1).txt
002_20200630_202825(8),train,team,heo,1,352,332,2020-06-30 20:28:25,6,m1_b0025,8,train/images/002_20200630_202825(8).png,train/labels/002_20200630_202825(8).txt
002_20200630_202830(0),train,team,heo,1,352,332,2020-06-30 20:28:30,6,m1_b0025,0,train/images/002_20200630_202830(0).png,train/labels/002_20200630_202830(0).txt
002_20200630_202834(7),train,team,heo,1,352,332,2020-06-30 20:28:34,6,m1_b0025,7,train/images/002_20200630_202834(7).png,train/labels/002_20200630_202834(7).txt
002_20200630_202839(2),train,team,heo,1,352,332,2020-06-30 20:28:39,6,m1_b0025,2,train/images/002_20200630_202839(2).png,train/labels/002_20200630_202839(2).txt
002_20200630_202843(7),train,team,heo,1,352,332,2020-06-30 20:28:43,6,m1_b0025,7,train/images/002_20200630_202843(7).png,train/labels/002_20200630_202843(7).txt
002_20200701_003844(7),train,team,jung,1,352,332,2020-07-01 00:38:44,7,m1_b0026,7,train/images/002_20200701_003844(7).png,train/labels/002_20200701_003844(7).txt
002_20200701_003849(2),train,team,jung,1,352,332,2020-07-01 00:38:49,7,m1_b0026,2,train/images/002_20200701_003849(2).png,train/labels/002_20200701_003849(2).txt
002_20200701_003853(8),train,team,jung,1,352,332,2020-07-01 00:38:53,7,m1_b0026,8,train/images/002_20200701_003853(8).png,train/labels/002_20200701_003853(8).txt
002_20200701_003858(2),train,team,jung,1,352,332,2020-07-01 00:38:58,7,m1_b0026,2,train/images/002_20200701_003858(2).png,train/labels/002_20200701_003858(2).txt
002_20200701_003902(7),train,team,jung,1,352,332,2020-07-01 00:39:02,7,m1_b0026,7,train/images/002_20200701_003902(7).png,train/labels/002_20200701_003902(7).txt
002_20200701_003907(0),train,team,jung,1,352,332,2020-07-01 00:39:07,7,m1_b0026,0,train/images/002_20200701_003907(0).png,train/labels/002_20200701_003907(0).txt
002_20200701_042952(8),train,team,jung,1,352,332,2020-07-01 04:29:52,7,m1_b0027,8,train/images/002_20200701_042952(8).png,train/labels/002_20200701_042952(8).txt
002_20200701_042957(2),train,team,jung,1,352,332,2020-07-01 04:29:57,7,m1_b0027,2,train/images/002_20200701_042957(2).png,train/labels/002_20200701_042957(2).txt
002_20200701_043001(6),train,team,jung,1,352,332,2020-07-01 04:30:01,7,m1_b0027,6,train/images/002_20200701_043001(6).png,train/labels/002_20200701_043001(6).txt
002_20200701_043006(4),train,team,jung,1,352,332,2020-07-01 04:30:06,7,m1_b0027,4,train/images/002_20200701_043006(4).png,train/labels/002_20200701_043006(4).txt
002_20200701_043010(8),train,team,jung,1,352,332,2020-07-01 04:30:10,7,m1_b0027,8,train/images/002_20200701_043010(8).png,train/labels/002_20200701_043010(8).txt
002_20200701_043015(3),train,team,jung,1,352,332,2020-07-01 04:30:15,7,m1_b0027,3,train/images/002_20200701_043015(3).png,train/labels/002_20200701_043015(3).txt
002_20200701_083109(4),train,team,lee,1,352,332,2020-07-01 08:31:09,7,m1_b0028,4,train/images/002_20200701_083109(4).png,train/labels/002_20200701_083109(4).txt
002_20200701_083113(8),train,team,lee,1,352,332,2020-07-01 08:31:13,7,m1_b0028,8,train/images/002_20200701_083113(8).png,train/labels/002_20200701_083113(8).txt
002_20200701_083121(4),train,team,lee,1,352,332,2020-07-01 08:31:21,7,m1_b0028,4,train/images/002_20200701_083121(4).png,train/labels/002_20200701_083121(4).txt
002_20200701_083126(0),train,team,lee,1,352,332,2020-07-01 08:31:26,7,m1_b0028,0,train/images/002_20200701_083126(0).png,train/labels/002_20200701_083126(0).txt
002_20200701_083130(4),train,team,lee,1,352,332,2020-07-01 08:31:30,7,m1_b0028,4,train/images/002_20200701_083130(4).png,train/labels/002_20200701_083130(4).txt
002_20200701_083142(6),train,team,lee,1,352,332,2020-07-01 08:31:42,7,m1_b0028,6,train/images/002_20200701_083142(6).png,train/labels/002_20200701_083142(6).txt
002_20200701_123318(7),train,team,heo,1,352,332,2020-07-01 12:33:18,7,m1_b0029,7,train/images/002_20200701_123318(7).png,train/labels/002_20200701_123318(7).txt
002_20200701_123321(8),train,team,heo,1,352,332,2020-07-01 12:33:21,7,m1_b0029,8,train/images/002_20200701_123321(8).png,train/labels/002_20200701_123321(8).txt
002_20200701_123325(0),train,team,heo,1,352,332,2020-07-01 12:33:25,7,m1_b0029,0,train/images/002_20200701_123325(0).png,train/labels/002_20200701_123325(0).txt
002_20200701_123328(2),train,team,heo,1,352,332,2020-07-01 12:33:28,7,m1_b0029,2,train/images/002_20200701_123328(2).png,train/labels/002_20200701_123328(2).txt
002_20200701_123331(2),train,team,heo,1,352,332,2020-07-01 12:33:31,7,m1_b0029,2,train/images/002_20200701_123331(2).png,train/labels/002_20200701_123331(2).txt
002_20200701_123334(3),train,team,heo,1,352,332,2020-07-01 12:33:34,7,m1_b0029,3,train/images/002_20200701_123334(3).png,train/labels/002_20200701_123334(3).txt
002_20200701_163004(7),val,team,jung,1,352,332,2020-07-01 16:30:04,7,m1_b0030,7,val/images/002_20200701_163004(7).png,val/labels/002_20200701_163004(7).txt
002_20200701_163017(3),val,team,jung,1,352,332,2020-07-01 16:30:17,7,m1_b0030,3,val/images/002_20200701_163017(3).png,val/labels/002_20200701_163017(3).txt
002_20200701_163021(2),val,team,jung,1,352,332,2020-07-01 16:30:21,7,m1_b0030,2,val/images/002_20200701_163021(2).png,val/labels/002_20200701_163021(2).txt
002_20200701_163024(9),val,team,jung,1,352,332,2020-07-01 16:30:24,7,m1_b0030,9,val/images/002_20200701_163024(9).png,val/labels/002_20200701_163024(9).txt
002_20200701_163029(1),val,team,jung,1,352,332,2020-07-01 16:30:29,7,m1_b0030,1,val/images/002_20200701_163029(1).png,val/labels/002_20200701_163029(1).txt
002_20200701_163033(0),val,team,jung,1,352,332,2020-07-01 16:30:33,7,m1_b0030,0,val/images/002_20200701_163033(0).png,val/labels/002_20200701_163033(0).txt
002_20200701_203037(6),test,team,lee,1,352,332,2020-07-01 20:30:37,7,m1_b0031,6,test/images/002_20200701_203037(6).png,test/labels/002_20200701_203037(6).txt
002_20200701_203040(8),test,team,lee,1,352,332,2020-07-01 20:30:40,7,m1_b0031,8,test/images/002_20200701_203040(8).png,test/labels/002_20200701_203040(8).txt
002_20200701_203043(9),test,team,lee,1,352,332,2020-07-01 20:30:43,7,m1_b0031,9,test/images/002_20200701_203043(9).png,test/labels/002_20200701_203043(9).txt
002_20200701_203046(9),test,team,lee,1,352,332,2020-07-01 20:30:46,7,m1_b0031,9,test/images/002_20200701_203046(9).png,test/labels/002_20200701_203046(9).txt
002_20200701_203050(0),test,team,lee,1,352,332,2020-07-01 20:30:50,7,m1_b0031,0,test/images/002_20200701_203050(0).png,test/labels/002_20200701_203050(0).txt
002_20200701_203053(0),test,team,lee,1,352,332,2020-07-01 20:30:53,7,m1_b0031,0,test/images/002_20200701_203053(0).png,test/labels/002_20200701_203053(0).txt
002_20200702_002742(2),train,team,heo,1,352,332,2020-07-02 00:27:42,7,m1_b0032,2,train/images/002_20200702_002742(2).png,train/labels/002_20200702_002742(2).txt
002_20200702_002746(8),train,team,heo,1,352,332,2020-07-02 00:27:46,7,m1_b0032,8,train/images/002_20200702_002746(8).png,train/labels/002_20200702_002746(8).txt
002_20200702_002751(2),train,team,heo,1,352,332,2020-07-02 00:27:51,7,m1_b0032,2,train/images/002_20200702_002751(2).png,train/labels/002_20200702_002751(2).txt
002_20200702_002755(8),train,team,heo,1,352,332,2020-07-02 00:27:55,7,m1_b0032,8,train/images/002_20200702_002755(8).png,train/labels/002_20200702_002755(8).txt
002_20200702_002800(1),train,team,heo,1,352,332,2020-07-02 00:28:00,7,m1_b0032,1,train/images/002_20200702_002800(1).png,train/labels/002_20200702_002800(1).txt
002_20200702_002804(8),train,team,heo,1,352,332,2020-07-02 00:28:04,7,m1_b0032,8,train/images/002_20200702_002804(8).png,train/labels/002_20200702_002804(8).txt
002_20200702_042930(4),train,team,jung,1,352,332,2020-07-02 04:29:30,7,m1_b0033,4,train/images/002_20200702_042930(4).png,train/labels/002_20200702_042930(4).txt
002_20200702_042933(6),train,team,jung,1,352,332,2020-07-02 04:29:33,7,m1_b0033,6,train/images/002_20200702_042933(6).png,train/labels/002_20200702_042933(6).txt
002_20200702_042937(8),train,team,jung,1,352,332,2020-07-02 04:29:37,7,m1_b0033,8,train/images/002_20200702_042937(8).png,train/labels/002_20200702_042937(8).txt
002_20200702_042945(5),train,team,jung,1,352,332,2020-07-02 04:29:45,7,m1_b0033,5,train/images/002_20200702_042945(5).png,train/labels/002_20200702_042945(5).txt
002_20200702_042949(9),train,team,jung,1,352,332,2020-07-02 04:29:49,7,m1_b0033,9,train/images/002_20200702_042949(9).png,train/labels/002_20200702_042949(9).txt
002_20200702_042954(6),train,team,jung,1,352,332,2020-07-02 04:29:54,7,m1_b0033,6,train/images/002_20200702_042954(6).png,train/labels/002_20200702_042954(6).txt
002_20200706_083031(0),train,team,lee,1,352,332,2020-07-06 08:30:31,7,m1_b0034,0,train/images/002_20200706_083031(0).png,train/labels/002_20200706_083031(0).txt
002_20200706_083035(5),train,team,lee,1,352,332,2020-07-06 08:30:35,7,m1_b0034,5,train/images/002_20200706_083035(5).png,train/labels/002_20200706_083035(5).txt
002_20200706_083039(2),train,team,lee,1,352,332,2020-07-06 08:30:39,7,m1_b0034,2,train/images/002_20200706_083039(2).png,train/labels/002_20200706_083039(2).txt
002_20200706_083042(4),train,team,lee,1,352,332,2020-07-06 08:30:42,7,m1_b0034,4,train/images/002_20200706_083042(4).png,train/labels/002_20200706_083042(4).txt
002_20200706_083045(5),train,team,lee,1,352,332,2020-07-06 08:30:45,7,m1_b0034,5,train/images/002_20200706_083045(5).png,train/labels/002_20200706_083045(5).txt
002_20200706_083049(6),train,team,lee,1,352,332,2020-07-06 08:30:49,7,m1_b0034,6,train/images/002_20200706_083049(6).png,train/labels/002_20200706_083049(6).txt
002_20200706_123023(3),train,team,heo,1,352,332,2020-07-06 12:30:23,7,m1_b0035,3,train/images/002_20200706_123023(3).png,train/labels/002_20200706_123023(3).txt
002_20200706_123027(1),train,team,heo,1,352,332,2020-07-06 12:30:27,7,m1_b0035,1,train/images/002_20200706_123027(1).png,train/labels/002_20200706_123027(1).txt
002_20200706_123031(0),train,team,heo,1,352,332,2020-07-06 12:30:31,7,m1_b0035,0,train/images/002_20200706_123031(0).png,train/labels/002_20200706_123031(0).txt
002_20200706_123035(0),train,team,heo,1,352,332,2020-07-06 12:30:35,7,m1_b0035,0,train/images/002_20200706_123035(0).png,train/labels/002_20200706_123035(0).txt
002_20200706_123038(9),train,team,heo,1,352,332,2020-07-06 12:30:38,7,m1_b0035,9,train/images/002_20200706_123038(9).png,train/labels/002_20200706_123038(9).txt
002_20200706_123042(9),train,team,heo,1,352,332,2020-07-06 12:30:42,7,m1_b0035,9,train/images/002_20200706_123042(9).png,train/labels/002_20200706_123042(9).txt
002_20200706_163436(9),val,team,jung,1,352,332,2020-07-06 16:34:36,7,m1_b0036,9,val/images/002_20200706_163436(9).png,val/labels/002_20200706_163436(9).txt
002_20200706_163440(2),val,team,jung,1,352,332,2020-07-06 16:34:40,7,m1_b0036,2,val/images/002_20200706_163440(2).png,val/labels/002_20200706_163440(2).txt
002_20200706_163443(1),val,team,jung,1,352,332,2020-07-06 16:34:43,7,m1_b0036,1,val/images/002_20200706_163443(1).png,val/labels/002_20200706_163443(1).txt
002_20200706_163445(8),val,team,jung,1,352,332,2020-07-06 16:34:45,7,m1_b0036,8,val/images/002_20200706_163445(8).png,val/labels/002_20200706_163445(8).txt
002_20200706_163448(8),val,team,jung,1,352,332,2020-07-06 16:34:48,7,m1_b0036,8,val/images/002_20200706_163448(8).png,val/labels/002_20200706_163448(8).txt
002_20200706_163451(8),val,team,jung,1,352,332,2020-07-06 16:34:51,7,m1_b0036,8,val/images/002_20200706_163451(8).png,val/labels/002_20200706_163451(8).txt
002_20200706_203038(8),train,team,lee,1,352,332,2020-07-06 20:30:38,7,m1_b0037,8,train/images/002_20200706_203038(8).png,train/labels/002_20200706_203038(8).txt
002_20200706_203042(0),train,team,lee,1,352,332,2020-07-06 20:30:42,7,m1_b0037,0,train/images/002_20200706_203042(0).png,train/labels/002_20200706_203042(0).txt
002_20200706_203045(2),train,team,lee,1,352,332,2020-07-06 20:30:45,7,m1_b0037,2,train/images/002_20200706_203045(2).png,train/labels/002_20200706_203045(2).txt
002_20200706_203048(5),train,team,lee,1,352,332,2020-07-06 20:30:48,7,m1_b0037,5,train/images/002_20200706_203048(5).png,train/labels/002_20200706_203048(5).txt
002_20200706_203051(7),train,team,lee,1,352,332,2020-07-06 20:30:51,7,m1_b0037,7,train/images/002_20200706_203051(7).png,train/labels/002_20200706_203051(7).txt
002_20200706_203058(1),train,team,lee,1,352,332,2020-07-06 20:30:58,7,m1_b0037,1,train/images/002_20200706_203058(1).png,train/labels/002_20200706_203058(1).txt
002_20200707_003535(3),train,team,heo,1,352,332,2020-07-07 00:35:35,7,m1_b0038,3,train/images/002_20200707_003535(3).png,train/labels/002_20200707_003535(3).txt
002_20200707_003543(3),train,team,heo,1,352,332,2020-07-07 00:35:43,7,m1_b0038,3,train/images/002_20200707_003543(3).png,train/labels/002_20200707_003543(3).txt
002_20200707_003547(4),train,team,heo,1,352,332,2020-07-07 00:35:47,7,m1_b0038,4,train/images/002_20200707_003547(4).png,train/labels/002_20200707_003547(4).txt
002_20200707_003551(2),train,team,heo,1,352,332,2020-07-07 00:35:51,7,m1_b0038,2,train/images/002_20200707_003551(2).png,train/labels/002_20200707_003551(2).txt
002_20200707_003555(2),train,team,heo,1,352,332,2020-07-07 00:35:55,7,m1_b0038,2,train/images/002_20200707_003555(2).png,train/labels/002_20200707_003555(2).txt
002_20200707_003603(4),train,team,heo,1,352,332,2020-07-07 00:36:03,7,m1_b0038,4,train/images/002_20200707_003603(4).png,train/labels/002_20200707_003603(4).txt
002_20200707_043323(4),val,team,heo,1,352,332,2020-07-07 04:33:23,7,m1_b0039,4,val/images/002_20200707_043323(4).png,val/labels/002_20200707_043323(4).txt
002_20200707_043327(5),val,team,heo,1,352,332,2020-07-07 04:33:27,7,m1_b0039,5,val/images/002_20200707_043327(5).png,val/labels/002_20200707_043327(5).txt
002_20200707_043331(4),val,team,heo,1,352,332,2020-07-07 04:33:31,7,m1_b0039,4,val/images/002_20200707_043331(4).png,val/labels/002_20200707_043331(4).txt
002_20200707_043441(2),train,team,lee,1,352,332,2020-07-07 04:34:41,7,m1_b0040,2,train/images/002_20200707_043441(2).png,train/labels/002_20200707_043441(2).txt
002_20200707_043449(4),train,team,lee,1,352,332,2020-07-07 04:34:49,7,m1_b0040,4,train/images/002_20200707_043449(4).png,train/labels/002_20200707_043449(4).txt
002_20200707_043453(4),train,team,lee,1,352,332,2020-07-07 04:34:53,7,m1_b0040,4,train/images/002_20200707_043453(4).png,train/labels/002_20200707_043453(4).txt
002_20200707_083007(7),train,team,jung,1,352,332,2020-07-07 08:30:07,7,m1_b0041,7,train/images/002_20200707_083007(7).png,train/labels/002_20200707_083007(7).txt
002_20200707_083011(7),train,team,jung,1,352,332,2020-07-07 08:30:11,7,m1_b0041,7,train/images/002_20200707_083011(7).png,train/labels/002_20200707_083011(7).txt
002_20200707_083015(6),train,team,jung,1,352,332,2020-07-07 08:30:15,7,m1_b0041,6,train/images/002_20200707_083015(6).png,train/labels/002_20200707_083015(6).txt
002_20200707_083019(7),train,team,jung,1,352,332,2020-07-07 08:30:19,7,m1_b0041,7,train/images/002_20200707_083019(7).png,train/labels/002_20200707_083019(7).txt
002_20200707_083023(7),train,team,jung,1,352,332,2020-07-07 08:30:23,7,m1_b0041,7,train/images/002_20200707_083023(7).png,train/labels/002_20200707_083023(7).txt
002_20200707_083027(5),train,team,jung,1,352,332,2020-07-07 08:30:27,7,m1_b0041,5,train/images/002_20200707_083027(5).png,train/labels/002_20200707_083027(5).txt
002_20200707_123124(2),train,team,lee,1,352,332,2020-07-07 12:31:24,7,m1_b0042,2,train/images/002_20200707_123124(2).png,train/labels/002_20200707_123124(2).txt
002_20200707_123128(4),train,team,lee,1,352,332,2020-07-07 12:31:28,7,m1_b0042,4,train/images/002_20200707_123128(4).png,train/labels/002_20200707_123128(4).txt
002_20200707_123132(4),train,team,lee,1,352,332,2020-07-07 12:31:32,7,m1_b0042,4,train/images/002_20200707_123132(4).png,train/labels/002_20200707_123132(4).txt
002_20200707_123136(3),train,team,lee,1,352,332,2020-07-07 12:31:36,7,m1_b0042,3,train/images/002_20200707_123136(3).png,train/labels/002_20200707_123136(3).txt
002_20200707_123140(3),train,team,lee,1,352,332,2020-07-07 12:31:40,7,m1_b0042,3,train/images/002_20200707_123140(3).png,train/labels/002_20200707_123140(3).txt
002_20200707_123144(3),train,team,lee,1,352,332,2020-07-07 12:31:44,7,m1_b0042,3,train/images/002_20200707_123144(3).png,train/labels/002_20200707_123144(3).txt
002_20200708_093546(5),train,team,heo,1,352,332,2020-07-08 09:35:46,7,m1_b0043,5,train/images/002_20200708_093546(5).png,train/labels/002_20200708_093546(5).txt
002_20200708_093556(1),train,team,heo,1,352,332,2020-07-08 09:35:56,7,m1_b0043,1,train/images/002_20200708_093556(1).png,train/labels/002_20200708_093556(1).txt
002_20200708_093600(2),train,team,heo,1,352,332,2020-07-08 09:36:00,7,m1_b0043,2,train/images/002_20200708_093600(2).png,train/labels/002_20200708_093600(2).txt
002_20200708_093604(2),train,team,heo,1,352,332,2020-07-08 09:36:04,7,m1_b0043,2,train/images/002_20200708_093604(2).png,train/labels/002_20200708_093604(2).txt
002_20200708_093608(1),train,team,heo,1,352,332,2020-07-08 09:36:08,7,m1_b0043,1,train/images/002_20200708_093608(1).png,train/labels/002_20200708_093608(1).txt
002_20200708_093612(3),train,team,heo,1,352,332,2020-07-08 09:36:12,7,m1_b0043,3,train/images/002_20200708_093612(3).png,train/labels/002_20200708_093612(3).txt
002_20200708_122738(0),train,team,jung,1,352,332,2020-07-08 12:27:38,7,m1_b0044,0,train/images/002_20200708_122738(0).png,train/labels/002_20200708_122738(0).txt
002_20200708_122742(0),train,team,jung,1,352,332,2020-07-08 12:27:42,7,m1_b0044,0,train/images/002_20200708_122742(0).png,train/labels/002_20200708_122742(0).txt
002_20200708_122745(8),train,team,jung,1,352,332,2020-07-08 12:27:45,7,m1_b0044,8,train/images/002_20200708_122745(8).png,train/labels/002_20200708_122745(8).txt
002_20200708_122749(9),train,team,jung,1,352,332,2020-07-08 12:27:49,7,m1_b0044,9,train/images/002_20200708_122749(9).png,train/labels/002_20200708_122749(9).txt
002_20200708_122753(9),train,team,jung,1,352,332,2020-07-08 12:27:53,7,m1_b0044,9,train/images/002_20200708_122753(9).png,train/labels/002_20200708_122753(9).txt
002_20200708_122757(9),train,team,jung,1,352,332,2020-07-08 12:27:57,7,m1_b0044,9,train/images/002_20200708_122757(9).png,train/labels/002_20200708_122757(9).txt
002_20200708_123746(2),val,team,lee,1,352,332,2020-07-08 12:37:46,7,m1_b0045,2,val/images/002_20200708_123746(2).png,val/labels/002_20200708_123746(2).txt
002_20200708_123750(2),val,team,lee,1,352,332,2020-07-08 12:37:50,7,m1_b0045,2,val/images/002_20200708_123750(2).png,val/labels/002_20200708_123750(2).txt
002_20200708_123754(3),val,team,lee,1,352,332,2020-07-08 12:37:54,7,m1_b0045,3,val/images/002_20200708_123754(3).png,val/labels/002_20200708_123754(3).txt
002_20200708_123800(1),val,team,lee,1,352,332,2020-07-08 12:38:00,7,m1_b0045,1,val/images/002_20200708_123800(1).png,val/labels/002_20200708_123800(1).txt
002_20200708_123804(2),val,team,lee,1,352,332,2020-07-08 12:38:04,7,m1_b0045,2,val/images/002_20200708_123804(2).png,val/labels/002_20200708_123804(2).txt
002_20200708_123808(2),val,team,lee,1,352,332,2020-07-08 12:38:08,7,m1_b0045,2,val/images/002_20200708_123808(2).png,val/labels/002_20200708_123808(2).txt
002_20200708_163727(3),train,team,heo,1,352,332,2020-07-08 16:37:27,7,m1_b0046,3,train/images/002_20200708_163727(3).png,train/labels/002_20200708_163727(3).txt
002_20200708_163731(2),train,team,heo,1,352,332,2020-07-08 16:37:31,7,m1_b0046,2,train/images/002_20200708_163731(2).png,train/labels/002_20200708_163731(2).txt
002_20200708_163735(1),train,team,heo,1,352,332,2020-07-08 16:37:35,7,m1_b0046,1,train/images/002_20200708_163735(1).png,train/labels/002_20200708_163735(1).txt
002_20200708_163739(3),train,team,heo,1,352,332,2020-07-08 16:37:39,7,m1_b0046,3,train/images/002_20200708_163739(3).png,train/labels/002_20200708_163739(3).txt
002_20200708_163743(1),train,team,heo,1,352,332,2020-07-08 16:37:43,7,m1_b0046,1,train/images/002_20200708_163743(1).png,train/labels/002_20200708_163743(1).txt
002_20200708_163747(2),train,team,heo,1,352,332,2020-07-08 16:37:47,7,m1_b0046,2,train/images/002_20200708_163747(2).png,train/labels/002_20200708_163747(2).txt
002_20200708_203120(0),train,team,jung,1,352,332,2020-07-08 20:31:20,7,m1_b0047,0,train/images/002_20200708_203120(0).png,train/labels/002_20200708_203120(0).txt
002_20200708_203124(1),train,team,jung,1,352,332,2020-07-08 20:31:24,7,m1_b0047,1,train/images/002_20200708_203124(1).png,train/labels/002_20200708_203124(1).txt
002_20200708_203128(1),train,team,jung,1,352,332,2020-07-08 20:31:28,7,m1_b0047,1,train/images/002_20200708_203128(1).png,train/labels/002_20200708_203128(1).txt
002_20200708_203132(0),train,team,jung,1,352,332,2020-07-08 20:31:32,7,m1_b0047,0,train/images/002_20200708_203132(0).png,train/labels/002_20200708_203132(0).txt
002_20200708_203135(9),train,team,jung,1,352,332,2020-07-08 20:31:35,7,m1_b0047,9,train/images/002_20200708_203135(9).png,train/labels/002_20200708_203135(9).txt
002_20200708_203139(9),train,team,jung,1,352,332,2020-07-08 20:31:39,7,m1_b0047,9,train/images/002_20200708_203139(9).png,train/labels/002_20200708_203139(9).txt
002_20200713_090619(5),train,team,lee,1,352,332,2020-07-13 09:06:19,7,m1_b0048,5,train/images/002_20200713_090619(5).png,train/labels/002_20200713_090619(5).txt
002_20200713_090624(6),train,team,lee,1,352,332,2020-07-13 09:06:24,7,m1_b0048,6,train/images/002_20200713_090624(6).png,train/labels/002_20200713_090624(6).txt
002_20200713_090627(7),train,team,lee,1,352,332,2020-07-13 09:06:27,7,m1_b0048,7,train/images/002_20200713_090627(7).png,train/labels/002_20200713_090627(7).txt
002_20200713_090630(9),train,team,lee,1,352,332,2020-07-13 09:06:30,7,m1_b0048,9,train/images/002_20200713_090630(9).png,train/labels/002_20200713_090630(9).txt
002_20200713_090633(9),train,team,lee,1,352,332,2020-07-13 09:06:33,7,m1_b0048,9,train/images/002_20200713_090633(9).png,train/labels/002_20200713_090633(9).txt
002_20200713_090637(0),train,team,lee,1,352,332,2020-07-13 09:06:37,7,m1_b0048,0,train/images/002_20200713_090637(0).png,train/labels/002_20200713_090637(0).txt
002_20200713_123402(2),train,team,heo,1,352,332,2020-07-13 12:34:02,7,m1_b0049,2,train/images/002_20200713_123402(2).png,train/labels/002_20200713_123402(2).txt
002_20200713_123406(6),train,team,heo,1,352,332,2020-07-13 12:34:06,7,m1_b0049,6,train/images/002_20200713_123406(6).png,train/labels/002_20200713_123406(6).txt
002_20200713_123411(2),train,team,heo,1,352,332,2020-07-13 12:34:11,7,m1_b0049,2,train/images/002_20200713_123411(2).png,train/labels/002_20200713_123411(2).txt
002_20200713_123415(6),train,team,heo,1,352,332,2020-07-13 12:34:15,7,m1_b0049,6,train/images/002_20200713_123415(6).png,train/labels/002_20200713_123415(6).txt
002_20200713_123420(2),train,team,heo,1,352,332,2020-07-13 12:34:20,7,m1_b0049,2,train/images/002_20200713_123420(2).png,train/labels/002_20200713_123420(2).txt
002_20200713_123424(6),train,team,heo,1,352,332,2020-07-13 12:34:24,7,m1_b0049,6,train/images/002_20200713_123424(6).png,train/labels/002_20200713_123424(6).txt
002_20200713_163527(7),train,team,heo,1,352,332,2020-07-13 16:35:27,7,m1_b0050,7,train/images/002_20200713_163527(7).png,train/labels/002_20200713_163527(7).txt
002_20200713_163532(0),train,team,heo,1,352,332,2020-07-13 16:35:32,7,m1_b0050,0,train/images/002_20200713_163532(0).png,train/labels/002_20200713_163532(0).txt
002_20200713_163536(6),train,team,heo,1,352,332,2020-07-13 16:35:36,7,m1_b0050,6,train/images/002_20200713_163536(6).png,train/labels/002_20200713_163536(6).txt
002_20200713_163541(1),train,team,heo,1,352,332,2020-07-13 16:35:41,7,m1_b0050,1,train/images/002_20200713_163541(1).png,train/labels/002_20200713_163541(1).txt
002_20200713_163551(8),train,team,heo,1,352,332,2020-07-13 16:35:51,7,m1_b0050,8,train/images/002_20200713_163551(8).png,train/labels/002_20200713_163551(8).txt
002_20200713_163657(7),train,team,jung,1,352,332,2020-07-13 16:36:57,7,m1_b0051,7,train/images/002_20200713_163657(7).png,train/labels/002_20200713_163657(7).txt
002_20200713_202453(5),train,team,jung,1,352,332,2020-07-13 20:24:53,7,m1_b0052,5,train/images/002_20200713_202453(5).png,train/labels/002_20200713_202453(5).txt
002_20200713_202457(9),train,team,jung,1,352,332,2020-07-13 20:24:57,7,m1_b0052,9,train/images/002_20200713_202457(9).png,train/labels/002_20200713_202457(9).txt
002_20200713_202502(4),train,team,jung,1,352,332,2020-07-13 20:25:02,7,m1_b0052,4,train/images/002_20200713_202502(4).png,train/labels/002_20200713_202502(4).txt
002_20200713_202507(0),train,team,jung,1,352,332,2020-07-13 20:25:07,7,m1_b0052,0,train/images/002_20200713_202507(0).png,train/labels/002_20200713_202507(0).txt
002_20200713_202511(3),train,team,jung,1,352,332,2020-07-13 20:25:11,7,m1_b0052,3,train/images/002_20200713_202511(3).png,train/labels/002_20200713_202511(3).txt
002_20200713_202515(8),train,team,jung,1,352,332,2020-07-13 20:25:15,7,m1_b0052,8,train/images/002_20200713_202515(8).png,train/labels/002_20200713_202515(8).txt
002_20200714_002645(1),train,team,lee,1,352,332,2020-07-14 00:26:45,7,m1_b0053,1,train/images/002_20200714_002645(1).png,train/labels/002_20200714_002645(1).txt
002_20200714_002649(5),train,team,lee,1,352,332,2020-07-14 00:26:49,7,m1_b0053,5,train/images/002_20200714_002649(5).png,train/labels/002_20200714_002649(5).txt
002_20200714_002654(1),train,team,lee,1,352,332,2020-07-14 00:26:54,7,m1_b0053,1,train/images/002_20200714_002654(1).png,train/labels/002_20200714_002654(1).txt
002_20200714_002658(5),train,team,lee,1,352,332,2020-07-14 00:26:58,7,m1_b0053,5,train/images/002_20200714_002658(5).png,train/labels/002_20200714_002658(5).txt
002_20200714_002703(0),train,team,lee,1,352,332,2020-07-14 00:27:03,7,m1_b0053,0,train/images/002_20200714_002703(0).png,train/labels/002_20200714_002703(0).txt
002_20200714_002707(5),train,team,lee,1,352,332,2020-07-14 00:27:07,7,m1_b0053,5,train/images/002_20200714_002707(5).png,train/labels/002_20200714_002707(5).txt
002_20200714_042619(3),train,team,jung,1,352,332,2020-07-14 04:26:19,7,m1_b0054,3,train/images/002_20200714_042619(3).png,train/labels/002_20200714_042619(3).txt
002_20200714_042623(8),train,team,jung,1,352,332,2020-07-14 04:26:23,7,m1_b0054,8,train/images/002_20200714_042623(8).png,train/labels/002_20200714_042623(8).txt
002_20200714_042628(4),train,team,jung,1,352,332,2020-07-14 04:26:28,7,m1_b0054,4,train/images/002_20200714_042628(4).png,train/labels/002_20200714_042628(4).txt
002_20200714_042632(8),train,team,jung,1,352,332,2020-07-14 04:26:32,7,m1_b0054,8,train/images/002_20200714_042632(8).png,train/labels/002_20200714_042632(8).txt
002_20200714_042637(4),train,team,jung,1,352,332,2020-07-14 04:26:37,7,m1_b0054,4,train/images/002_20200714_042637(4).png,train/labels/002_20200714_042637(4).txt
002_20200714_042641(8),train,official,,1,352,332,2020-07-14 04:26:41,7,m1_b0054,8,train/images/002_20200714_042641(8).png,train/labels/002_20200714_042641(8).txt
002_20200714_083054(2),train,official,,1,352,332,2020-07-14 08:30:54,7,m1_b0055,2,train/images/002_20200714_083054(2).png,train/labels/002_20200714_083054(2).txt
002_20200714_083057(5),train,official,,1,352,332,2020-07-14 08:30:57,7,m1_b0055,5,train/images/002_20200714_083057(5).png,train/labels/002_20200714_083057(5).txt
002_20200714_083101(7),train,official,,1,352,332,2020-07-14 08:31:01,7,m1_b0055,7,train/images/002_20200714_083101(7).png,train/labels/002_20200714_083101(7).txt
002_20200714_083106(2),train,official,,1,352,332,2020-07-14 08:31:06,7,m1_b0055,2,train/images/002_20200714_083106(2).png,train/labels/002_20200714_083106(2).txt
002_20200714_083110(8),train,official,,1,352,332,2020-07-14 08:31:10,7,m1_b0055,8,train/images/002_20200714_083110(8).png,train/labels/002_20200714_083110(8).txt
002_20200714_083115(1),train,official,,1,352,332,2020-07-14 08:31:15,7,m1_b0055,1,train/images/002_20200714_083115(1).png,train/labels/002_20200714_083115(1).txt
002_20200714_123109(8),test,official,,1,352,332,2020-07-14 12:31:09,7,m1_b0056,8,test/images/002_20200714_123109(8).png,test/labels/002_20200714_123109(8).txt
002_20200714_123113(1),test,official,,1,352,332,2020-07-14 12:31:13,7,m1_b0056,1,test/images/002_20200714_123113(1).png,test/labels/002_20200714_123113(1).txt
002_20200714_123117(3),test,official,,1,352,332,2020-07-14 12:31:17,7,m1_b0056,3,test/images/002_20200714_123117(3).png,test/labels/002_20200714_123117(3).txt
002_20200714_123120(4),test,official,,1,352,332,2020-07-14 12:31:20,7,m1_b0056,4,test/images/002_20200714_123120(4).png,test/labels/002_20200714_123120(4).txt
002_20200714_123123(5),test,official,,1,352,332,2020-07-14 12:31:23,7,m1_b0056,5,test/images/002_20200714_123123(5).png,test/labels/002_20200714_123123(5).txt
002_20200714_123126(4),test,official,,1,352,332,2020-07-14 12:31:26,7,m1_b0056,4,test/images/002_20200714_123126(4).png,test/labels/002_20200714_123126(4).txt
002_20200714_163046(2),train,official,,1,352,332,2020-07-14 16:30:46,7,m1_b0057,2,train/images/002_20200714_163046(2).png,train/labels/002_20200714_163046(2).txt
002_20200714_163049(8),train,official,,1,352,332,2020-07-14 16:30:49,7,m1_b0057,8,train/images/002_20200714_163049(8).png,train/labels/002_20200714_163049(8).txt
002_20200714_163053(5),train,official,,1,352,332,2020-07-14 16:30:53,7,m1_b0057,5,train/images/002_20200714_163053(5).png,train/labels/002_20200714_163053(5).txt
002_20200714_163056(8),train,official,,1,352,332,2020-07-14 16:30:56,7,m1_b0057,8,train/images/002_20200714_163056(8).png,train/labels/002_20200714_163056(8).txt
002_20200714_163100(2),train,official,,1,352,332,2020-07-14 16:31:00,7,m1_b0057,2,train/images/002_20200714_163100(2).png,train/labels/002_20200714_163100(2).txt
002_20200714_163103(5),train,official,,1,352,332,2020-07-14 16:31:03,7,m1_b0057,5,train/images/002_20200714_163103(5).png,train/labels/002_20200714_163103(5).txt
002_20200714_225756(0),train,official,,1,352,332,2020-07-14 22:57:56,7,m1_b0058,0,train/images/002_20200714_225756(0).png,train/labels/002_20200714_225756(0).txt
002_20200714_225759(8),train,official,,1,352,332,2020-07-14 22:57:59,7,m1_b0058,8,train/images/002_20200714_225759(8).png,train/labels/002_20200714_225759(8).txt
002_20200714_225803(3),train,official,,1,352,332,2020-07-14 22:58:03,7,m1_b0058,3,train/images/002_20200714_225803(3).png,train/labels/002_20200714_225803(3).txt
002_20200714_225807(3),train,official,,1,352,332,2020-07-14 22:58:07,7,m1_b0058,3,train/images/002_20200714_225807(3).png,train/labels/002_20200714_225807(3).txt
002_20200714_225810(5),train,official,,1,352,332,2020-07-14 22:58:10,7,m1_b0058,5,train/images/002_20200714_225810(5).png,train/labels/002_20200714_225810(5).txt
002_20200714_225817(4),train,official,,1,352,332,2020-07-14 22:58:17,7,m1_b0058,4,train/images/002_20200714_225817(4).png,train/labels/002_20200714_225817(4).txt
002_20200715_002443(4),train,official,,1,352,332,2020-07-15 00:24:43,7,m1_b0059,4,train/images/002_20200715_002443(4).png,train/labels/002_20200715_002443(4).txt
002_20200715_002447(9),train,official,,1,352,332,2020-07-15 00:24:47,7,m1_b0059,9,train/images/002_20200715_002447(9).png,train/labels/002_20200715_002447(9).txt
002_20200715_002456(9),train,official,,1,352,332,2020-07-15 00:24:56,7,m1_b0059,9,train/images/002_20200715_002456(9).png,train/labels/002_20200715_002456(9).txt
002_20200715_002509(0),train,official,,1,352,332,2020-07-15 00:25:09,7,m1_b0059,0,train/images/002_20200715_002509(0).png,train/labels/002_20200715_002509(0).txt
002_20200715_002513(4),train,official,,1,352,332,2020-07-15 00:25:13,7,m1_b0059,4,train/images/002_20200715_002513(4).png,train/labels/002_20200715_002513(4).txt
002_20200715_002517(9),train,team,jung,1,352,332,2020-07-15 00:25:17,7,m1_b0059,9,train/images/002_20200715_002517(9).png,train/labels/002_20200715_002517(9).txt
002_20200715_042354(7),train,team,heo,1,352,332,2020-07-15 04:23:54,7,m1_b0060,7,train/images/002_20200715_042354(7).png,train/labels/002_20200715_042354(7).txt
002_20200715_042358(9),train,team,heo,1,352,332,2020-07-15 04:23:58,7,m1_b0060,9,train/images/002_20200715_042358(9).png,train/labels/002_20200715_042358(9).txt
002_20200715_042403(5),train,team,heo,1,352,332,2020-07-15 04:24:03,7,m1_b0060,5,train/images/002_20200715_042403(5).png,train/labels/002_20200715_042403(5).txt
002_20200715_042408(0),train,team,heo,1,352,332,2020-07-15 04:24:08,7,m1_b0060,0,train/images/002_20200715_042408(0).png,train/labels/002_20200715_042408(0).txt
002_20200715_042412(5),train,team,heo,1,352,332,2020-07-15 04:24:12,7,m1_b0060,5,train/images/002_20200715_042412(5).png,train/labels/002_20200715_042412(5).txt
002_20200715_042416(9),train,team,heo,1,352,332,2020-07-15 04:24:16,7,m1_b0060,9,train/images/002_20200715_042416(9).png,train/labels/002_20200715_042416(9).txt
002_20200715_083116(0),train,team,jung,1,352,332,2020-07-15 08:31:16,7,m1_b0061,0,train/images/002_20200715_083116(0).png,train/labels/002_20200715_083116(0).txt
002_20200715_083120(5),train,team,jung,1,352,332,2020-07-15 08:31:20,7,m1_b0061,5,train/images/002_20200715_083120(5).png,train/labels/002_20200715_083120(5).txt
002_20200715_083124(9),train,team,jung,1,352,332,2020-07-15 08:31:24,7,m1_b0061,9,train/images/002_20200715_083124(9).png,train/labels/002_20200715_083124(9).txt
002_20200715_083129(4),train,team,jung,1,352,332,2020-07-15 08:31:29,7,m1_b0061,4,train/images/002_20200715_083129(4).png,train/labels/002_20200715_083129(4).txt
002_20200715_083134(0),train,team,jung,1,352,332,2020-07-15 08:31:34,7,m1_b0061,0,train/images/002_20200715_083134(0).png,train/labels/002_20200715_083134(0).txt
002_20200715_083138(5),train,team,jung,1,352,332,2020-07-15 08:31:38,7,m1_b0061,5,train/images/002_20200715_083138(5).png,train/labels/002_20200715_083138(5).txt
002_20200721_163237(8),val,team,lee,1,352,332,2020-07-21 16:32:37,7,m1_b0062,8,val/images/002_20200721_163237(8).png,val/labels/002_20200721_163237(8).txt
002_20200721_163239(7),val,team,lee,1,352,332,2020-07-21 16:32:39,7,m1_b0062,7,val/images/002_20200721_163239(7).png,val/labels/002_20200721_163239(7).txt
002_20200721_163244(4),val,team,lee,1,352,332,2020-07-21 16:32:44,7,m1_b0062,4,val/images/002_20200721_163244(4).png,val/labels/002_20200721_163244(4).txt
002_20200721_163245(6),val,team,lee,1,352,332,2020-07-21 16:32:45,7,m1_b0062,6,val/images/002_20200721_163245(6).png,val/labels/002_20200721_163245(6).txt
002_20200721_163248(8),val,team,lee,1,352,332,2020-07-21 16:32:48,7,m1_b0062,8,val/images/002_20200721_163248(8).png,val/labels/002_20200721_163248(8).txt
002_20200721_163249(9),val,team,lee,1,352,332,2020-07-21 16:32:49,7,m1_b0062,9,val/images/002_20200721_163249(9).png,val/labels/002_20200721_163249(9).txt
002_20200721_163253(3),val,team,lee,1,352,332,2020-07-21 16:32:53,7,m1_b0062,3,val/images/002_20200721_163253(3).png,val/labels/002_20200721_163253(3).txt
002_20200721_163253(9),val,team,lee,1,352,332,2020-07-21 16:32:53,7,m1_b0062,9,val/images/002_20200721_163253(9).png,val/labels/002_20200721_163253(9).txt
002_20200721_163257(5),val,team,lee,1,352,332,2020-07-21 16:32:57,7,m1_b0062,5,val/images/002_20200721_163257(5).png,val/labels/002_20200721_163257(5).txt
002_20200721_163257(9),val,team,lee,1,352,332,2020-07-21 16:32:57,7,m1_b0062,9,val/images/002_20200721_163257(9).png,val/labels/002_20200721_163257(9).txt
002_20200721_163301(1),val,team,lee,1,352,332,2020-07-21 16:33:01,7,m1_b0062,1,val/images/002_20200721_163301(1).png,val/labels/002_20200721_163301(1).txt
002_20200721_163302(4),val,team,lee,1,352,332,2020-07-21 16:33:02,7,m1_b0062,4,val/images/002_20200721_163302(4).png,val/labels/002_20200721_163302(4).txt
002_20200722_003343(8),val,team,heo,1,352,332,2020-07-22 00:33:43,7,m1_b0063,8,val/images/002_20200722_003343(8).png,val/labels/002_20200722_003343(8).txt
002_20200722_003354(1),val,team,heo,1,352,332,2020-07-22 00:33:54,7,m1_b0063,1,val/images/002_20200722_003354(1).png,val/labels/002_20200722_003354(1).txt
002_20200722_043432(7),test,team,lee,1,352,332,2020-07-22 04:34:32,7,m1_b0064,7,test/images/002_20200722_043432(7).png,test/labels/002_20200722_043432(7).txt
002_20200722_043437(0),test,team,lee,1,352,332,2020-07-22 04:34:37,7,m1_b0064,0,test/images/002_20200722_043437(0).png,test/labels/002_20200722_043437(0).txt
002_20200722_083131(9),train,team,jung,1,352,332,2020-07-22 08:31:31,7,m1_b0065,9,train/images/002_20200722_083131(9).png,train/labels/002_20200722_083131(9).txt
002_20200722_083136(6),train,team,jung,1,352,332,2020-07-22 08:31:36,7,m1_b0065,6,train/images/002_20200722_083136(6).png,train/labels/002_20200722_083136(6).txt
002_20200722_130939(5),train,team,heo,1,352,332,2020-07-22 13:09:39,7,m1_b0066,5,train/images/002_20200722_130939(5).png,train/labels/002_20200722_130939(5).txt
002_20200722_130944(0),train,team,heo,1,352,332,2020-07-22 13:09:44,7,m1_b0066,0,train/images/002_20200722_130944(0).png,train/labels/002_20200722_130944(0).txt
002_20200722_162848(2),train,team,lee,1,352,332,2020-07-22 16:28:48,7,m1_b0067,2,train/images/002_20200722_162848(2).png,train/labels/002_20200722_162848(2).txt
002_20200722_162852(6),train,team,lee,1,352,332,2020-07-22 16:28:52,7,m1_b0067,6,train/images/002_20200722_162852(6).png,train/labels/002_20200722_162852(6).txt
002_20200723_003208(1),train,team,jung,1,352,332,2020-07-23 00:32:08,7,m1_b0068,1,train/images/002_20200723_003208(1).png,train/labels/002_20200723_003208(1).txt
002_20200723_003212(6),train,team,jung,1,352,332,2020-07-23 00:32:12,7,m1_b0068,6,train/images/002_20200723_003212(6).png,train/labels/002_20200723_003212(6).txt
002_20200723_043256(5),test,team,heo,1,352,332,2020-07-23 04:32:56,7,m1_b0069,5,test/images/002_20200723_043256(5).png,test/labels/002_20200723_043256(5).txt
002_20200723_043258(3),test,team,heo,1,352,332,2020-07-23 04:32:58,7,m1_b0069,3,test/images/002_20200723_043258(3).png,test/labels/002_20200723_043258(3).txt
002_20200723_082303(8),train,team,lee,1,352,332,2020-07-23 08:23:03,7,m1_b0070,8,train/images/002_20200723_082303(8).png,train/labels/002_20200723_082303(8).txt
002_20200723_082309(9),train,team,lee,1,352,332,2020-07-23 08:23:09,7,m1_b0070,9,train/images/002_20200723_082309(9).png,train/labels/002_20200723_082309(9).txt
002_20200723_123129(3),test,team,jung,1,352,332,2020-07-23 12:31:29,7,m1_b0071,3,test/images/002_20200723_123129(3).png,test/labels/002_20200723_123129(3).txt
002_20200723_123133(9),test,team,jung,1,352,332,2020-07-23 12:31:33,7,m1_b0071,9,test/images/002_20200723_123133(9).png,test/labels/002_20200723_123133(9).txt
002_20200723_162937(5),train,team,heo,1,352,332,2020-07-23 16:29:37,7,m1_b0072,5,train/images/002_20200723_162937(5).png,train/labels/002_20200723_162937(5).txt
002_20200723_162948(2),train,team,heo,1,352,332,2020-07-23 16:29:48,7,m1_b0072,2,train/images/002_20200723_162948(2).png,train/labels/002_20200723_162948(2).txt
002_20200723_203129(9),test,team,lee,1,352,332,2020-07-23 20:31:29,7,m1_b0073,9,test/images/002_20200723_203129(9).png,test/labels/002_20200723_203129(9).txt
002_20200723_203134(3),test,team,lee,1,352,332,2020-07-23 20:31:34,7,m1_b0073,3,test/images/002_20200723_203134(3).png,test/labels/002_20200723_203134(3).txt
002_20200724_003201(9),test,team,jung,1,352,332,2020-07-24 00:32:01,7,m1_b0074,9,test/images/002_20200724_003201(9).png,test/labels/002_20200724_003201(9).txt
002_20200724_003206(4),test,team,jung,1,352,332,2020-07-24 00:32:06,7,m1_b0074,4,test/images/002_20200724_003206(4).png,test/labels/002_20200724_003206(4).txt
002_20200727_091655(1),val,team,heo,1,352,332,2020-07-27 09:16:55,7,m1_b0075,1,val/images/002_20200727_091655(1).png,val/labels/002_20200727_091655(1).txt
002_20200727_091657(1),val,team,heo,1,352,332,2020-07-27 09:16:57,7,m1_b0075,1,val/images/002_20200727_091657(1).png,val/labels/002_20200727_091657(1).txt
002_20200727_110524(7),test,team,lee,1,412,332,2020-07-27 11:05:24,7,m1_b0076,7,test/images/002_20200727_110524(7).png,test/labels/002_20200727_110524(7).txt
002_20200727_110529(6),test,team,lee,1,412,332,2020-07-27 11:05:29,7,m1_b0076,6,test/images/002_20200727_110529(6).png,test/labels/002_20200727_110529(6).txt
002_20200727_110632(2),test,team,jung,1,412,332,2020-07-27 11:06:32,7,m1_b0077,2,test/images/002_20200727_110632(2).png,test/labels/002_20200727_110632(2).txt
002_20200727_110645(7),test,team,jung,1,412,332,2020-07-27 11:06:45,7,m1_b0077,7,test/images/002_20200727_110645(7).png,test/labels/002_20200727_110645(7).txt
002_20200727_110753(2),test,team,heo,1,412,332,2020-07-27 11:07:53,7,m1_b0078,2,test/images/002_20200727_110753(2).png,test/labels/002_20200727_110753(2).txt
002_20200727_110806(8),test,team,heo,1,412,332,2020-07-27 11:08:06,7,m1_b0078,8,test/images/002_20200727_110806(8).png,test/labels/002_20200727_110806(8).txt
002_20200727_110914(3),test,team,heo,1,412,332,2020-07-27 11:09:14,7,m1_b0079,3,test/images/002_20200727_110914(3).png,test/labels/002_20200727_110914(3).txt
002_20200727_111038(1),test,team,lee,1,412,332,2020-07-27 11:10:38,7,m1_b0080,1,test/images/002_20200727_111038(1).png,test/labels/002_20200727_111038(1).txt
002_20200727_111132(2),test,team,lee,1,412,332,2020-07-27 11:11:32,7,m1_b0080,2,test/images/002_20200727_111132(2).png,test/labels/002_20200727_111132(2).txt
002_20200727_111239(7),train,team,lee,1,412,332,2020-07-27 11:12:39,7,m1_b0081,7,train/images/002_20200727_111239(7).png,train/labels/002_20200727_111239(7).txt
002_20200727_111347(3),train,team,heo,1,412,332,2020-07-27 11:13:47,7,m1_b0082,3,train/images/002_20200727_111347(3).png,train/labels/002_20200727_111347(3).txt
002_20200727_111441(3),train,team,heo,1,412,332,2020-07-27 11:14:41,7,m1_b0082,3,train/images/002_20200727_111441(3).png,train/labels/002_20200727_111441(3).txt
002_20200727_111454(8),train,team,heo,1,412,332,2020-07-27 11:14:54,7,m1_b0082,8,train/images/002_20200727_111454(8).png,train/labels/002_20200727_111454(8).txt
002_20200727_111648(3),test,team,jung,1,412,332,2020-07-27 11:16:48,7,m1_b0083,3,test/images/002_20200727_111648(3).png,test/labels/002_20200727_111648(3).txt
002_20200727_111742(3),test,team,jung,1,412,332,2020-07-27 11:17:42,7,m1_b0083,3,test/images/002_20200727_111742(3).png,test/labels/002_20200727_111742(3).txt
002_20200727_111849(9),test,team,lee,1,412,332,2020-07-27 11:18:49,7,m1_b0084,9,test/images/002_20200727_111849(9).png,test/labels/002_20200727_111849(9).txt
002_20200727_111943(9),test,team,lee,1,412,332,2020-07-27 11:19:43,7,m1_b0084,9,test/images/002_20200727_111943(9).png,test/labels/002_20200727_111943(9).txt
002_20200727_112037(9),test,team,lee,1,412,332,2020-07-27 11:20:37,7,m1_b0084,9,test/images/002_20200727_112037(9).png,test/labels/002_20200727_112037(9).txt
002_20200727_112148(2),test,team,heo,1,412,332,2020-07-27 11:21:48,7,m1_b0085,2,test/images/002_20200727_112148(2).png,test/labels/002_20200727_112148(2).txt
002_20200727_112242(2),test,team,heo,1,412,332,2020-07-27 11:22:42,7,m1_b0085,2,test/images/002_20200727_112242(2).png,test/labels/002_20200727_112242(2).txt
002_20200727_112336(2),test,team,heo,1,412,332,2020-07-27 11:23:36,7,m1_b0085,2,test/images/002_20200727_112336(2).png,test/labels/002_20200727_112336(2).txt
002_20200727_112341(2),test,team,heo,1,412,332,2020-07-27 11:23:41,7,m1_b0085,2,test/images/002_20200727_112341(2).png,test/labels/002_20200727_112341(2).txt
002_20200727_112430(3),test,team,heo,1,412,332,2020-07-27 11:24:30,7,m1_b0085,3,test/images/002_20200727_112430(3).png,test/labels/002_20200727_112430(3).txt
002_20200727_112443(8),test,team,heo,1,412,332,2020-07-27 11:24:43,7,m1_b0085,8,test/images/002_20200727_112443(8).png,test/labels/002_20200727_112443(8).txt
002_20200727_112537(8),test,team,heo,1,412,332,2020-07-27 11:25:37,7,m1_b0085,8,test/images/002_20200727_112537(8).png,test/labels/002_20200727_112537(8).txt
002_20200727_112631(9),test,team,heo,1,412,332,2020-07-27 11:26:31,7,m1_b0085,9,test/images/002_20200727_112631(9).png,test/labels/002_20200727_112631(9).txt
002_20200727_112645(4),test,team,heo,1,412,332,2020-07-27 11:26:45,7,m1_b0085,4,test/images/002_20200727_112645(4).png,test/labels/002_20200727_112645(4).txt
002_20200727_112930(2),train,team,heo,1,412,332,2020-07-27 11:29:30,7,m1_b0086,2,train/images/002_20200727_112930(2).png,train/labels/002_20200727_112930(2).txt
002_20200727_112943(7),train,team,heo,1,412,332,2020-07-27 11:29:43,7,m1_b0086,7,train/images/002_20200727_112943(7).png,train/labels/002_20200727_112943(7).txt
002_20200727_113037(7),train,team,heo,1,412,332,2020-07-27 11:30:37,7,m1_b0086,7,train/images/002_20200727_113037(7).png,train/labels/002_20200727_113037(7).txt
002_20200727_113131(8),train,team,heo,1,412,332,2020-07-27 11:31:31,7,m1_b0086,8,train/images/002_20200727_113131(8).png,train/labels/002_20200727_113131(8).txt
002_20200727_113239(4),train,team,jung,1,412,332,2020-07-27 11:32:39,7,m1_b0087,4,train/images/002_20200727_113239(4).png,train/labels/002_20200727_113239(4).txt
002_20200727_113333(4),train,team,jung,1,412,332,2020-07-27 11:33:33,7,m1_b0087,4,train/images/002_20200727_113333(4).png,train/labels/002_20200727_113333(4).txt
002_20200727_113346(9),train,team,jung,1,412,332,2020-07-27 11:33:46,7,m1_b0087,9,train/images/002_20200727_113346(9).png,train/labels/002_20200727_113346(9).txt
002_20200727_113747(4),train,team,jung,1,412,332,2020-07-27 11:37:47,7,m1_b0088,4,train/images/002_20200727_113747(4).png,train/labels/002_20200727_113747(4).txt
002_20200727_113854(9),train,team,lee,1,412,332,2020-07-27 11:38:54,7,m1_b0089,9,train/images/002_20200727_113854(9).png,train/labels/002_20200727_113854(9).txt
002_20200727_113908(4),train,team,lee,1,412,332,2020-07-27 11:39:08,7,m1_b0089,4,train/images/002_20200727_113908(4).png,train/labels/002_20200727_113908(4).txt
002_20200727_114002(5),train,team,lee,1,412,332,2020-07-27 11:40:02,7,m1_b0089,5,train/images/002_20200727_114002(5).png,train/labels/002_20200727_114002(5).txt
002_20200727_114016(0),train,team,lee,1,412,332,2020-07-27 11:40:16,7,m1_b0089,0,train/images/002_20200727_114016(0).png,train/labels/002_20200727_114016(0).txt
002_20200727_114123(5),val,team,heo,1,412,332,2020-07-27 11:41:23,7,m1_b0090,5,val/images/002_20200727_114123(5).png,val/labels/002_20200727_114123(5).txt
002_20200727_114126(2),val,team,heo,1,412,332,2020-07-27 11:41:26,7,m1_b0090,2,val/images/002_20200727_114126(2).png,val/labels/002_20200727_114126(2).txt
002_20200727_114220(2),val,team,heo,1,412,332,2020-07-27 11:42:20,7,m1_b0090,2,val/images/002_20200727_114220(2).png,val/labels/002_20200727_114220(2).txt
002_20200727_114405(6),test,team,jung,1,412,332,2020-07-27 11:44:05,7,m1_b0091,6,test/images/002_20200727_114405(6).png,test/labels/002_20200727_114405(6).txt
002_20200727_114459(7),test,team,jung,1,412,332,2020-07-27 11:44:59,7,m1_b0091,7,test/images/002_20200727_114459(7).png,test/labels/002_20200727_114459(7).txt
002_20200727_114513(1),test,team,jung,1,412,332,2020-07-27 11:45:13,7,m1_b0091,1,test/images/002_20200727_114513(1).png,test/labels/002_20200727_114513(1).txt
002_20200727_114607(2),test,team,jung,1,412,332,2020-07-27 11:46:07,7,m1_b0091,2,test/images/002_20200727_114607(2).png,test/labels/002_20200727_114607(2).txt
002_20200727_114714(8),train,team,heo,1,412,332,2020-07-27 11:47:14,7,m1_b0092,8,train/images/002_20200727_114714(8).png,train/labels/002_20200727_114714(8).txt
002_20200727_114822(4),val,team,lee,1,412,332,2020-07-27 11:48:22,7,m1_b0093,4,val/images/002_20200727_114822(4).png,val/labels/002_20200727_114822(4).txt
002_20200727_115040(1),val,team,jung,1,412,332,2020-07-27 11:50:40,7,m1_b0094,1,val/images/002_20200727_115040(1).png,val/labels/002_20200727_115040(1).txt
002_20200727_115147(7),train,team,jung,1,412,332,2020-07-27 11:51:47,7,m1_b0095,7,train/images/002_20200727_115147(7).png,train/labels/002_20200727_115147(7).txt
002_20200727_115201(2),train,team,jung,1,412,332,2020-07-27 11:52:01,7,m1_b0095,2,train/images/002_20200727_115201(2).png,train/labels/002_20200727_115201(2).txt
002_20200727_115255(2),train,team,jung,1,412,332,2020-07-27 11:52:55,7,m1_b0095,2,train/images/002_20200727_115255(2).png,train/labels/002_20200727_115255(2).txt
002_20200727_115308(8),train,team,jung,1,412,332,2020-07-27 11:53:08,7,m1_b0095,8,train/images/002_20200727_115308(8).png,train/labels/002_20200727_115308(8).txt
002_20200727_115402(8),train,team,jung,1,412,332,2020-07-27 11:54:02,7,m1_b0095,8,train/images/002_20200727_115402(8).png,train/labels/002_20200727_115402(8).txt
002_20200727_115416(3),train,team,jung,1,412,332,2020-07-27 11:54:16,7,m1_b0095,3,train/images/002_20200727_115416(3).png,train/labels/002_20200727_115416(3).txt
002_20200727_115510(3),train,team,jung,1,412,332,2020-07-27 11:55:10,7,m1_b0095,3,train/images/002_20200727_115510(3).png,train/labels/002_20200727_115510(3).txt
002_20200727_115526(5),train,team,jung,1,412,332,2020-07-27 11:55:26,7,m1_b0095,5,train/images/002_20200727_115526(5).png,train/labels/002_20200727_115526(5).txt
002_20200727_115620(5),train,team,jung,1,412,332,2020-07-27 11:56:20,7,m1_b0095,5,train/images/002_20200727_115620(5).png,train/labels/002_20200727_115620(5).txt
002_20200727_115634(1),train,team,jung,1,412,332,2020-07-27 11:56:34,7,m1_b0095,1,train/images/002_20200727_115634(1).png,train/labels/002_20200727_115634(1).txt
002_20200727_115728(1),train,team,jung,1,412,332,2020-07-27 11:57:28,7,m1_b0095,1,train/images/002_20200727_115728(1).png,train/labels/002_20200727_115728(1).txt
002_20200727_115741(6),train,team,jung,1,412,332,2020-07-27 11:57:41,7,m1_b0095,6,train/images/002_20200727_115741(6).png,train/labels/002_20200727_115741(6).txt
002_20200727_115822(2),train,team,jung,1,412,332,2020-07-27 11:58:22,7,m1_b0095,2,train/images/002_20200727_115822(2).png,train/labels/002_20200727_115822(2).txt
002_20200727_115835(7),train,team,jung,1,412,332,2020-07-27 11:58:35,7,m1_b0095,7,train/images/002_20200727_115835(7).png,train/labels/002_20200727_115835(7).txt
002_20200727_115929(8),train,team,jung,1,412,332,2020-07-27 11:59:29,7,m1_b0095,8,train/images/002_20200727_115929(8).png,train/labels/002_20200727_115929(8).txt
002_20200727_120023(8),train,team,jung,1,412,332,2020-07-27 12:00:23,7,m1_b0095,8,train/images/002_20200727_120023(8).png,train/labels/002_20200727_120023(8).txt
002_20200727_120134(0),val,team,lee,1,412,332,2020-07-27 12:01:34,7,m1_b0096,0,val/images/002_20200727_120134(0).png,val/labels/002_20200727_120134(0).txt
002_20200727_120228(0),val,team,lee,1,412,332,2020-07-27 12:02:28,7,m1_b0096,0,val/images/002_20200727_120228(0).png,val/labels/002_20200727_120228(0).txt
002_20200727_120322(1),val,team,lee,1,412,332,2020-07-27 12:03:22,7,m1_b0096,1,val/images/002_20200727_120322(1).png,val/labels/002_20200727_120322(1).txt
002_20200727_120429(7),val,team,heo,1,412,332,2020-07-27 12:04:29,7,m1_b0097,7,val/images/002_20200727_120429(7).png,val/labels/002_20200727_120429(7).txt
002_20200727_120523(7),val,team,heo,1,412,332,2020-07-27 12:05:23,7,m1_b0097,7,val/images/002_20200727_120523(7).png,val/labels/002_20200727_120523(7).txt
002_20200727_120631(2),val,team,heo,1,412,332,2020-07-27 12:06:31,7,m1_b0098,2,val/images/002_20200727_120631(2).png,val/labels/002_20200727_120631(2).txt
002_20200727_120835(5),val,team,lee,1,412,332,2020-07-27 12:08:35,7,m1_b0099,5,val/images/002_20200727_120835(5).png,val/labels/002_20200727_120835(5).txt
002_20200727_120943(0),val,team,lee,1,412,332,2020-07-27 12:09:43,7,m1_b0100,0,val/images/002_20200727_120943(0).png,val/labels/002_20200727_120943(0).txt
002_20200727_121037(1),val,team,lee,1,412,332,2020-07-27 12:10:37,7,m1_b0100,1,val/images/002_20200727_121037(1).png,val/labels/002_20200727_121037(1).txt
002_20200727_121131(2),val,team,lee,1,412,332,2020-07-27 12:11:31,7,m1_b0100,2,val/images/002_20200727_121131(2).png,val/labels/002_20200727_121131(2).txt
002_20200727_121144(7),val,team,lee,1,412,332,2020-07-27 12:11:44,7,m1_b0100,7,val/images/002_20200727_121144(7).png,val/labels/002_20200727_121144(7).txt
002_20200727_121238(7),val,team,lee,1,412,332,2020-07-27 12:12:38,7,m1_b0100,7,val/images/002_20200727_121238(7).png,val/labels/002_20200727_121238(7).txt
002_20200727_121332(7),val,team,lee,1,412,332,2020-07-27 12:13:32,7,m1_b0100,7,val/images/002_20200727_121332(7).png,val/labels/002_20200727_121332(7).txt
002_20200727_121537(1),train,team,heo,1,412,332,2020-07-27 12:15:37,7,m1_b0101,1,train/images/002_20200727_121537(1).png,train/labels/002_20200727_121537(1).txt
002_20200727_121541(9),train,team,heo,1,412,332,2020-07-27 12:15:41,7,m1_b0101,9,train/images/002_20200727_121541(9).png,train/labels/002_20200727_121541(9).txt
002_20200727_121631(1),train,team,heo,1,412,332,2020-07-27 12:16:31,7,m1_b0101,1,train/images/002_20200727_121631(1).png,train/labels/002_20200727_121631(1).txt
002_20200727_121725(1),train,team,heo,1,412,332,2020-07-27 12:17:25,7,m1_b0101,1,train/images/002_20200727_121725(1).png,train/labels/002_20200727_121725(1).txt
002_20200727_121819(1),train,team,heo,1,412,332,2020-07-27 12:18:19,7,m1_b0101,1,train/images/002_20200727_121819(1).png,train/labels/002_20200727_121819(1).txt
002_20200727_121913(2),train,team,heo,1,412,332,2020-07-27 12:19:13,7,m1_b0101,2,train/images/002_20200727_121913(2).png,train/labels/002_20200727_121913(2).txt
002_20200727_121926(7),train,team,heo,1,412,332,2020-07-27 12:19:26,7,m1_b0101,7,train/images/002_20200727_121926(7).png,train/labels/002_20200727_121926(7).txt
002_20200727_122023(4),train,team,heo,1,412,332,2020-07-27 12:20:23,7,m1_b0101,4,train/images/002_20200727_122023(4).png,train/labels/002_20200727_122023(4).txt
002_20200727_122117(5),train,team,heo,1,412,332,2020-07-27 12:21:17,7,m1_b0101,5,train/images/002_20200727_122117(5).png,train/labels/002_20200727_122117(5).txt
002_20200727_122131(0),train,team,heo,1,412,332,2020-07-27 12:21:31,7,m1_b0101,0,train/images/002_20200727_122131(0).png,train/labels/002_20200727_122131(0).txt
002_20200727_122225(0),train,team,heo,1,412,332,2020-07-27 12:22:25,7,m1_b0101,0,train/images/002_20200727_122225(0).png,train/labels/002_20200727_122225(0).txt
002_20200727_122319(0),train,team,heo,1,412,332,2020-07-27 12:23:19,7,m1_b0101,0,train/images/002_20200727_122319(0).png,train/labels/002_20200727_122319(0).txt
002_20200727_122332(6),train,team,heo,1,412,332,2020-07-27 12:23:32,7,m1_b0101,6,train/images/002_20200727_122332(6).png,train/labels/002_20200727_122332(6).txt
002_20200727_122413(1),train,team,heo,1,412,332,2020-07-27 12:24:13,7,m1_b0101,1,train/images/002_20200727_122413(1).png,train/labels/002_20200727_122413(1).txt
002_20200727_122426(6),train,team,heo,1,412,332,2020-07-27 12:24:26,7,m1_b0101,6,train/images/002_20200727_122426(6).png,train/labels/002_20200727_122426(6).txt
002_20200727_122630(9),train,team,lee,1,412,332,2020-07-27 12:26:30,7,m1_b0102,9,train/images/002_20200727_122630(9).png,train/labels/002_20200727_122630(9).txt
002_20200727_122724(9),train,team,lee,1,412,332,2020-07-27 12:27:24,7,m1_b0102,9,train/images/002_20200727_122724(9).png,train/labels/002_20200727_122724(9).txt
002_20200727_122819(0),train,team,lee,1,412,332,2020-07-27 12:28:19,7,m1_b0102,0,train/images/002_20200727_122819(0).png,train/labels/002_20200727_122819(0).txt
002_20200727_122832(5),train,team,lee,1,412,332,2020-07-27 12:28:32,7,m1_b0102,5,train/images/002_20200727_122832(5).png,train/labels/002_20200727_122832(5).txt
002_20200727_122926(5),train,team,lee,1,412,332,2020-07-27 12:29:26,7,m1_b0102,5,train/images/002_20200727_122926(5).png,train/labels/002_20200727_122926(5).txt
002_20200727_122940(0),train,team,lee,1,412,332,2020-07-27 12:29:40,7,m1_b0102,0,train/images/002_20200727_122940(0).png,train/labels/002_20200727_122940(0).txt
002_20200727_123034(0),train,team,lee,1,412,332,2020-07-27 12:30:34,7,m1_b0102,0,train/images/002_20200727_123034(0).png,train/labels/002_20200727_123034(0).txt
002_20200727_123047(6),train,team,lee,1,412,332,2020-07-27 12:30:47,7,m1_b0102,6,train/images/002_20200727_123047(6).png,train/labels/002_20200727_123047(6).txt
002_20200727_123141(6),train,team,lee,1,412,332,2020-07-27 12:31:41,7,m1_b0102,6,train/images/002_20200727_123141(6).png,train/labels/002_20200727_123141(6).txt
002_20200727_123155(1),train,team,lee,1,412,332,2020-07-27 12:31:55,7,m1_b0102,1,train/images/002_20200727_123155(1).png,train/labels/002_20200727_123155(1).txt
002_20200727_123300(5),val,team,jung,1,412,332,2020-07-27 12:33:00,7,m1_b0103,5,val/images/002_20200727_123300(5).png,val/labels/002_20200727_123300(5).txt
002_20200727_123306(5),val,team,jung,1,412,332,2020-07-27 12:33:06,7,m1_b0103,5,val/images/002_20200727_123306(5).png,val/labels/002_20200727_123306(5).txt
002_20200727_123318(9),val,team,jung,1,412,332,2020-07-27 12:33:18,7,m1_b0103,9,val/images/002_20200727_123318(9).png,val/labels/002_20200727_123318(9).txt
002_20200727_163511(2),train,team,lee,1,412,332,2020-07-27 16:35:11,7,m1_b0104,2,train/images/002_20200727_163511(2).png,train/labels/002_20200727_163511(2).txt
002_20200727_163515(3),train,team,lee,1,412,332,2020-07-27 16:35:15,7,m1_b0104,3,train/images/002_20200727_163515(3).png,train/labels/002_20200727_163515(3).txt
002_20200727_204612(5),test,team,jung,1,412,332,2020-07-27 20:46:12,7,m1_b0105,5,test/images/002_20200727_204612(5).png,test/labels/002_20200727_204612(5).txt
002_20200727_204634(7),test,team,jung,1,412,332,2020-07-27 20:46:34,7,m1_b0105,7,test/images/002_20200727_204634(7).png,test/labels/002_20200727_204634(7).txt
002_20200728_014051(7),train,team,heo,1,412,332,2020-07-28 01:40:51,7,m1_b0106,7,train/images/002_20200728_014051(7).png,train/labels/002_20200728_014051(7).txt
002_20200728_014055(8),train,team,heo,1,412,332,2020-07-28 01:40:55,7,m1_b0106,8,train/images/002_20200728_014055(8).png,train/labels/002_20200728_014055(8).txt
002_20200728_043519(6),train,team,lee,1,412,332,2020-07-28 04:35:19,7,m1_b0107,6,train/images/002_20200728_043519(6).png,train/labels/002_20200728_043519(6).txt
002_20200728_043558(2),train,team,lee,1,412,332,2020-07-28 04:35:58,7,m1_b0107,2,train/images/002_20200728_043558(2).png,train/labels/002_20200728_043558(2).txt
002_20200728_083046(1),train,team,jung,1,412,332,2020-07-28 08:30:46,7,m1_b0108,1,train/images/002_20200728_083046(1).png,train/labels/002_20200728_083046(1).txt
002_20200728_083049(8),train,team,jung,1,412,332,2020-07-28 08:30:49,7,m1_b0108,8,train/images/002_20200728_083049(8).png,train/labels/002_20200728_083049(8).txt
002_20200728_123133(9),train,team,heo,1,412,332,2020-07-28 12:31:33,7,m1_b0109,9,train/images/002_20200728_123133(9).png,train/labels/002_20200728_123133(9).txt
002_20200728_123137(7),train,team,heo,1,412,332,2020-07-28 12:31:37,7,m1_b0109,7,train/images/002_20200728_123137(7).png,train/labels/002_20200728_123137(7).txt
002_20200728_163521(8),train,team,lee,1,412,332,2020-07-28 16:35:21,7,m1_b0110,8,train/images/002_20200728_163521(8).png,train/labels/002_20200728_163521(8).txt
002_20200728_163525(0),train,team,lee,1,412,332,2020-07-28 16:35:25,7,m1_b0110,0,train/images/002_20200728_163525(0).png,train/labels/002_20200728_163525(0).txt
002_20200810_202919(7),train,team,jung,1,316,332,2020-08-10 20:29:19,8,m1_b0111,7,train/images/002_20200810_202919(7).png,train/labels/002_20200810_202919(7).txt
002_20200810_202923(8),train,team,jung,1,316,332,2020-08-10 20:29:23,8,m1_b0111,8,train/images/002_20200810_202923(8).png,train/labels/002_20200810_202923(8).txt
002_20200811_003007(9),val,team,heo,1,316,332,2020-08-11 00:30:07,8,m1_b0112,9,val/images/002_20200811_003007(9).png,val/labels/002_20200811_003007(9).txt
002_20200811_003029(6),val,team,heo,1,316,332,2020-08-11 00:30:29,8,m1_b0112,6,val/images/002_20200811_003029(6).png,val/labels/002_20200811_003029(6).txt
002_20200811_043034(0),train,team,lee,1,316,332,2020-08-11 04:30:34,8,m1_b0113,0,train/images/002_20200811_043034(0).png,train/labels/002_20200811_043034(0).txt
002_20200811_043038(0),train,team,lee,1,316,332,2020-08-11 04:30:38,8,m1_b0113,0,train/images/002_20200811_043038(0).png,train/labels/002_20200811_043038(0).txt
002_20200814_032746(6),train,team,jung,1,316,332,2020-08-14 03:27:46,8,m1_b0114,6,train/images/002_20200814_032746(6).png,train/labels/002_20200814_032746(6).txt
002_20200814_032749(8),train,team,jung,1,316,332,2020-08-14 03:27:49,8,m1_b0114,8,train/images/002_20200814_032749(8).png,train/labels/002_20200814_032749(8).txt
002_20200814_042920(3),val,team,heo,1,316,332,2020-08-14 04:29:20,8,m1_b0115,3,val/images/002_20200814_042920(3).png,val/labels/002_20200814_042920(3).txt
002_20200814_042924(9),val,team,heo,1,316,332,2020-08-14 04:29:24,8,m1_b0115,9,val/images/002_20200814_042924(9).png,val/labels/002_20200814_042924(9).txt
002_20200814_083424(4),train,team,lee,1,316,332,2020-08-14 08:34:24,8,m1_b0116,4,train/images/002_20200814_083424(4).png,train/labels/002_20200814_083424(4).txt
002_20200814_083428(5),train,team,lee,1,316,332,2020-08-14 08:34:28,8,m1_b0116,5,train/images/002_20200814_083428(5).png,train/labels/002_20200814_083428(5).txt
002_20200814_123337(2),train,team,jung,1,316,332,2020-08-14 12:33:37,8,m1_b0117,2,train/images/002_20200814_123337(2).png,train/labels/002_20200814_123337(2).txt
002_20200814_123341(8),train,team,jung,1,316,332,2020-08-14 12:33:41,8,m1_b0117,8,train/images/002_20200814_123341(8).png,train/labels/002_20200814_123341(8).txt
002_20200814_163500(4),train,team,heo,1,316,332,2020-08-14 16:35:00,8,m1_b0118,4,train/images/002_20200814_163500(4).png,train/labels/002_20200814_163500(4).txt
002_20200814_163506(3),train,team,heo,1,316,332,2020-08-14 16:35:06,8,m1_b0118,3,train/images/002_20200814_163506(3).png,train/labels/002_20200814_163506(3).txt
002_20200814_203159(5),train,team,lee,1,316,332,2020-08-14 20:31:59,8,m1_b0119,5,train/images/002_20200814_203159(5).png,train/labels/002_20200814_203159(5).txt
002_20200814_203205(7),train,team,lee,1,316,332,2020-08-14 20:32:05,8,m1_b0119,7,train/images/002_20200814_203205(7).png,train/labels/002_20200814_203205(7).txt
002_20200818_082854(5),train,team,jung,1,316,332,2020-08-18 08:28:54,8,m1_b0120,5,train/images/002_20200818_082854(5).png,train/labels/002_20200818_082854(5).txt
002_20200818_082858(4),train,team,jung,1,316,332,2020-08-18 08:28:58,8,m1_b0120,4,train/images/002_20200818_082858(4).png,train/labels/002_20200818_082858(4).txt
002_20200818_123358(2),train,team,heo,1,316,332,2020-08-18 12:33:58,8,m1_b0121,2,train/images/002_20200818_123358(2).png,train/labels/002_20200818_123358(2).txt
002_20200818_123404(8),train,team,heo,1,316,332,2020-08-18 12:34:04,8,m1_b0121,8,train/images/002_20200818_123404(8).png,train/labels/002_20200818_123404(8).txt
002_20200818_162920(4),train,team,lee,1,316,332,2020-08-18 16:29:20,8,m1_b0122,4,train/images/002_20200818_162920(4).png,train/labels/002_20200818_162920(4).txt
002_20200818_162926(0),train,team,lee,1,316,332,2020-08-18 16:29:26,8,m1_b0122,0,train/images/002_20200818_162926(0).png,train/labels/002_20200818_162926(0).txt
002_20200818_203120(5),train,team,jung,1,316,332,2020-08-18 20:31:20,8,m1_b0123,5,train/images/002_20200818_203120(5).png,train/labels/002_20200818_203120(5).txt
002_20200818_203125(0),train,team,jung,1,316,332,2020-08-18 20:31:25,8,m1_b0123,0,train/images/002_20200818_203125(0).png,train/labels/002_20200818_203125(0).txt
002_20200819_003332(8),train,team,heo,1,316,332,2020-08-19 00:33:32,8,m1_b0124,8,train/images/002_20200819_003332(8).png,train/labels/002_20200819_003332(8).txt
002_20200819_003335(8),train,team,heo,1,316,332,2020-08-19 00:33:35,8,m1_b0124,8,train/images/002_20200819_003335(8).png,train/labels/002_20200819_003335(8).txt
002_20200819_043606(7),train,team,lee,1,316,332,2020-08-19 04:36:06,8,m1_b0125,7,train/images/002_20200819_043606(7).png,train/labels/002_20200819_043606(7).txt
002_20200819_043611(2),train,team,lee,1,316,332,2020-08-19 04:36:11,8,m1_b0125,2,train/images/002_20200819_043611(2).png,train/labels/002_20200819_043611(2).txt
002_20200819_083137(5),train,team,jung,1,316,332,2020-08-19 08:31:37,8,m1_b0126,5,train/images/002_20200819_083137(5).png,train/labels/002_20200819_083137(5).txt
002_20200819_083145(2),train,team,jung,1,316,332,2020-08-19 08:31:45,8,m1_b0126,2,train/images/002_20200819_083145(2).png,train/labels/002_20200819_083145(2).txt
002_20200819_124134(7),train,team,heo,1,316,332,2020-08-19 12:41:34,8,m1_b0127,7,train/images/002_20200819_124134(7).png,train/labels/002_20200819_124134(7).txt
002_20200819_124140(8),train,team,heo,1,316,332,2020-08-19 12:41:40,8,m1_b0127,8,train/images/002_20200819_124140(8).png,train/labels/002_20200819_124140(8).txt
002_20200819_162347(4),train,team,lee,1,316,332,2020-08-19 16:23:47,8,m1_b0128,4,train/images/002_20200819_162347(4).png,train/labels/002_20200819_162347(4).txt
002_20200819_162352(0),train,team,lee,1,316,332,2020-08-19 16:23:52,8,m1_b0128,0,train/images/002_20200819_162352(0).png,train/labels/002_20200819_162352(0).txt
002_20200821_150301(4),train,team,jung,1,316,332,2020-08-21 15:03:01,8,m1_b0129,4,train/images/002_20200821_150301(4).png,train/labels/002_20200821_150301(4).txt
002_20200821_150305(3),train,team,jung,1,316,332,2020-08-21 15:03:05,8,m1_b0129,3,train/images/002_20200821_150305(3).png,train/labels/002_20200821_150305(3).txt
002_20200821_163620(7),train,team,heo,1,316,332,2020-08-21 16:36:20,8,m1_b0130,7,train/images/002_20200821_163620(7).png,train/labels/002_20200821_163620(7).txt
002_20200821_163624(8),train,team,heo,1,316,332,2020-08-21 16:36:24,8,m1_b0130,8,train/images/002_20200821_163624(8).png,train/labels/002_20200821_163624(8).txt
002_20200821_203950(2),train,team,lee,1,316,332,2020-08-21 20:39:50,8,m1_b0131,2,train/images/002_20200821_203950(2).png,train/labels/002_20200821_203950(2).txt
002_20200821_203953(0),train,team,lee,1,316,332,2020-08-21 20:39:53,8,m1_b0131,0,train/images/002_20200821_203953(0).png,train/labels/002_20200821_203953(0).txt
002_20200826_023155(3),train,team,jung,1,316,332,2020-08-26 02:31:55,8,m1_b0132,3,train/images/002_20200826_023155(3).png,train/labels/002_20200826_023155(3).txt
002_20200826_023200(9),train,team,jung,1,316,332,2020-08-26 02:32:00,8,m1_b0132,9,train/images/002_20200826_023200(9).png,train/labels/002_20200826_023200(9).txt
002_20200826_043121(8),train,team,heo,1,316,332,2020-08-26 04:31:21,8,m1_b0133,8,train/images/002_20200826_043121(8).png,train/labels/002_20200826_043121(8).txt
002_20200826_043125(8),train,team,heo,1,316,332,2020-08-26 04:31:25,8,m1_b0133,8,train/images/002_20200826_043125(8).png,train/labels/002_20200826_043125(8).txt
002_20200826_123052(0),train,team,lee,1,316,332,2020-08-26 12:30:52,8,m1_b0134,0,train/images/002_20200826_123052(0).png,train/labels/002_20200826_123052(0).txt
002_20200826_123059(6),train,team,lee,1,316,332,2020-08-26 12:30:59,8,m1_b0134,6,train/images/002_20200826_123059(6).png,train/labels/002_20200826_123059(6).txt
002_20200827_162026(7),train,team,jung,1,316,332,2020-08-27 16:20:26,8,m1_b0135,7,train/images/002_20200827_162026(7).png,train/labels/002_20200827_162026(7).txt
002_20200827_162032(0),train,team,jung,1,316,332,2020-08-27 16:20:32,8,m1_b0135,0,train/images/002_20200827_162032(0).png,train/labels/002_20200827_162032(0).txt
002_20200831_083541(7),train,team,heo,1,316,332,2020-08-31 08:35:41,8,m1_b0136,7,train/images/002_20200831_083541(7).png,train/labels/002_20200831_083541(7).txt
002_20200831_083545(0),train,team,heo,1,316,332,2020-08-31 08:35:45,8,m1_b0136,0,train/images/002_20200831_083545(0).png,train/labels/002_20200831_083545(0).txt
002_20200831_123127(7),train,team,lee,1,316,332,2020-08-31 12:31:27,8,m1_b0137,7,train/images/002_20200831_123127(7).png,train/labels/002_20200831_123127(7).txt
002_20200831_123134(5),train,team,lee,1,316,332,2020-08-31 12:31:34,8,m1_b0137,5,train/images/002_20200831_123134(5).png,train/labels/002_20200831_123134(5).txt
002_20200831_163123(9),test,team,jung,1,316,332,2020-08-31 16:31:23,8,m1_b0138,9,test/images/002_20200831_163123(9).png,test/labels/002_20200831_163123(9).txt
002_20200831_163130(0),test,team,jung,1,316,332,2020-08-31 16:31:30,8,m1_b0138,0,test/images/002_20200831_163130(0).png,test/labels/002_20200831_163130(0).txt
002_20200831_203044(7),train,team,heo,1,316,332,2020-08-31 20:30:44,8,m1_b0139,7,train/images/002_20200831_203044(7).png,train/labels/002_20200831_203044(7).txt
002_20200831_203049(3),train,team,heo,1,316,332,2020-08-31 20:30:49,8,m1_b0139,3,train/images/002_20200831_203049(3).png,train/labels/002_20200831_203049(3).txt
002_20200901_003102(0),train,team,lee,1,316,332,2020-09-01 00:31:02,9,m1_b0140,0,train/images/002_20200901_003102(0).png,train/labels/002_20200901_003102(0).txt
002_20200901_003105(0),train,team,lee,1,316,332,2020-09-01 00:31:05,9,m1_b0140,0,train/images/002_20200901_003105(0).png,train/labels/002_20200901_003105(0).txt
002_20200901_003108(0),train,team,lee,1,316,332,2020-09-01 00:31:08,9,m1_b0140,0,train/images/002_20200901_003108(0).png,train/labels/002_20200901_003108(0).txt
002_20200901_003111(0),train,team,lee,1,316,332,2020-09-01 00:31:11,9,m1_b0140,0,train/images/002_20200901_003111(0).png,train/labels/002_20200901_003111(0).txt
002_20200901_003114(0),train,team,lee,1,316,332,2020-09-01 00:31:14,9,m1_b0140,0,train/images/002_20200901_003114(0).png,train/labels/002_20200901_003114(0).txt
002_20200901_003117(0),train,team,lee,1,316,332,2020-09-01 00:31:17,9,m1_b0140,0,train/images/002_20200901_003117(0).png,train/labels/002_20200901_003117(0).txt
002_20200901_043047(9),train,team,lee,1,316,332,2020-09-01 04:30:47,9,m1_b0141,9,train/images/002_20200901_043047(9).png,train/labels/002_20200901_043047(9).txt
002_20200901_043050(9),train,team,lee,1,316,332,2020-09-01 04:30:50,9,m1_b0141,9,train/images/002_20200901_043050(9).png,train/labels/002_20200901_043050(9).txt
002_20200901_043055(4),train,team,lee,1,316,332,2020-09-01 04:30:55,9,m1_b0141,4,train/images/002_20200901_043055(4).png,train/labels/002_20200901_043055(4).txt
002_20200901_043058(4),train,team,lee,1,316,332,2020-09-01 04:30:58,9,m1_b0141,4,train/images/002_20200901_043058(4).png,train/labels/002_20200901_043058(4).txt
002_20200901_043104(4),train,team,lee,1,316,332,2020-09-01 04:31:04,9,m1_b0141,4,train/images/002_20200901_043104(4).png,train/labels/002_20200901_043104(4).txt
002_20200901_083206(9),train,team,heo,1,316,332,2020-09-01 08:32:06,9,m1_b0142,9,train/images/002_20200901_083206(9).png,train/labels/002_20200901_083206(9).txt
002_20200901_083213(5),train,team,heo,1,316,332,2020-09-01 08:32:13,9,m1_b0142,5,train/images/002_20200901_083213(5).png,train/labels/002_20200901_083213(5).txt
002_20200901_083714(2),train,team,jung,1,316,332,2020-09-01 08:37:14,9,m1_b0143,2,train/images/002_20200901_083714(2).png,train/labels/002_20200901_083714(2).txt
002_20200901_083717(4),train,team,jung,1,316,332,2020-09-01 08:37:17,9,m1_b0143,4,train/images/002_20200901_083717(4).png,train/labels/002_20200901_083717(4).txt
002_20200901_083721(9),train,team,jung,1,316,332,2020-09-01 08:37:21,9,m1_b0143,9,train/images/002_20200901_083721(9).png,train/labels/002_20200901_083721(9).txt
002_20200901_083726(4),train,team,jung,1,316,332,2020-09-01 08:37:26,9,m1_b0143,4,train/images/002_20200901_083726(4).png,train/labels/002_20200901_083726(4).txt
002_20200901_083730(8),train,team,jung,1,316,332,2020-09-01 08:37:30,9,m1_b0143,8,train/images/002_20200901_083730(8).png,train/labels/002_20200901_083730(8).txt
002_20200901_083735(4),train,team,jung,1,316,332,2020-09-01 08:37:35,9,m1_b0143,4,train/images/002_20200901_083735(4).png,train/labels/002_20200901_083735(4).txt
002_20200901_123248(2),train,team,heo,1,316,332,2020-09-01 12:32:48,9,m1_b0144,2,train/images/002_20200901_123248(2).png,train/labels/002_20200901_123248(2).txt
002_20200901_123251(2),train,team,heo,1,316,332,2020-09-01 12:32:51,9,m1_b0144,2,train/images/002_20200901_123251(2).png,train/labels/002_20200901_123251(2).txt
002_20200901_123256(0),train,team,heo,1,316,332,2020-09-01 12:32:56,9,m1_b0144,0,train/images/002_20200901_123256(0).png,train/labels/002_20200901_123256(0).txt
002_20200901_123300(3),train,team,heo,1,316,332,2020-09-01 12:33:00,9,m1_b0144,3,train/images/002_20200901_123300(3).png,train/labels/002_20200901_123300(3).txt
002_20200901_123304(6),train,team,heo,1,316,332,2020-09-01 12:33:04,9,m1_b0144,6,train/images/002_20200901_123304(6).png,train/labels/002_20200901_123304(6).txt
002_20200901_123309(1),train,team,heo,1,316,332,2020-09-01 12:33:09,9,m1_b0144,1,train/images/002_20200901_123309(1).png,train/labels/002_20200901_123309(1).txt
002_20200901_190126(8),train,team,lee,1,316,332,2020-09-01 19:01:26,9,m1_b0145,8,train/images/002_20200901_190126(8).png,train/labels/002_20200901_190126(8).txt
002_20200901_190132(2),train,team,lee,1,316,332,2020-09-01 19:01:32,9,m1_b0145,2,train/images/002_20200901_190132(2).png,train/labels/002_20200901_190132(2).txt
002_20200901_190331(8),train,team,jung,1,316,332,2020-09-01 19:03:31,9,m1_b0146,8,train/images/002_20200901_190331(8).png,train/labels/002_20200901_190331(8).txt
002_20200901_190334(8),train,team,jung,1,316,332,2020-09-01 19:03:34,9,m1_b0146,8,train/images/002_20200901_190334(8).png,train/labels/002_20200901_190334(8).txt
002_20200901_190337(5),train,team,jung,1,316,332,2020-09-01 19:03:37,9,m1_b0146,5,train/images/002_20200901_190337(5).png,train/labels/002_20200901_190337(5).txt
002_20200901_190344(1),train,team,jung,1,316,332,2020-09-01 19:03:44,9,m1_b0146,1,train/images/002_20200901_190344(1).png,train/labels/002_20200901_190344(1).txt
002_20200901_203149(6),val,team,lee,1,316,332,2020-09-01 20:31:49,9,m1_b0147,6,val/images/002_20200901_203149(6).png,val/labels/002_20200901_203149(6).txt
002_20200901_203156(2),val,team,lee,1,316,332,2020-09-01 20:31:56,9,m1_b0147,2,val/images/002_20200901_203156(2).png,val/labels/002_20200901_203156(2).txt
002_20200901_203200(2),val,team,lee,1,316,332,2020-09-01 20:32:00,9,m1_b0147,2,val/images/002_20200901_203200(2).png,val/labels/002_20200901_203200(2).txt
002_20200901_203204(5),val,team,lee,1,316,332,2020-09-01 20:32:04,9,m1_b0147,5,val/images/002_20200901_203204(5).png,val/labels/002_20200901_203204(5).txt
002_20200901_203208(8),val,team,lee,1,316,332,2020-09-01 20:32:08,9,m1_b0147,8,val/images/002_20200901_203208(8).png,val/labels/002_20200901_203208(8).txt
002_20200901_203213(2),val,team,lee,1,316,332,2020-09-01 20:32:13,9,m1_b0147,2,val/images/002_20200901_203213(2).png,val/labels/002_20200901_203213(2).txt
002_20200902_003106(3),train,team,jung,1,316,332,2020-09-02 00:31:06,9,m1_b0148,3,train/images/002_20200902_003106(3).png,train/labels/002_20200902_003106(3).txt
002_20200902_003115(0),train,team,jung,1,316,332,2020-09-02 00:31:15,9,m1_b0148,0,train/images/002_20200902_003115(0).png,train/labels/002_20200902_003115(0).txt
002_20200902_003119(5),train,team,jung,1,316,332,2020-09-02 00:31:19,9,m1_b0148,5,train/images/002_20200902_003119(5).png,train/labels/002_20200902_003119(5).txt
002_20200902_003123(6),train,team,jung,1,316,332,2020-09-02 00:31:23,9,m1_b0148,6,train/images/002_20200902_003123(6).png,train/labels/002_20200902_003123(6).txt
002_20200902_003127(7),train,team,jung,1,316,332,2020-09-02 00:31:27,9,m1_b0148,7,train/images/002_20200902_003127(7).png,train/labels/002_20200902_003127(7).txt
002_20200902_003132(0),train,team,jung,1,316,332,2020-09-02 00:31:32,9,m1_b0148,0,train/images/002_20200902_003132(0).png,train/labels/002_20200902_003132(0).txt
002_20200902_043107(7),test,team,heo,1,316,332,2020-09-02 04:31:07,9,m1_b0149,7,test/images/002_20200902_043107(7).png,test/labels/002_20200902_043107(7).txt
002_20200902_043112(1),test,team,heo,1,316,332,2020-09-02 04:31:12,9,m1_b0149,1,test/images/002_20200902_043112(1).png,test/labels/002_20200902_043112(1).txt
002_20200902_043116(4),test,team,heo,1,316,332,2020-09-02 04:31:16,9,m1_b0149,4,test/images/002_20200902_043116(4).png,test/labels/002_20200902_043116(4).txt
002_20200902_043120(6),test,team,heo,1,316,332,2020-09-02 04:31:20,9,m1_b0149,6,test/images/002_20200902_043120(6).png,test/labels/002_20200902_043120(6).txt
002_20200902_043124(9),test,team,heo,1,316,332,2020-09-02 04:31:24,9,m1_b0149,9,test/images/002_20200902_043124(9).png,test/labels/002_20200902_043124(9).txt
002_20200902_043129(2),test,team,heo,1,316,332,2020-09-02 04:31:29,9,m1_b0149,2,test/images/002_20200902_043129(2).png,test/labels/002_20200902_043129(2).txt
002_20200902_082600(3),train,team,lee,1,316,332,2020-09-02 08:26:00,9,m1_b0150,3,train/images/002_20200902_082600(3).png,train/labels/002_20200902_082600(3).txt
002_20200902_082609(0),train,team,lee,1,316,332,2020-09-02 08:26:09,9,m1_b0150,0,train/images/002_20200902_082609(0).png,train/labels/002_20200902_082609(0).txt
002_20200902_082613(2),train,team,lee,1,316,332,2020-09-02 08:26:13,9,m1_b0150,2,train/images/002_20200902_082613(2).png,train/labels/002_20200902_082613(2).txt
002_20200902_082621(8),train,team,lee,1,316,332,2020-09-02 08:26:21,9,m1_b0150,8,train/images/002_20200902_082621(8).png,train/labels/002_20200902_082621(8).txt
002_20200902_082626(3),train,team,lee,1,316,332,2020-09-02 08:26:26,9,m1_b0150,3,train/images/002_20200902_082626(3).png,train/labels/002_20200902_082626(3).txt
002_20200902_082638(8),train,team,lee,1,316,332,2020-09-02 08:26:38,9,m1_b0150,8,train/images/002_20200902_082638(8).png,train/labels/002_20200902_082638(8).txt
002_20200904_230034(7),train,team,jung,1,316,332,2020-09-04 23:00:34,9,m1_b0151,7,train/images/002_20200904_230034(7).png,train/labels/002_20200904_230034(7).txt
002_20200904_230038(7),train,team,jung,1,316,332,2020-09-04 23:00:38,9,m1_b0151,7,train/images/002_20200904_230038(7).png,train/labels/002_20200904_230038(7).txt
002_20200904_230042(8),train,team,jung,1,316,332,2020-09-04 23:00:42,9,m1_b0151,8,train/images/002_20200904_230042(8).png,train/labels/002_20200904_230042(8).txt
002_20200904_230047(1),train,team,jung,1,316,332,2020-09-04 23:00:47,9,m1_b0151,1,train/images/002_20200904_230047(1).png,train/labels/002_20200904_230047(1).txt
002_20200904_230050(8),train,team,jung,1,316,332,2020-09-04 23:00:50,9,m1_b0151,8,train/images/002_20200904_230050(8).png,train/labels/002_20200904_230050(8).txt
002_20200904_230054(7),train,team,jung,1,316,332,2020-09-04 23:00:54,9,m1_b0151,7,train/images/002_20200904_230054(7).png,train/labels/002_20200904_230054(7).txt
002_20200904_230301(9),train,team,heo,1,316,332,2020-09-04 23:03:01,9,m1_b0152,9,train/images/002_20200904_230301(9).png,train/labels/002_20200904_230301(9).txt
002_20200904_230305(2),train,team,heo,1,316,332,2020-09-04 23:03:05,9,m1_b0152,2,train/images/002_20200904_230305(2).png,train/labels/002_20200904_230305(2).txt
002_20200904_230308(3),train,team,heo,1,316,332,2020-09-04 23:03:08,9,m1_b0152,3,train/images/002_20200904_230308(3).png,train/labels/002_20200904_230308(3).txt
002_20200904_230314(3),train,team,heo,1,316,332,2020-09-04 23:03:14,9,m1_b0152,3,train/images/002_20200904_230314(3).png,train/labels/002_20200904_230314(3).txt
002_20200904_230345(2),train,team,heo,1,316,332,2020-09-04 23:03:45,9,m1_b0152,2,train/images/002_20200904_230345(2).png,train/labels/002_20200904_230345(2).txt
002_20200904_230349(3),train,team,heo,1,316,332,2020-09-04 23:03:49,9,m1_b0152,3,train/images/002_20200904_230349(3).png,train/labels/002_20200904_230349(3).txt
002_20200905_003146(9),train,team,lee,1,316,332,2020-09-05 00:31:46,9,m1_b0153,9,train/images/002_20200905_003146(9).png,train/labels/002_20200905_003146(9).txt
002_20200905_003154(8),train,team,lee,1,316,332,2020-09-05 00:31:54,9,m1_b0153,8,train/images/002_20200905_003154(8).png,train/labels/002_20200905_003154(8).txt
002_20200905_003158(8),train,team,lee,1,316,332,2020-09-05 00:31:58,9,m1_b0153,8,train/images/002_20200905_003158(8).png,train/labels/002_20200905_003158(8).txt
002_20200905_003202(9),train,team,lee,1,316,332,2020-09-05 00:32:02,9,m1_b0153,9,train/images/002_20200905_003202(9).png,train/labels/002_20200905_003202(9).txt
002_20200905_003210(8),train,team,lee,1,316,332,2020-09-05 00:32:10,9,m1_b0153,8,train/images/002_20200905_003210(8).png,train/labels/002_20200905_003210(8).txt
002_20200905_003220(7),train,team,lee,1,316,332,2020-09-05 00:32:20,9,m1_b0153,7,train/images/002_20200905_003220(7).png,train/labels/002_20200905_003220(7).txt
002_20200905_043116(7),train,team,jung,1,316,332,2020-09-05 04:31:16,9,m1_b0154,7,train/images/002_20200905_043116(7).png,train/labels/002_20200905_043116(7).txt
002_20200905_043119(3),train,team,jung,1,316,332,2020-09-05 04:31:19,9,m1_b0154,3,train/images/002_20200905_043119(3).png,train/labels/002_20200905_043119(3).txt
002_20200905_043122(0),train,team,jung,1,316,332,2020-09-05 04:31:22,9,m1_b0154,0,train/images/002_20200905_043122(0).png,train/labels/002_20200905_043122(0).txt
002_20200905_043124(6),train,team,jung,1,316,332,2020-09-05 04:31:24,9,m1_b0154,6,train/images/002_20200905_043124(6).png,train/labels/002_20200905_043124(6).txt
002_20200905_043129(6),train,team,jung,1,316,332,2020-09-05 04:31:29,9,m1_b0154,6,train/images/002_20200905_043129(6).png,train/labels/002_20200905_043129(6).txt
002_20200905_043135(3),train,team,jung,1,316,332,2020-09-05 04:31:35,9,m1_b0154,3,train/images/002_20200905_043135(3).png,train/labels/002_20200905_043135(3).txt
002_20200905_083100(6),val,team,heo,1,316,332,2020-09-05 08:31:00,9,m1_b0155,6,val/images/002_20200905_083100(6).png,val/labels/002_20200905_083100(6).txt
002_20200905_083104(6),val,team,heo,1,316,332,2020-09-05 08:31:04,9,m1_b0155,6,val/images/002_20200905_083104(6).png,val/labels/002_20200905_083104(6).txt
002_20200905_083116(7),val,team,heo,1,316,332,2020-09-05 08:31:16,9,m1_b0155,7,val/images/002_20200905_083116(7).png,val/labels/002_20200905_083116(7).txt
002_20200905_083120(6),val,team,heo,1,316,332,2020-09-05 08:31:20,9,m1_b0155,6,val/images/002_20200905_083120(6).png,val/labels/002_20200905_083120(6).txt
002_20200905_083124(7),val,team,heo,1,316,332,2020-09-05 08:31:24,9,m1_b0155,7,val/images/002_20200905_083124(7).png,val/labels/002_20200905_083124(7).txt
002_20200905_083134(7),val,team,heo,1,316,332,2020-09-05 08:31:34,9,m1_b0155,7,val/images/002_20200905_083134(7).png,val/labels/002_20200905_083134(7).txt
002_20200905_123051(5),val,team,heo,1,316,332,2020-09-05 12:30:51,9,m1_b0156,5,val/images/002_20200905_123051(5).png,val/labels/002_20200905_123051(5).txt
002_20200905_123055(5),val,team,heo,1,316,332,2020-09-05 12:30:55,9,m1_b0156,5,val/images/002_20200905_123055(5).png,val/labels/002_20200905_123055(5).txt
002_20200905_123059(6),val,team,heo,1,316,332,2020-09-05 12:30:59,9,m1_b0156,6,val/images/002_20200905_123059(6).png,val/labels/002_20200905_123059(6).txt
002_20200905_123103(4),val,official,,1,316,332,2020-09-05 12:31:03,9,m1_b0156,4,val/images/002_20200905_123103(4).png,val/labels/002_20200905_123103(4).txt
002_20200905_123107(5),val,official,,1,316,332,2020-09-05 12:31:07,9,m1_b0156,5,val/images/002_20200905_123107(5).png,val/labels/002_20200905_123107(5).txt
002_20200905_123111(6),val,official,,1,316,332,2020-09-05 12:31:11,9,m1_b0156,6,val/images/002_20200905_123111(6).png,val/labels/002_20200905_123111(6).txt
002_20200905_163920(4),train,official,,1,316,332,2020-09-05 16:39:20,9,m1_b0157,4,train/images/002_20200905_163920(4).png,train/labels/002_20200905_163920(4).txt
002_20200905_163924(2),train,official,,1,316,332,2020-09-05 16:39:24,9,m1_b0157,2,train/images/002_20200905_163924(2).png,train/labels/002_20200905_163924(2).txt
002_20200905_163928(3),train,official,,1,316,332,2020-09-05 16:39:28,9,m1_b0157,3,train/images/002_20200905_163928(3).png,train/labels/002_20200905_163928(3).txt
002_20200905_163932(3),train,official,,1,316,332,2020-09-05 16:39:32,9,m1_b0157,3,train/images/002_20200905_163932(3).png,train/labels/002_20200905_163932(3).txt
002_20200905_163936(3),train,official,,1,316,332,2020-09-05 16:39:36,9,m1_b0157,3,train/images/002_20200905_163936(3).png,train/labels/002_20200905_163936(3).txt
002_20200905_163940(2),train,official,,1,316,332,2020-09-05 16:39:40,9,m1_b0157,2,train/images/002_20200905_163940(2).png,train/labels/002_20200905_163940(2).txt
002_20200905_203836(3),train,official,,1,316,332,2020-09-05 20:38:36,9,m1_b0158,3,train/images/002_20200905_203836(3).png,train/labels/002_20200905_203836(3).txt
002_20200905_203840(3),train,official,,1,316,332,2020-09-05 20:38:40,9,m1_b0158,3,train/images/002_20200905_203840(3).png,train/labels/002_20200905_203840(3).txt
002_20200905_203844(2),train,official,,1,316,332,2020-09-05 20:38:44,9,m1_b0158,2,train/images/002_20200905_203844(2).png,train/labels/002_20200905_203844(2).txt
002_20200905_203848(4),train,official,,1,316,332,2020-09-05 20:38:48,9,m1_b0158,4,train/images/002_20200905_203848(4).png,train/labels/002_20200905_203848(4).txt
002_20200905_203856(3),train,official,,1,316,332,2020-09-05 20:38:56,9,m1_b0158,3,train/images/002_20200905_203856(3).png,train/labels/002_20200905_203856(3).txt
002_20200905_203900(3),train,official,,1,316,332,2020-09-05 20:39:00,9,m1_b0158,3,train/images/002_20200905_203900(3).png,train/labels/002_20200905_203900(3).txt
002_20200906_003059(0),test,official,,1,316,332,2020-09-06 00:30:59,9,m1_b0159,0,test/images/002_20200906_003059(0).png,test/labels/002_20200906_003059(0).txt
002_20200906_003114(8),test,official,,1,316,332,2020-09-06 00:31:14,9,m1_b0159,8,test/images/002_20200906_003114(8).png,test/labels/002_20200906_003114(8).txt
002_20200906_003118(7),test,official,,1,316,332,2020-09-06 00:31:18,9,m1_b0159,7,test/images/002_20200906_003118(7).png,test/labels/002_20200906_003118(7).txt
002_20200906_003122(7),test,official,,1,316,332,2020-09-06 00:31:22,9,m1_b0159,7,test/images/002_20200906_003122(7).png,test/labels/002_20200906_003122(7).txt
002_20200906_003126(8),test,official,,1,316,332,2020-09-06 00:31:26,9,m1_b0159,8,test/images/002_20200906_003126(8).png,test/labels/002_20200906_003126(8).txt
002_20200906_003132(7),test,official,,1,316,332,2020-09-06 00:31:32,9,m1_b0159,7,test/images/002_20200906_003132(7).png,test/labels/002_20200906_003132(7).txt
002_20200907_184813(1),train,official,,1,316,332,2020-09-07 18:48:13,9,m1_b0160,1,train/images/002_20200907_184813(1).png,train/labels/002_20200907_184813(1).txt
002_20200907_184815(7),train,official,,1,316,332,2020-09-07 18:48:15,9,m1_b0160,7,train/images/002_20200907_184815(7).png,train/labels/002_20200907_184815(7).txt
002_20200907_184818(2),train,official,,1,316,332,2020-09-07 18:48:18,9,m1_b0160,2,train/images/002_20200907_184818(2).png,train/labels/002_20200907_184818(2).txt
002_20200907_184823(7),train,official,,1,316,332,2020-09-07 18:48:23,9,m1_b0160,7,train/images/002_20200907_184823(7).png,train/labels/002_20200907_184823(7).txt
002_20200907_184826(3),train,official,,1,316,332,2020-09-07 18:48:26,9,m1_b0160,3,train/images/002_20200907_184826(3).png,train/labels/002_20200907_184826(3).txt
002_20200907_184828(8),train,official,,1,316,332,2020-09-07 18:48:28,9,m1_b0160,8,train/images/002_20200907_184828(8).png,train/labels/002_20200907_184828(8).txt
002_20200907_204635(5),train,official,,1,316,332,2020-09-07 20:46:35,9,m1_b0161,5,train/images/002_20200907_204635(5).png,train/labels/002_20200907_204635(5).txt
002_20200907_204640(0),train,official,,1,316,332,2020-09-07 20:46:40,9,m1_b0161,0,train/images/002_20200907_204640(0).png,train/labels/002_20200907_204640(0).txt
002_20200907_204644(5),train,official,,1,316,332,2020-09-07 20:46:44,9,m1_b0161,5,train/images/002_20200907_204644(5).png,train/labels/002_20200907_204644(5).txt
002_20200907_204649(0),train,official,,1,316,332,2020-09-07 20:46:49,9,m1_b0161,0,train/images/002_20200907_204649(0).png,train/labels/002_20200907_204649(0).txt
002_20200907_204653(4),train,official,,1,316,332,2020-09-07 20:46:53,9,m1_b0161,4,train/images/002_20200907_204653(4).png,train/labels/002_20200907_204653(4).txt
002_20200907_204657(8),train,team,jung,1,316,332,2020-09-07 20:46:57,9,m1_b0161,8,train/images/002_20200907_204657(8).png,train/labels/002_20200907_204657(8).txt
002_20200908_003259(2),val,team,lee,1,316,332,2020-09-08 00:32:59,9,m1_b0162,2,val/images/002_20200908_003259(2).png,val/labels/002_20200908_003259(2).txt
002_20200908_003303(8),val,team,lee,1,316,332,2020-09-08 00:33:03,9,m1_b0162,8,val/images/002_20200908_003303(8).png,val/labels/002_20200908_003303(8).txt
002_20200908_003308(2),val,team,lee,1,316,332,2020-09-08 00:33:08,9,m1_b0162,2,val/images/002_20200908_003308(2).png,val/labels/002_20200908_003308(2).txt
002_20200908_003312(9),val,team,lee,1,316,332,2020-09-08 00:33:12,9,m1_b0162,9,val/images/002_20200908_003312(9).png,val/labels/002_20200908_003312(9).txt
002_20200908_003321(8),val,team,lee,1,316,332,2020-09-08 00:33:21,9,m1_b0162,8,val/images/002_20200908_003321(8).png,val/labels/002_20200908_003321(8).txt
002_20200908_003330(9),val,team,lee,1,316,332,2020-09-08 00:33:30,9,m1_b0162,9,val/images/002_20200908_003330(9).png,val/labels/002_20200908_003330(9).txt
002_20200908_043104(3),train,team,jung,1,316,332,2020-09-08 04:31:04,9,m1_b0163,3,train/images/002_20200908_043104(3).png,train/labels/002_20200908_043104(3).txt
002_20200908_043108(7),train,team,jung,1,316,332,2020-09-08 04:31:08,9,m1_b0163,7,train/images/002_20200908_043108(7).png,train/labels/002_20200908_043108(7).txt
002_20200908_043113(2),train,team,jung,1,316,332,2020-09-08 04:31:13,9,m1_b0163,2,train/images/002_20200908_043113(2).png,train/labels/002_20200908_043113(2).txt
002_20200908_043117(6),train,team,jung,1,316,332,2020-09-08 04:31:17,9,m1_b0163,6,train/images/002_20200908_043117(6).png,train/labels/002_20200908_043117(6).txt
002_20200908_043122(1),train,team,jung,1,316,332,2020-09-08 04:31:22,9,m1_b0163,1,train/images/002_20200908_043122(1).png,train/labels/002_20200908_043122(1).txt
002_20200908_043126(7),train,team,jung,1,316,332,2020-09-08 04:31:26,9,m1_b0163,7,train/images/002_20200908_043126(7).png,train/labels/002_20200908_043126(7).txt
002_20200912_021405(0),test,team,heo,1,316,332,2020-09-12 02:14:05,9,m1_b0164,0,test/images/002_20200912_021405(0).png,test/labels/002_20200912_021405(0).txt
002_20200912_021411(6),test,team,heo,1,316,332,2020-09-12 02:14:11,9,m1_b0164,6,test/images/002_20200912_021411(6).png,test/labels/002_20200912_021411(6).txt
002_20200912_021417(8),test,team,heo,1,316,332,2020-09-12 02:14:17,9,m1_b0164,8,test/images/002_20200912_021417(8).png,test/labels/002_20200912_021417(8).txt
002_20200912_021420(7),test,team,heo,1,316,332,2020-09-12 02:14:20,9,m1_b0164,7,test/images/002_20200912_021420(7).png,test/labels/002_20200912_021420(7).txt
002_20200912_021423(8),test,team,heo,1,316,332,2020-09-12 02:14:23,9,m1_b0164,8,test/images/002_20200912_021423(8).png,test/labels/002_20200912_021423(8).txt
002_20200912_021430(0),test,team,heo,1,316,332,2020-09-12 02:14:30,9,m1_b0164,0,test/images/002_20200912_021430(0).png,test/labels/002_20200912_021430(0).txt
002_20200912_043042(7),train,team,lee,1,316,332,2020-09-12 04:30:42,9,m1_b0165,7,train/images/002_20200912_043042(7).png,train/labels/002_20200912_043042(7).txt
002_20200912_043047(4),train,team,lee,1,316,332,2020-09-12 04:30:47,9,m1_b0165,4,train/images/002_20200912_043047(4).png,train/labels/002_20200912_043047(4).txt
002_20200912_043051(8),train,team,lee,1,316,332,2020-09-12 04:30:51,9,m1_b0165,8,train/images/002_20200912_043051(8).png,train/labels/002_20200912_043051(8).txt
002_20200912_043056(4),train,team,lee,1,316,332,2020-09-12 04:30:56,9,m1_b0165,4,train/images/002_20200912_043056(4).png,train/labels/002_20200912_043056(4).txt
002_20200912_043105(3),train,team,lee,1,316,332,2020-09-12 04:31:05,9,m1_b0165,3,train/images/002_20200912_043105(3).png,train/labels/002_20200912_043105(3).txt
002_20200912_043123(2),train,team,lee,1,316,332,2020-09-12 04:31:23,9,m1_b0165,2,train/images/002_20200912_043123(2).png,train/labels/002_20200912_043123(2).txt
002_20200912_123204(6),test,team,jung,1,316,332,2020-09-12 12:32:04,9,m1_b0166,6,test/images/002_20200912_123204(6).png,test/labels/002_20200912_123204(6).txt
002_20200912_123207(7),test,team,jung,1,316,332,2020-09-12 12:32:07,9,m1_b0166,7,test/images/002_20200912_123207(7).png,test/labels/002_20200912_123207(7).txt
002_20200912_123210(6),test,team,jung,1,316,332,2020-09-12 12:32:10,9,m1_b0166,6,test/images/002_20200912_123210(6).png,test/labels/002_20200912_123210(6).txt
002_20200912_123216(4),test,team,jung,1,316,332,2020-09-12 12:32:16,9,m1_b0166,4,test/images/002_20200912_123216(4).png,test/labels/002_20200912_123216(4).txt
002_20200912_123219(3),test,team,jung,1,316,332,2020-09-12 12:32:19,9,m1_b0166,3,test/images/002_20200912_123219(3).png,test/labels/002_20200912_123219(3).txt
002_20200912_123222(2),test,team,jung,1,316,332,2020-09-12 12:32:22,9,m1_b0166,2,test/images/002_20200912_123222(2).png,test/labels/002_20200912_123222(2).txt
002_20200912_163052(9),val,team,heo,1,316,332,2020-09-12 16:30:52,9,m1_b0167,9,val/images/002_20200912_163052(9).png,val/labels/002_20200912_163052(9).txt
002_20200912_163058(9),val,team,heo,1,316,332,2020-09-12 16:30:58,9,m1_b0167,9,val/images/002_20200912_163058(9).png,val/labels/002_20200912_163058(9).txt
002_20200912_163101(7),val,team,heo,1,316,332,2020-09-12 16:31:01,9,m1_b0167,7,val/images/002_20200912_163101(7).png,val/labels/002_20200912_163101(7).txt
002_20200912_163104(6),val,team,heo,1,316,332,2020-09-12 16:31:04,9,m1_b0167,6,val/images/002_20200912_163104(6).png,val/labels/002_20200912_163104(6).txt
002_20200912_163113(5),val,team,heo,1,316,332,2020-09-12 16:31:13,9,m1_b0167,5,val/images/002_20200912_163113(5).png,val/labels/002_20200912_163113(5).txt
002_20200912_163116(5),val,team,heo,1,316,332,2020-09-12 16:31:16,9,m1_b0167,5,val/images/002_20200912_163116(5).png,val/labels/002_20200912_163116(5).txt
002_20200912_202615(3),train,team,lee,1,316,332,2020-09-12 20:26:15,9,m1_b0168,3,train/images/002_20200912_202615(3).png,train/labels/002_20200912_202615(3).txt
002_20200912_202619(7),train,team,lee,1,316,332,2020-09-12 20:26:19,9,m1_b0168,7,train/images/002_20200912_202619(7).png,train/labels/002_20200912_202619(7).txt
002_20200912_202628(8),train,team,lee,1,316,332,2020-09-12 20:26:28,9,m1_b0168,8,train/images/002_20200912_202628(8).png,train/labels/002_20200912_202628(8).txt
002_20200912_202633(1),train,team,lee,1,316,332,2020-09-12 20:26:33,9,m1_b0168,1,train/images/002_20200912_202633(1).png,train/labels/002_20200912_202633(1).txt
002_20200912_202637(8),train,team,lee,1,316,332,2020-09-12 20:26:37,9,m1_b0168,8,train/images/002_20200912_202637(8).png,train/labels/002_20200912_202637(8).txt
002_20200912_202646(7),train,team,lee,1,316,332,2020-09-12 20:26:46,9,m1_b0168,7,train/images/002_20200912_202646(7).png,train/labels/002_20200912_202646(7).txt
002_20200914_082846(9),train,team,jung,1,316,332,2020-09-14 08:28:46,9,m1_b0169,9,train/images/002_20200914_082846(9).png,train/labels/002_20200914_082846(9).txt
002_20200914_082856(2),train,team,jung,1,316,332,2020-09-14 08:28:56,9,m1_b0169,2,train/images/002_20200914_082856(2).png,train/labels/002_20200914_082856(2).txt
002_20200914_082904(6),train,team,jung,1,316,332,2020-09-14 08:29:04,9,m1_b0169,6,train/images/002_20200914_082904(6).png,train/labels/002_20200914_082904(6).txt
002_20200914_082910(5),train,team,jung,1,316,332,2020-09-14 08:29:10,9,m1_b0169,5,train/images/002_20200914_082910(5).png,train/labels/002_20200914_082910(5).txt
002_20200914_082918(3),train,team,jung,1,316,332,2020-09-14 08:29:18,9,m1_b0169,3,train/images/002_20200914_082918(3).png,train/labels/002_20200914_082918(3).txt
002_20200914_082925(8),train,team,jung,1,316,332,2020-09-14 08:29:25,9,m1_b0169,8,train/images/002_20200914_082925(8).png,train/labels/002_20200914_082925(8).txt
002_20200914_123926(8),train,team,heo,1,316,332,2020-09-14 12:39:26,9,m1_b0170,8,train/images/002_20200914_123926(8).png,train/labels/002_20200914_123926(8).txt
002_20200914_123931(3),train,team,heo,1,316,332,2020-09-14 12:39:31,9,m1_b0170,3,train/images/002_20200914_123931(3).png,train/labels/002_20200914_123931(3).txt
002_20200914_123935(7),train,team,heo,1,316,332,2020-09-14 12:39:35,9,m1_b0170,7,train/images/002_20200914_123935(7).png,train/labels/002_20200914_123935(7).txt
002_20200914_123940(1),train,team,heo,1,316,332,2020-09-14 12:39:40,9,m1_b0170,1,train/images/002_20200914_123940(1).png,train/labels/002_20200914_123940(1).txt
002_20200914_123944(7),train,team,heo,1,316,332,2020-09-14 12:39:44,9,m1_b0170,7,train/images/002_20200914_123944(7).png,train/labels/002_20200914_123944(7).txt
002_20200914_123949(5),train,team,heo,1,316,332,2020-09-14 12:39:49,9,m1_b0170,5,train/images/002_20200914_123949(5).png,train/labels/002_20200914_123949(5).txt
002_20200914_163056(7),train,team,lee,1,316,332,2020-09-14 16:30:56,9,m1_b0171,7,train/images/002_20200914_163056(7).png,train/labels/002_20200914_163056(7).txt
002_20200914_163101(1),train,team,lee,1,316,332,2020-09-14 16:31:01,9,m1_b0171,1,train/images/002_20200914_163101(1).png,train/labels/002_20200914_163101(1).txt
002_20200914_163105(7),train,team,lee,1,316,332,2020-09-14 16:31:05,9,m1_b0171,7,train/images/002_20200914_163105(7).png,train/labels/002_20200914_163105(7).txt
002_20200914_163110(1),train,team,lee,1,316,332,2020-09-14 16:31:10,9,m1_b0171,1,train/images/002_20200914_163110(1).png,train/labels/002_20200914_163110(1).txt
002_20200914_163114(5),train,team,lee,1,316,332,2020-09-14 16:31:14,9,m1_b0171,5,train/images/002_20200914_163114(5).png,train/labels/002_20200914_163114(5).txt
002_20200914_163119(3),train,team,lee,1,316,332,2020-09-14 16:31:19,9,m1_b0171,3,train/images/002_20200914_163119(3).png,train/labels/002_20200914_163119(3).txt
002_20200914_202928(5),train,team,jung,1,316,332,2020-09-14 20:29:28,9,m1_b0172,5,train/images/002_20200914_202928(5).png,train/labels/002_20200914_202928(5).txt
002_20200914_202931(6),train,team,jung,1,316,332,2020-09-14 20:29:31,9,m1_b0172,6,train/images/002_20200914_202931(6).png,train/labels/002_20200914_202931(6).txt
002_20200914_202934(5),train,team,jung,1,316,332,2020-09-14 20:29:34,9,m1_b0172,5,train/images/002_20200914_202934(5).png,train/labels/002_20200914_202934(5).txt
002_20200914_202937(6),train,team,jung,1,316,332,2020-09-14 20:29:37,9,m1_b0172,6,train/images/002_20200914_202937(6).png,train/labels/002_20200914_202937(6).txt
002_20200914_202943(5),train,team,jung,1,316,332,2020-09-14 20:29:43,9,m1_b0172,5,train/images/002_20200914_202943(5).png,train/labels/002_20200914_202943(5).txt
002_20200914_202948(1),train,team,jung,1,316,332,2020-09-14 20:29:48,9,m1_b0172,1,train/images/002_20200914_202948(1).png,train/labels/002_20200914_202948(1).txt
002_20200915_003458(4),test,team,heo,1,316,332,2020-09-15 00:34:58,9,m1_b0173,4,test/images/002_20200915_003458(4).png,test/labels/002_20200915_003458(4).txt
002_20200915_003505(7),test,team,heo,1,316,332,2020-09-15 00:35:05,9,m1_b0173,7,test/images/002_20200915_003505(7).png,test/labels/002_20200915_003505(7).txt
002_20200915_003510(7),test,team,heo,1,316,332,2020-09-15 00:35:10,9,m1_b0173,7,test/images/002_20200915_003510(7).png,test/labels/002_20200915_003510(7).txt
002_20200915_003515(6),test,team,heo,1,316,332,2020-09-15 00:35:15,9,m1_b0173,6,test/images/002_20200915_003515(6).png,test/labels/002_20200915_003515(6).txt
002_20200915_003523(1),test,team,heo,1,316,332,2020-09-15 00:35:23,9,m1_b0173,1,test/images/002_20200915_003523(1).png,test/labels/002_20200915_003523(1).txt
002_20200915_003532(1),test,team,heo,1,316,332,2020-09-15 00:35:32,9,m1_b0173,1,test/images/002_20200915_003532(1).png,test/labels/002_20200915_003532(1).txt
002_20200915_043352(7),train,team,lee,1,316,332,2020-09-15 04:33:52,9,m1_b0174,7,train/images/002_20200915_043352(7).png,train/labels/002_20200915_043352(7).txt
002_20200915_043355(3),train,team,lee,1,316,332,2020-09-15 04:33:55,9,m1_b0174,3,train/images/002_20200915_043355(3).png,train/labels/002_20200915_043355(3).txt
002_20200915_043358(1),train,team,lee,1,316,332,2020-09-15 04:33:58,9,m1_b0174,1,train/images/002_20200915_043358(1).png,train/labels/002_20200915_043358(1).txt
002_20200915_043401(0),train,team,lee,1,316,332,2020-09-15 04:34:01,9,m1_b0174,0,train/images/002_20200915_043401(0).png,train/labels/002_20200915_043401(0).txt
002_20200915_043406(9),train,team,lee,1,316,332,2020-09-15 04:34:06,9,m1_b0174,9,train/images/002_20200915_043406(9).png,train/labels/002_20200915_043406(9).txt
002_20200915_043416(7),train,team,lee,1,316,332,2020-09-15 04:34:16,9,m1_b0174,7,train/images/002_20200915_043416(7).png,train/labels/002_20200915_043416(7).txt
002_20200915_083053(7),train,team,jung,1,316,332,2020-09-15 08:30:53,9,m1_b0175,7,train/images/002_20200915_083053(7).png,train/labels/002_20200915_083053(7).txt
002_20200915_083056(7),train,team,jung,1,316,332,2020-09-15 08:30:56,9,m1_b0175,7,train/images/002_20200915_083056(7).png,train/labels/002_20200915_083056(7).txt
002_20200915_083101(1),train,team,jung,1,316,332,2020-09-15 08:31:01,9,m1_b0175,1,train/images/002_20200915_083101(1).png,train/labels/002_20200915_083101(1).txt
002_20200915_083104(1),train,team,jung,1,316,332,2020-09-15 08:31:04,9,m1_b0175,1,train/images/002_20200915_083104(1).png,train/labels/002_20200915_083104(1).txt
002_20200915_083107(1),train,team,jung,1,316,332,2020-09-15 08:31:07,9,m1_b0175,1,train/images/002_20200915_083107(1).png,train/labels/002_20200915_083107(1).txt
002_20200915_083117(6),train,team,jung,1,316,332,2020-09-15 08:31:17,9,m1_b0175,6,train/images/002_20200915_083117(6).png,train/labels/002_20200915_083117(6).txt
002_20200915_123113(2),train,team,heo,1,316,332,2020-09-15 12:31:13,9,m1_b0176,2,train/images/002_20200915_123113(2).png,train/labels/002_20200915_123113(2).txt
002_20200915_123117(6),train,team,heo,1,316,332,2020-09-15 12:31:17,9,m1_b0176,6,train/images/002_20200915_123117(6).png,train/labels/002_20200915_123117(6).txt
002_20200915_123126(5),train,team,heo,1,316,332,2020-09-15 12:31:26,9,m1_b0176,5,train/images/002_20200915_123126(5).png,train/labels/002_20200915_123126(5).txt
002_20200915_123131(1),train,team,heo,1,316,332,2020-09-15 12:31:31,9,m1_b0176,1,train/images/002_20200915_123131(1).png,train/labels/002_20200915_123131(1).txt
002_20200915_123135(7),train,team,heo,1,316,332,2020-09-15 12:31:35,9,m1_b0176,7,train/images/002_20200915_123135(7).png,train/labels/002_20200915_123135(7).txt
002_20200915_123140(1),train,team,heo,1,316,332,2020-09-15 12:31:40,9,m1_b0176,1,train/images/002_20200915_123140(1).png,train/labels/002_20200915_123140(1).txt
002_20200915_163129(0),test,team,lee,1,316,332,2020-09-15 16:31:29,9,m1_b0177,0,test/images/002_20200915_163129(0).png,test/labels/002_20200915_163129(0).txt
002_20200915_163133(5),test,team,lee,1,316,332,2020-09-15 16:31:33,9,m1_b0177,5,test/images/002_20200915_163133(5).png,test/labels/002_20200915_163133(5).txt
002_20200915_163144(0),test,team,lee,1,316,332,2020-09-15 16:31:44,9,m1_b0177,0,test/images/002_20200915_163144(0).png,test/labels/002_20200915_163144(0).txt
002_20200915_163154(5),test,team,lee,1,316,332,2020-09-15 16:31:54,9,m1_b0177,5,test/images/002_20200915_163154(5).png,test/labels/002_20200915_163154(5).txt
002_20200915_163158(9),test,team,lee,1,316,332,2020-09-15 16:31:58,9,m1_b0177,9,test/images/002_20200915_163158(9).png,test/labels/002_20200915_163158(9).txt
002_20200915_163203(4),test,team,lee,1,316,332,2020-09-15 16:32:03,9,m1_b0177,4,test/images/002_20200915_163203(4).png,test/labels/002_20200915_163203(4).txt
002_20200915_203209(5),test,team,jung,1,316,332,2020-09-15 20:32:09,9,m1_b0178,5,test/images/002_20200915_203209(5).png,test/labels/002_20200915_203209(5).txt
002_20200915_203212(5),test,team,jung,1,316,332,2020-09-15 20:32:12,9,m1_b0178,5,test/images/002_20200915_203212(5).png,test/labels/002_20200915_203212(5).txt
002_20200915_203215(5),test,team,jung,1,316,332,2020-09-15 20:32:15,9,m1_b0178,5,test/images/002_20200915_203215(5).png,test/labels/002_20200915_203215(5).txt
002_20200915_203218(5),test,team,jung,1,316,332,2020-09-15 20:32:18,9,m1_b0178,5,test/images/002_20200915_203218(5).png,test/labels/002_20200915_203218(5).txt
002_20200915_203224(4),test,team,jung,1,316,332,2020-09-15 20:32:24,9,m1_b0178,4,test/images/002_20200915_203224(4).png,test/labels/002_20200915_203224(4).txt
002_20200915_203229(1),test,team,jung,1,316,332,2020-09-15 20:32:29,9,m1_b0178,1,test/images/002_20200915_203229(1).png,test/labels/002_20200915_203229(1).txt
002_20200916_003104(1),train,team,heo,1,316,332,2020-09-16 00:31:04,9,m1_b0179,1,train/images/002_20200916_003104(1).png,train/labels/002_20200916_003104(1).txt
002_20200916_003107(1),train,team,heo,1,316,332,2020-09-16 00:31:07,9,m1_b0179,1,train/images/002_20200916_003107(1).png,train/labels/002_20200916_003107(1).txt
002_20200916_003110(0),train,team,heo,1,316,332,2020-09-16 00:31:10,9,m1_b0179,0,train/images/002_20200916_003110(0).png,train/labels/002_20200916_003110(0).txt
002_20200916_003113(0),train,team,heo,1,316,332,2020-09-16 00:31:13,9,m1_b0179,0,train/images/002_20200916_003113(0).png,train/labels/002_20200916_003113(0).txt
002_20200916_003115(9),train,team,heo,1,316,332,2020-09-16 00:31:15,9,m1_b0179,9,train/images/002_20200916_003115(9).png,train/labels/002_20200916_003115(9).txt
002_20200916_003118(8),train,team,heo,1,316,332,2020-09-16 00:31:18,9,m1_b0179,8,train/images/002_20200916_003118(8).png,train/labels/002_20200916_003118(8).txt
002_20200916_043147(8),train,team,lee,1,316,332,2020-09-16 04:31:47,9,m1_b0180,8,train/images/002_20200916_043147(8).png,train/labels/002_20200916_043147(8).txt
002_20200916_043150(7),train,team,lee,1,316,332,2020-09-16 04:31:50,9,m1_b0180,7,train/images/002_20200916_043150(7).png,train/labels/002_20200916_043150(7).txt
002_20200916_043153(7),train,team,lee,1,316,332,2020-09-16 04:31:53,9,m1_b0180,7,train/images/002_20200916_043153(7).png,train/labels/002_20200916_043153(7).txt
002_20200916_043156(6),train,team,lee,1,316,332,2020-09-16 04:31:56,9,m1_b0180,6,train/images/002_20200916_043156(6).png,train/labels/002_20200916_043156(6).txt
002_20200916_043202(6),train,team,lee,1,316,332,2020-09-16 04:32:02,9,m1_b0180,6,train/images/002_20200916_043202(6).png,train/labels/002_20200916_043202(6).txt
002_20200916_043211(3),train,team,lee,1,316,332,2020-09-16 04:32:11,9,m1_b0180,3,train/images/002_20200916_043211(3).png,train/labels/002_20200916_043211(3).txt
002_20200916_083037(0),train,team,jung,1,316,332,2020-09-16 08:30:37,9,m1_b0181,0,train/images/002_20200916_083037(0).png,train/labels/002_20200916_083037(0).txt
002_20200916_083045(8),train,team,jung,1,316,332,2020-09-16 08:30:45,9,m1_b0181,8,train/images/002_20200916_083045(8).png,train/labels/002_20200916_083045(8).txt
002_20200916_083050(2),train,team,jung,1,316,332,2020-09-16 08:30:50,9,m1_b0181,2,train/images/002_20200916_083050(2).png,train/labels/002_20200916_083050(2).txt
002_20200916_083057(6),train,team,jung,1,316,332,2020-09-16 08:30:57,9,m1_b0181,6,train/images/002_20200916_083057(6).png,train/labels/002_20200916_083057(6).txt
002_20200916_083106(3),train,team,jung,1,316,332,2020-09-16 08:31:06,9,m1_b0181,3,train/images/002_20200916_083106(3).png,train/labels/002_20200916_083106(3).txt
002_20200916_083126(7),train,team,jung,1,316,332,2020-09-16 08:31:26,9,m1_b0181,7,train/images/002_20200916_083126(7).png,train/labels/002_20200916_083126(7).txt
002_20200916_122636(6),train,team,heo,1,316,332,2020-09-16 12:26:36,9,m1_b0182,6,train/images/002_20200916_122636(6).png,train/labels/002_20200916_122636(6).txt
002_20200916_122641(1),train,team,heo,1,316,332,2020-09-16 12:26:41,9,m1_b0182,1,train/images/002_20200916_122641(1).png,train/labels/002_20200916_122641(1).txt
002_20200916_122645(6),train,team,heo,1,316,332,2020-09-16 12:26:45,9,m1_b0182,6,train/images/002_20200916_122645(6).png,train/labels/002_20200916_122645(6).txt
002_20200916_122650(1)__m1,train,team,heo,1,316,332,2020-09-16 12:26:50,9,m1_b0182,1,train/images/002_20200916_122650(1)__m1.png,train/labels/002_20200916_122650(1)__m1.txt
002_20200916_122654(7),train,team,heo,1,316,332,2020-09-16 12:26:54,9,m1_b0182,7,train/images/002_20200916_122654(7).png,train/labels/002_20200916_122654(7).txt
002_20200916_122659(2),train,team,heo,1,316,332,2020-09-16 12:26:59,9,m1_b0182,2,train/images/002_20200916_122659(2).png,train/labels/002_20200916_122659(2).txt
002_20200916_203122(3),train,team,lee,1,316,332,2020-09-16 20:31:22,9,m1_b0183,3,train/images/002_20200916_203122(3).png,train/labels/002_20200916_203122(3).txt
002_20200916_203126(3),train,team,lee,1,316,332,2020-09-16 20:31:26,9,m1_b0183,3,train/images/002_20200916_203126(3).png,train/labels/002_20200916_203126(3).txt
002_20200916_203130(2),train,team,lee,1,316,332,2020-09-16 20:31:30,9,m1_b0183,2,train/images/002_20200916_203130(2).png,train/labels/002_20200916_203130(2).txt
002_20200916_203134(2),train,team,lee,1,316,332,2020-09-16 20:31:34,9,m1_b0183,2,train/images/002_20200916_203134(2).png,train/labels/002_20200916_203134(2).txt
002_20200916_203138(2),train,team,lee,1,316,332,2020-09-16 20:31:38,9,m1_b0183,2,train/images/002_20200916_203138(2).png,train/labels/002_20200916_203138(2).txt
002_20200916_203142(2),train,team,lee,1,316,332,2020-09-16 20:31:42,9,m1_b0183,2,train/images/002_20200916_203142(2).png,train/labels/002_20200916_203142(2).txt
002_20200917_003202(9),train,team,jung,1,316,332,2020-09-17 00:32:02,9,m1_b0184,9,train/images/002_20200917_003202(9).png,train/labels/002_20200917_003202(9).txt
002_20200917_003206(8),train,team,jung,1,316,332,2020-09-17 00:32:06,9,m1_b0184,8,train/images/002_20200917_003206(8).png,train/labels/002_20200917_003206(8).txt
002_20200917_003210(8),train,team,jung,1,316,332,2020-09-17 00:32:10,9,m1_b0184,8,train/images/002_20200917_003210(8).png,train/labels/002_20200917_003210(8).txt
002_20200917_003214(8),train,team,jung,1,316,332,2020-09-17 00:32:14,9,m1_b0184,8,train/images/002_20200917_003214(8).png,train/labels/002_20200917_003214(8).txt
002_20200917_003218(8),train,team,jung,1,316,332,2020-09-17 00:32:18,9,m1_b0184,8,train/images/002_20200917_003218(8).png,train/labels/002_20200917_003218(8).txt
002_20200917_003222(9),train,team,jung,1,316,332,2020-09-17 00:32:22,9,m1_b0184,9,train/images/002_20200917_003222(9).png,train/labels/002_20200917_003222(9).txt
002_20200917_043057(1),train,team,heo,1,316,332,2020-09-17 04:30:57,9,m1_b0185,1,train/images/002_20200917_043057(1).png,train/labels/002_20200917_043057(1).txt
002_20200917_043101(1),train,team,heo,1,316,332,2020-09-17 04:31:01,9,m1_b0185,1,train/images/002_20200917_043101(1).png,train/labels/002_20200917_043101(1).txt
002_20200917_043105(2),train,team,heo,1,316,332,2020-09-17 04:31:05,9,m1_b0185,2,train/images/002_20200917_043105(2).png,train/labels/002_20200917_043105(2).txt
002_20200917_043109(1),train,team,heo,1,316,332,2020-09-17 04:31:09,9,m1_b0185,1,train/images/002_20200917_043109(1).png,train/labels/002_20200917_043109(1).txt
002_20200917_043113(2),train,team,heo,1,316,332,2020-09-17 04:31:13,9,m1_b0185,2,train/images/002_20200917_043113(2).png,train/labels/002_20200917_043113(2).txt
002_20200917_043117(2),train,team,heo,1,316,332,2020-09-17 04:31:17,9,m1_b0185,2,train/images/002_20200917_043117(2).png,train/labels/002_20200917_043117(2).txt
002_20200917_083653(7),test,team,lee,1,316,332,2020-09-17 08:36:53,9,m1_b0186,7,test/images/002_20200917_083653(7).png,test/labels/002_20200917_083653(7).txt
002_20200917_083659(5),test,team,lee,1,316,332,2020-09-17 08:36:59,9,m1_b0186,5,test/images/002_20200917_083659(5).png,test/labels/002_20200917_083659(5).txt
002_20200917_083703(5),test,team,lee,1,316,332,2020-09-17 08:37:03,9,m1_b0186,5,test/images/002_20200917_083703(5).png,test/labels/002_20200917_083703(5).txt
002_20200917_083707(4),test,team,lee,1,316,332,2020-09-17 08:37:07,9,m1_b0186,4,test/images/002_20200917_083707(4).png,test/labels/002_20200917_083707(4).txt
002_20200917_083711(6),test,team,lee,1,316,332,2020-09-17 08:37:11,9,m1_b0186,6,test/images/002_20200917_083711(6).png,test/labels/002_20200917_083711(6).txt
002_20200917_083721(4),test,team,lee,1,316,332,2020-09-17 08:37:21,9,m1_b0186,4,test/images/002_20200917_083721(4).png,test/labels/002_20200917_083721(4).txt
002_20200917_123052(0),train,team,jung,1,316,332,2020-09-17 12:30:52,9,m1_b0187,0,train/images/002_20200917_123052(0).png,train/labels/002_20200917_123052(0).txt
002_20200917_123056(0),train,team,jung,1,316,332,2020-09-17 12:30:56,9,m1_b0187,0,train/images/002_20200917_123056(0).png,train/labels/002_20200917_123056(0).txt
002_20200917_123100(0),train,team,jung,1,316,332,2020-09-17 12:31:00,9,m1_b0187,0,train/images/002_20200917_123100(0).png,train/labels/002_20200917_123100(0).txt
002_20200917_123116(1),train,team,jung,1,316,332,2020-09-17 12:31:16,9,m1_b0187,1,train/images/002_20200917_123116(1).png,train/labels/002_20200917_123116(1).txt
002_20200917_123120(2),train,team,jung,1,316,332,2020-09-17 12:31:20,9,m1_b0187,2,train/images/002_20200917_123120(2).png,train/labels/002_20200917_123120(2).txt
002_20200917_123124(2),train,team,jung,1,316,332,2020-09-17 12:31:24,9,m1_b0187,2,train/images/002_20200917_123124(2).png,train/labels/002_20200917_123124(2).txt
002_20200917_162809(7),train,team,heo,1,316,332,2020-09-17 16:28:09,9,m1_b0188,7,train/images/002_20200917_162809(7).png,train/labels/002_20200917_162809(7).txt
002_20200917_162813(7),train,team,heo,1,316,332,2020-09-17 16:28:13,9,m1_b0188,7,train/images/002_20200917_162813(7).png,train/labels/002_20200917_162813(7).txt
002_20200917_162817(7),train,team,heo,1,316,332,2020-09-17 16:28:17,9,m1_b0188,7,train/images/002_20200917_162817(7).png,train/labels/002_20200917_162817(7).txt
002_20200917_162821(7),train,team,heo,1,316,332,2020-09-17 16:28:21,9,m1_b0188,7,train/images/002_20200917_162821(7).png,train/labels/002_20200917_162821(7).txt
002_20200917_162825(6),train,team,heo,1,316,332,2020-09-17 16:28:25,9,m1_b0188,6,train/images/002_20200917_162825(6).png,train/labels/002_20200917_162825(6).txt
002_20200917_162829(8),train,team,heo,1,316,332,2020-09-17 16:28:29,9,m1_b0188,8,train/images/002_20200917_162829(8).png,train/labels/002_20200917_162829(8).txt
002_20200917_202944(0),train,team,lee,1,316,332,2020-09-17 20:29:44,9,m1_b0189,0,train/images/002_20200917_202944(0).png,train/labels/002_20200917_202944(0).txt
002_20200917_202952(6),train,team,lee,1,316,332,2020-09-17 20:29:52,9,m1_b0189,6,train/images/002_20200917_202952(6).png,train/labels/002_20200917_202952(6).txt
002_20200917_202955(7),train,team,lee,1,316,332,2020-09-17 20:29:55,9,m1_b0189,7,train/images/002_20200917_202955(7).png,train/labels/002_20200917_202955(7).txt
002_20200917_202958(6),train,team,lee,1,316,332,2020-09-17 20:29:58,9,m1_b0189,6,train/images/002_20200917_202958(6).png,train/labels/002_20200917_202958(6).txt
002_20200917_203001(5),train,team,lee,1,316,332,2020-09-17 20:30:01,9,m1_b0189,5,train/images/002_20200917_203001(5).png,train/labels/002_20200917_203001(5).txt
002_20200917_203004(3),train,team,lee,1,316,332,2020-09-17 20:30:04,9,m1_b0189,3,train/images/002_20200917_203004(3).png,train/labels/002_20200917_203004(3).txt
002_20200918_003438(7),train,team,jung,1,316,332,2020-09-18 00:34:38,9,m1_b0190,7,train/images/002_20200918_003438(7).png,train/labels/002_20200918_003438(7).txt
002_20200918_003442(6),train,team,jung,1,316,332,2020-09-18 00:34:42,9,m1_b0190,6,train/images/002_20200918_003442(6).png,train/labels/002_20200918_003442(6).txt
002_20200918_003445(5),train,team,jung,1,316,332,2020-09-18 00:34:45,9,m1_b0190,5,train/images/002_20200918_003445(5).png,train/labels/002_20200918_003445(5).txt
002_20200918_003448(4),train,team,jung,1,316,332,2020-09-18 00:34:48,9,m1_b0190,4,train/images/002_20200918_003448(4).png,train/labels/002_20200918_003448(4).txt
002_20200918_003451(0),train,team,jung,1,316,332,2020-09-18 00:34:51,9,m1_b0190,0,train/images/002_20200918_003451(0).png,train/labels/002_20200918_003451(0).txt
002_20200918_003453(6),train,team,jung,1,316,332,2020-09-18 00:34:53,9,m1_b0190,6,train/images/002_20200918_003453(6).png,train/labels/002_20200918_003453(6).txt
002_20200918_043330(3),train,team,heo,1,316,332,2020-09-18 04:33:30,9,m1_b0191,3,train/images/002_20200918_043330(3).png,train/labels/002_20200918_043330(3).txt
002_20200918_043332(9),train,team,heo,1,316,332,2020-09-18 04:33:32,9,m1_b0191,9,train/images/002_20200918_043332(9).png,train/labels/002_20200918_043332(9).txt
002_20200918_043335(6),train,team,heo,1,316,332,2020-09-18 04:33:35,9,m1_b0191,6,train/images/002_20200918_043335(6).png,train/labels/002_20200918_043335(6).txt
002_20200918_043338(2)__m1,train,team,heo,1,316,332,2020-09-18 04:33:38,9,m1_b0191,2,train/images/002_20200918_043338(2)__m1.png,train/labels/002_20200918_043338(2)__m1.txt
002_20200918_043341(9),train,team,heo,1,316,332,2020-09-18 04:33:41,9,m1_b0191,9,train/images/002_20200918_043341(9).png,train/labels/002_20200918_043341(9).txt
002_20200918_043345(9),train,team,heo,1,316,332,2020-09-18 04:33:45,9,m1_b0191,9,train/images/002_20200918_043345(9).png,train/labels/002_20200918_043345(9).txt
002_20200918_083240(7),train,team,lee,1,316,332,2020-09-18 08:32:40,9,m1_b0192,7,train/images/002_20200918_083240(7).png,train/labels/002_20200918_083240(7).txt
002_20200918_083244(8),train,team,lee,1,316,332,2020-09-18 08:32:44,9,m1_b0192,8,train/images/002_20200918_083244(8).png,train/labels/002_20200918_083244(8).txt
002_20200918_083248(7),train,team,lee,1,316,332,2020-09-18 08:32:48,9,m1_b0192,7,train/images/002_20200918_083248(7).png,train/labels/002_20200918_083248(7).txt
002_20200918_083254(8),train,team,lee,1,316,332,2020-09-18 08:32:54,9,m1_b0192,8,train/images/002_20200918_083254(8).png,train/labels/002_20200918_083254(8).txt
002_20200918_083302(6),train,team,lee,1,316,332,2020-09-18 08:33:02,9,m1_b0192,6,train/images/002_20200918_083302(6).png,train/labels/002_20200918_083302(6).txt
002_20200918_083306(7),train,team,lee,1,316,332,2020-09-18 08:33:06,9,m1_b0192,7,train/images/002_20200918_083306(7).png,train/labels/002_20200918_083306(7).txt
002_20200918_123306(7),test,team,jung,1,316,332,2020-09-18 12:33:06,9,m1_b0193,7,test/images/002_20200918_123306(7).png,test/labels/002_20200918_123306(7).txt
002_20200918_123310(6),test,team,jung,1,316,332,2020-09-18 12:33:10,9,m1_b0193,6,test/images/002_20200918_123310(6).png,test/labels/002_20200918_123310(6).txt
002_20200918_123314(6),test,team,jung,1,316,332,2020-09-18 12:33:14,9,m1_b0193,6,test/images/002_20200918_123314(6).png,test/labels/002_20200918_123314(6).txt
002_20200918_123318(7),test,team,jung,1,316,332,2020-09-18 12:33:18,9,m1_b0193,7,test/images/002_20200918_123318(7).png,test/labels/002_20200918_123318(7).txt
002_20200918_123322(5),test,team,jung,1,316,332,2020-09-18 12:33:22,9,m1_b0193,5,test/images/002_20200918_123322(5).png,test/labels/002_20200918_123322(5).txt
002_20200918_123331(0),test,team,jung,1,316,332,2020-09-18 12:33:31,9,m1_b0193,0,test/images/002_20200918_123331(0).png,test/labels/002_20200918_123331(0).txt
002_20200918_163302(9),train,team,heo,1,316,332,2020-09-18 16:33:02,9,m1_b0194,9,train/images/002_20200918_163302(9).png,train/labels/002_20200918_163302(9).txt
002_20200918_163306(9),train,team,heo,1,316,332,2020-09-18 16:33:06,9,m1_b0194,9,train/images/002_20200918_163306(9).png,train/labels/002_20200918_163306(9).txt
002_20200918_163310(9),train,team,heo,1,316,332,2020-09-18 16:33:10,9,m1_b0194,9,train/images/002_20200918_163310(9).png,train/labels/002_20200918_163310(9).txt
002_20200918_163314(9),train,team,heo,1,316,332,2020-09-18 16:33:14,9,m1_b0194,9,train/images/002_20200918_163314(9).png,train/labels/002_20200918_163314(9).txt
002_20200918_163318(8),train,team,heo,1,316,332,2020-09-18 16:33:18,9,m1_b0194,8,train/images/002_20200918_163318(8).png,train/labels/002_20200918_163318(8).txt
002_20200918_163322(9),train,team,heo,1,316,332,2020-09-18 16:33:22,9,m1_b0194,9,train/images/002_20200918_163322(9).png,train/labels/002_20200918_163322(9).txt
002_20200921_111929(2),train,team,lee,1,316,332,2020-09-21 11:19:29,9,m1_b0195,2,train/images/002_20200921_111929(2).png,train/labels/002_20200921_111929(2).txt
002_20200921_111932(4),train,team,lee,1,316,332,2020-09-21 11:19:32,9,m1_b0195,4,train/images/002_20200921_111932(4).png,train/labels/002_20200921_111932(4).txt
002_20200921_111939(0),train,team,lee,1,316,332,2020-09-21 11:19:39,9,m1_b0195,0,train/images/002_20200921_111939(0).png,train/labels/002_20200921_111939(0).txt
002_20200921_111942(1),train,team,lee,1,316,332,2020-09-21 11:19:42,9,m1_b0195,1,train/images/002_20200921_111942(1).png,train/labels/002_20200921_111942(1).txt
002_20200921_111948(3),train,team,lee,1,316,332,2020-09-21 11:19:48,9,m1_b0195,3,train/images/002_20200921_111948(3).png,train/labels/002_20200921_111948(3).txt
002_20200921_111951(8),train,team,lee,1,316,332,2020-09-21 11:19:51,9,m1_b0195,8,train/images/002_20200921_111951(8).png,train/labels/002_20200921_111951(8).txt
002_20200921_123148(8),train,team,jung,1,316,332,2020-09-21 12:31:48,9,m1_b0196,8,train/images/002_20200921_123148(8).png,train/labels/002_20200921_123148(8).txt
002_20200921_123153(3),train,team,jung,1,316,332,2020-09-21 12:31:53,9,m1_b0196,3,train/images/002_20200921_123153(3).png,train/labels/002_20200921_123153(3).txt
002_20200921_123157(8),train,team,jung,1,316,332,2020-09-21 12:31:57,9,m1_b0196,8,train/images/002_20200921_123157(8).png,train/labels/002_20200921_123157(8).txt
002_20200921_123202(3),train,team,jung,1,316,332,2020-09-21 12:32:02,9,m1_b0196,3,train/images/002_20200921_123202(3).png,train/labels/002_20200921_123202(3).txt
002_20200921_123206(8),train,team,jung,1,316,332,2020-09-21 12:32:06,9,m1_b0196,8,train/images/002_20200921_123206(8).png,train/labels/002_20200921_123206(8).txt
002_20200921_123211(3),train,team,jung,1,316,332,2020-09-21 12:32:11,9,m1_b0196,3,train/images/002_20200921_123211(3).png,train/labels/002_20200921_123211(3).txt
002_20200921_163052(8),train,team,heo,1,316,332,2020-09-21 16:30:52,9,m1_b0197,8,train/images/002_20200921_163052(8).png,train/labels/002_20200921_163052(8).txt
002_20200921_163055(8),train,team,heo,1,316,332,2020-09-21 16:30:55,9,m1_b0197,8,train/images/002_20200921_163055(8).png,train/labels/002_20200921_163055(8).txt
002_20200921_163102(0),train,team,heo,1,316,332,2020-09-21 16:31:02,9,m1_b0197,0,train/images/002_20200921_163102(0).png,train/labels/002_20200921_163102(0).txt
002_20200921_163105(3),train,team,heo,1,316,332,2020-09-21 16:31:05,9,m1_b0197,3,train/images/002_20200921_163105(3).png,train/labels/002_20200921_163105(3).txt
002_20200921_163110(2),train,team,heo,1,316,332,2020-09-21 16:31:10,9,m1_b0197,2,train/images/002_20200921_163110(2).png,train/labels/002_20200921_163110(2).txt
002_20200921_163113(3),train,team,heo,1,316,332,2020-09-21 16:31:13,9,m1_b0197,3,train/images/002_20200921_163113(3).png,train/labels/002_20200921_163113(3).txt
002_20200921_202245(2),train,team,lee,1,316,332,2020-09-21 20:22:45,9,m1_b0198,2,train/images/002_20200921_202245(2).png,train/labels/002_20200921_202245(2).txt
002_20200921_202254(1),train,team,lee,1,316,332,2020-09-21 20:22:54,9,m1_b0198,1,train/images/002_20200921_202254(1).png,train/labels/002_20200921_202254(1).txt
002_20200921_202257(2),train,team,lee,1,316,332,2020-09-21 20:22:57,9,m1_b0198,2,train/images/002_20200921_202257(2).png,train/labels/002_20200921_202257(2).txt
002_20200921_202300(1),train,team,lee,1,316,332,2020-09-21 20:23:00,9,m1_b0198,1,train/images/002_20200921_202300(1).png,train/labels/002_20200921_202300(1).txt
002_20200921_202312(1),train,team,lee,1,316,332,2020-09-21 20:23:12,9,m1_b0198,1,train/images/002_20200921_202312(1).png,train/labels/002_20200921_202312(1).txt
002_20200921_202315(3),train,team,lee,1,316,332,2020-09-21 20:23:15,9,m1_b0198,3,train/images/002_20200921_202315(3).png,train/labels/002_20200921_202315(3).txt
002_20200922_003107(0),train,team,jung,1,316,332,2020-09-22 00:31:07,9,m1_b0199,0,train/images/002_20200922_003107(0).png,train/labels/002_20200922_003107(0).txt
002_20200922_003116(0),train,team,jung,1,316,332,2020-09-22 00:31:16,9,m1_b0199,0,train/images/002_20200922_003116(0).png,train/labels/002_20200922_003116(0).txt
002_20200922_003120(5),train,team,jung,1,316,332,2020-09-22 00:31:20,9,m1_b0199,5,train/images/002_20200922_003120(5).png,train/labels/002_20200922_003120(5).txt
002_20200922_003123(5),train,team,jung,1,316,332,2020-09-22 00:31:23,9,m1_b0199,5,train/images/002_20200922_003123(5).png,train/labels/002_20200922_003123(5).txt
002_20200922_003129(5),train,team,jung,1,316,332,2020-09-22 00:31:29,9,m1_b0199,5,train/images/002_20200922_003129(5).png,train/labels/002_20200922_003129(5).txt
002_20200922_003134(1),train,team,jung,1,316,332,2020-09-22 00:31:34,9,m1_b0199,1,train/images/002_20200922_003134(1).png,train/labels/002_20200922_003134(1).txt
002_20200922_043105(7),test,team,heo,1,316,332,2020-09-22 04:31:05,9,m1_b0200,7,test/images/002_20200922_043105(7).png,test/labels/002_20200922_043105(7).txt
002_20200922_043110(2),test,team,heo,1,316,332,2020-09-22 04:31:10,9,m1_b0200,2,test/images/002_20200922_043110(2).png,test/labels/002_20200922_043110(2).txt
002_20200922_043114(8),test,team,heo,1,316,332,2020-09-22 04:31:14,9,m1_b0200,8,test/images/002_20200922_043114(8).png,test/labels/002_20200922_043114(8).txt
002_20200922_043119(3),test,team,heo,1,316,332,2020-09-22 04:31:19,9,m1_b0200,3,test/images/002_20200922_043119(3).png,test/labels/002_20200922_043119(3).txt
002_20200922_043123(8),test,team,heo,1,316,332,2020-09-22 04:31:23,9,m1_b0200,8,test/images/002_20200922_043123(8).png,test/labels/002_20200922_043123(8).txt
002_20200922_043128(2),test,team,heo,1,316,332,2020-09-22 04:31:28,9,m1_b0200,2,test/images/002_20200922_043128(2).png,test/labels/002_20200922_043128(2).txt
002_20200922_083752(7),val,team,lee,1,316,332,2020-09-22 08:37:52,9,m1_b0201,7,val/images/002_20200922_083752(7).png,val/labels/002_20200922_083752(7).txt
002_20200922_083755(7),val,team,lee,1,316,332,2020-09-22 08:37:55,9,m1_b0201,7,val/images/002_20200922_083755(7).png,val/labels/002_20200922_083755(7).txt
002_20200922_083758(7),val,team,lee,1,316,332,2020-09-22 08:37:58,9,m1_b0201,7,val/images/002_20200922_083758(7).png,val/labels/002_20200922_083758(7).txt
002_20200922_083801(7),val,team,lee,1,316,332,2020-09-22 08:38:01,9,m1_b0201,7,val/images/002_20200922_083801(7).png,val/labels/002_20200922_083801(7).txt
002_20200922_083807(4),val,team,lee,1,316,332,2020-09-22 08:38:07,9,m1_b0201,4,val/images/002_20200922_083807(4).png,val/labels/002_20200922_083807(4).txt
002_20200922_083810(4),val,team,lee,1,316,332,2020-09-22 08:38:10,9,m1_b0201,4,val/images/002_20200922_083810(4).png,val/labels/002_20200922_083810(4).txt
002_20200922_122708(6),train,team,jung,1,316,332,2020-09-22 12:27:08,9,m1_b0202,6,train/images/002_20200922_122708(6).png,train/labels/002_20200922_122708(6).txt
002_20200922_122713(0),train,team,jung,1,316,332,2020-09-22 12:27:13,9,m1_b0202,0,train/images/002_20200922_122713(0).png,train/labels/002_20200922_122713(0).txt
002_20200922_122717(4),train,team,jung,1,316,332,2020-09-22 12:27:17,9,m1_b0202,4,train/images/002_20200922_122717(4).png,train/labels/002_20200922_122717(4).txt
002_20200922_122721(8),train,team,jung,1,316,332,2020-09-22 12:27:21,9,m1_b0202,8,train/images/002_20200922_122721(8).png,train/labels/002_20200922_122721(8).txt
002_20200922_122724(8),train,team,jung,1,316,332,2020-09-22 12:27:24,9,m1_b0202,8,train/images/002_20200922_122724(8).png,train/labels/002_20200922_122724(8).txt
002_20200922_122727(6),train,team,jung,1,316,332,2020-09-22 12:27:27,9,m1_b0202,6,train/images/002_20200922_122727(6).png,train/labels/002_20200922_122727(6).txt
002_20200922_163053(8)__m1,train,team,heo,1,316,332,2020-09-22 16:30:53,9,m1_b0203,8,train/images/002_20200922_163053(8)__m1.png,train/labels/002_20200922_163053(8)__m1.txt
002_20200922_163056(8),train,team,heo,1,316,332,2020-09-22 16:30:56,9,m1_b0203,8,train/images/002_20200922_163056(8).png,train/labels/002_20200922_163056(8).txt
002_20200922_163059(6),train,team,heo,1,316,332,2020-09-22 16:30:59,9,m1_b0203,6,train/images/002_20200922_163059(6).png,train/labels/002_20200922_163059(6).txt
002_20200922_163102(5),train,team,heo,1,316,332,2020-09-22 16:31:02,9,m1_b0203,5,train/images/002_20200922_163102(5).png,train/labels/002_20200922_163102(5).txt
002_20200922_163105(5),train,team,heo,1,316,332,2020-09-22 16:31:05,9,m1_b0203,5,train/images/002_20200922_163105(5).png,train/labels/002_20200922_163105(5).txt
002_20200922_163110(0),train,team,heo,1,316,332,2020-09-22 16:31:10,9,m1_b0203,0,train/images/002_20200922_163110(0).png,train/labels/002_20200922_163110(0).txt
002_20200622_203136(3),train,official,,2,316,332,2020-06-22 20:31:36,6,m2_b0001,3,train/images/002_20200622_203136(3).png,train/labels/002_20200622_203136(3).txt
002_20200622_203140(8),train,official,,2,316,332,2020-06-22 20:31:40,6,m2_b0001,8,train/images/002_20200622_203140(8).png,train/labels/002_20200622_203140(8).txt
002_20200622_203145(3),train,official,,2,316,332,2020-06-22 20:31:45,6,m2_b0001,3,train/images/002_20200622_203145(3).png,train/labels/002_20200622_203145(3).txt
002_20200622_203149(8),train,official,,2,316,332,2020-06-22 20:31:49,6,m2_b0001,8,train/images/002_20200622_203149(8).png,train/labels/002_20200622_203149(8).txt
002_20200622_203154(3),train,official,,2,316,332,2020-06-22 20:31:54,6,m2_b0001,3,train/images/002_20200622_203154(3).png,train/labels/002_20200622_203154(3).txt
002_20200622_203158(8),train,official,,2,316,332,2020-06-22 20:31:58,6,m2_b0001,8,train/images/002_20200622_203158(8).png,train/labels/002_20200622_203158(8).txt
002_20200623_003351(2),train,official,,2,316,332,2020-06-23 00:33:51,6,m2_b0002,2,train/images/002_20200623_003351(2).png,train/labels/002_20200623_003351(2).txt
002_20200623_003355(7),train,official,,2,316,332,2020-06-23 00:33:55,6,m2_b0002,7,train/images/002_20200623_003355(7).png,train/labels/002_20200623_003355(7).txt
002_20200623_003400(2),train,official,,2,316,332,2020-06-23 00:34:00,6,m2_b0002,2,train/images/002_20200623_003400(2).png,train/labels/002_20200623_003400(2).txt
002_20200623_003404(7),train,official,,2,316,332,2020-06-23 00:34:04,6,m2_b0002,7,train/images/002_20200623_003404(7).png,train/labels/002_20200623_003404(7).txt
002_20200623_003409(2),train,official,,2,316,332,2020-06-23 00:34:09,6,m2_b0002,2,train/images/002_20200623_003409(2).png,train/labels/002_20200623_003409(2).txt
002_20200623_003413(7),train,official,,2,316,332,2020-06-23 00:34:13,6,m2_b0002,7,train/images/002_20200623_003413(7).png,train/labels/002_20200623_003413(7).txt
002_20200623_043056(0),val,official,,2,316,332,2020-06-23 04:30:56,6,m2_b0003,0,val/images/002_20200623_043056(0).png,val/labels/002_20200623_043056(0).txt
002_20200623_043100(6),val,official,,2,316,332,2020-06-23 04:31:00,6,m2_b0003,6,val/images/002_20200623_043100(6).png,val/labels/002_20200623_043100(6).txt
002_20200623_043105(0),val,official,,2,316,332,2020-06-23 04:31:05,6,m2_b0003,0,val/images/002_20200623_043105(0).png,val/labels/002_20200623_043105(0).txt
002_20200623_043109(4),val,official,,2,316,332,2020-06-23 04:31:09,6,m2_b0003,4,val/images/002_20200623_043109(4).png,val/labels/002_20200623_043109(4).txt
002_20200623_043115(4),val,official,,2,316,332,2020-06-23 04:31:15,6,m2_b0003,4,val/images/002_20200623_043115(4).png,val/labels/002_20200623_043115(4).txt
002_20200623_043120(0),val,official,,2,316,332,2020-06-23 04:31:20,6,m2_b0003,0,val/images/002_20200623_043120(0).png,val/labels/002_20200623_043120(0).txt
002_20200623_082249(3),train,official,,2,316,332,2020-06-23 08:22:49,6,m2_b0004,3,train/images/002_20200623_082249(3).png,train/labels/002_20200623_082249(3).txt
002_20200623_082253(8),train,official,,2,316,332,2020-06-23 08:22:53,6,m2_b0004,8,train/images/002_20200623_082253(8).png,train/labels/002_20200623_082253(8).txt
002_20200623_082258(4),train,official,,2,316,332,2020-06-23 08:22:58,6,m2_b0004,4,train/images/002_20200623_082258(4).png,train/labels/002_20200623_082258(4).txt
002_20200623_082302(7),train,official,,2,316,332,2020-06-23 08:23:02,6,m2_b0004,7,train/images/002_20200623_082302(7).png,train/labels/002_20200623_082302(7).txt
002_20200623_082307(2),train,official,,2,316,332,2020-06-23 08:23:07,6,m2_b0004,2,train/images/002_20200623_082307(2).png,train/labels/002_20200623_082307(2).txt
002_20200623_082311(8),train,official,,2,316,332,2020-06-23 08:23:11,6,m2_b0004,8,train/images/002_20200623_082311(8).png,train/labels/002_20200623_082311(8).txt
002_20200623_123042(0),train,official,,2,316,332,2020-06-23 12:30:42,6,m2_b0005,0,train/images/002_20200623_123042(0).png,train/labels/002_20200623_123042(0).txt
002_20200623_123046(4),train,official,,2,316,332,2020-06-23 12:30:46,6,m2_b0005,4,train/images/002_20200623_123046(4).png,train/labels/002_20200623_123046(4).txt
002_20200623_123051(1),train,official,,2,316,332,2020-06-23 12:30:51,6,m2_b0005,1,train/images/002_20200623_123051(1).png,train/labels/002_20200623_123051(1).txt
002_20200623_123055(5),train,official,,2,316,332,2020-06-23 12:30:55,6,m2_b0005,5,train/images/002_20200623_123055(5).png,train/labels/002_20200623_123055(5).txt
002_20200623_123100(0),train,official,,2,316,332,2020-06-23 12:31:00,6,m2_b0005,0,train/images/002_20200623_123100(0).png,train/labels/002_20200623_123100(0).txt
002_20200623_123104(5),train,official,,2,316,332,2020-06-23 12:31:04,6,m2_b0005,5,train/images/002_20200623_123104(5).png,train/labels/002_20200623_123104(5).txt
002_20200623_163020(3),val,official,,2,316,332,2020-06-23 16:30:20,6,m2_b0006,3,val/images/002_20200623_163020(3).png,val/labels/002_20200623_163020(3).txt
002_20200623_163023(3),val,official,,2,316,332,2020-06-23 16:30:23,6,m2_b0006,3,val/images/002_20200623_163023(3).png,val/labels/002_20200623_163023(3).txt
002_20200623_163026(3),val,official,,2,316,332,2020-06-23 16:30:26,6,m2_b0006,3,val/images/002_20200623_163026(3).png,val/labels/002_20200623_163026(3).txt
002_20200623_163029(6),val,official,,2,316,332,2020-06-23 16:30:29,6,m2_b0006,6,val/images/002_20200623_163029(6).png,val/labels/002_20200623_163029(6).txt
002_20200623_163032(5),val,official,,2,316,332,2020-06-23 16:30:32,6,m2_b0006,5,val/images/002_20200623_163032(5).png,val/labels/002_20200623_163032(5).txt
002_20200623_163035(5),val,official,,2,316,332,2020-06-23 16:30:35,6,m2_b0006,5,val/images/002_20200623_163035(5).png,val/labels/002_20200623_163035(5).txt
002_20200623_203033(6),train,official,,2,316,332,2020-06-23 20:30:33,6,m2_b0007,6,train/images/002_20200623_203033(6).png,train/labels/002_20200623_203033(6).txt
002_20200623_203038(0),train,official,,2,316,332,2020-06-23 20:30:38,6,m2_b0007,0,train/images/002_20200623_203038(0).png,train/labels/002_20200623_203038(0).txt
002_20200623_203042(5),train,official,,2,316,332,2020-06-23 20:30:42,6,m2_b0007,5,train/images/002_20200623_203042(5).png,train/labels/002_20200623_203042(5).txt
002_20200623_203047(0),train,official,,2,316,332,2020-06-23 20:30:47,6,m2_b0007,0,train/images/002_20200623_203047(0).png,train/labels/002_20200623_203047(0).txt
002_20200623_203050(0),train,official,,2,316,332,2020-06-23 20:30:50,6,m2_b0007,0,train/images/002_20200623_203050(0).png,train/labels/002_20200623_203050(0).txt
002_20200623_203054(6),train,official,,2,316,332,2020-06-23 20:30:54,6,m2_b0007,6,train/images/002_20200623_203054(6).png,train/labels/002_20200623_203054(6).txt
002_20200624_003115(6),test,official,,2,316,332,2020-06-24 00:31:15,6,m2_b0008,6,test/images/002_20200624_003115(6).png,test/labels/002_20200624_003115(6).txt
002_20200624_003118(6),test,official,,2,316,332,2020-06-24 00:31:18,6,m2_b0008,6,test/images/002_20200624_003118(6).png,test/labels/002_20200624_003118(6).txt
002_20200624_003123(0),test,official,,2,316,332,2020-06-24 00:31:23,6,m2_b0008,0,test/images/002_20200624_003123(0).png,test/labels/002_20200624_003123(0).txt
002_20200624_003127(5),test,official,,2,316,332,2020-06-24 00:31:27,6,m2_b0008,5,test/images/002_20200624_003127(5).png,test/labels/002_20200624_003127(5).txt
002_20200624_003132(0),test,official,,2,316,332,2020-06-24 00:31:32,6,m2_b0008,0,test/images/002_20200624_003132(0).png,test/labels/002_20200624_003132(0).txt
002_20200624_003136(5),test,official,,2,316,332,2020-06-24 00:31:36,6,m2_b0008,5,test/images/002_20200624_003136(5).png,test/labels/002_20200624_003136(5).txt
002_20200624_043136(9),test,official,,2,316,332,2020-06-24 04:31:36,6,m2_b0009,9,test/images/002_20200624_043136(9).png,test/labels/002_20200624_043136(9).txt
002_20200624_043141(4),test,official,,2,316,332,2020-06-24 04:31:41,6,m2_b0009,4,test/images/002_20200624_043141(4).png,test/labels/002_20200624_043141(4).txt
002_20200624_043145(8),test,official,,2,316,332,2020-06-24 04:31:45,6,m2_b0009,8,test/images/002_20200624_043145(8).png,test/labels/002_20200624_043145(8).txt
002_20200624_043150(3),test,official,,2,316,332,2020-06-24 04:31:50,6,m2_b0009,3,test/images/002_20200624_043150(3).png,test/labels/002_20200624_043150(3).txt
002_20200624_043154(8),test,official,,2,316,332,2020-06-24 04:31:54,6,m2_b0009,8,test/images/002_20200624_043154(8).png,test/labels/002_20200624_043154(8).txt
002_20200624_043159(4),test,official,,2,316,332,2020-06-24 04:31:59,6,m2_b0009,4,test/images/002_20200624_043159(4).png,test/labels/002_20200624_043159(4).txt
002_20200624_083032(4),train,official,,2,316,332,2020-06-24 08:30:32,6,m2_b0010,4,train/images/002_20200624_083032(4).png,train/labels/002_20200624_083032(4).txt
002_20200624_083036(9),train,official,,2,316,332,2020-06-24 08:30:36,6,m2_b0010,9,train/images/002_20200624_083036(9).png,train/labels/002_20200624_083036(9).txt
002_20200624_083041(3),train,official,,2,316,332,2020-06-24 08:30:41,6,m2_b0010,3,train/images/002_20200624_083041(3).png,train/labels/002_20200624_083041(3).txt
002_20200624_083045(8),train,official,,2,316,332,2020-06-24 08:30:45,6,m2_b0010,8,train/images/002_20200624_083045(8).png,train/labels/002_20200624_083045(8).txt
002_20200624_083050(4),train,official,,2,316,332,2020-06-24 08:30:50,6,m2_b0010,4,train/images/002_20200624_083050(4).png,train/labels/002_20200624_083050(4).txt
002_20200624_083054(9),train,official,,2,316,332,2020-06-24 08:30:54,6,m2_b0010,9,train/images/002_20200624_083054(9).png,train/labels/002_20200624_083054(9).txt
002_20200624_123144(0),train,official,,2,316,332,2020-06-24 12:31:44,6,m2_b0011,0,train/images/002_20200624_123144(0).png,train/labels/002_20200624_123144(0).txt
002_20200624_123148(2),train,official,,2,316,332,2020-06-24 12:31:48,6,m2_b0011,2,train/images/002_20200624_123148(2).png,train/labels/002_20200624_123148(2).txt
002_20200624_123152(7),train,official,,2,316,332,2020-06-24 12:31:52,6,m2_b0011,7,train/images/002_20200624_123152(7).png,train/labels/002_20200624_123152(7).txt
002_20200624_123157(4),train,official,,2,316,332,2020-06-24 12:31:57,6,m2_b0011,4,train/images/002_20200624_123157(4).png,train/labels/002_20200624_123157(4).txt
002_20200624_123201(7),train,official,,2,316,332,2020-06-24 12:32:01,6,m2_b0011,7,train/images/002_20200624_123201(7).png,train/labels/002_20200624_123201(7).txt
002_20200624_123206(2),train,official,,2,316,332,2020-06-24 12:32:06,6,m2_b0011,2,train/images/002_20200624_123206(2).png,train/labels/002_20200624_123206(2).txt
002_20200624_162708(9),train,official,,2,316,332,2020-06-24 16:27:08,6,m2_b0012,9,train/images/002_20200624_162708(9).png,train/labels/002_20200624_162708(9).txt
002_20200624_162713(4),train,official,,2,316,332,2020-06-24 16:27:13,6,m2_b0012,4,train/images/002_20200624_162713(4).png,train/labels/002_20200624_162713(4).txt
002_20200624_162717(9),train,official,,2,316,332,2020-06-24 16:27:17,6,m2_b0012,9,train/images/002_20200624_162717(9).png,train/labels/002_20200624_162717(9).txt
002_20200624_162722(4),train,official,,2,316,332,2020-06-24 16:27:22,6,m2_b0012,4,train/images/002_20200624_162722(4).png,train/labels/002_20200624_162722(4).txt
002_20200624_162726(9),train,team,heo,2,316,332,2020-06-24 16:27:26,6,m2_b0012,9,train/images/002_20200624_162726(9).png,train/labels/002_20200624_162726(9).txt
002_20200624_162737(5),train,team,heo,2,316,332,2020-06-24 16:27:37,6,m2_b0012,5,train/images/002_20200624_162737(5).png,train/labels/002_20200624_162737(5).txt
002_20200624_203111(4),val,official,,2,316,332,2020-06-24 20:31:11,6,m2_b0013,4,val/images/002_20200624_203111(4).png,val/labels/002_20200624_203111(4).txt
002_20200624_203114(3),val,official,,2,316,332,2020-06-24 20:31:14,6,m2_b0013,3,val/images/002_20200624_203114(3).png,val/labels/002_20200624_203114(3).txt
002_20200624_203117(3),val,official,,2,316,332,2020-06-24 20:31:17,6,m2_b0013,3,val/images/002_20200624_203117(3).png,val/labels/002_20200624_203117(3).txt
002_20200624_203120(3),val,official,,2,316,332,2020-06-24 20:31:20,6,m2_b0013,3,val/images/002_20200624_203120(3).png,val/labels/002_20200624_203120(3).txt
002_20200624_203123(3),val,official,,2,316,332,2020-06-24 20:31:23,6,m2_b0013,3,val/images/002_20200624_203123(3).png,val/labels/002_20200624_203123(3).txt
002_20200624_203126(3),val,official,,2,316,332,2020-06-24 20:31:26,6,m2_b0013,3,val/images/002_20200624_203126(3).png,val/labels/002_20200624_203126(3).txt
002_20200625_003352(9),train,official,,2,316,332,2020-06-25 00:33:52,6,m2_b0014,9,train/images/002_20200625_003352(9).png,train/labels/002_20200625_003352(9).txt
002_20200625_003357(4),train,official,,2,316,332,2020-06-25 00:33:57,6,m2_b0014,4,train/images/002_20200625_003357(4).png,train/labels/002_20200625_003357(4).txt
002_20200625_003401(8),train,official,,2,316,332,2020-06-25 00:34:01,6,m2_b0014,8,train/images/002_20200625_003401(8).png,train/labels/002_20200625_003401(8).txt
002_20200625_003406(3),train,official,,2,316,332,2020-06-25 00:34:06,6,m2_b0014,3,train/images/002_20200625_003406(3).png,train/labels/002_20200625_003406(3).txt
002_20200625_003410(8),train,official,,2,316,332,2020-06-25 00:34:10,6,m2_b0014,8,train/images/002_20200625_003410(8).png,train/labels/002_20200625_003410(8).txt
002_20200625_003415(4),train,official,,2,316,332,2020-06-25 00:34:15,6,m2_b0014,4,train/images/002_20200625_003415(4).png,train/labels/002_20200625_003415(4).txt
002_20200629_082823(5),train,official,,2,316,332,2020-06-29 08:28:23,6,m2_b0015,5,train/images/002_20200629_082823(5).png,train/labels/002_20200629_082823(5).txt
002_20200629_082828(5),train,official,,2,316,332,2020-06-29 08:28:28,6,m2_b0015,5,train/images/002_20200629_082828(5).png,train/labels/002_20200629_082828(5).txt
002_20200629_082831(3),train,official,,2,316,332,2020-06-29 08:28:31,6,m2_b0015,3,train/images/002_20200629_082831(3).png,train/labels/002_20200629_082831(3).txt
002_20200629_082834(2),train,official,,2,316,332,2020-06-29 08:28:34,6,m2_b0015,2,train/images/002_20200629_082834(2).png,train/labels/002_20200629_082834(2).txt
002_20200629_082837(0),train,official,,2,316,332,2020-06-29 08:28:37,6,m2_b0015,0,train/images/002_20200629_082837(0).png,train/labels/002_20200629_082837(0).txt
002_20200629_082839(9),train,official,,2,316,332,2020-06-29 08:28:39,6,m2_b0015,9,train/images/002_20200629_082839(9).png,train/labels/002_20200629_082839(9).txt
002_20200629_123442(5),train,official,,2,316,332,2020-06-29 12:34:42,6,m2_b0016,5,train/images/002_20200629_123442(5).png,train/labels/002_20200629_123442(5).txt
002_20200629_123447(0),train,official,,2,316,332,2020-06-29 12:34:47,6,m2_b0016,0,train/images/002_20200629_123447(0).png,train/labels/002_20200629_123447(0).txt
002_20200629_123451(5),train,official,,2,316,332,2020-06-29 12:34:51,6,m2_b0016,5,train/images/002_20200629_123451(5).png,train/labels/002_20200629_123451(5).txt
002_20200629_123456(0),train,official,,2,316,332,2020-06-29 12:34:56,6,m2_b0016,0,train/images/002_20200629_123456(0).png,train/labels/002_20200629_123456(0).txt
002_20200629_123500(5),train,official,,2,316,332,2020-06-29 12:35:00,6,m2_b0016,5,train/images/002_20200629_123500(5).png,train/labels/002_20200629_123500(5).txt
002_20200629_123505(0),train,official,,2,316,332,2020-06-29 12:35:05,6,m2_b0016,0,train/images/002_20200629_123505(0).png,train/labels/002_20200629_123505(0).txt
002_20200629_163656(7),train,official,,2,316,332,2020-06-29 16:36:56,6,m2_b0017,7,train/images/002_20200629_163656(7).png,train/labels/002_20200629_163656(7).txt
002_20200629_163659(7),train,official,,2,316,332,2020-06-29 16:36:59,6,m2_b0017,7,train/images/002_20200629_163659(7).png,train/labels/002_20200629_163659(7).txt
002_20200629_163702(8),train,official,,2,316,332,2020-06-29 16:37:02,6,m2_b0017,8,train/images/002_20200629_163702(8).png,train/labels/002_20200629_163702(8).txt
002_20200629_163705(8),train,official,,2,316,332,2020-06-29 16:37:05,6,m2_b0017,8,train/images/002_20200629_163705(8).png,train/labels/002_20200629_163705(8).txt
002_20200629_163708(9),train,official,,2,316,332,2020-06-29 16:37:08,6,m2_b0017,9,train/images/002_20200629_163708(9).png,train/labels/002_20200629_163708(9).txt
002_20200629_163711(8),train,official,,2,316,332,2020-06-29 16:37:11,6,m2_b0017,8,train/images/002_20200629_163711(8).png,train/labels/002_20200629_163711(8).txt
002_20200629_202727(4),train,team,jung,2,316,332,2020-06-29 20:27:27,6,m2_b0018,4,train/images/002_20200629_202727(4).png,train/labels/002_20200629_202727(4).txt
002_20200629_202731(9),train,team,jung,2,316,332,2020-06-29 20:27:31,6,m2_b0018,9,train/images/002_20200629_202731(9).png,train/labels/002_20200629_202731(9).txt
002_20200629_202736(4),train,team,jung,2,316,332,2020-06-29 20:27:36,6,m2_b0018,4,train/images/002_20200629_202736(4).png,train/labels/002_20200629_202736(4).txt
002_20200629_202741(1),train,team,jung,2,316,332,2020-06-29 20:27:41,6,m2_b0018,1,train/images/002_20200629_202741(1).png,train/labels/002_20200629_202741(1).txt
002_20200629_202745(5),train,team,jung,2,316,332,2020-06-29 20:27:45,6,m2_b0018,5,train/images/002_20200629_202745(5).png,train/labels/002_20200629_202745(5).txt
002_20200629_202750(0),train,team,jung,2,316,332,2020-06-29 20:27:50,6,m2_b0018,0,train/images/002_20200629_202750(0).png,train/labels/002_20200629_202750(0).txt
002_20200630_002937(6),train,team,heo,2,316,332,2020-06-30 00:29:37,6,m2_b0019,6,train/images/002_20200630_002937(6).png,train/labels/002_20200630_002937(6).txt
002_20200630_002942(1),train,team,heo,2,316,332,2020-06-30 00:29:42,6,m2_b0019,1,train/images/002_20200630_002942(1).png,train/labels/002_20200630_002942(1).txt
002_20200630_002946(4),train,team,heo,2,316,332,2020-06-30 00:29:46,6,m2_b0019,4,train/images/002_20200630_002946(4).png,train/labels/002_20200630_002946(4).txt
002_20200630_002951(2),train,team,heo,2,316,332,2020-06-30 00:29:51,6,m2_b0019,2,train/images/002_20200630_002951(2).png,train/labels/002_20200630_002951(2).txt
002_20200630_002955(6),train,team,heo,2,316,332,2020-06-30 00:29:55,6,m2_b0019,6,train/images/002_20200630_002955(6).png,train/labels/002_20200630_002955(6).txt
002_20200630_003000(0),train,team,heo,2,316,332,2020-06-30 00:30:00,6,m2_b0019,0,train/images/002_20200630_003000(0).png,train/labels/002_20200630_003000(0).txt
002_20200630_043222(4),train,team,lee,2,316,332,2020-06-30 04:32:22,6,m2_b0020,4,train/images/002_20200630_043222(4).png,train/labels/002_20200630_043222(4).txt
002_20200630_043226(7),train,team,lee,2,316,332,2020-06-30 04:32:26,6,m2_b0020,7,train/images/002_20200630_043226(7).png,train/labels/002_20200630_043226(7).txt
002_20200630_043231(3),train,team,lee,2,316,332,2020-06-30 04:32:31,6,m2_b0020,3,train/images/002_20200630_043231(3).png,train/labels/002_20200630_043231(3).txt
002_20200630_043235(6),train,team,lee,2,316,332,2020-06-30 04:32:35,6,m2_b0020,6,train/images/002_20200630_043235(6).png,train/labels/002_20200630_043235(6).txt
002_20200630_043240(2),train,team,lee,2,316,332,2020-06-30 04:32:40,6,m2_b0020,2,train/images/002_20200630_043240(2).png,train/labels/002_20200630_043240(2).txt
002_20200630_043244(6),train,team,lee,2,316,332,2020-06-30 04:32:44,6,m2_b0020,6,train/images/002_20200630_043244(6).png,train/labels/002_20200630_043244(6).txt
002_20200630_083221(8),train,team,jung,2,316,332,2020-06-30 08:32:21,6,m2_b0021,8,train/images/002_20200630_083221(8).png,train/labels/002_20200630_083221(8).txt
002_20200630_083224(8),train,team,jung,2,316,332,2020-06-30 08:32:24,6,m2_b0021,8,train/images/002_20200630_083224(8).png,train/labels/002_20200630_083224(8).txt
002_20200630_083227(8),train,team,jung,2,316,332,2020-06-30 08:32:27,6,m2_b0021,8,train/images/002_20200630_083227(8).png,train/labels/002_20200630_083227(8).txt
002_20200630_083230(8),train,team,jung,2,316,332,2020-06-30 08:32:30,6,m2_b0021,8,train/images/002_20200630_083230(8).png,train/labels/002_20200630_083230(8).txt
002_20200630_083233(8),train,team,jung,2,316,332,2020-06-30 08:32:33,6,m2_b0021,8,train/images/002_20200630_083233(8).png,train/labels/002_20200630_083233(8).txt
002_20200630_083236(8),train,team,jung,2,316,332,2020-06-30 08:32:36,6,m2_b0021,8,train/images/002_20200630_083236(8).png,train/labels/002_20200630_083236(8).txt
002_20200630_123159(3),train,team,heo,2,316,332,2020-06-30 12:31:59,6,m2_b0022,3,train/images/002_20200630_123159(3).png,train/labels/002_20200630_123159(3).txt
002_20200630_123203(6),train,team,heo,2,316,332,2020-06-30 12:32:03,6,m2_b0022,6,train/images/002_20200630_123203(6).png,train/labels/002_20200630_123203(6).txt
002_20200630_123232(0),train,team,heo,2,316,332,2020-06-30 12:32:32,6,m2_b0022,0,train/images/002_20200630_123232(0).png,train/labels/002_20200630_123232(0).txt
002_20200630_123235(0),train,team,heo,2,316,332,2020-06-30 12:32:35,6,m2_b0022,0,train/images/002_20200630_123235(0).png,train/labels/002_20200630_123235(0).txt
002_20200630_123238(0),train,team,heo,2,316,332,2020-06-30 12:32:38,6,m2_b0022,0,train/images/002_20200630_123238(0).png,train/labels/002_20200630_123238(0).txt
002_20200630_123241(0),train,team,heo,2,316,332,2020-06-30 12:32:41,6,m2_b0022,0,train/images/002_20200630_123241(0).png,train/labels/002_20200630_123241(0).txt
002_20200630_163105(7),test,team,lee,2,316,332,2020-06-30 16:31:05,6,m2_b0023,7,test/images/002_20200630_163105(7).png,test/labels/002_20200630_163105(7).txt
002_20200630_163108(9),test,team,lee,2,316,332,2020-06-30 16:31:08,6,m2_b0023,9,test/images/002_20200630_163108(9).png,test/labels/002_20200630_163108(9).txt
002_20200630_163112(5),test,team,lee,2,316,332,2020-06-30 16:31:12,6,m2_b0023,5,test/images/002_20200630_163112(5).png,test/labels/002_20200630_163112(5).txt
002_20200630_163116(0),test,team,lee,2,316,332,2020-06-30 16:31:16,6,m2_b0023,0,test/images/002_20200630_163116(0).png,test/labels/002_20200630_163116(0).txt
002_20200630_163119(5),test,team,lee,2,316,332,2020-06-30 16:31:19,6,m2_b0023,5,test/images/002_20200630_163119(5).png,test/labels/002_20200630_163119(5).txt
002_20200630_163122(8),test,team,lee,2,316,332,2020-06-30 16:31:22,6,m2_b0023,8,test/images/002_20200630_163122(8).png,test/labels/002_20200630_163122(8).txt
002_20200630_203013(9),train,team,jung,2,316,332,2020-06-30 20:30:13,6,m2_b0024,9,train/images/002_20200630_203013(9).png,train/labels/002_20200630_203013(9).txt
002_20200630_203018(4),train,team,jung,2,316,332,2020-06-30 20:30:18,6,m2_b0024,4,train/images/002_20200630_203018(4).png,train/labels/002_20200630_203018(4).txt
002_20200630_203022(9),train,team,jung,2,316,332,2020-06-30 20:30:22,6,m2_b0024,9,train/images/002_20200630_203022(9).png,train/labels/002_20200630_203022(9).txt
002_20200630_203027(4),train,team,jung,2,316,332,2020-06-30 20:30:27,6,m2_b0024,4,train/images/002_20200630_203027(4).png,train/labels/002_20200630_203027(4).txt
002_20200630_203031(8),train,team,jung,2,316,332,2020-06-30 20:30:31,6,m2_b0024,8,train/images/002_20200630_203031(8).png,train/labels/002_20200630_203031(8).txt
002_20200630_203036(4),train,team,jung,2,316,332,2020-06-30 20:30:36,6,m2_b0024,4,train/images/002_20200630_203036(4).png,train/labels/002_20200630_203036(4).txt
002_20200701_004107(2),train,team,lee,2,316,332,2020-07-01 00:41:07,7,m2_b0025,2,train/images/002_20200701_004107(2).png,train/labels/002_20200701_004107(2).txt
002_20200701_004111(5),train,team,lee,2,316,332,2020-07-01 00:41:11,7,m2_b0025,5,train/images/002_20200701_004111(5).png,train/labels/002_20200701_004111(5).txt
002_20200701_004116(1),train,team,lee,2,316,332,2020-07-01 00:41:16,7,m2_b0025,1,train/images/002_20200701_004116(1).png,train/labels/002_20200701_004116(1).txt
002_20200701_004120(5),train,team,lee,2,316,332,2020-07-01 00:41:20,7,m2_b0025,5,train/images/002_20200701_004120(5).png,train/labels/002_20200701_004120(5).txt
002_20200701_004125(0),train,team,lee,2,316,332,2020-07-01 00:41:25,7,m2_b0025,0,train/images/002_20200701_004125(0).png,train/labels/002_20200701_004125(0).txt
002_20200701_004129(6),train,team,lee,2,316,332,2020-07-01 00:41:29,7,m2_b0025,6,train/images/002_20200701_004129(6).png,train/labels/002_20200701_004129(6).txt
002_20200701_043204(8),train,team,heo,2,316,332,2020-07-01 04:32:04,7,m2_b0026,8,train/images/002_20200701_043204(8).png,train/labels/002_20200701_043204(8).txt
002_20200701_043209(5),train,team,heo,2,316,332,2020-07-01 04:32:09,7,m2_b0026,5,train/images/002_20200701_043209(5).png,train/labels/002_20200701_043209(5).txt
002_20200701_043213(9),train,team,heo,2,316,332,2020-07-01 04:32:13,7,m2_b0026,9,train/images/002_20200701_043213(9).png,train/labels/002_20200701_043213(9).txt
002_20200701_043218(4),train,team,heo,2,316,332,2020-07-01 04:32:18,7,m2_b0026,4,train/images/002_20200701_043218(4).png,train/labels/002_20200701_043218(4).txt
002_20200701_043222(8),train,team,heo,2,316,332,2020-07-01 04:32:22,7,m2_b0026,8,train/images/002_20200701_043222(8).png,train/labels/002_20200701_043222(8).txt
002_20200701_043227(2),train,team,heo,2,316,332,2020-07-01 04:32:27,7,m2_b0026,2,train/images/002_20200701_043227(2).png,train/labels/002_20200701_043227(2).txt
002_20200701_083102(9),test,team,jung,2,316,332,2020-07-01 08:31:02,7,m2_b0027,9,test/images/002_20200701_083102(9).png,test/labels/002_20200701_083102(9).txt
002_20200701_083105(7),test,team,jung,2,316,332,2020-07-01 08:31:05,7,m2_b0027,7,test/images/002_20200701_083105(7).png,test/labels/002_20200701_083105(7).txt
002_20200701_083108(8),test,team,jung,2,316,332,2020-07-01 08:31:08,7,m2_b0027,8,test/images/002_20200701_083108(8).png,test/labels/002_20200701_083108(8).txt
002_20200701_083111(8),test,team,jung,2,316,332,2020-07-01 08:31:11,7,m2_b0027,8,test/images/002_20200701_083111(8).png,test/labels/002_20200701_083111(8).txt
002_20200701_083114(8),test,team,jung,2,316,332,2020-07-01 08:31:14,7,m2_b0027,8,test/images/002_20200701_083114(8).png,test/labels/002_20200701_083114(8).txt
002_20200701_083117(8),test,team,jung,2,316,332,2020-07-01 08:31:17,7,m2_b0027,8,test/images/002_20200701_083117(8).png,test/labels/002_20200701_083117(8).txt
002_20200701_123502(6),train,team,lee,2,316,332,2020-07-01 12:35:02,7,m2_b0028,6,train/images/002_20200701_123502(6).png,train/labels/002_20200701_123502(6).txt
002_20200701_123505(9),train,team,lee,2,316,332,2020-07-01 12:35:05,7,m2_b0028,9,train/images/002_20200701_123505(9).png,train/labels/002_20200701_123505(9).txt
002_20200701_123508(7),train,team,lee,2,316,332,2020-07-01 12:35:08,7,m2_b0028,7,train/images/002_20200701_123508(7).png,train/labels/002_20200701_123508(7).txt
002_20200701_123511(5),train,team,lee,2,316,332,2020-07-01 12:35:11,7,m2_b0028,5,train/images/002_20200701_123511(5).png,train/labels/002_20200701_123511(5).txt
002_20200701_123514(1),train,team,lee,2,316,332,2020-07-01 12:35:14,7,m2_b0028,1,train/images/002_20200701_123514(1).png,train/labels/002_20200701_123514(1).txt
002_20200701_123516(7),train,team,lee,2,316,332,2020-07-01 12:35:16,7,m2_b0028,7,train/images/002_20200701_123516(7).png,train/labels/002_20200701_123516(7).txt
002_20200701_163100(6),test,team,heo,2,316,332,2020-07-01 16:31:00,7,m2_b0029,6,test/images/002_20200701_163100(6).png,test/labels/002_20200701_163100(6).txt
002_20200701_163104(5),test,team,heo,2,316,332,2020-07-01 16:31:04,7,m2_b0029,5,test/images/002_20200701_163104(5).png,test/labels/002_20200701_163104(5).txt
002_20200701_163108(4),test,team,heo,2,316,332,2020-07-01 16:31:08,7,m2_b0029,4,test/images/002_20200701_163108(4).png,test/labels/002_20200701_163108(4).txt
002_20200701_163112(3),test,team,heo,2,316,332,2020-07-01 16:31:12,7,m2_b0029,3,test/images/002_20200701_163112(3).png,test/labels/002_20200701_163112(3).txt
002_20200701_163116(3),test,team,heo,2,316,332,2020-07-01 16:31:16,7,m2_b0029,3,test/images/002_20200701_163116(3).png,test/labels/002_20200701_163116(3).txt
002_20200701_163120(4),test,team,heo,2,316,332,2020-07-01 16:31:20,7,m2_b0029,4,test/images/002_20200701_163120(4).png,test/labels/002_20200701_163120(4).txt
002_20200701_203449(7),val,team,jung,2,316,332,2020-07-01 20:34:49,7,m2_b0030,7,val/images/002_20200701_203449(7).png,val/labels/002_20200701_203449(7).txt
002_20200701_203454(3),val,team,jung,2,316,332,2020-07-01 20:34:54,7,m2_b0030,3,val/images/002_20200701_203454(3).png,val/labels/002_20200701_203454(3).txt
002_20200701_203458(5),val,team,jung,2,316,332,2020-07-01 20:34:58,7,m2_b0030,5,val/images/002_20200701_203458(5).png,val/labels/002_20200701_203458(5).txt
002_20200701_203503(2),val,team,jung,2,316,332,2020-07-01 20:35:03,7,m2_b0030,2,val/images/002_20200701_203503(2).png,val/labels/002_20200701_203503(2).txt
002_20200701_203507(7),val,team,jung,2,316,332,2020-07-01 20:35:07,7,m2_b0030,7,val/images/002_20200701_203507(7).png,val/labels/002_20200701_203507(7).txt
002_20200701_203512(1),val,team,jung,2,316,332,2020-07-01 20:35:12,7,m2_b0030,1,val/images/002_20200701_203512(1).png,val/labels/002_20200701_203512(1).txt
002_20200702_002959(7),val,team,lee,2,316,332,2020-07-02 00:29:59,7,m2_b0031,7,val/images/002_20200702_002959(7).png,val/labels/002_20200702_002959(7).txt
002_20200702_003004(2),val,team,lee,2,316,332,2020-07-02 00:30:04,7,m2_b0031,2,val/images/002_20200702_003004(2).png,val/labels/002_20200702_003004(2).txt
002_20200702_003008(7),val,team,lee,2,316,332,2020-07-02 00:30:08,7,m2_b0031,7,val/images/002_20200702_003008(7).png,val/labels/002_20200702_003008(7).txt
002_20200702_003011(7),val,team,lee,2,316,332,2020-07-02 00:30:11,7,m2_b0031,7,val/images/002_20200702_003011(7).png,val/labels/002_20200702_003011(7).txt
002_20200702_003016(3),val,team,lee,2,316,332,2020-07-02 00:30:16,7,m2_b0031,3,val/images/002_20200702_003016(3).png,val/labels/002_20200702_003016(3).txt
002_20200702_003020(8),val,team,lee,2,316,332,2020-07-02 00:30:20,7,m2_b0031,8,val/images/002_20200702_003020(8).png,val/labels/002_20200702_003020(8).txt
002_20200702_043936(2),train,team,heo,2,316,332,2020-07-02 04:39:36,7,m2_b0032,2,train/images/002_20200702_043936(2).png,train/labels/002_20200702_043936(2).txt
002_20200702_043940(7),train,team,heo,2,316,332,2020-07-02 04:39:40,7,m2_b0032,7,train/images/002_20200702_043940(7).png,train/labels/002_20200702_043940(7).txt
002_20200702_043945(1),train,team,heo,2,316,332,2020-07-02 04:39:45,7,m2_b0032,1,train/images/002_20200702_043945(1).png,train/labels/002_20200702_043945(1).txt
002_20200702_043949(6),train,team,heo,2,316,332,2020-07-02 04:39:49,7,m2_b0032,6,train/images/002_20200702_043949(6).png,train/labels/002_20200702_043949(6).txt
002_20200702_043954(0),train,team,heo,2,316,332,2020-07-02 04:39:54,7,m2_b0032,0,train/images/002_20200702_043954(0).png,train/labels/002_20200702_043954(0).txt
002_20200702_043958(5),train,team,heo,2,316,332,2020-07-02 04:39:58,7,m2_b0032,5,train/images/002_20200702_043958(5).png,train/labels/002_20200702_043958(5).txt
002_20200706_083210(1),train,team,jung,2,316,332,2020-07-06 08:32:10,7,m2_b0033,1,train/images/002_20200706_083210(1).png,train/labels/002_20200706_083210(1).txt
002_20200706_083227(7),train,team,jung,2,316,332,2020-07-06 08:32:27,7,m2_b0033,7,train/images/002_20200706_083227(7).png,train/labels/002_20200706_083227(7).txt
002_20200706_083231(8),train,team,jung,2,316,332,2020-07-06 08:32:31,7,m2_b0033,8,train/images/002_20200706_083231(8).png,train/labels/002_20200706_083231(8).txt
002_20200706_083234(7),train,team,jung,2,316,332,2020-07-06 08:32:34,7,m2_b0033,7,train/images/002_20200706_083234(7).png,train/labels/002_20200706_083234(7).txt
002_20200706_083237(9),train,team,jung,2,316,332,2020-07-06 08:32:37,7,m2_b0033,9,train/images/002_20200706_083237(9).png,train/labels/002_20200706_083237(9).txt
002_20200706_083241(0),train,team,jung,2,316,332,2020-07-06 08:32:41,7,m2_b0033,0,train/images/002_20200706_083241(0).png,train/labels/002_20200706_083241(0).txt
002_20200706_123239(6),val,team,lee,2,316,332,2020-07-06 12:32:39,7,m2_b0034,6,val/images/002_20200706_123239(6).png,val/labels/002_20200706_123239(6).txt
002_20200706_123242(9),val,team,lee,2,316,332,2020-07-06 12:32:42,7,m2_b0034,9,val/images/002_20200706_123242(9).png,val/labels/002_20200706_123242(9).txt
002_20200706_123246(0),val,team,lee,2,316,332,2020-07-06 12:32:46,7,m2_b0034,0,val/images/002_20200706_123246(0).png,val/labels/002_20200706_123246(0).txt
002_20200706_123251(3),val,team,lee,2,316,332,2020-07-06 12:32:51,7,m2_b0034,3,val/images/002_20200706_123251(3).png,val/labels/002_20200706_123251(3).txt
002_20200706_123254(7),val,team,lee,2,316,332,2020-07-06 12:32:54,7,m2_b0034,7,val/images/002_20200706_123254(7).png,val/labels/002_20200706_123254(7).txt
002_20200706_123258(0),val,team,lee,2,316,332,2020-07-06 12:32:58,7,m2_b0034,0,val/images/002_20200706_123258(0).png,val/labels/002_20200706_123258(0).txt
002_20200706_163440(6),train,team,heo,2,316,332,2020-07-06 16:34:40,7,m2_b0035,6,train/images/002_20200706_163440(6).png,train/labels/002_20200706_163440(6).txt
002_20200706_163443(7),train,team,heo,2,316,332,2020-07-06 16:34:43,7,m2_b0035,7,train/images/002_20200706_163443(7).png,train/labels/002_20200706_163443(7).txt
002_20200706_163446(4),train,team,heo,2,316,332,2020-07-06 16:34:46,7,m2_b0035,4,train/images/002_20200706_163446(4).png,train/labels/002_20200706_163446(4).txt
002_20200706_163449(2),train,team,heo,2,316,332,2020-07-06 16:34:49,7,m2_b0035,2,train/images/002_20200706_163449(2).png,train/labels/002_20200706_163449(2).txt
002_20200706_163452(0),train,team,heo,2,316,332,2020-07-06 16:34:52,7,m2_b0035,0,train/images/002_20200706_163452(0).png,train/labels/002_20200706_163452(0).txt
002_20200706_163454(6),train,team,heo,2,316,332,2020-07-06 16:34:54,7,m2_b0035,6,train/images/002_20200706_163454(6).png,train/labels/002_20200706_163454(6).txt
002_20200706_203227(3),train,team,jung,2,316,332,2020-07-06 20:32:27,7,m2_b0036,3,train/images/002_20200706_203227(3).png,train/labels/002_20200706_203227(3).txt
002_20200706_203230(6),train,team,jung,2,316,332,2020-07-06 20:32:30,7,m2_b0036,6,train/images/002_20200706_203230(6).png,train/labels/002_20200706_203230(6).txt
002_20200706_203233(8),train,team,jung,2,316,332,2020-07-06 20:32:33,7,m2_b0036,8,train/images/002_20200706_203233(8).png,train/labels/002_20200706_203233(8).txt
002_20200706_203236(9),train,team,jung,2,316,332,2020-07-06 20:32:36,7,m2_b0036,9,train/images/002_20200706_203236(9).png,train/labels/002_20200706_203236(9).txt
002_20200706_203240(1),train,team,jung,2,316,332,2020-07-06 20:32:40,7,m2_b0036,1,train/images/002_20200706_203240(1).png,train/labels/002_20200706_203240(1).txt
002_20200706_203243(4),train,team,jung,2,316,332,2020-07-06 20:32:43,7,m2_b0036,4,train/images/002_20200706_203243(4).png,train/labels/002_20200706_203243(4).txt
002_20200707_003521(0),train,team,lee,2,316,332,2020-07-07 00:35:21,7,m2_b0037,0,train/images/002_20200707_003521(0).png,train/labels/002_20200707_003521(0).txt
002_20200707_003525(0),train,team,lee,2,316,332,2020-07-07 00:35:25,7,m2_b0037,0,train/images/002_20200707_003525(0).png,train/labels/002_20200707_003525(0).txt
002_20200707_003529(0),train,team,lee,2,316,332,2020-07-07 00:35:29,7,m2_b0037,0,train/images/002_20200707_003529(0).png,train/labels/002_20200707_003529(0).txt
002_20200707_003533(0),train,team,lee,2,316,332,2020-07-07 00:35:33,7,m2_b0037,0,train/images/002_20200707_003533(0).png,train/labels/002_20200707_003533(0).txt
002_20200707_003537(1),train,team,lee,2,316,332,2020-07-07 00:35:37,7,m2_b0037,1,train/images/002_20200707_003537(1).png,train/labels/002_20200707_003537(1).txt
002_20200707_003541(1),train,team,lee,2,316,332,2020-07-07 00:35:41,7,m2_b0037,1,train/images/002_20200707_003541(1).png,train/labels/002_20200707_003541(1).txt
002_20200707_043655(6),train,team,heo,2,316,332,2020-07-07 04:36:55,7,m2_b0038,6,train/images/002_20200707_043655(6).png,train/labels/002_20200707_043655(6).txt
002_20200707_043659(3),train,team,heo,2,316,332,2020-07-07 04:36:59,7,m2_b0038,3,train/images/002_20200707_043659(3).png,train/labels/002_20200707_043659(3).txt
002_20200707_043703(4),train,team,heo,2,316,332,2020-07-07 04:37:03,7,m2_b0038,4,train/images/002_20200707_043703(4).png,train/labels/002_20200707_043703(4).txt
002_20200707_043707(4),train,team,heo,2,316,332,2020-07-07 04:37:07,7,m2_b0038,4,train/images/002_20200707_043707(4).png,train/labels/002_20200707_043707(4).txt
002_20200707_043711(3),train,team,heo,2,316,332,2020-07-07 04:37:11,7,m2_b0038,3,train/images/002_20200707_043711(3).png,train/labels/002_20200707_043711(3).txt
002_20200707_043715(5),train,team,heo,2,316,332,2020-07-07 04:37:15,7,m2_b0038,5,train/images/002_20200707_043715(5).png,train/labels/002_20200707_043715(5).txt
002_20200707_083236(0),val,team,jung,2,316,332,2020-07-07 08:32:36,7,m2_b0039,0,val/images/002_20200707_083236(0).png,val/labels/002_20200707_083236(0).txt
002_20200707_083240(0),val,team,jung,2,316,332,2020-07-07 08:32:40,7,m2_b0039,0,val/images/002_20200707_083240(0).png,val/labels/002_20200707_083240(0).txt
002_20200707_083246(1),val,team,jung,2,316,332,2020-07-07 08:32:46,7,m2_b0039,1,val/images/002_20200707_083246(1).png,val/labels/002_20200707_083246(1).txt
002_20200707_083250(0),val,team,jung,2,316,332,2020-07-07 08:32:50,7,m2_b0039,0,val/images/002_20200707_083250(0).png,val/labels/002_20200707_083250(0).txt
002_20200707_083254(0),val,team,jung,2,316,332,2020-07-07 08:32:54,7,m2_b0039,0,val/images/002_20200707_083254(0).png,val/labels/002_20200707_083254(0).txt
002_20200707_083258(1),val,team,jung,2,316,332,2020-07-07 08:32:58,7,m2_b0039,1,val/images/002_20200707_083258(1).png,val/labels/002_20200707_083258(1).txt
002_20200707_123354(0),train,team,lee,2,316,332,2020-07-07 12:33:54,7,m2_b0040,0,train/images/002_20200707_123354(0).png,train/labels/002_20200707_123354(0).txt
002_20200707_123358(1),train,team,lee,2,316,332,2020-07-07 12:33:58,7,m2_b0040,1,train/images/002_20200707_123358(1).png,train/labels/002_20200707_123358(1).txt
002_20200707_123402(0),train,team,lee,2,316,332,2020-07-07 12:34:02,7,m2_b0040,0,train/images/002_20200707_123402(0).png,train/labels/002_20200707_123402(0).txt
002_20200707_123408(2),train,team,lee,2,316,332,2020-07-07 12:34:08,7,m2_b0040,2,train/images/002_20200707_123408(2).png,train/labels/002_20200707_123408(2).txt
002_20200707_123412(1),train,team,lee,2,316,332,2020-07-07 12:34:12,7,m2_b0040,1,train/images/002_20200707_123412(1).png,train/labels/002_20200707_123412(1).txt
002_20200707_123416(0),train,team,lee,2,316,332,2020-07-07 12:34:16,7,m2_b0040,0,train/images/002_20200707_123416(0).png,train/labels/002_20200707_123416(0).txt
002_20200708_092945(9),train,team,heo,2,316,332,2020-07-08 09:29:45,7,m2_b0041,9,train/images/002_20200708_092945(9).png,train/labels/002_20200708_092945(9).txt
002_20200708_092949(9),train,team,heo,2,316,332,2020-07-08 09:29:49,7,m2_b0041,9,train/images/002_20200708_092949(9).png,train/labels/002_20200708_092949(9).txt
002_20200708_092953(7),train,team,heo,2,316,332,2020-07-08 09:29:53,7,m2_b0041,7,train/images/002_20200708_092953(7).png,train/labels/002_20200708_092953(7).txt
002_20200708_092957(7),train,team,heo,2,316,332,2020-07-08 09:29:57,7,m2_b0041,7,train/images/002_20200708_092957(7).png,train/labels/002_20200708_092957(7).txt
002_20200708_093001(9),train,team,heo,2,316,332,2020-07-08 09:30:01,7,m2_b0041,9,train/images/002_20200708_093001(9).png,train/labels/002_20200708_093001(9).txt
002_20200708_093005(8),train,team,heo,2,316,332,2020-07-08 09:30:05,7,m2_b0041,8,train/images/002_20200708_093005(8).png,train/labels/002_20200708_093005(8).txt
002_20200708_123021(9),train,team,jung,2,316,332,2020-07-08 12:30:21,7,m2_b0042,9,train/images/002_20200708_123021(9).png,train/labels/002_20200708_123021(9).txt
002_20200708_123025(7),train,team,jung,2,316,332,2020-07-08 12:30:25,7,m2_b0042,7,train/images/002_20200708_123025(7).png,train/labels/002_20200708_123025(7).txt
002_20200708_123029(7),train,team,jung,2,316,332,2020-07-08 12:30:29,7,m2_b0042,7,train/images/002_20200708_123029(7).png,train/labels/002_20200708_123029(7).txt
002_20200708_123034(0),train,team,jung,2,316,332,2020-07-08 12:30:34,7,m2_b0042,0,train/images/002_20200708_123034(0).png,train/labels/002_20200708_123034(0).txt
002_20200708_123037(8),train,team,jung,2,316,332,2020-07-08 12:30:37,7,m2_b0042,8,train/images/002_20200708_123037(8).png,train/labels/002_20200708_123037(8).txt
002_20200708_123041(7),train,team,jung,2,316,332,2020-07-08 12:30:41,7,m2_b0042,7,train/images/002_20200708_123041(7).png,train/labels/002_20200708_123041(7).txt
002_20200708_163937(6),val,team,lee,2,316,332,2020-07-08 16:39:37,7,m2_b0043,6,val/images/002_20200708_163937(6).png,val/labels/002_20200708_163937(6).txt
002_20200708_163941(4),val,team,lee,2,316,332,2020-07-08 16:39:41,7,m2_b0043,4,val/images/002_20200708_163941(4).png,val/labels/002_20200708_163941(4).txt
002_20200708_163945(4),val,team,lee,2,316,332,2020-07-08 16:39:45,7,m2_b0043,4,val/images/002_20200708_163945(4).png,val/labels/002_20200708_163945(4).txt
002_20200708_163949(4),val,team,lee,2,316,332,2020-07-08 16:39:49,7,m2_b0043,4,val/images/002_20200708_163949(4).png,val/labels/002_20200708_163949(4).txt
002_20200708_163953(3),val,team,lee,2,316,332,2020-07-08 16:39:53,7,m2_b0043,3,val/images/002_20200708_163953(3).png,val/labels/002_20200708_163953(3).txt
002_20200708_163957(5),val,team,lee,2,316,332,2020-07-08 16:39:57,7,m2_b0043,5,val/images/002_20200708_163957(5).png,val/labels/002_20200708_163957(5).txt
002_20200708_203125(0),train,team,heo,2,316,332,2020-07-08 20:31:25,7,m2_b0044,0,train/images/002_20200708_203125(0).png,train/labels/002_20200708_203125(0).txt
002_20200708_203128(9),train,team,heo,2,316,332,2020-07-08 20:31:28,7,m2_b0044,9,train/images/002_20200708_203128(9).png,train/labels/002_20200708_203128(9).txt
002_20200708_203132(7),train,team,heo,2,316,332,2020-07-08 20:31:32,7,m2_b0044,7,train/images/002_20200708_203132(7).png,train/labels/002_20200708_203132(7).txt
002_20200708_203136(7),train,team,heo,2,316,332,2020-07-08 20:31:36,7,m2_b0044,7,train/images/002_20200708_203136(7).png,train/labels/002_20200708_203136(7).txt
002_20200708_203140(7),train,team,heo,2,316,332,2020-07-08 20:31:40,7,m2_b0044,7,train/images/002_20200708_203140(7).png,train/labels/002_20200708_203140(7).txt
002_20200708_203144(7),train,team,heo,2,316,332,2020-07-08 20:31:44,7,m2_b0044,7,train/images/002_20200708_203144(7).png,train/labels/002_20200708_203144(7).txt
002_20200713_091056(8),test,team,jung,2,316,332,2020-07-13 09:10:56,7,m2_b0045,8,test/images/002_20200713_091056(8).png,test/labels/002_20200713_091056(8).txt
002_20200713_091100(5),test,team,jung,2,316,332,2020-07-13 09:11:00,7,m2_b0045,5,test/images/002_20200713_091100(5).png,test/labels/002_20200713_091100(5).txt
002_20200713_091103(8),test,team,jung,2,316,332,2020-07-13 09:11:03,7,m2_b0045,8,test/images/002_20200713_091103(8).png,test/labels/002_20200713_091103(8).txt
002_20200713_091106(9),test,team,jung,2,316,332,2020-07-13 09:11:06,7,m2_b0045,9,test/images/002_20200713_091106(9).png,test/labels/002_20200713_091106(9).txt
002_20200713_091109(9),test,team,jung,2,316,332,2020-07-13 09:11:09,7,m2_b0045,9,test/images/002_20200713_091109(9).png,test/labels/002_20200713_091109(9).txt
002_20200713_091112(5),test,team,jung,2,316,332,2020-07-13 09:11:12,7,m2_b0045,5,test/images/002_20200713_091112(5).png,test/labels/002_20200713_091112(5).txt
002_20200713_123358(8),test,team,lee,2,316,332,2020-07-13 12:33:58,7,m2_b0046,8,test/images/002_20200713_123358(8).png,test/labels/002_20200713_123358(8).txt
002_20200713_123403(4),test,team,lee,2,316,332,2020-07-13 12:34:03,7,m2_b0046,4,test/images/002_20200713_123403(4).png,test/labels/002_20200713_123403(4).txt
002_20200713_123408(0),test,team,lee,2,316,332,2020-07-13 12:34:08,7,m2_b0046,0,test/images/002_20200713_123408(0).png,test/labels/002_20200713_123408(0).txt
002_20200713_123412(4),test,team,lee,2,316,332,2020-07-13 12:34:12,7,m2_b0046,4,test/images/002_20200713_123412(4).png,test/labels/002_20200713_123412(4).txt
002_20200713_123416(9),test,team,lee,2,316,332,2020-07-13 12:34:16,7,m2_b0046,9,test/images/002_20200713_123416(9).png,test/labels/002_20200713_123416(9).txt
002_20200713_123421(4),test,team,lee,2,316,332,2020-07-13 12:34:21,7,m2_b0046,4,test/images/002_20200713_123421(4).png,test/labels/002_20200713_123421(4).txt
002_20200713_163753(9),val,team,heo,2,316,332,2020-07-13 16:37:53,7,m2_b0047,9,val/images/002_20200713_163753(9).png,val/labels/002_20200713_163753(9).txt
002_20200713_163814(8),val,team,heo,2,316,332,2020-07-13 16:38:14,7,m2_b0047,8,val/images/002_20200713_163814(8).png,val/labels/002_20200713_163814(8).txt
002_20200713_163819(2),val,team,heo,2,316,332,2020-07-13 16:38:19,7,m2_b0047,2,val/images/002_20200713_163819(2).png,val/labels/002_20200713_163819(2).txt
002_20200713_163823(7),val,team,heo,2,316,332,2020-07-13 16:38:23,7,m2_b0047,7,val/images/002_20200713_163823(7).png,val/labels/002_20200713_163823(7).txt
002_20200713_163828(2),val,team,heo,2,316,332,2020-07-13 16:38:28,7,m2_b0047,2,val/images/002_20200713_163828(2).png,val/labels/002_20200713_163828(2).txt
002_20200713_163832(8),val,team,heo,2,316,332,2020-07-13 16:38:32,7,m2_b0047,8,val/images/002_20200713_163832(8).png,val/labels/002_20200713_163832(8).txt
002_20200713_202718(1),test,team,jung,2,316,332,2020-07-13 20:27:18,7,m2_b0048,1,test/images/002_20200713_202718(1).png,test/labels/002_20200713_202718(1).txt
002_20200713_202722(5),test,team,jung,2,316,332,2020-07-13 20:27:22,7,m2_b0048,5,test/images/002_20200713_202722(5).png,test/labels/002_20200713_202722(5).txt
002_20200713_202726(9),test,team,jung,2,316,332,2020-07-13 20:27:26,7,m2_b0048,9,test/images/002_20200713_202726(9).png,test/labels/002_20200713_202726(9).txt
002_20200713_202731(4),test,team,jung,2,316,332,2020-07-13 20:27:31,7,m2_b0048,4,test/images/002_20200713_202731(4).png,test/labels/002_20200713_202731(4).txt
002_20200713_202735(9),test,team,jung,2,316,332,2020-07-13 20:27:35,7,m2_b0048,9,test/images/002_20200713_202735(9).png,test/labels/002_20200713_202735(9).txt
002_20200713_202743(4),test,team,jung,2,316,332,2020-07-13 20:27:43,7,m2_b0048,4,test/images/002_20200713_202743(4).png,test/labels/002_20200713_202743(4).txt
002_20200714_002857(2),train,team,lee,2,316,332,2020-07-14 00:28:57,7,m2_b0049,2,train/images/002_20200714_002857(2).png,train/labels/002_20200714_002857(2).txt
002_20200714_002901(5),train,team,lee,2,316,332,2020-07-14 00:29:01,7,m2_b0049,5,train/images/002_20200714_002901(5).png,train/labels/002_20200714_002901(5).txt
002_20200714_002904(6),train,team,lee,2,316,332,2020-07-14 00:29:04,7,m2_b0049,6,train/images/002_20200714_002904(6).png,train/labels/002_20200714_002904(6).txt
002_20200714_002907(5),train,team,lee,2,316,332,2020-07-14 00:29:07,7,m2_b0049,5,train/images/002_20200714_002907(5).png,train/labels/002_20200714_002907(5).txt
002_20200714_002910(7),train,team,lee,2,316,332,2020-07-14 00:29:10,7,m2_b0049,7,train/images/002_20200714_002910(7).png,train/labels/002_20200714_002910(7).txt
002_20200714_002915(0),train,team,lee,2,316,332,2020-07-14 00:29:15,7,m2_b0049,0,train/images/002_20200714_002915(0).png,train/labels/002_20200714_002915(0).txt
002_20200714_043014(3),train,team,heo,2,316,332,2020-07-14 04:30:14,7,m2_b0050,3,train/images/002_20200714_043014(3).png,train/labels/002_20200714_043014(3).txt
002_20200714_043020(0),train,team,heo,2,316,332,2020-07-14 04:30:20,7,m2_b0050,0,train/images/002_20200714_043020(0).png,train/labels/002_20200714_043020(0).txt
002_20200714_043024(4),train,team,heo,2,316,332,2020-07-14 04:30:24,7,m2_b0050,4,train/images/002_20200714_043024(4).png,train/labels/002_20200714_043024(4).txt
002_20200714_043029(1),train,team,heo,2,316,332,2020-07-14 04:30:29,7,m2_b0050,1,train/images/002_20200714_043029(1).png,train/labels/002_20200714_043029(1).txt
002_20200714_043033(4),train,team,heo,2,316,332,2020-07-14 04:30:33,7,m2_b0050,4,train/images/002_20200714_043033(4).png,train/labels/002_20200714_043033(4).txt
002_20200714_043037(9),train,team,heo,2,316,332,2020-07-14 04:30:37,7,m2_b0050,9,train/images/002_20200714_043037(9).png,train/labels/002_20200714_043037(9).txt
002_20200714_230002(9),train,team,jung,2,316,332,2020-07-14 23:00:02,7,m2_b0051,9,train/images/002_20200714_230002(9).png,train/labels/002_20200714_230002(9).txt
002_20200714_230006(3),train,team,jung,2,316,332,2020-07-14 23:00:06,7,m2_b0051,3,train/images/002_20200714_230006(3).png,train/labels/002_20200714_230006(3).txt
002_20200714_230010(7),train,team,jung,2,316,332,2020-07-14 23:00:10,7,m2_b0051,7,train/images/002_20200714_230010(7).png,train/labels/002_20200714_230010(7).txt
002_20200714_230014(1),train,team,jung,2,316,332,2020-07-14 23:00:14,7,m2_b0051,1,train/images/002_20200714_230014(1).png,train/labels/002_20200714_230014(1).txt
002_20200714_230017(3),train,team,jung,2,316,332,2020-07-14 23:00:17,7,m2_b0051,3,train/images/002_20200714_230017(3).png,train/labels/002_20200714_230017(3).txt
002_20200714_230020(6),train,team,jung,2,316,332,2020-07-14 23:00:20,7,m2_b0051,6,train/images/002_20200714_230020(6).png,train/labels/002_20200714_230020(6).txt
002_20200715_002706(2),train,team,lee,2,316,332,2020-07-15 00:27:06,7,m2_b0052,2,train/images/002_20200715_002706(2).png,train/labels/002_20200715_002706(2).txt
002_20200715_002710(7),train,team,lee,2,316,332,2020-07-15 00:27:10,7,m2_b0052,7,train/images/002_20200715_002710(7).png,train/labels/002_20200715_002710(7).txt
002_20200715_002715(0),train,team,lee,2,316,332,2020-07-15 00:27:15,7,m2_b0052,0,train/images/002_20200715_002715(0).png,train/labels/002_20200715_002715(0).txt
002_20200715_002719(6),train,team,lee,2,316,332,2020-07-15 00:27:19,7,m2_b0052,6,train/images/002_20200715_002719(6).png,train/labels/002_20200715_002719(6).txt
002_20200715_002728(6),train,team,lee,2,316,332,2020-07-15 00:27:28,7,m2_b0052,6,train/images/002_20200715_002728(6).png,train/labels/002_20200715_002728(6).txt
002_20200715_002733(1),train,team,lee,2,316,332,2020-07-15 00:27:33,7,m2_b0052,1,train/images/002_20200715_002733(1).png,train/labels/002_20200715_002733(1).txt
002_20200715_042403(8),train,team,heo,2,316,332,2020-07-15 04:24:03,7,m2_b0053,8,train/images/002_20200715_042403(8).png,train/labels/002_20200715_042403(8).txt
002_20200715_042408(4),train,team,heo,2,316,332,2020-07-15 04:24:08,7,m2_b0053,4,train/images/002_20200715_042408(4).png,train/labels/002_20200715_042408(4).txt
002_20200715_042412(9),train,team,heo,2,316,332,2020-07-15 04:24:12,7,m2_b0053,9,train/images/002_20200715_042412(9).png,train/labels/002_20200715_042412(9).txt
002_20200715_042417(3),train,team,heo,2,316,332,2020-07-15 04:24:17,7,m2_b0053,3,train/images/002_20200715_042417(3).png,train/labels/002_20200715_042417(3).txt
002_20200715_042421(7),train,team,heo,2,316,332,2020-07-15 04:24:21,7,m2_b0053,7,train/images/002_20200715_042421(7).png,train/labels/002_20200715_042421(7).txt
002_20200715_042426(3),train,team,heo,2,316,332,2020-07-15 04:24:26,7,m2_b0053,3,train/images/002_20200715_042426(3).png,train/labels/002_20200715_042426(3).txt
002_20200715_083106(3),train,team,jung,2,316,332,2020-07-15 08:31:06,7,m2_b0054,3,train/images/002_20200715_083106(3).png,train/labels/002_20200715_083106(3).txt
002_20200715_083109(1),train,team,jung,2,316,332,2020-07-15 08:31:09,7,m2_b0054,1,train/images/002_20200715_083109(1).png,train/labels/002_20200715_083109(1).txt
002_20200715_083113(8),train,team,jung,2,316,332,2020-07-15 08:31:13,7,m2_b0054,8,train/images/002_20200715_083113(8).png,train/labels/002_20200715_083113(8).txt
002_20200715_083118(3),train,team,jung,2,316,332,2020-07-15 08:31:18,7,m2_b0054,3,train/images/002_20200715_083118(3).png,train/labels/002_20200715_083118(3).txt
002_20200715_083122(8),train,team,jung,2,316,332,2020-07-15 08:31:22,7,m2_b0054,8,train/images/002_20200715_083122(8).png,train/labels/002_20200715_083122(8).txt
002_20200715_083127(3),train,team,jung,2,316,332,2020-07-15 08:31:27,7,m2_b0054,3,train/images/002_20200715_083127(3).png,train/labels/002_20200715_083127(3).txt
002_20200721_163536(6),test,team,lee,2,316,332,2020-07-21 16:35:36,7,m2_b0055,6,test/images/002_20200721_163536(6).png,test/labels/002_20200721_163536(6).txt
002_20200721_163539(9),test,team,lee,2,316,332,2020-07-21 16:35:39,7,m2_b0055,9,test/images/002_20200721_163539(9).png,test/labels/002_20200721_163539(9).txt
002_20200721_163543(2),test,team,lee,2,316,332,2020-07-21 16:35:43,7,m2_b0055,2,test/images/002_20200721_163543(2).png,test/labels/002_20200721_163543(2).txt
002_20200721_163548(0),test,team,lee,2,316,332,2020-07-21 16:35:48,7,m2_b0055,0,test/images/002_20200721_163548(0).png,test/labels/002_20200721_163548(0).txt
002_20200721_163551(3),test,team,lee,2,316,332,2020-07-21 16:35:51,7,m2_b0055,3,test/images/002_20200721_163551(3).png,test/labels/002_20200721_163551(3).txt
002_20200721_163554(6),test,team,lee,2,316,332,2020-07-21 16:35:54,7,m2_b0055,6,test/images/002_20200721_163554(6).png,test/labels/002_20200721_163554(6).txt
002_20200722_003424(1),train,team,heo,2,316,332,2020-07-22 00:34:24,7,m2_b0056,1,train/images/002_20200722_003424(1).png,train/labels/002_20200722_003424(1).txt
002_20200722_003428(4),train,team,heo,2,316,332,2020-07-22 00:34:28,7,m2_b0056,4,train/images/002_20200722_003428(4).png,train/labels/002_20200722_003428(4).txt
002_20200722_043525(6),train,team,heo,2,316,332,2020-07-22 04:35:25,7,m2_b0057,6,train/images/002_20200722_043525(6).png,train/labels/002_20200722_043525(6).txt
002_20200722_043529(9),train,team,heo,2,316,332,2020-07-22 04:35:29,7,m2_b0057,9,train/images/002_20200722_043529(9).png,train/labels/002_20200722_043529(9).txt
002_20200722_083350(7),train,team,jung,2,316,332,2020-07-22 08:33:50,7,m2_b0058,7,train/images/002_20200722_083350(7).png,train/labels/002_20200722_083350(7).txt
002_20200722_083355(2),train,team,jung,2,316,332,2020-07-22 08:33:55,7,m2_b0058,2,train/images/002_20200722_083355(2).png,train/labels/002_20200722_083355(2).txt
002_20200722_131101(2),test,team,heo,2,316,332,2020-07-22 13:11:01,7,m2_b0059,2,test/images/002_20200722_131101(2).png,test/labels/002_20200722_131101(2).txt
002_20200722_131105(7),test,team,heo,2,316,332,2020-07-22 13:11:05,7,m2_b0059,7,test/images/002_20200722_131105(7).png,test/labels/002_20200722_131105(7).txt
002_20200722_163020(9),train,team,lee,2,316,332,2020-07-22 16:30:20,7,m2_b0060,9,train/images/002_20200722_163020(9).png,train/labels/002_20200722_163020(9).txt
002_20200722_163034(4),train,team,lee,2,316,332,2020-07-22 16:30:34,7,m2_b0060,4,train/images/002_20200722_163034(4).png,train/labels/002_20200722_163034(4).txt
002_20200723_003123(9),train,team,jung,2,316,332,2020-07-23 00:31:23,7,m2_b0061,9,train/images/002_20200723_003123(9).png,train/labels/002_20200723_003123(9).txt
002_20200723_003128(3),train,team,jung,2,316,332,2020-07-23 00:31:28,7,m2_b0061,3,train/images/002_20200723_003128(3).png,train/labels/002_20200723_003128(3).txt
002_20200723_043243(7),train,team,heo,2,316,332,2020-07-23 04:32:43,7,m2_b0062,7,train/images/002_20200723_043243(7).png,train/labels/002_20200723_043243(7).txt
002_20200723_043248(3),train,team,heo,2,316,332,2020-07-23 04:32:48,7,m2_b0062,3,train/images/002_20200723_043248(3).png,train/labels/002_20200723_043248(3).txt
002_20200723_082414(2),train,team,lee,2,316,332,2020-07-23 08:24:14,7,m2_b0063,2,train/images/002_20200723_082414(2).png,train/labels/002_20200723_082414(2).txt
002_20200723_082418(9),train,team,lee,2,316,332,2020-07-23 08:24:18,7,m2_b0063,9,train/images/002_20200723_082418(9).png,train/labels/002_20200723_082418(9).txt
002_20200723_123231(8),train,team,jung,2,316,332,2020-07-23 12:32:31,7,m2_b0064,8,train/images/002_20200723_123231(8).png,train/labels/002_20200723_123231(8).txt
002_20200723_123236(1),train,team,jung,2,316,332,2020-07-23 12:32:36,7,m2_b0064,1,train/images/002_20200723_123236(1).png,train/labels/002_20200723_123236(1).txt
002_20200723_163042(4),train,team,heo,2,316,332,2020-07-23 16:30:42,7,m2_b0065,4,train/images/002_20200723_163042(4).png,train/labels/002_20200723_163042(4).txt
002_20200723_163045(7),train,team,heo,2,316,332,2020-07-23 16:30:45,7,m2_b0065,7,train/images/002_20200723_163045(7).png,train/labels/002_20200723_163045(7).txt
002_20200723_203159(2),train,team,lee,2,316,332,2020-07-23 20:31:59,7,m2_b0066,2,train/images/002_20200723_203159(2).png,train/labels/002_20200723_203159(2).txt
002_20200723_203202(3),train,team,lee,2,316,332,2020-07-23 20:32:02,7,m2_b0066,3,train/images/002_20200723_203202(3).png,train/labels/002_20200723_203202(3).txt
002_20200724_003143(3),train,team,jung,2,316,332,2020-07-24 00:31:43,7,m2_b0067,3,train/images/002_20200724_003143(3).png,train/labels/002_20200724_003143(3).txt
002_20200724_003148(0),train,team,jung,2,316,332,2020-07-24 00:31:48,7,m2_b0067,0,train/images/002_20200724_003148(0).png,train/labels/002_20200724_003148(0).txt
002_20200727_091734(5),val,team,heo,2,316,332,2020-07-27 09:17:34,7,m2_b0068,5,val/images/002_20200727_091734(5).png,val/labels/002_20200727_091734(5).txt
002_20200727_091737(7),val,team,heo,2,316,332,2020-07-27 09:17:37,7,m2_b0068,7,val/images/002_20200727_091737(7).png,val/labels/002_20200727_091737(7).txt
002_20200727_123224(5),val,team,lee,2,316,332,2020-07-27 12:32:24,7,m2_b0069,5,val/images/002_20200727_123224(5).png,val/labels/002_20200727_123224(5).txt
002_20200727_123227(4),val,team,lee,2,316,332,2020-07-27 12:32:27,7,m2_b0069,4,val/images/002_20200727_123227(4).png,val/labels/002_20200727_123227(4).txt
002_20200727_163325(2),train,team,jung,2,316,332,2020-07-27 16:33:25,7,m2_b0070,2,train/images/002_20200727_163325(2).png,train/labels/002_20200727_163325(2).txt
002_20200727_163329(7),train,team,jung,2,316,332,2020-07-27 16:33:29,7,m2_b0070,7,train/images/002_20200727_163329(7).png,train/labels/002_20200727_163329(7).txt
002_20200727_204743(0),train,team,heo,2,316,332,2020-07-27 20:47:43,7,m2_b0071,0,train/images/002_20200727_204743(0).png,train/labels/002_20200727_204743(0).txt
002_20200727_204746(6),train,team,heo,2,316,332,2020-07-27 20:47:46,7,m2_b0071,6,train/images/002_20200727_204746(6).png,train/labels/002_20200727_204746(6).txt
002_20200728_014158(9),train,team,lee,2,316,332,2020-07-28 01:41:58,7,m2_b0072,9,train/images/002_20200728_014158(9).png,train/labels/002_20200728_014158(9).txt
002_20200728_014203(2),train,team,lee,2,316,332,2020-07-28 01:42:03,7,m2_b0072,2,train/images/002_20200728_014203(2).png,train/labels/002_20200728_014203(2).txt
002_20200728_043429(7),test,team,jung,2,316,332,2020-07-28 04:34:29,7,m2_b0073,7,test/images/002_20200728_043429(7).png,test/labels/002_20200728_043429(7).txt
002_20200728_043435(6),test,team,jung,2,316,332,2020-07-28 04:34:35,7,m2_b0073,6,test/images/002_20200728_043435(6).png,test/labels/002_20200728_043435(6).txt
002_20200728_083031(3),train,team,heo,2,316,332,2020-07-28 08:30:31,7,m2_b0074,3,train/images/002_20200728_083031(3).png,train/labels/002_20200728_083031(3).txt
002_20200728_083035(2),train,team,heo,2,316,332,2020-07-28 08:30:35,7,m2_b0074,2,train/images/002_20200728_083035(2).png,train/labels/002_20200728_083035(2).txt
002_20200728_123102(5),test,team,lee,2,316,332,2020-07-28 12:31:02,7,m2_b0075,5,test/images/002_20200728_123102(5).png,test/labels/002_20200728_123102(5).txt
002_20200728_123106(5),test,team,lee,2,316,332,2020-07-28 12:31:06,7,m2_b0075,5,test/images/002_20200728_123106(5).png,test/labels/002_20200728_123106(5).txt
002_20200728_163706(6),val,team,jung,2,316,332,2020-07-28 16:37:06,7,m2_b0076,6,val/images/002_20200728_163706(6).png,val/labels/002_20200728_163706(6).txt
002_20200728_163710(5),val,team,jung,2,316,332,2020-07-28 16:37:10,7,m2_b0076,5,val/images/002_20200728_163710(5).png,val/labels/002_20200728_163710(5).txt
002_20200810_084910(4),train,team,heo,2,316,332,2020-08-10 08:49:10,8,m2_b0077,4,train/images/002_20200810_084910(4).png,train/labels/002_20200810_084910(4).txt
002_20200810_084913(2),train,team,heo,2,316,332,2020-08-10 08:49:13,8,m2_b0077,2,train/images/002_20200810_084913(2).png,train/labels/002_20200810_084913(2).txt
002_20200810_123005(5),train,team,lee,2,316,332,2020-08-10 12:30:05,8,m2_b0078,5,train/images/002_20200810_123005(5).png,train/labels/002_20200810_123005(5).txt
002_20200810_123009(4),train,team,lee,2,316,332,2020-08-10 12:30:09,8,m2_b0078,4,train/images/002_20200810_123009(4).png,train/labels/002_20200810_123009(4).txt
002_20200810_163043(1),val,team,jung,2,316,332,2020-08-10 16:30:43,8,m2_b0079,1,val/images/002_20200810_163043(1).png,val/labels/002_20200810_163043(1).txt
002_20200810_163047(0),val,team,jung,2,316,332,2020-08-10 16:30:47,8,m2_b0079,0,val/images/002_20200810_163047(0).png,val/labels/002_20200810_163047(0).txt
002_20200810_203016(8),train,team,heo,2,316,332,2020-08-10 20:30:16,8,m2_b0080,8,train/images/002_20200810_203016(8).png,train/labels/002_20200810_203016(8).txt
002_20200810_203020(9),train,team,heo,2,316,332,2020-08-10 20:30:20,8,m2_b0080,9,train/images/002_20200810_203020(9).png,train/labels/002_20200810_203020(9).txt
002_20200811_002929(3),train,team,lee,2,316,332,2020-08-11 00:29:29,8,m2_b0081,3,train/images/002_20200811_002929(3).png,train/labels/002_20200811_002929(3).txt
002_20200811_002936(8),train,team,lee,2,316,332,2020-08-11 00:29:36,8,m2_b0081,8,train/images/002_20200811_002936(8).png,train/labels/002_20200811_002936(8).txt
002_20200814_032826(3),train,team,jung,2,316,332,2020-08-14 03:28:26,8,m2_b0082,3,train/images/002_20200814_032826(3).png,train/labels/002_20200814_032826(3).txt
002_20200814_032835(5),train,team,jung,2,316,332,2020-08-14 03:28:35,8,m2_b0082,5,train/images/002_20200814_032835(5).png,train/labels/002_20200814_032835(5).txt
002_20200814_043103(6),train,team,heo,2,316,332,2020-08-14 04:31:03,8,m2_b0083,6,train/images/002_20200814_043103(6).png,train/labels/002_20200814_043103(6).txt
002_20200814_043115(5),train,team,heo,2,316,332,2020-08-14 04:31:15,8,m2_b0083,5,train/images/002_20200814_043115(5).png,train/labels/002_20200814_043115(5).txt
002_20200814_083411(8),test,team,lee,2,316,332,2020-08-14 08:34:11,8,m2_b0084,8,test/images/002_20200814_083411(8).png,test/labels/002_20200814_083411(8).txt
002_20200814_083414(7),test,team,lee,2,316,332,2020-08-14 08:34:14,8,m2_b0084,7,test/images/002_20200814_083414(7).png,test/labels/002_20200814_083414(7).txt
002_20200814_123224(3),train,team,jung,2,316,332,2020-08-14 12:32:24,8,m2_b0085,3,train/images/002_20200814_123224(3).png,train/labels/002_20200814_123224(3).txt
002_20200814_123228(8),train,team,jung,2,316,332,2020-08-14 12:32:28,8,m2_b0085,8,train/images/002_20200814_123228(8).png,train/labels/002_20200814_123228(8).txt
002_20200814_163309(9),train,team,heo,2,316,332,2020-08-14 16:33:09,8,m2_b0086,9,train/images/002_20200814_163309(9).png,train/labels/002_20200814_163309(9).txt
002_20200814_163312(9),train,team,heo,2,316,332,2020-08-14 16:33:12,8,m2_b0086,9,train/images/002_20200814_163312(9).png,train/labels/002_20200814_163312(9).txt
002_20200814_203248(3),train,team,lee,2,316,332,2020-08-14 20:32:48,8,m2_b0087,3,train/images/002_20200814_203248(3).png,train/labels/002_20200814_203248(3).txt
002_20200814_203255(7),train,team,lee,2,316,332,2020-08-14 20:32:55,8,m2_b0087,7,train/images/002_20200814_203255(7).png,train/labels/002_20200814_203255(7).txt
002_20200815_003211(1),train,team,jung,2,316,332,2020-08-15 00:32:11,8,m2_b0088,1,train/images/002_20200815_003211(1).png,train/labels/002_20200815_003211(1).txt
002_20200815_003217(4),train,team,jung,2,316,332,2020-08-15 00:32:17,8,m2_b0088,4,train/images/002_20200815_003217(4).png,train/labels/002_20200815_003217(4).txt
002_20200818_123445(7),train,team,heo,2,316,332,2020-08-18 12:34:45,8,m2_b0089,7,train/images/002_20200818_123445(7).png,train/labels/002_20200818_123445(7).txt
002_20200818_123452(1),train,team,heo,2,316,332,2020-08-18 12:34:52,8,m2_b0089,1,train/images/002_20200818_123452(1).png,train/labels/002_20200818_123452(1).txt
002_20200818_163006(5),train,team,lee,2,316,332,2020-08-18 16:30:06,8,m2_b0090,5,train/images/002_20200818_163006(5).png,train/labels/002_20200818_163006(5).txt
002_20200818_163014(5),train,team,lee,2,316,332,2020-08-18 16:30:14,8,m2_b0090,5,train/images/002_20200818_163014(5).png,train/labels/002_20200818_163014(5).txt
002_20200818_203329(0),train,team,jung,2,316,332,2020-08-18 20:33:29,8,m2_b0091,0,train/images/002_20200818_203329(0).png,train/labels/002_20200818_203329(0).txt
002_20200818_203333(4),train,team,jung,2,316,332,2020-08-18 20:33:33,8,m2_b0091,4,train/images/002_20200818_203333(4).png,train/labels/002_20200818_203333(4).txt
002_20200819_003211(0),train,team,heo,2,316,332,2020-08-19 00:32:11,8,m2_b0092,0,train/images/002_20200819_003211(0).png,train/labels/002_20200819_003211(0).txt
002_20200819_003213(8),train,team,heo,2,316,332,2020-08-19 00:32:13,8,m2_b0092,8,train/images/002_20200819_003213(8).png,train/labels/002_20200819_003213(8).txt
002_20200819_043343(8),train,team,lee,2,316,332,2020-08-19 04:33:43,8,m2_b0093,8,train/images/002_20200819_043343(8).png,train/labels/002_20200819_043343(8).txt
002_20200819_043346(8),train,team,lee,2,316,332,2020-08-19 04:33:46,8,m2_b0093,8,train/images/002_20200819_043346(8).png,train/labels/002_20200819_043346(8).txt
002_20200819_083326(7),train,team,jung,2,316,332,2020-08-19 08:33:26,8,m2_b0094,7,train/images/002_20200819_083326(7).png,train/labels/002_20200819_083326(7).txt
002_20200819_083328(5),train,team,jung,2,316,332,2020-08-19 08:33:28,8,m2_b0094,5,train/images/002_20200819_083328(5).png,train/labels/002_20200819_083328(5).txt
002_20200819_124217(5),test,team,heo,2,316,332,2020-08-19 12:42:17,8,m2_b0095,5,test/images/002_20200819_124217(5).png,test/labels/002_20200819_124217(5).txt
002_20200819_124225(2),test,team,heo,2,316,332,2020-08-19 12:42:25,8,m2_b0095,2,test/images/002_20200819_124225(2).png,test/labels/002_20200819_124225(2).txt
002_20200819_162523(2),train,team,lee,2,316,332,2020-08-19 16:25:23,8,m2_b0096,2,train/images/002_20200819_162523(2).png,train/labels/002_20200819_162523(2).txt
002_20200819_162527(8),train,team,lee,2,316,332,2020-08-19 16:25:27,8,m2_b0096,8,train/images/002_20200819_162527(8).png,train/labels/002_20200819_162527(8).txt
002_20200821_150506(5),val,team,jung,2,316,332,2020-08-21 15:05:06,8,m2_b0097,5,val/images/002_20200821_150506(5).png,val/labels/002_20200821_150506(5).txt
002_20200821_150510(6),val,team,jung,2,316,332,2020-08-21 15:05:10,8,m2_b0097,6,val/images/002_20200821_150510(6).png,val/labels/002_20200821_150510(6).txt
002_20200821_163435(4),train,team,heo,2,316,332,2020-08-21 16:34:35,8,m2_b0098,4,train/images/002_20200821_163435(4).png,train/labels/002_20200821_163435(4).txt
002_20200821_163441(6),train,team,heo,2,316,332,2020-08-21 16:34:41,8,m2_b0098,6,train/images/002_20200821_163441(6).png,train/labels/002_20200821_163441(6).txt
002_20200821_203925(1),train,team,lee,2,316,332,2020-08-21 20:39:25,8,m2_b0099,1,train/images/002_20200821_203925(1).png,train/labels/002_20200821_203925(1).txt
002_20200821_203927(9),train,team,lee,2,316,332,2020-08-21 20:39:27,8,m2_b0099,9,train/images/002_20200821_203927(9).png,train/labels/002_20200821_203927(9).txt
002_20200826_023149(2),train,team,jung,2,316,332,2020-08-26 02:31:49,8,m2_b0100,2,train/images/002_20200826_023149(2).png,train/labels/002_20200826_023149(2).txt
002_20200826_023154(4),train,team,jung,2,316,332,2020-08-26 02:31:54,8,m2_b0100,4,train/images/002_20200826_023154(4).png,train/labels/002_20200826_023154(4).txt
002_20200826_043116(7),train,team,heo,2,316,332,2020-08-26 04:31:16,8,m2_b0101,7,train/images/002_20200826_043116(7).png,train/labels/002_20200826_043116(7).txt
002_20200826_043121(1),train,team,heo,2,316,332,2020-08-26 04:31:21,8,m2_b0101,1,train/images/002_20200826_043121(1).png,train/labels/002_20200826_043121(1).txt
002_20200826_123512(3),train,team,lee,2,316,332,2020-08-26 12:35:12,8,m2_b0102,3,train/images/002_20200826_123512(3).png,train/labels/002_20200826_123512(3).txt
002_20200826_123515(1),train,team,lee,2,316,332,2020-08-26 12:35:15,8,m2_b0102,1,train/images/002_20200826_123515(1).png,train/labels/002_20200826_123515(1).txt
002_20200826_163123(8),train,team,jung,2,316,332,2020-08-26 16:31:23,8,m2_b0103,8,train/images/002_20200826_163123(8).png,train/labels/002_20200826_163123(8).txt
002_20200826_163126(9),train,team,jung,2,316,332,2020-08-26 16:31:26,8,m2_b0103,9,train/images/002_20200826_163126(9).png,train/labels/002_20200826_163126(9).txt
002_20200828_002838(9),train,team,heo,2,316,332,2020-08-28 00:28:38,8,m2_b0104,9,train/images/002_20200828_002838(9).png,train/labels/002_20200828_002838(9).txt
002_20200828_002842(8),train,team,heo,2,316,332,2020-08-28 00:28:42,8,m2_b0104,8,train/images/002_20200828_002842(8).png,train/labels/002_20200828_002842(8).txt
002_20200831_083537(6),train,team,lee,2,316,332,2020-08-31 08:35:37,8,m2_b0105,6,train/images/002_20200831_083537(6).png,train/labels/002_20200831_083537(6).txt
002_20200831_083543(5),train,team,lee,2,316,332,2020-08-31 08:35:43,8,m2_b0105,5,train/images/002_20200831_083543(5).png,train/labels/002_20200831_083543(5).txt
002_20200831_123129(1),train,team,jung,2,316,332,2020-08-31 12:31:29,8,m2_b0106,1,train/images/002_20200831_123129(1).png,train/labels/002_20200831_123129(1).txt
002_20200831_123136(7),train,team,jung,2,316,332,2020-08-31 12:31:36,8,m2_b0106,7,train/images/002_20200831_123136(7).png,train/labels/002_20200831_123136(7).txt
002_20200831_163149(1),train,official,,2,316,332,2020-08-31 16:31:49,8,m2_b0107,1,train/images/002_20200831_163149(1).png,train/labels/002_20200831_163149(1).txt
002_20200831_163150(6),train,official,,2,316,332,2020-08-31 16:31:50,8,m2_b0107,6,train/images/002_20200831_163150(6).png,train/labels/002_20200831_163150(6).txt
002_20200831_203101(4),train,official,,2,316,332,2020-08-31 20:31:01,8,m2_b0108,4,train/images/002_20200831_203101(4).png,train/labels/002_20200831_203101(4).txt
002_20200831_203105(9),train,official,,2,316,332,2020-08-31 20:31:05,8,m2_b0108,9,train/images/002_20200831_203105(9).png,train/labels/002_20200831_203105(9).txt
002_20200901_003133(6),train,official,,2,316,332,2020-09-01 00:31:33,9,m2_b0109,6,train/images/002_20200901_003133(6).png,train/labels/002_20200901_003133(6).txt
002_20200901_003136(6),train,official,,2,316,332,2020-09-01 00:31:36,9,m2_b0109,6,train/images/002_20200901_003136(6).png,train/labels/002_20200901_003136(6).txt
002_20200901_003139(6),train,official,,2,316,332,2020-09-01 00:31:39,9,m2_b0109,6,train/images/002_20200901_003139(6).png,train/labels/002_20200901_003139(6).txt
002_20200901_003142(6),train,official,,2,316,332,2020-09-01 00:31:42,9,m2_b0109,6,train/images/002_20200901_003142(6).png,train/labels/002_20200901_003142(6).txt
002_20200901_003145(6),train,team,lee,2,316,332,2020-09-01 00:31:45,9,m2_b0109,6,train/images/002_20200901_003145(6).png,train/labels/002_20200901_003145(6).txt
002_20200901_003148(6),train,official,,2,316,332,2020-09-01 00:31:48,9,m2_b0109,6,train/images/002_20200901_003148(6).png,train/labels/002_20200901_003148(6).txt
002_20200901_043133(6),test,official,,2,316,332,2020-09-01 04:31:33,9,m2_b0110,6,test/images/002_20200901_043133(6).png,test/labels/002_20200901_043133(6).txt
002_20200901_043136(6),test,official,,2,316,332,2020-09-01 04:31:36,9,m2_b0110,6,test/images/002_20200901_043136(6).png,test/labels/002_20200901_043136(6).txt
002_20200901_043139(6),test,official,,2,316,332,2020-09-01 04:31:39,9,m2_b0110,6,test/images/002_20200901_043139(6).png,test/labels/002_20200901_043139(6).txt
002_20200901_043142(6),test,official,,2,316,332,2020-09-01 04:31:42,9,m2_b0110,6,test/images/002_20200901_043142(6).png,test/labels/002_20200901_043142(6).txt
002_20200901_043145(5),test,official,,2,316,332,2020-09-01 04:31:45,9,m2_b0110,5,test/images/002_20200901_043145(5).png,test/labels/002_20200901_043145(5).txt
002_20200901_043148(6),test,official,,2,316,332,2020-09-01 04:31:48,9,m2_b0110,6,test/images/002_20200901_043148(6).png,test/labels/002_20200901_043148(6).txt
002_20200901_083204(5),val,official,,2,316,332,2020-09-01 08:32:04,9,m2_b0111,5,val/images/002_20200901_083204(5).png,val/labels/002_20200901_083204(5).txt
002_20200901_083212(5),val,team,lee,2,316,332,2020-09-01 08:32:12,9,m2_b0111,5,val/images/002_20200901_083212(5).png,val/labels/002_20200901_083212(5).txt
002_20200901_083452(2),train,official,,2,316,332,2020-09-01 08:34:52,9,m2_b0112,2,train/images/002_20200901_083452(2).png,train/labels/002_20200901_083452(2).txt
002_20200901_083456(7),train,official,,2,316,332,2020-09-01 08:34:56,9,m2_b0112,7,train/images/002_20200901_083456(7).png,train/labels/002_20200901_083456(7).txt
002_20200901_083501(2),train,official,,2,316,332,2020-09-01 08:35:01,9,m2_b0112,2,train/images/002_20200901_083501(2).png,train/labels/002_20200901_083501(2).txt
002_20200901_083505(8),train,official,,2,316,332,2020-09-01 08:35:05,9,m2_b0112,8,train/images/002_20200901_083505(8).png,train/labels/002_20200901_083505(8).txt
002_20200901_083510(2),train,official,,2,316,332,2020-09-01 08:35:10,9,m2_b0112,2,train/images/002_20200901_083510(2).png,train/labels/002_20200901_083510(2).txt
002_20200901_083514(7),train,official,,2,316,332,2020-09-01 08:35:14,9,m2_b0112,7,train/images/002_20200901_083514(7).png,train/labels/002_20200901_083514(7).txt
002_20200901_123049(7),train,official,,2,316,332,2020-09-01 12:30:49,9,m2_b0113,7,train/images/002_20200901_123049(7).png,train/labels/002_20200901_123049(7).txt
002_20200901_123052(7),train,official,,2,316,332,2020-09-01 12:30:52,9,m2_b0113,7,train/images/002_20200901_123052(7).png,train/labels/002_20200901_123052(7).txt
002_20200901_123055(9),train,team,jung,2,316,332,2020-09-01 12:30:55,9,m2_b0113,9,train/images/002_20200901_123055(9).png,train/labels/002_20200901_123055(9).txt
002_20200901_123100(3),train,official,,2,316,332,2020-09-01 12:31:00,9,m2_b0113,3,train/images/002_20200901_123100(3).png,train/labels/002_20200901_123100(3).txt
002_20200901_123104(8),train,official,,2,316,332,2020-09-01 12:31:04,9,m2_b0113,8,train/images/002_20200901_123104(8).png,train/labels/002_20200901_123104(8).txt
002_20200901_123109(2),train,official,,2,316,332,2020-09-01 12:31:09,9,m2_b0113,2,train/images/002_20200901_123109(2).png,train/labels/002_20200901_123109(2).txt
002_20200901_191340(2),test,official,,2,316,332,2020-09-01 19:13:40,9,m2_b0114,2,test/images/002_20200901_191340(2).png,test/labels/002_20200901_191340(2).txt
002_20200901_191343(2),test,official,,2,316,332,2020-09-01 19:13:43,9,m2_b0114,2,test/images/002_20200901_191343(2).png,test/labels/002_20200901_191343(2).txt
002_20200901_191346(1),test,official,,2,316,332,2020-09-01 19:13:46,9,m2_b0114,1,test/images/002_20200901_191346(1).png,test/labels/002_20200901_191346(1).txt
002_20200901_191348(8),test,official,,2,316,332,2020-09-01 19:13:48,9,m2_b0114,8,test/images/002_20200901_191348(8).png,test/labels/002_20200901_191348(8).txt
002_20200901_191351(5),test,official,,2,316,332,2020-09-01 19:13:51,9,m2_b0114,5,test/images/002_20200901_191351(5).png,test/labels/002_20200901_191351(5).txt
002_20200901_191354(2),test,team,lee,2,316,332,2020-09-01 19:13:54,9,m2_b0114,2,test/images/002_20200901_191354(2).png,test/labels/002_20200901_191354(2).txt
002_20200901_203328(4),train,team,heo,2,316,332,2020-09-01 20:33:28,9,m2_b0115,4,train/images/002_20200901_203328(4).png,train/labels/002_20200901_203328(4).txt
002_20200901_203332(1),train,team,heo,2,316,332,2020-09-01 20:33:32,9,m2_b0115,1,train/images/002_20200901_203332(1).png,train/labels/002_20200901_203332(1).txt
002_20200901_203335(1),train,team,heo,2,316,332,2020-09-01 20:33:35,9,m2_b0115,1,train/images/002_20200901_203335(1).png,train/labels/002_20200901_203335(1).txt
002_20200901_203338(1),train,team,heo,2,316,332,2020-09-01 20:33:38,9,m2_b0115,1,train/images/002_20200901_203338(1).png,train/labels/002_20200901_203338(1).txt
002_20200901_203341(0),train,team,heo,2,316,332,2020-09-01 20:33:41,9,m2_b0115,0,train/images/002_20200901_203341(0).png,train/labels/002_20200901_203341(0).txt
002_20200901_203343(7),train,team,heo,2,316,332,2020-09-01 20:33:43,9,m2_b0115,7,train/images/002_20200901_203343(7).png,train/labels/002_20200901_203343(7).txt
002_20200902_003149(5),test,team,lee,2,316,332,2020-09-02 00:31:49,9,m2_b0116,5,test/images/002_20200902_003149(5).png,test/labels/002_20200902_003149(5).txt
002_20200902_003152(5),test,team,lee,2,316,332,2020-09-02 00:31:52,9,m2_b0116,5,test/images/002_20200902_003152(5).png,test/labels/002_20200902_003152(5).txt
002_20200902_003155(5),test,team,lee,2,316,332,2020-09-02 00:31:55,9,m2_b0116,5,test/images/002_20200902_003155(5).png,test/labels/002_20200902_003155(5).txt
002_20200902_003158(2),test,team,lee,2,316,332,2020-09-02 00:31:58,9,m2_b0116,2,test/images/002_20200902_003158(2).png,test/labels/002_20200902_003158(2).txt
002_20200902_003200(9),test,team,lee,2,316,332,2020-09-02 00:32:00,9,m2_b0116,9,test/images/002_20200902_003200(9).png,test/labels/002_20200902_003200(9).txt
002_20200902_003203(7),test,team,lee,2,316,332,2020-09-02 00:32:03,9,m2_b0116,7,test/images/002_20200902_003203(7).png,test/labels/002_20200902_003203(7).txt
002_20200902_043143(0),train,team,jung,2,316,332,2020-09-02 04:31:43,9,m2_b0117,0,train/images/002_20200902_043143(0).png,train/labels/002_20200902_043143(0).txt
002_20200902_043145(9),train,team,jung,2,316,332,2020-09-02 04:31:45,9,m2_b0117,9,train/images/002_20200902_043145(9).png,train/labels/002_20200902_043145(9).txt
002_20200902_043148(8),train,team,jung,2,316,332,2020-09-02 04:31:48,9,m2_b0117,8,train/images/002_20200902_043148(8).png,train/labels/002_20200902_043148(8).txt
002_20200902_043151(7),train,team,jung,2,316,332,2020-09-02 04:31:51,9,m2_b0117,7,train/images/002_20200902_043151(7).png,train/labels/002_20200902_043151(7).txt
002_20200902_043154(5),train,team,jung,2,316,332,2020-09-02 04:31:54,9,m2_b0117,5,train/images/002_20200902_043154(5).png,train/labels/002_20200902_043154(5).txt
002_20200902_043157(3),train,team,jung,2,316,332,2020-09-02 04:31:57,9,m2_b0117,3,train/images/002_20200902_043157(3).png,train/labels/002_20200902_043157(3).txt
002_20200902_082641(4),test,team,heo,2,316,332,2020-09-02 08:26:41,9,m2_b0118,4,test/images/002_20200902_082641(4).png,test/labels/002_20200902_082641(4).txt
002_20200902_082645(7),test,team,heo,2,316,332,2020-09-02 08:26:45,9,m2_b0118,7,test/images/002_20200902_082645(7).png,test/labels/002_20200902_082645(7).txt
002_20200902_082650(0),test,team,heo,2,316,332,2020-09-02 08:26:50,9,m2_b0118,0,test/images/002_20200902_082650(0).png,test/labels/002_20200902_082650(0).txt
002_20200902_082654(4),test,team,heo,2,316,332,2020-09-02 08:26:54,9,m2_b0118,4,test/images/002_20200902_082654(4).png,test/labels/002_20200902_082654(4).txt
002_20200902_082658(4),test,team,heo,2,316,332,2020-09-02 08:26:58,9,m2_b0118,4,test/images/002_20200902_082658(4).png,test/labels/002_20200902_082658(4).txt
002_20200902_082702(8),test,team,heo,2,316,332,2020-09-02 08:27:02,9,m2_b0118,8,test/images/002_20200902_082702(8).png,test/labels/002_20200902_082702(8).txt
002_20200904_230043(1),train,team,heo,2,316,332,2020-09-04 23:00:43,9,m2_b0119,1,train/images/002_20200904_230043(1).png,train/labels/002_20200904_230043(1).txt
002_20200904_230047(0),train,team,heo,2,316,332,2020-09-04 23:00:47,9,m2_b0119,0,train/images/002_20200904_230047(0).png,train/labels/002_20200904_230047(0).txt
002_20200904_230050(7),train,team,heo,2,316,332,2020-09-04 23:00:50,9,m2_b0119,7,train/images/002_20200904_230050(7).png,train/labels/002_20200904_230050(7).txt
002_20200904_230054(2),train,official,,2,316,332,2020-09-04 23:00:54,9,m2_b0119,2,train/images/002_20200904_230054(2).png,train/labels/002_20200904_230054(2).txt
002_20200904_230057(6),train,official,,2,316,332,2020-09-04 23:00:57,9,m2_b0119,6,train/images/002_20200904_230057(6).png,train/labels/002_20200904_230057(6).txt
002_20200904_230105(4),train,official,,2,316,332,2020-09-04 23:01:05,9,m2_b0119,4,train/images/002_20200904_230105(4).png,train/labels/002_20200904_230105(4).txt
002_20200905_003315(2),train,official,,2,316,332,2020-09-05 00:33:15,9,m2_b0120,2,train/images/002_20200905_003315(2).png,train/labels/002_20200905_003315(2).txt
002_20200905_003319(2),train,official,,2,316,332,2020-09-05 00:33:19,9,m2_b0120,2,train/images/002_20200905_003319(2).png,train/labels/002_20200905_003319(2).txt
002_20200905_003323(3),train,official,,2,316,332,2020-09-05 00:33:23,9,m2_b0120,3,train/images/002_20200905_003323(3).png,train/labels/002_20200905_003323(3).txt
002_20200905_003327(3),train,official,,2,316,332,2020-09-05 00:33:27,9,m2_b0120,3,train/images/002_20200905_003327(3).png,train/labels/002_20200905_003327(3).txt
002_20200905_003331(2),train,official,,2,316,332,2020-09-05 00:33:31,9,m2_b0120,2,train/images/002_20200905_003331(2).png,train/labels/002_20200905_003331(2).txt
002_20200905_003335(3),train,official,,2,316,332,2020-09-05 00:33:35,9,m2_b0120,3,train/images/002_20200905_003335(3).png,train/labels/002_20200905_003335(3).txt
002_20200905_043156(0),train,official,,2,316,332,2020-09-05 04:31:56,9,m2_b0121,0,train/images/002_20200905_043156(0).png,train/labels/002_20200905_043156(0).txt
002_20200905_043200(0),train,official,,2,316,332,2020-09-05 04:32:00,9,m2_b0121,0,train/images/002_20200905_043200(0).png,train/labels/002_20200905_043200(0).txt
002_20200905_043204(0),train,official,,2,316,332,2020-09-05 04:32:04,9,m2_b0121,0,train/images/002_20200905_043204(0).png,train/labels/002_20200905_043204(0).txt
002_20200905_043208(0),train,official,,2,316,332,2020-09-05 04:32:08,9,m2_b0121,0,train/images/002_20200905_043208(0).png,train/labels/002_20200905_043208(0).txt
002_20200905_043212(1),train,official,,2,316,332,2020-09-05 04:32:12,9,m2_b0121,1,train/images/002_20200905_043212(1).png,train/labels/002_20200905_043212(1).txt
002_20200905_043216(0),train,official,,2,316,332,2020-09-05 04:32:16,9,m2_b0121,0,train/images/002_20200905_043216(0).png,train/labels/002_20200905_043216(0).txt
002_20200905_083407(3),train,official,,2,316,332,2020-09-05 08:34:07,9,m2_b0122,3,train/images/002_20200905_083407(3).png,train/labels/002_20200905_083407(3).txt
002_20200905_083410(5),train,official,,2,316,332,2020-09-05 08:34:10,9,m2_b0122,5,train/images/002_20200905_083410(5).png,train/labels/002_20200905_083410(5).txt
002_20200905_083413(6),train,official,,2,316,332,2020-09-05 08:34:13,9,m2_b0122,6,train/images/002_20200905_083413(6).png,train/labels/002_20200905_083413(6).txt
002_20200905_083416(3),train,official,,2,316,332,2020-09-05 08:34:16,9,m2_b0122,3,train/images/002_20200905_083416(3).png,train/labels/002_20200905_083416(3).txt
002_20200905_083419(3),train,official,,2,316,332,2020-09-05 08:34:19,9,m2_b0122,3,train/images/002_20200905_083419(3).png,train/labels/002_20200905_083419(3).txt
002_20200905_083422(4),train,official,,2,316,332,2020-09-05 08:34:22,9,m2_b0122,4,train/images/002_20200905_083422(4).png,train/labels/002_20200905_083422(4).txt
002_20200905_123055(0),test,official,,2,316,332,2020-09-05 12:30:55,9,m2_b0123,0,test/images/002_20200905_123055(0).png,test/labels/002_20200905_123055(0).txt
002_20200905_123058(4),test,official,,2,316,332,2020-09-05 12:30:58,9,m2_b0123,4,test/images/002_20200905_123058(4).png,test/labels/002_20200905_123058(4).txt
002_20200905_123102(0),test,official,,2,316,332,2020-09-05 12:31:02,9,m2_b0123,0,test/images/002_20200905_123102(0).png,test/labels/002_20200905_123102(0).txt
002_20200905_123105(0),test,official,,2,316,332,2020-09-05 12:31:05,9,m2_b0123,0,test/images/002_20200905_123105(0).png,test/labels/002_20200905_123105(0).txt
002_20200905_123108(4),test,official,,2,316,332,2020-09-05 12:31:08,9,m2_b0123,4,test/images/002_20200905_123108(4).png,test/labels/002_20200905_123108(4).txt
002_20200905_123112(0),test,official,,2,316,332,2020-09-05 12:31:12,9,m2_b0123,0,test/images/002_20200905_123112(0).png,test/labels/002_20200905_123112(0).txt
002_20200905_163922(9),train,official,,2,316,332,2020-09-05 16:39:22,9,m2_b0124,9,train/images/002_20200905_163922(9).png,train/labels/002_20200905_163922(9).txt
002_20200905_163926(4),train,official,,2,316,332,2020-09-05 16:39:26,9,m2_b0124,4,train/images/002_20200905_163926(4).png,train/labels/002_20200905_163926(4).txt
002_20200905_163929(7),train,official,,2,316,332,2020-09-05 16:39:29,9,m2_b0124,7,train/images/002_20200905_163929(7).png,train/labels/002_20200905_163929(7).txt
002_20200905_163932(9),train,official,,2,316,332,2020-09-05 16:39:32,9,m2_b0124,9,train/images/002_20200905_163932(9).png,train/labels/002_20200905_163932(9).txt
002_20200905_163936(2),train,official,,2,316,332,2020-09-05 16:39:36,9,m2_b0124,2,train/images/002_20200905_163936(2).png,train/labels/002_20200905_163936(2).txt
002_20200905_163939(7),train,official,,2,316,332,2020-09-05 16:39:39,9,m2_b0124,7,train/images/002_20200905_163939(7).png,train/labels/002_20200905_163939(7).txt
002_20200905_204033(3),train,official,,2,316,332,2020-09-05 20:40:33,9,m2_b0125,3,train/images/002_20200905_204033(3).png,train/labels/002_20200905_204033(3).txt
002_20200905_204039(5),train,official,,2,316,332,2020-09-05 20:40:39,9,m2_b0125,5,train/images/002_20200905_204039(5).png,train/labels/002_20200905_204039(5).txt
002_20200905_204042(9),train,official,,2,316,332,2020-09-05 20:40:42,9,m2_b0125,9,train/images/002_20200905_204042(9).png,train/labels/002_20200905_204042(9).txt
002_20200905_204046(0),train,official,,2,316,332,2020-09-05 20:40:46,9,m2_b0125,0,train/images/002_20200905_204046(0).png,train/labels/002_20200905_204046(0).txt
002_20200905_204049(1),train,official,,2,316,332,2020-09-05 20:40:49,9,m2_b0125,1,train/images/002_20200905_204049(1).png,train/labels/002_20200905_204049(1).txt
002_20200905_204052(3),train,official,,2,316,332,2020-09-05 20:40:52,9,m2_b0125,3,train/images/002_20200905_204052(3).png,train/labels/002_20200905_204052(3).txt
002_20200906_003114(0),train,official,,2,316,332,2020-09-06 00:31:14,9,m2_b0126,0,train/images/002_20200906_003114(0).png,train/labels/002_20200906_003114(0).txt
002_20200906_003117(3),train,official,,2,316,332,2020-09-06 00:31:17,9,m2_b0126,3,train/images/002_20200906_003117(3).png,train/labels/002_20200906_003117(3).txt
002_20200906_003120(8),train,official,,2,316,332,2020-09-06 00:31:20,9,m2_b0126,8,train/images/002_20200906_003120(8).png,train/labels/002_20200906_003120(8).txt
002_20200906_003124(0),train,official,,2,316,332,2020-09-06 00:31:24,9,m2_b0126,0,train/images/002_20200906_003124(0).png,train/labels/002_20200906_003124(0).txt
002_20200906_003127(3),train,official,,2,316,332,2020-09-06 00:31:27,9,m2_b0126,3,train/images/002_20200906_003127(3).png,train/labels/002_20200906_003127(3).txt
002_20200906_003130(7),train,official,,2,316,332,2020-09-06 00:31:30,9,m2_b0126,7,train/images/002_20200906_003130(7).png,train/labels/002_20200906_003130(7).txt
002_20200907_184832(7),train,team,lee,2,316,332,2020-09-07 18:48:32,9,m2_b0127,7,train/images/002_20200907_184832(7).png,train/labels/002_20200907_184832(7).txt
002_20200907_184835(6),train,team,lee,2,316,332,2020-09-07 18:48:35,9,m2_b0127,6,train/images/002_20200907_184835(6).png,train/labels/002_20200907_184835(6).txt
002_20200907_184838(9),train,team,lee,2,316,332,2020-09-07 18:48:38,9,m2_b0127,9,train/images/002_20200907_184838(9).png,train/labels/002_20200907_184838(9).txt
002_20200907_184841(6),train,team,lee,2,316,332,2020-09-07 18:48:41,9,m2_b0127,6,train/images/002_20200907_184841(6).png,train/labels/002_20200907_184841(6).txt
002_20200907_184844(1),train,team,lee,2,316,332,2020-09-07 18:48:44,9,m2_b0127,1,train/images/002_20200907_184844(1).png,train/labels/002_20200907_184844(1).txt
002_20200907_184846(7),train,team,lee,2,316,332,2020-09-07 18:48:46,9,m2_b0127,7,train/images/002_20200907_184846(7).png,train/labels/002_20200907_184846(7).txt
002_20200907_204436(3),train,team,jung,2,316,332,2020-09-07 20:44:36,9,m2_b0128,3,train/images/002_20200907_204436(3).png,train/labels/002_20200907_204436(3).txt
002_20200907_204440(8),train,team,jung,2,316,332,2020-09-07 20:44:40,9,m2_b0128,8,train/images/002_20200907_204440(8).png,train/labels/002_20200907_204440(8).txt
002_20200907_204445(2),train,team,jung,2,316,332,2020-09-07 20:44:45,9,m2_b0128,2,train/images/002_20200907_204445(2).png,train/labels/002_20200907_204445(2).txt
002_20200907_204449(9),train,team,jung,2,316,332,2020-09-07 20:44:49,9,m2_b0128,9,train/images/002_20200907_204449(9).png,train/labels/002_20200907_204449(9).txt
002_20200907_204454(2),train,team,jung,2,316,332,2020-09-07 20:44:54,9,m2_b0128,2,train/images/002_20200907_204454(2).png,train/labels/002_20200907_204454(2).txt
002_20200907_204458(7),train,team,jung,2,316,332,2020-09-07 20:44:58,9,m2_b0128,7,train/images/002_20200907_204458(7).png,train/labels/002_20200907_204458(7).txt
002_20200908_003059(0),train,team,heo,2,316,332,2020-09-08 00:30:59,9,m2_b0129,0,train/images/002_20200908_003059(0).png,train/labels/002_20200908_003059(0).txt
002_20200908_003103(2),train,team,heo,2,316,332,2020-09-08 00:31:03,9,m2_b0129,2,train/images/002_20200908_003103(2).png,train/labels/002_20200908_003103(2).txt
002_20200908_003107(5),train,team,heo,2,316,332,2020-09-08 00:31:07,9,m2_b0129,5,train/images/002_20200908_003107(5).png,train/labels/002_20200908_003107(5).txt
002_20200908_003111(0),train,team,heo,2,316,332,2020-09-08 00:31:11,9,m2_b0129,0,train/images/002_20200908_003111(0).png,train/labels/002_20200908_003111(0).txt
002_20200908_003115(3),train,team,heo,2,316,332,2020-09-08 00:31:15,9,m2_b0129,3,train/images/002_20200908_003115(3).png,train/labels/002_20200908_003115(3).txt
002_20200908_003119(9),train,team,heo,2,316,332,2020-09-08 00:31:19,9,m2_b0129,9,train/images/002_20200908_003119(9).png,train/labels/002_20200908_003119(9).txt
002_20200908_043119(7),test,team,lee,2,316,332,2020-09-08 04:31:19,9,m2_b0130,7,test/images/002_20200908_043119(7).png,test/labels/002_20200908_043119(7).txt
002_20200908_043124(3),test,team,lee,2,316,332,2020-09-08 04:31:24,9,m2_b0130,3,test/images/002_20200908_043124(3).png,test/labels/002_20200908_043124(3).txt
002_20200908_043128(8),test,team,lee,2,316,332,2020-09-08 04:31:28,9,m2_b0130,8,test/images/002_20200908_043128(8).png,test/labels/002_20200908_043128(8).txt
002_20200908_043133(4),test,team,lee,2,316,332,2020-09-08 04:31:33,9,m2_b0130,4,test/images/002_20200908_043133(4).png,test/labels/002_20200908_043133(4).txt
002_20200908_043137(8),test,team,lee,2,316,332,2020-09-08 04:31:37,9,m2_b0130,8,test/images/002_20200908_043137(8).png,test/labels/002_20200908_043137(8).txt
002_20200908_043142(4),test,team,lee,2,316,332,2020-09-08 04:31:42,9,m2_b0130,4,test/images/002_20200908_043142(4).png,test/labels/002_20200908_043142(4).txt
002_20200912_021355(2),train,team,jung,2,316,332,2020-09-12 02:13:55,9,m2_b0131,2,train/images/002_20200912_021355(2).png,train/labels/002_20200912_021355(2).txt
002_20200912_021400(1),train,team,jung,2,316,332,2020-09-12 02:14:00,9,m2_b0131,1,train/images/002_20200912_021400(1).png,train/labels/002_20200912_021400(1).txt
002_20200912_021403(1),train,team,jung,2,316,332,2020-09-12 02:14:03,9,m2_b0131,1,train/images/002_20200912_021403(1).png,train/labels/002_20200912_021403(1).txt
002_20200912_021406(0),train,team,jung,2,316,332,2020-09-12 02:14:06,9,m2_b0131,0,train/images/002_20200912_021406(0).png,train/labels/002_20200912_021406(0).txt
002_20200912_021409(1),train,team,jung,2,316,332,2020-09-12 02:14:09,9,m2_b0131,1,train/images/002_20200912_021409(1).png,train/labels/002_20200912_021409(1).txt
002_20200912_021412(4),train,team,jung,2,316,332,2020-09-12 02:14:12,9,m2_b0131,4,train/images/002_20200912_021412(4).png,train/labels/002_20200912_021412(4).txt
002_20200912_043058(7),train,team,heo,2,316,332,2020-09-12 04:30:58,9,m2_b0132,7,train/images/002_20200912_043058(7).png,train/labels/002_20200912_043058(7).txt
002_20200912_043103(1),train,team,heo,2,316,332,2020-09-12 04:31:03,9,m2_b0132,1,train/images/002_20200912_043103(1).png,train/labels/002_20200912_043103(1).txt
002_20200912_043107(6),train,team,heo,2,316,332,2020-09-12 04:31:07,9,m2_b0132,6,train/images/002_20200912_043107(6).png,train/labels/002_20200912_043107(6).txt
002_20200912_043112(2),train,team,heo,2,316,332,2020-09-12 04:31:12,9,m2_b0132,2,train/images/002_20200912_043112(2).png,train/labels/002_20200912_043112(2).txt
002_20200912_043116(6),train,team,heo,2,316,332,2020-09-12 04:31:16,9,m2_b0132,6,train/images/002_20200912_043116(6).png,train/labels/002_20200912_043116(6).txt
002_20200912_043121(1),train,team,heo,2,316,332,2020-09-12 04:31:21,9,m2_b0132,1,train/images/002_20200912_043121(1).png,train/labels/002_20200912_043121(1).txt
002_20200912_122945(7),train,team,lee,2,316,332,2020-09-12 12:29:45,9,m2_b0133,7,train/images/002_20200912_122945(7).png,train/labels/002_20200912_122945(7).txt
002_20200912_122948(3),train,team,lee,2,316,332,2020-09-12 12:29:48,9,m2_b0133,3,train/images/002_20200912_122948(3).png,train/labels/002_20200912_122948(3).txt
002_20200912_122951(2),train,team,lee,2,316,332,2020-09-12 12:29:51,9,m2_b0133,2,train/images/002_20200912_122951(2).png,train/labels/002_20200912_122951(2).txt
002_20200912_122954(2),train,team,lee,2,316,332,2020-09-12 12:29:54,9,m2_b0133,2,train/images/002_20200912_122954(2).png,train/labels/002_20200912_122954(2).txt
002_20200912_122957(0),train,team,lee,2,316,332,2020-09-12 12:29:57,9,m2_b0133,0,train/images/002_20200912_122957(0).png,train/labels/002_20200912_122957(0).txt
002_20200912_122959(9),train,team,lee,2,316,332,2020-09-12 12:29:59,9,m2_b0133,9,train/images/002_20200912_122959(9).png,train/labels/002_20200912_122959(9).txt
002_20200912_163155(6),train,team,jung,2,316,332,2020-09-12 16:31:55,9,m2_b0134,6,train/images/002_20200912_163155(6).png,train/labels/002_20200912_163155(6).txt
002_20200912_163158(6),train,team,jung,2,316,332,2020-09-12 16:31:58,9,m2_b0134,6,train/images/002_20200912_163158(6).png,train/labels/002_20200912_163158(6).txt
002_20200912_163201(5),train,team,jung,2,316,332,2020-09-12 16:32:01,9,m2_b0134,5,train/images/002_20200912_163201(5).png,train/labels/002_20200912_163201(5).txt
002_20200912_163204(3),train,team,jung,2,316,332,2020-09-12 16:32:04,9,m2_b0134,3,train/images/002_20200912_163204(3).png,train/labels/002_20200912_163204(3).txt
002_20200912_163207(3),train,team,jung,2,316,332,2020-09-12 16:32:07,9,m2_b0134,3,train/images/002_20200912_163207(3).png,train/labels/002_20200912_163207(3).txt
002_20200912_163210(1),train,team,jung,2,316,332,2020-09-12 16:32:10,9,m2_b0134,1,train/images/002_20200912_163210(1).png,train/labels/002_20200912_163210(1).txt
002_20200912_202615(6),train,team,heo,2,316,332,2020-09-12 20:26:15,9,m2_b0135,6,train/images/002_20200912_202615(6).png,train/labels/002_20200912_202615(6).txt
002_20200912_202620(0),train,team,heo,2,316,332,2020-09-12 20:26:20,9,m2_b0135,0,train/images/002_20200912_202620(0).png,train/labels/002_20200912_202620(0).txt
002_20200912_202624(4),train,team,heo,2,316,332,2020-09-12 20:26:24,9,m2_b0135,4,train/images/002_20200912_202624(4).png,train/labels/002_20200912_202624(4).txt
002_20200912_202629(0),train,team,heo,2,316,332,2020-09-12 20:26:29,9,m2_b0135,0,train/images/002_20200912_202629(0).png,train/labels/002_20200912_202629(0).txt
002_20200912_202633(4),train,team,heo,2,316,332,2020-09-12 20:26:33,9,m2_b0135,4,train/images/002_20200912_202633(4).png,train/labels/002_20200912_202633(4).txt
002_20200912_202637(9),train,team,heo,2,316,332,2020-09-12 20:26:37,9,m2_b0135,9,train/images/002_20200912_202637(9).png,train/labels/002_20200912_202637(9).txt
002_20200914_082856(6),train,team,lee,2,316,332,2020-09-14 08:28:56,9,m2_b0136,6,train/images/002_20200914_082856(6).png,train/labels/002_20200914_082856(6).txt
002_20200914_082900(7),train,team,lee,2,316,332,2020-09-14 08:29:00,9,m2_b0136,7,train/images/002_20200914_082900(7).png,train/labels/002_20200914_082900(7).txt
002_20200914_082903(8),train,team,lee,2,316,332,2020-09-14 08:29:03,9,m2_b0136,8,train/images/002_20200914_082903(8).png,train/labels/002_20200914_082903(8).txt
002_20200914_082906(7),train,team,lee,2,316,332,2020-09-14 08:29:06,9,m2_b0136,7,train/images/002_20200914_082906(7).png,train/labels/002_20200914_082906(7).txt
002_20200914_082909(7),train,team,lee,2,316,332,2020-09-14 08:29:09,9,m2_b0136,7,train/images/002_20200914_082909(7).png,train/labels/002_20200914_082909(7).txt
002_20200914_082913(3),train,team,lee,2,316,332,2020-09-14 08:29:13,9,m2_b0136,3,train/images/002_20200914_082913(3).png,train/labels/002_20200914_082913(3).txt
002_20200914_123939(3),train,team,jung,2,316,332,2020-09-14 12:39:39,9,m2_b0137,3,train/images/002_20200914_123939(3).png,train/labels/002_20200914_123939(3).txt
002_20200914_123943(9),train,team,jung,2,316,332,2020-09-14 12:39:43,9,m2_b0137,9,train/images/002_20200914_123943(9).png,train/labels/002_20200914_123943(9).txt
002_20200914_123948(3),train,team,jung,2,316,332,2020-09-14 12:39:48,9,m2_b0137,3,train/images/002_20200914_123948(3).png,train/labels/002_20200914_123948(3).txt
002_20200914_123952(7),train,team,jung,2,316,332,2020-09-14 12:39:52,9,m2_b0137,7,train/images/002_20200914_123952(7).png,train/labels/002_20200914_123952(7).txt
002_20200914_123957(3),train,team,jung,2,316,332,2020-09-14 12:39:57,9,m2_b0137,3,train/images/002_20200914_123957(3).png,train/labels/002_20200914_123957(3).txt
002_20200914_124001(9),train,team,jung,2,316,332,2020-09-14 12:40:01,9,m2_b0137,9,train/images/002_20200914_124001(9).png,train/labels/002_20200914_124001(9).txt
002_20200914_163059(4),train,team,heo,2,316,332,2020-09-14 16:30:59,9,m2_b0138,4,train/images/002_20200914_163059(4).png,train/labels/002_20200914_163059(4).txt
002_20200914_163104(0),train,team,heo,2,316,332,2020-09-14 16:31:04,9,m2_b0138,0,train/images/002_20200914_163104(0).png,train/labels/002_20200914_163104(0).txt
002_20200914_163108(5),train,team,heo,2,316,332,2020-09-14 16:31:08,9,m2_b0138,5,train/images/002_20200914_163108(5).png,train/labels/002_20200914_163108(5).txt
002_20200914_163113(0),train,team,heo,2,316,332,2020-09-14 16:31:13,9,m2_b0138,0,train/images/002_20200914_163113(0).png,train/labels/002_20200914_163113(0).txt
002_20200914_163117(5),train,team,heo,2,316,332,2020-09-14 16:31:17,9,m2_b0138,5,train/images/002_20200914_163117(5).png,train/labels/002_20200914_163117(5).txt
002_20200914_163122(1),train,team,heo,2,316,332,2020-09-14 16:31:22,9,m2_b0138,1,train/images/002_20200914_163122(1).png,train/labels/002_20200914_163122(1).txt
002_20200914_203029(2),test,team,lee,2,316,332,2020-09-14 20:30:29,9,m2_b0139,2,test/images/002_20200914_203029(2).png,test/labels/002_20200914_203029(2).txt
002_20200914_203032(1),test,team,lee,2,316,332,2020-09-14 20:30:32,9,m2_b0139,1,test/images/002_20200914_203032(1).png,test/labels/002_20200914_203032(1).txt
002_20200914_203035(2),test,team,lee,2,316,332,2020-09-14 20:30:35,9,m2_b0139,2,test/images/002_20200914_203035(2).png,test/labels/002_20200914_203035(2).txt
002_20200914_203038(1),test,team,lee,2,316,332,2020-09-14 20:30:38,9,m2_b0139,1,test/images/002_20200914_203038(1).png,test/labels/002_20200914_203038(1).txt
002_20200914_203041(1),test,team,lee,2,316,332,2020-09-14 20:30:41,9,m2_b0139,1,test/images/002_20200914_203041(1).png,test/labels/002_20200914_203041(1).txt
002_20200914_203045(7),test,team,lee,2,316,332,2020-09-14 20:30:45,9,m2_b0139,7,test/images/002_20200914_203045(7).png,test/labels/002_20200914_203045(7).txt
002_20200915_003459(4),train,team,jung,2,316,332,2020-09-15 00:34:59,9,m2_b0140,4,train/images/002_20200915_003459(4).png,train/labels/002_20200915_003459(4).txt
002_20200915_003502(0),train,team,jung,2,316,332,2020-09-15 00:35:02,9,m2_b0140,0,train/images/002_20200915_003502(0).png,train/labels/002_20200915_003502(0).txt
002_20200915_003504(5),train,team,jung,2,316,332,2020-09-15 00:35:04,9,m2_b0140,5,train/images/002_20200915_003504(5).png,train/labels/002_20200915_003504(5).txt
002_20200915_003507(2),train,team,jung,2,316,332,2020-09-15 00:35:07,9,m2_b0140,2,train/images/002_20200915_003507(2).png,train/labels/002_20200915_003507(2).txt
002_20200915_003509(8),train,team,jung,2,316,332,2020-09-15 00:35:09,9,m2_b0140,8,train/images/002_20200915_003509(8).png,train/labels/002_20200915_003509(8).txt
002_20200915_003512(4),train,team,jung,2,316,332,2020-09-15 00:35:12,9,m2_b0140,4,train/images/002_20200915_003512(4).png,train/labels/002_20200915_003512(4).txt
002_20200915_043405(0),train,team,heo,2,316,332,2020-09-15 04:34:05,9,m2_b0141,0,train/images/002_20200915_043405(0).png,train/labels/002_20200915_043405(0).txt
002_20200915_043410(8),train,team,heo,2,316,332,2020-09-15 04:34:10,9,m2_b0141,8,train/images/002_20200915_043410(8).png,train/labels/002_20200915_043410(8).txt
002_20200915_043413(6),train,team,heo,2,316,332,2020-09-15 04:34:13,9,m2_b0141,6,train/images/002_20200915_043413(6).png,train/labels/002_20200915_043413(6).txt
002_20200915_043416(5),train,team,heo,2,316,332,2020-09-15 04:34:16,9,m2_b0141,5,train/images/002_20200915_043416(5).png,train/labels/002_20200915_043416(5).txt
002_20200915_043419(5),train,team,heo,2,316,332,2020-09-15 04:34:19,9,m2_b0141,5,train/images/002_20200915_043419(5).png,train/labels/002_20200915_043419(5).txt
002_20200915_043422(4),train,team,heo,2,316,332,2020-09-15 04:34:22,9,m2_b0141,4,train/images/002_20200915_043422(4).png,train/labels/002_20200915_043422(4).txt
002_20200915_083044(8),val,team,lee,2,316,332,2020-09-15 08:30:44,9,m2_b0142,8,val/images/002_20200915_083044(8).png,val/labels/002_20200915_083044(8).txt
002_20200915_083047(9),val,team,lee,2,316,332,2020-09-15 08:30:47,9,m2_b0142,9,val/images/002_20200915_083047(9).png,val/labels/002_20200915_083047(9).txt
002_20200915_083050(8),val,team,lee,2,316,332,2020-09-15 08:30:50,9,m2_b0142,8,val/images/002_20200915_083050(8).png,val/labels/002_20200915_083050(8).txt
002_20200915_083053(9),val,team,lee,2,316,332,2020-09-15 08:30:53,9,m2_b0142,9,val/images/002_20200915_083053(9).png,val/labels/002_20200915_083053(9).txt
002_20200915_083056(9),val,team,lee,2,316,332,2020-09-15 08:30:56,9,m2_b0142,9,val/images/002_20200915_083056(9).png,val/labels/002_20200915_083056(9).txt
002_20200915_083059(9),val,team,lee,2,316,332,2020-09-15 08:30:59,9,m2_b0142,9,val/images/002_20200915_083059(9).png,val/labels/002_20200915_083059(9).txt
002_20200915_123120(2),train,team,jung,2,316,332,2020-09-15 12:31:20,9,m2_b0143,2,train/images/002_20200915_123120(2).png,train/labels/002_20200915_123120(2).txt
002_20200915_123124(8),train,team,jung,2,316,332,2020-09-15 12:31:24,9,m2_b0143,8,train/images/002_20200915_123124(8).png,train/labels/002_20200915_123124(8).txt
002_20200915_123129(4),train,team,jung,2,316,332,2020-09-15 12:31:29,9,m2_b0143,4,train/images/002_20200915_123129(4).png,train/labels/002_20200915_123129(4).txt
002_20200915_123133(8),train,team,jung,2,316,332,2020-09-15 12:31:33,9,m2_b0143,8,train/images/002_20200915_123133(8).png,train/labels/002_20200915_123133(8).txt
002_20200915_123138(3),train,team,jung,2,316,332,2020-09-15 12:31:38,9,m2_b0143,3,train/images/002_20200915_123138(3).png,train/labels/002_20200915_123138(3).txt
002_20200915_123142(8),train,team,jung,2,316,332,2020-09-15 12:31:42,9,m2_b0143,8,train/images/002_20200915_123142(8).png,train/labels/002_20200915_123142(8).txt
002_20200915_163147(0),train,team,heo,2,316,332,2020-09-15 16:31:47,9,m2_b0144,0,train/images/002_20200915_163147(0).png,train/labels/002_20200915_163147(0).txt
002_20200915_163150(3),train,team,heo,2,316,332,2020-09-15 16:31:50,9,m2_b0144,3,train/images/002_20200915_163150(3).png,train/labels/002_20200915_163150(3).txt
002_20200915_163153(6),train,team,heo,2,316,332,2020-09-15 16:31:53,9,m2_b0144,6,train/images/002_20200915_163153(6).png,train/labels/002_20200915_163153(6).txt
002_20200915_163158(2),train,team,heo,2,316,332,2020-09-15 16:31:58,9,m2_b0144,2,train/images/002_20200915_163158(2).png,train/labels/002_20200915_163158(2).txt
002_20200915_163204(1),train,team,heo,2,316,332,2020-09-15 16:32:04,9,m2_b0144,1,train/images/002_20200915_163204(1).png,train/labels/002_20200915_163204(1).txt
002_20200915_163207(2),train,team,heo,2,316,332,2020-09-15 16:32:07,9,m2_b0144,2,train/images/002_20200915_163207(2).png,train/labels/002_20200915_163207(2).txt
002_20200915_203221(1),train,team,lee,2,316,332,2020-09-15 20:32:21,9,m2_b0145,1,train/images/002_20200915_203221(1).png,train/labels/002_20200915_203221(1).txt
002_20200915_203224(0),train,team,lee,2,316,332,2020-09-15 20:32:24,9,m2_b0145,0,train/images/002_20200915_203224(0).png,train/labels/002_20200915_203224(0).txt
002_20200915_203227(0),train,team,lee,2,316,332,2020-09-15 20:32:27,9,m2_b0145,0,train/images/002_20200915_203227(0).png,train/labels/002_20200915_203227(0).txt
002_20200915_203230(0),train,team,lee,2,316,332,2020-09-15 20:32:30,9,m2_b0145,0,train/images/002_20200915_203230(0).png,train/labels/002_20200915_203230(0).txt
002_20200915_203233(0),train,team,lee,2,316,332,2020-09-15 20:32:33,9,m2_b0145,0,train/images/002_20200915_203233(0).png,train/labels/002_20200915_203233(0).txt
002_20200915_203236(0),train,team,lee,2,316,332,2020-09-15 20:32:36,9,m2_b0145,0,train/images/002_20200915_203236(0).png,train/labels/002_20200915_203236(0).txt
002_20200915_215738(0),train,team,jung,2,316,332,2020-09-15 21:57:38,9,m2_b0146,0,train/images/002_20200915_215738(0).png,train/labels/002_20200915_215738(0).txt
002_20200916_003108(4),train,team,jung,2,316,332,2020-09-16 00:31:08,9,m2_b0147,4,train/images/002_20200916_003108(4).png,train/labels/002_20200916_003108(4).txt
002_20200916_003111(4),train,team,jung,2,316,332,2020-09-16 00:31:11,9,m2_b0147,4,train/images/002_20200916_003111(4).png,train/labels/002_20200916_003111(4).txt
002_20200916_003114(5),train,team,jung,2,316,332,2020-09-16 00:31:14,9,m2_b0147,5,train/images/002_20200916_003114(5).png,train/labels/002_20200916_003114(5).txt
002_20200916_003117(4),train,team,jung,2,316,332,2020-09-16 00:31:17,9,m2_b0147,4,train/images/002_20200916_003117(4).png,train/labels/002_20200916_003117(4).txt
002_20200916_003120(4),train,team,jung,2,316,332,2020-09-16 00:31:20,9,m2_b0147,4,train/images/002_20200916_003120(4).png,train/labels/002_20200916_003120(4).txt
002_20200916_003123(4),train,team,jung,2,316,332,2020-09-16 00:31:23,9,m2_b0147,4,train/images/002_20200916_003123(4).png,train/labels/002_20200916_003123(4).txt
002_20200916_043144(0),val,team,heo,2,316,332,2020-09-16 04:31:44,9,m2_b0148,0,val/images/002_20200916_043144(0).png,val/labels/002_20200916_043144(0).txt
002_20200916_043146(9),val,team,heo,2,316,332,2020-09-16 04:31:46,9,m2_b0148,9,val/images/002_20200916_043146(9).png,val/labels/002_20200916_043146(9).txt
002_20200916_043150(0),val,team,heo,2,316,332,2020-09-16 04:31:50,9,m2_b0148,0,val/images/002_20200916_043150(0).png,val/labels/002_20200916_043150(0).txt
002_20200916_043152(7),val,team,heo,2,316,332,2020-09-16 04:31:52,9,m2_b0148,7,val/images/002_20200916_043152(7).png,val/labels/002_20200916_043152(7).txt
002_20200916_043155(6),val,team,heo,2,316,332,2020-09-16 04:31:55,9,m2_b0148,6,val/images/002_20200916_043155(6).png,val/labels/002_20200916_043155(6).txt
002_20200916_043158(6),val,team,heo,2,316,332,2020-09-16 04:31:58,9,m2_b0148,6,val/images/002_20200916_043158(6).png,val/labels/002_20200916_043158(6).txt
002_20200916_083057(9),val,team,lee,2,316,332,2020-09-16 08:30:57,9,m2_b0149,9,val/images/002_20200916_083057(9).png,val/labels/002_20200916_083057(9).txt
002_20200916_083102(3),val,team,lee,2,316,332,2020-09-16 08:31:02,9,m2_b0149,3,val/images/002_20200916_083102(3).png,val/labels/002_20200916_083102(3).txt
002_20200916_083106(8),val,team,lee,2,316,332,2020-09-16 08:31:06,9,m2_b0149,8,val/images/002_20200916_083106(8).png,val/labels/002_20200916_083106(8).txt
002_20200916_083111(3),val,team,lee,2,316,332,2020-09-16 08:31:11,9,m2_b0149,3,val/images/002_20200916_083111(3).png,val/labels/002_20200916_083111(3).txt
002_20200916_083115(8),val,team,lee,2,316,332,2020-09-16 08:31:15,9,m2_b0149,8,val/images/002_20200916_083115(8).png,val/labels/002_20200916_083115(8).txt
002_20200916_083120(2),val,team,lee,2,316,332,2020-09-16 08:31:20,9,m2_b0149,2,val/images/002_20200916_083120(2).png,val/labels/002_20200916_083120(2).txt
002_20200916_122640(9),val,team,jung,2,316,332,2020-09-16 12:26:40,9,m2_b0150,9,val/images/002_20200916_122640(9).png,val/labels/002_20200916_122640(9).txt
002_20200916_122645(5),val,team,jung,2,316,332,2020-09-16 12:26:45,9,m2_b0150,5,val/images/002_20200916_122645(5).png,val/labels/002_20200916_122645(5).txt
002_20200916_122650(1)__m2,val,team,jung,2,316,332,2020-09-16 12:26:50,9,m2_b0150,1,val/images/002_20200916_122650(1)__m2.png,val/labels/002_20200916_122650(1)__m2.txt
002_20200916_122654(5),val,team,jung,2,316,332,2020-09-16 12:26:54,9,m2_b0150,5,val/images/002_20200916_122654(5).png,val/labels/002_20200916_122654(5).txt
002_20200916_122659(0),val,team,jung,2,316,332,2020-09-16 12:26:59,9,m2_b0150,0,val/images/002_20200916_122659(0).png,val/labels/002_20200916_122659(0).txt
002_20200916_122703(5),val,team,jung,2,316,332,2020-09-16 12:27:03,9,m2_b0150,5,val/images/002_20200916_122703(5).png,val/labels/002_20200916_122703(5).txt
002_20200916_203132(4),train,team,heo,2,316,332,2020-09-16 20:31:32,9,m2_b0151,4,train/images/002_20200916_203132(4).png,train/labels/002_20200916_203132(4).txt
002_20200916_203136(3),train,team,heo,2,316,332,2020-09-16 20:31:36,9,m2_b0151,3,train/images/002_20200916_203136(3).png,train/labels/002_20200916_203136(3).txt
002_20200916_203140(2),train,team,heo,2,316,332,2020-09-16 20:31:40,9,m2_b0151,2,train/images/002_20200916_203140(2).png,train/labels/002_20200916_203140(2).txt
002_20200916_203144(3),train,team,heo,2,316,332,2020-09-16 20:31:44,9,m2_b0151,3,train/images/002_20200916_203144(3).png,train/labels/002_20200916_203144(3).txt
002_20200916_203148(2),train,team,heo,2,316,332,2020-09-16 20:31:48,9,m2_b0151,2,train/images/002_20200916_203148(2).png,train/labels/002_20200916_203148(2).txt
002_20200916_203152(3),train,team,heo,2,316,332,2020-09-16 20:31:52,9,m2_b0151,3,train/images/002_20200916_203152(3).png,train/labels/002_20200916_203152(3).txt
002_20200917_003224(9),test,team,lee,2,316,332,2020-09-17 00:32:24,9,m2_b0152,9,test/images/002_20200917_003224(9).png,test/labels/002_20200917_003224(9).txt
002_20200917_003228(7),test,team,lee,2,316,332,2020-09-17 00:32:28,9,m2_b0152,7,test/images/002_20200917_003228(7).png,test/labels/002_20200917_003228(7).txt
002_20200917_003234(6),test,team,lee,2,316,332,2020-09-17 00:32:34,9,m2_b0152,6,test/images/002_20200917_003234(6).png,test/labels/002_20200917_003234(6).txt
002_20200917_003238(7),test,team,lee,2,316,332,2020-09-17 00:32:38,9,m2_b0152,7,test/images/002_20200917_003238(7).png,test/labels/002_20200917_003238(7).txt
002_20200917_003242(7),test,team,lee,2,316,332,2020-09-17 00:32:42,9,m2_b0152,7,test/images/002_20200917_003242(7).png,test/labels/002_20200917_003242(7).txt
002_20200917_003246(7),test,team,lee,2,316,332,2020-09-17 00:32:46,9,m2_b0152,7,test/images/002_20200917_003246(7).png,test/labels/002_20200917_003246(7).txt
002_20200917_043058(6),train,team,jung,2,316,332,2020-09-17 04:30:58,9,m2_b0153,6,train/images/002_20200917_043058(6).png,train/labels/002_20200917_043058(6).txt
002_20200917_043102(6),train,team,jung,2,316,332,2020-09-17 04:31:02,9,m2_b0153,6,train/images/002_20200917_043102(6).png,train/labels/002_20200917_043102(6).txt
002_20200917_043106(5),train,team,jung,2,316,332,2020-09-17 04:31:06,9,m2_b0153,5,train/images/002_20200917_043106(5).png,train/labels/002_20200917_043106(5).txt
002_20200917_043110(7),train,team,jung,2,316,332,2020-09-17 04:31:10,9,m2_b0153,7,train/images/002_20200917_043110(7).png,train/labels/002_20200917_043110(7).txt
002_20200917_043114(6),train,team,jung,2,316,332,2020-09-17 04:31:14,9,m2_b0153,6,train/images/002_20200917_043114(6).png,train/labels/002_20200917_043114(6).txt
002_20200917_043118(5),train,team,jung,2,316,332,2020-09-17 04:31:18,9,m2_b0153,5,train/images/002_20200917_043118(5).png,train/labels/002_20200917_043118(5).txt
002_20200917_083825(7),train,team,heo,2,316,332,2020-09-17 08:38:25,9,m2_b0154,7,train/images/002_20200917_083825(7).png,train/labels/002_20200917_083825(7).txt
002_20200917_083829(7),train,team,heo,2,316,332,2020-09-17 08:38:29,9,m2_b0154,7,train/images/002_20200917_083829(7).png,train/labels/002_20200917_083829(7).txt
002_20200917_083833(6),train,team,heo,2,316,332,2020-09-17 08:38:33,9,m2_b0154,6,train/images/002_20200917_083833(6).png,train/labels/002_20200917_083833(6).txt
002_20200917_083836(7),train,team,heo,2,316,332,2020-09-17 08:38:36,9,m2_b0154,7,train/images/002_20200917_083836(7).png,train/labels/002_20200917_083836(7).txt
002_20200917_083840(1),train,team,heo,2,316,332,2020-09-17 08:38:40,9,m2_b0154,1,train/images/002_20200917_083840(1).png,train/labels/002_20200917_083840(1).txt
002_20200917_083843(4),train,team,heo,2,316,332,2020-09-17 08:38:43,9,m2_b0154,4,train/images/002_20200917_083843(4).png,train/labels/002_20200917_083843(4).txt
002_20200917_123114(9),train,team,lee,2,316,332,2020-09-17 12:31:14,9,m2_b0155,9,train/images/002_20200917_123114(9).png,train/labels/002_20200917_123114(9).txt
002_20200917_123118(9),train,team,lee,2,316,332,2020-09-17 12:31:18,9,m2_b0155,9,train/images/002_20200917_123118(9).png,train/labels/002_20200917_123118(9).txt
002_20200917_123122(9),train,team,lee,2,316,332,2020-09-17 12:31:22,9,m2_b0155,9,train/images/002_20200917_123122(9).png,train/labels/002_20200917_123122(9).txt
002_20200917_123126(9),train,team,lee,2,316,332,2020-09-17 12:31:26,9,m2_b0155,9,train/images/002_20200917_123126(9).png,train/labels/002_20200917_123126(9).txt
002_20200917_123130(9),train,team,lee,2,316,332,2020-09-17 12:31:30,9,m2_b0155,9,train/images/002_20200917_123130(9).png,train/labels/002_20200917_123130(9).txt
002_20200917_123135(0),train,team,lee,2,316,332,2020-09-17 12:31:35,9,m2_b0155,0,train/images/002_20200917_123135(0).png,train/labels/002_20200917_123135(0).txt
002_20200917_162827(5),train,team,jung,2,316,332,2020-09-17 16:28:27,9,m2_b0156,5,train/images/002_20200917_162827(5).png,train/labels/002_20200917_162827(5).txt
002_20200917_162841(6),train,team,jung,2,316,332,2020-09-17 16:28:41,9,m2_b0156,6,train/images/002_20200917_162841(6).png,train/labels/002_20200917_162841(6).txt
002_20200917_162845(6),train,team,jung,2,316,332,2020-09-17 16:28:45,9,m2_b0156,6,train/images/002_20200917_162845(6).png,train/labels/002_20200917_162845(6).txt
002_20200917_162851(6),train,team,jung,2,316,332,2020-09-17 16:28:51,9,m2_b0156,6,train/images/002_20200917_162851(6).png,train/labels/002_20200917_162851(6).txt
002_20200917_162855(9),train,team,jung,2,316,332,2020-09-17 16:28:55,9,m2_b0156,9,train/images/002_20200917_162855(9).png,train/labels/002_20200917_162855(9).txt
002_20200917_162859(9),train,team,jung,2,316,332,2020-09-17 16:28:59,9,m2_b0156,9,train/images/002_20200917_162859(9).png,train/labels/002_20200917_162859(9).txt
002_20200917_203038(6),train,team,heo,2,316,332,2020-09-17 20:30:38,9,m2_b0157,6,train/images/002_20200917_203038(6).png,train/labels/002_20200917_203038(6).txt
002_20200917_203042(6),train,team,heo,2,316,332,2020-09-17 20:30:42,9,m2_b0157,6,train/images/002_20200917_203042(6).png,train/labels/002_20200917_203042(6).txt
002_20200917_203046(7),train,team,heo,2,316,332,2020-09-17 20:30:46,9,m2_b0157,7,train/images/002_20200917_203046(7).png,train/labels/002_20200917_203046(7).txt
002_20200917_203050(7),train,team,heo,2,316,332,2020-09-17 20:30:50,9,m2_b0157,7,train/images/002_20200917_203050(7).png,train/labels/002_20200917_203050(7).txt
002_20200917_203054(5),train,team,heo,2,316,332,2020-09-17 20:30:54,9,m2_b0157,5,train/images/002_20200917_203054(5).png,train/labels/002_20200917_203054(5).txt
002_20200917_203058(6),train,team,heo,2,316,332,2020-09-17 20:30:58,9,m2_b0157,6,train/images/002_20200917_203058(6).png,train/labels/002_20200917_203058(6).txt
002_20200918_003519(6),train,team,lee,2,316,332,2020-09-18 00:35:19,9,m2_b0158,6,train/images/002_20200918_003519(6).png,train/labels/002_20200918_003519(6).txt
002_20200918_003523(4),train,team,lee,2,316,332,2020-09-18 00:35:23,9,m2_b0158,4,train/images/002_20200918_003523(4).png,train/labels/002_20200918_003523(4).txt
002_20200918_003527(3),train,team,lee,2,316,332,2020-09-18 00:35:27,9,m2_b0158,3,train/images/002_20200918_003527(3).png,train/labels/002_20200918_003527(3).txt
002_20200918_003531(2),train,team,lee,2,316,332,2020-09-18 00:35:31,9,m2_b0158,2,train/images/002_20200918_003531(2).png,train/labels/002_20200918_003531(2).txt
002_20200918_003535(0),train,team,lee,2,316,332,2020-09-18 00:35:35,9,m2_b0158,0,train/images/002_20200918_003535(0).png,train/labels/002_20200918_003535(0).txt
002_20200918_003538(9),train,team,lee,2,316,332,2020-09-18 00:35:38,9,m2_b0158,9,train/images/002_20200918_003538(9).png,train/labels/002_20200918_003538(9).txt
002_20200918_043323(0),test,team,jung,2,316,332,2020-09-18 04:33:23,9,m2_b0159,0,test/images/002_20200918_043323(0).png,test/labels/002_20200918_043323(0).txt
002_20200918_043326(6),test,team,jung,2,316,332,2020-09-18 04:33:26,9,m2_b0159,6,test/images/002_20200918_043326(6).png,test/labels/002_20200918_043326(6).txt
002_20200918_043330(5),test,team,jung,2,316,332,2020-09-18 04:33:30,9,m2_b0159,5,test/images/002_20200918_043330(5).png,test/labels/002_20200918_043330(5).txt
002_20200918_043334(3),test,team,jung,2,316,332,2020-09-18 04:33:34,9,m2_b0159,3,test/images/002_20200918_043334(3).png,test/labels/002_20200918_043334(3).txt
002_20200918_043338(2)__m2,test,team,jung,2,316,332,2020-09-18 04:33:38,9,m2_b0159,2,test/images/002_20200918_043338(2)__m2.png,test/labels/002_20200918_043338(2)__m2.txt
002_20200918_043342(2),test,team,jung,2,316,332,2020-09-18 04:33:42,9,m2_b0159,2,test/images/002_20200918_043342(2).png,test/labels/002_20200918_043342(2).txt
002_20200918_083026(0),val,team,heo,2,316,332,2020-09-18 08:30:26,9,m2_b0160,0,val/images/002_20200918_083026(0).png,val/labels/002_20200918_083026(0).txt
002_20200918_083029(4),val,team,heo,2,316,332,2020-09-18 08:30:29,9,m2_b0160,4,val/images/002_20200918_083029(4).png,val/labels/002_20200918_083029(4).txt
002_20200918_083033(4),val,team,heo,2,316,332,2020-09-18 08:30:33,9,m2_b0160,4,val/images/002_20200918_083033(4).png,val/labels/002_20200918_083033(4).txt
002_20200918_083037(6),val,team,heo,2,316,332,2020-09-18 08:30:37,9,m2_b0160,6,val/images/002_20200918_083037(6).png,val/labels/002_20200918_083037(6).txt
002_20200918_083041(4),val,team,heo,2,316,332,2020-09-18 08:30:41,9,m2_b0160,4,val/images/002_20200918_083041(4).png,val/labels/002_20200918_083041(4).txt
002_20200918_083045(4),val,team,heo,2,316,332,2020-09-18 08:30:45,9,m2_b0160,4,val/images/002_20200918_083045(4).png,val/labels/002_20200918_083045(4).txt
002_20200918_123100(6),train,team,lee,2,316,332,2020-09-18 12:31:00,9,m2_b0161,6,train/images/002_20200918_123100(6).png,train/labels/002_20200918_123100(6).txt
002_20200918_123104(6),train,team,lee,2,316,332,2020-09-18 12:31:04,9,m2_b0161,6,train/images/002_20200918_123104(6).png,train/labels/002_20200918_123104(6).txt
002_20200918_123108(7),train,team,lee,2,316,332,2020-09-18 12:31:08,9,m2_b0161,7,train/images/002_20200918_123108(7).png,train/labels/002_20200918_123108(7).txt
002_20200918_123112(8),train,team,lee,2,316,332,2020-09-18 12:31:12,9,m2_b0161,8,train/images/002_20200918_123112(8).png,train/labels/002_20200918_123112(8).txt
002_20200918_123116(5),train,team,lee,2,316,332,2020-09-18 12:31:16,9,m2_b0161,5,train/images/002_20200918_123116(5).png,train/labels/002_20200918_123116(5).txt
002_20200918_123120(6),train,team,lee,2,316,332,2020-09-18 12:31:20,9,m2_b0161,6,train/images/002_20200918_123120(6).png,train/labels/002_20200918_123120(6).txt
002_20200918_163058(9),train,team,jung,2,316,332,2020-09-18 16:30:58,9,m2_b0162,9,train/images/002_20200918_163058(9).png,train/labels/002_20200918_163058(9).txt
002_20200918_163102(9),train,team,jung,2,316,332,2020-09-18 16:31:02,9,m2_b0162,9,train/images/002_20200918_163102(9).png,train/labels/002_20200918_163102(9).txt
002_20200918_163106(9),train,team,jung,2,316,332,2020-09-18 16:31:06,9,m2_b0162,9,train/images/002_20200918_163106(9).png,train/labels/002_20200918_163106(9).txt
002_20200918_163110(9),train,team,jung,2,316,332,2020-09-18 16:31:10,9,m2_b0162,9,train/images/002_20200918_163110(9).png,train/labels/002_20200918_163110(9).txt
002_20200918_163114(8),train,team,jung,2,316,332,2020-09-18 16:31:14,9,m2_b0162,8,train/images/002_20200918_163114(8).png,train/labels/002_20200918_163114(8).txt
002_20200918_163118(7),train,team,jung,2,316,332,2020-09-18 16:31:18,9,m2_b0162,7,train/images/002_20200918_163118(7).png,train/labels/002_20200918_163118(7).txt
002_20200921_111920(1),val,team,heo,2,316,332,2020-09-21 11:19:20,9,m2_b0163,1,val/images/002_20200921_111920(1).png,val/labels/002_20200921_111920(1).txt
002_20200921_111923(3),val,team,heo,2,316,332,2020-09-21 11:19:23,9,m2_b0163,3,val/images/002_20200921_111923(3).png,val/labels/002_20200921_111923(3).txt
002_20200921_111926(6),val,team,heo,2,316,332,2020-09-21 11:19:26,9,m2_b0163,6,val/images/002_20200921_111926(6).png,val/labels/002_20200921_111926(6).txt
002_20200921_111930(0),val,team,heo,2,316,332,2020-09-21 11:19:30,9,m2_b0163,0,val/images/002_20200921_111930(0).png,val/labels/002_20200921_111930(0).txt
002_20200921_111933(1),val,team,heo,2,316,332,2020-09-21 11:19:33,9,m2_b0163,1,val/images/002_20200921_111933(1).png,val/labels/002_20200921_111933(1).txt
002_20200921_111936(2),val,team,heo,2,316,332,2020-09-21 11:19:36,9,m2_b0163,2,val/images/002_20200921_111936(2).png,val/labels/002_20200921_111936(2).txt
002_20200921_123149(8),train,team,lee,2,316,332,2020-09-21 12:31:49,9,m2_b0164,8,train/images/002_20200921_123149(8).png,train/labels/002_20200921_123149(8).txt
002_20200921_123152(7),train,team,lee,2,316,332,2020-09-21 12:31:52,9,m2_b0164,7,train/images/002_20200921_123152(7).png,train/labels/002_20200921_123152(7).txt
002_20200921_123155(7),train,team,lee,2,316,332,2020-09-21 12:31:55,9,m2_b0164,7,train/images/002_20200921_123155(7).png,train/labels/002_20200921_123155(7).txt
002_20200921_123158(9),train,team,lee,2,316,332,2020-09-21 12:31:58,9,m2_b0164,9,train/images/002_20200921_123158(9).png,train/labels/002_20200921_123158(9).txt
002_20200921_123201(8),train,team,lee,2,316,332,2020-09-21 12:32:01,9,m2_b0164,8,train/images/002_20200921_123201(8).png,train/labels/002_20200921_123201(8).txt
002_20200921_123207(6),train,team,lee,2,316,332,2020-09-21 12:32:07,9,m2_b0164,6,train/images/002_20200921_123207(6).png,train/labels/002_20200921_123207(6).txt
002_20200921_163038(3),test,team,jung,2,316,332,2020-09-21 16:30:38,9,m2_b0165,3,test/images/002_20200921_163038(3).png,test/labels/002_20200921_163038(3).txt
002_20200921_163042(3),test,team,jung,2,316,332,2020-09-21 16:30:42,9,m2_b0165,3,test/images/002_20200921_163042(3).png,test/labels/002_20200921_163042(3).txt
002_20200921_163045(4),test,team,jung,2,316,332,2020-09-21 16:30:45,9,m2_b0165,4,test/images/002_20200921_163045(4).png,test/labels/002_20200921_163045(4).txt
002_20200921_163049(6),test,team,jung,2,316,332,2020-09-21 16:30:49,9,m2_b0165,6,test/images/002_20200921_163049(6).png,test/labels/002_20200921_163049(6).txt
002_20200921_163052(5),test,team,jung,2,316,332,2020-09-21 16:30:52,9,m2_b0165,5,test/images/002_20200921_163052(5).png,test/labels/002_20200921_163052(5).txt
002_20200921_163055(5),test,team,jung,2,316,332,2020-09-21 16:30:55,9,m2_b0165,5,test/images/002_20200921_163055(5).png,test/labels/002_20200921_163055(5).txt
002_20200921_202239(4),test,team,heo,2,316,332,2020-09-21 20:22:39,9,m2_b0166,4,test/images/002_20200921_202239(4).png,test/labels/002_20200921_202239(4).txt
002_20200921_202244(0),test,team,heo,2,316,332,2020-09-21 20:22:44,9,m2_b0166,0,test/images/002_20200921_202244(0).png,test/labels/002_20200921_202244(0).txt
002_20200921_202248(6),test,team,heo,2,316,332,2020-09-21 20:22:48,9,m2_b0166,6,test/images/002_20200921_202248(6).png,test/labels/002_20200921_202248(6).txt
002_20200921_202253(0),test,team,heo,2,316,332,2020-09-21 20:22:53,9,m2_b0166,0,test/images/002_20200921_202253(0).png,test/labels/002_20200921_202253(0).txt
002_20200921_202257(4),test,team,heo,2,316,332,2020-09-21 20:22:57,9,m2_b0166,4,test/images/002_20200921_202257(4).png,test/labels/002_20200921_202257(4).txt
002_20200921_202303(6),test,team,heo,2,316,332,2020-09-21 20:23:03,9,m2_b0166,6,test/images/002_20200921_202303(6).png,test/labels/002_20200921_202303(6).txt
002_20200922_003106(0),train,team,lee,2,316,332,2020-09-22 00:31:06,9,m2_b0167,0,train/images/002_20200922_003106(0).png,train/labels/002_20200922_003106(0).txt
002_20200922_003110(6),train,team,lee,2,316,332,2020-09-22 00:31:10,9,m2_b0167,6,train/images/002_20200922_003110(6).png,train/labels/002_20200922_003110(6).txt
002_20200922_003115(1),train,team,lee,2,316,332,2020-09-22 00:31:15,9,m2_b0167,1,train/images/002_20200922_003115(1).png,train/labels/002_20200922_003115(1).txt
002_20200922_003119(6),train,team,lee,2,316,332,2020-09-22 00:31:19,9,m2_b0167,6,train/images/002_20200922_003119(6).png,train/labels/002_20200922_003119(6).txt
002_20200922_003124(2),train,team,lee,2,316,332,2020-09-22 00:31:24,9,m2_b0167,2,train/images/002_20200922_003124(2).png,train/labels/002_20200922_003124(2).txt
002_20200922_003128(7),train,team,lee,2,316,332,2020-09-22 00:31:28,9,m2_b0167,7,train/images/002_20200922_003128(7).png,train/labels/002_20200922_003128(7).txt
002_20200922_043107(1),train,team,jung,2,316,332,2020-09-22 04:31:07,9,m2_b0168,1,train/images/002_20200922_043107(1).png,train/labels/002_20200922_043107(1).txt
002_20200922_043111(6),train,team,jung,2,316,332,2020-09-22 04:31:11,9,m2_b0168,6,train/images/002_20200922_043111(6).png,train/labels/002_20200922_043111(6).txt
002_20200922_043116(0),train,team,jung,2,316,332,2020-09-22 04:31:16,9,m2_b0168,0,train/images/002_20200922_043116(0).png,train/labels/002_20200922_043116(0).txt
002_20200922_043120(5),train,team,jung,2,316,332,2020-09-22 04:31:20,9,m2_b0168,5,train/images/002_20200922_043120(5).png,train/labels/002_20200922_043120(5).txt
002_20200922_043125(0),train,team,jung,2,316,332,2020-09-22 04:31:25,9,m2_b0168,0,train/images/002_20200922_043125(0).png,train/labels/002_20200922_043125(0).txt
002_20200922_043129(5),train,team,jung,2,316,332,2020-09-22 04:31:29,9,m2_b0168,5,train/images/002_20200922_043129(5).png,train/labels/002_20200922_043129(5).txt
002_20200922_083741(5),train,team,heo,2,316,332,2020-09-22 08:37:41,9,m2_b0169,5,train/images/002_20200922_083741(5).png,train/labels/002_20200922_083741(5).txt
002_20200922_083744(6),train,team,heo,2,316,332,2020-09-22 08:37:44,9,m2_b0169,6,train/images/002_20200922_083744(6).png,train/labels/002_20200922_083744(6).txt
002_20200922_083747(7),train,team,heo,2,316,332,2020-09-22 08:37:47,9,m2_b0169,7,train/images/002_20200922_083747(7).png,train/labels/002_20200922_083747(7).txt
002_20200922_083750(6),train,team,heo,2,316,332,2020-09-22 08:37:50,9,m2_b0169,6,train/images/002_20200922_083750(6).png,train/labels/002_20200922_083750(6).txt
002_20200922_083753(5),train,team,heo,2,316,332,2020-09-22 08:37:53,9,m2_b0169,5,train/images/002_20200922_083753(5).png,train/labels/002_20200922_083753(5).txt
002_20200922_083756(6),train,team,heo,2,316,332,2020-09-22 08:37:56,9,m2_b0169,6,train/images/002_20200922_083756(6).png,train/labels/002_20200922_083756(6).txt
002_20200922_122726(9),train,team,lee,2,316,332,2020-09-22 12:27:26,9,m2_b0170,9,train/images/002_20200922_122726(9).png,train/labels/002_20200922_122726(9).txt
002_20200922_122730(0),train,team,lee,2,316,332,2020-09-22 12:27:30,9,m2_b0170,0,train/images/002_20200922_122730(0).png,train/labels/002_20200922_122730(0).txt
002_20200922_122732(8),train,team,lee,2,316,332,2020-09-22 12:27:32,9,m2_b0170,8,train/images/002_20200922_122732(8).png,train/labels/002_20200922_122732(8).txt
002_20200922_122737(2),train,team,lee,2,316,332,2020-09-22 12:27:37,9,m2_b0170,2,train/images/002_20200922_122737(2).png,train/labels/002_20200922_122737(2).txt
002_20200922_122741(6),train,team,lee,2,316,332,2020-09-22 12:27:41,9,m2_b0170,6,train/images/002_20200922_122741(6).png,train/labels/002_20200922_122741(6).txt
002_20200922_122746(0),train,team,lee,2,316,332,2020-09-22 12:27:46,9,m2_b0170,0,train/images/002_20200922_122746(0).png,train/labels/002_20200922_122746(0).txt
002_20200922_163036(2),train,team,jung,2,316,332,2020-09-22 16:30:36,9,m2_b0171,2,train/images/002_20200922_163036(2).png,train/labels/002_20200922_163036(2).txt
002_20200922_163039(5),train,team,jung,2,316,332,2020-09-22 16:30:39,9,m2_b0171,5,train/images/002_20200922_163039(5).png,train/labels/002_20200922_163039(5).txt
002_20200922_163043(6),train,team,jung,2,316,332,2020-09-22 16:30:43,9,m2_b0171,6,train/images/002_20200922_163043(6).png,train/labels/002_20200922_163043(6).txt
002_20200922_163047(8),train,team,jung,2,316,332,2020-09-22 16:30:47,9,m2_b0171,8,train/images/002_20200922_163047(8).png,train/labels/002_20200922_163047(8).txt
002_20200922_163053(8)__m2,train,team,jung,2,316,332,2020-09-22 16:30:53,9,m2_b0171,8,train/images/002_20200922_163053(8)__m2.png,train/labels/002_20200922_163053(8)__m2.txt
002_20200922_163059(7),train,team,jung,2,316,332,2020-09-22 16:30:59,9,m2_b0171,7,train/images/002_20200922_163059(7).png,train/labels/002_20200922_163059(7).txt
001_20200622_203305(8),train,official,,3,576,444,2020-06-22 20:33:05,6,m3_b0001,8,train/images/001_20200622_203305(8).png,train/labels/001_20200622_203305(8).txt
001_20200622_203309(1),train,official,,3,576,444,2020-06-22 20:33:09,6,m3_b0001,1,train/images/001_20200622_203309(1).png,train/labels/001_20200622_203309(1).txt
001_20200622_203312(6),train,official,,3,576,444,2020-06-22 20:33:12,6,m3_b0001,6,train/images/001_20200622_203312(6).png,train/labels/001_20200622_203312(6).txt
001_20200622_203316(0),train,official,,3,576,444,2020-06-22 20:33:16,6,m3_b0001,0,train/images/001_20200622_203316(0).png,train/labels/001_20200622_203316(0).txt
001_20200622_203319(4),train,official,,3,576,444,2020-06-22 20:33:19,6,m3_b0001,4,train/images/001_20200622_203319(4).png,train/labels/001_20200622_203319(4).txt
001_20200622_203330(3),train,official,,3,576,444,2020-06-22 20:33:30,6,m3_b0001,3,train/images/001_20200622_203330(3).png,train/labels/001_20200622_203330(3).txt
001_20200623_003516(8),train,official,,3,576,444,2020-06-23 00:35:16,6,m3_b0002,8,train/images/001_20200623_003516(8).png,train/labels/001_20200623_003516(8).txt
001_20200623_003520(5),train,official,,3,576,444,2020-06-23 00:35:20,6,m3_b0002,5,train/images/001_20200623_003520(5).png,train/labels/001_20200623_003520(5).txt
001_20200623_003524(0),train,official,,3,576,444,2020-06-23 00:35:24,6,m3_b0002,0,train/images/001_20200623_003524(0).png,train/labels/001_20200623_003524(0).txt
001_20200623_003529(0),train,official,,3,576,444,2020-06-23 00:35:29,6,m3_b0002,0,train/images/001_20200623_003529(0).png,train/labels/001_20200623_003529(0).txt
001_20200623_003532(5),train,official,,3,576,444,2020-06-23 00:35:32,6,m3_b0002,5,train/images/001_20200623_003532(5).png,train/labels/001_20200623_003532(5).txt
001_20200623_003536(0),train,official,,3,576,444,2020-06-23 00:35:36,6,m3_b0002,0,train/images/001_20200623_003536(0).png,train/labels/001_20200623_003536(0).txt
001_20200623_043227(1),train,official,,3,576,444,2020-06-23 04:32:27,6,m3_b0003,1,train/images/001_20200623_043227(1).png,train/labels/001_20200623_043227(1).txt
001_20200623_043231(6),train,official,,3,576,444,2020-06-23 04:32:31,6,m3_b0003,6,train/images/001_20200623_043231(6).png,train/labels/001_20200623_043231(6).txt
001_20200623_043236(1),train,official,,3,576,444,2020-06-23 04:32:36,6,m3_b0003,1,train/images/001_20200623_043236(1).png,train/labels/001_20200623_043236(1).txt
001_20200623_043240(6),train,official,,3,576,444,2020-06-23 04:32:40,6,m3_b0003,6,train/images/001_20200623_043240(6).png,train/labels/001_20200623_043240(6).txt
001_20200623_043245(2),train,official,,3,576,444,2020-06-23 04:32:45,6,m3_b0003,2,train/images/001_20200623_043245(2).png,train/labels/001_20200623_043245(2).txt
001_20200623_043249(6),train,official,,3,576,444,2020-06-23 04:32:49,6,m3_b0003,6,train/images/001_20200623_043249(6).png,train/labels/001_20200623_043249(6).txt
001_20200623_082407(9),train,official,,3,576,444,2020-06-23 08:24:07,6,m3_b0004,9,train/images/001_20200623_082407(9).png,train/labels/001_20200623_082407(9).txt
001_20200623_082411(0),train,official,,3,576,444,2020-06-23 08:24:11,6,m3_b0004,0,train/images/001_20200623_082411(0).png,train/labels/001_20200623_082411(0).txt
001_20200623_082414(1),train,official,,3,576,444,2020-06-23 08:24:14,6,m3_b0004,1,train/images/001_20200623_082414(1).png,train/labels/001_20200623_082414(1).txt
001_20200623_082416(7),train,official,,3,576,444,2020-06-23 08:24:16,6,m3_b0004,7,train/images/001_20200623_082416(7).png,train/labels/001_20200623_082416(7).txt
001_20200623_082419(6),train,official,,3,576,444,2020-06-23 08:24:19,6,m3_b0004,6,train/images/001_20200623_082419(6).png,train/labels/001_20200623_082419(6).txt
001_20200623_082422(5),train,official,,3,576,444,2020-06-23 08:24:22,6,m3_b0004,5,train/images/001_20200623_082422(5).png,train/labels/001_20200623_082422(5).txt
001_20200623_123214(3),val,official,,3,576,444,2020-06-23 12:32:14,6,m3_b0005,3,val/images/001_20200623_123214(3).png,val/labels/001_20200623_123214(3).txt
001_20200623_123223(3),val,official,,3,576,444,2020-06-23 12:32:23,6,m3_b0005,3,val/images/001_20200623_123223(3).png,val/labels/001_20200623_123223(3).txt
001_20200623_123232(3),val,official,,3,576,444,2020-06-23 12:32:32,6,m3_b0005,3,val/images/001_20200623_123232(3).png,val/labels/001_20200623_123232(3).txt
001_20200623_123236(9),val,official,,3,576,444,2020-06-23 12:32:36,6,m3_b0005,9,val/images/001_20200623_123236(9).png,val/labels/001_20200623_123236(9).txt
001_20200623_123241(3),val,official,,3,576,444,2020-06-23 12:32:41,6,m3_b0005,3,val/images/001_20200623_123241(3).png,val/labels/001_20200623_123241(3).txt
001_20200623_123245(8),val,official,,3,576,444,2020-06-23 12:32:45,6,m3_b0005,8,val/images/001_20200623_123245(8).png,val/labels/001_20200623_123245(8).txt
001_20200623_163159(5),train,official,,3,576,444,2020-06-23 16:31:59,6,m3_b0006,5,train/images/001_20200623_163159(5).png,train/labels/001_20200623_163159(5).txt
001_20200623_163209(3),train,official,,3,576,444,2020-06-23 16:32:09,6,m3_b0006,3,train/images/001_20200623_163209(3).png,train/labels/001_20200623_163209(3).txt
001_20200623_163212(9),train,official,,3,576,444,2020-06-23 16:32:12,6,m3_b0006,9,train/images/001_20200623_163212(9).png,train/labels/001_20200623_163212(9).txt
001_20200623_163216(2),train,official,,3,576,444,2020-06-23 16:32:16,6,m3_b0006,2,train/images/001_20200623_163216(2).png,train/labels/001_20200623_163216(2).txt
001_20200623_163219(5),train,official,,3,576,444,2020-06-23 16:32:19,6,m3_b0006,5,train/images/001_20200623_163219(5).png,train/labels/001_20200623_163219(5).txt
001_20200623_163222(9),train,official,,3,576,444,2020-06-23 16:32:22,6,m3_b0006,9,train/images/001_20200623_163222(9).png,train/labels/001_20200623_163222(9).txt
001_20200623_203217(4),test,official,,3,576,444,2020-06-23 20:32:17,6,m3_b0007,4,test/images/001_20200623_203217(4).png,test/labels/001_20200623_203217(4).txt
001_20200623_203222(0),test,official,,3,576,444,2020-06-23 20:32:22,6,m3_b0007,0,test/images/001_20200623_203222(0).png,test/labels/001_20200623_203222(0).txt
001_20200623_203226(3),test,official,,3,576,444,2020-06-23 20:32:26,6,m3_b0007,3,test/images/001_20200623_203226(3).png,test/labels/001_20200623_203226(3).txt
001_20200623_203230(9),test,official,,3,576,444,2020-06-23 20:32:30,6,m3_b0007,9,test/images/001_20200623_203230(9).png,test/labels/001_20200623_203230(9).txt
001_20200623_203235(3),test,official,,3,576,444,2020-06-23 20:32:35,6,m3_b0007,3,test/images/001_20200623_203235(3).png,test/labels/001_20200623_203235(3).txt
001_20200623_203247(5),test,official,,3,576,444,2020-06-23 20:32:47,6,m3_b0007,5,test/images/001_20200623_203247(5).png,test/labels/001_20200623_203247(5).txt
001_20200624_003240(4),train,official,,3,576,444,2020-06-24 00:32:40,6,m3_b0008,4,train/images/001_20200624_003240(4).png,train/labels/001_20200624_003240(4).txt
001_20200624_003244(2),train,official,,3,576,444,2020-06-24 00:32:44,6,m3_b0008,2,train/images/001_20200624_003244(2).png,train/labels/001_20200624_003244(2).txt
001_20200624_003247(7),train,official,,3,576,444,2020-06-24 00:32:47,6,m3_b0008,7,train/images/001_20200624_003247(7).png,train/labels/001_20200624_003247(7).txt
001_20200624_003251(1),train,official,,3,576,444,2020-06-24 00:32:51,6,m3_b0008,1,train/images/001_20200624_003251(1).png,train/labels/001_20200624_003251(1).txt
001_20200624_003254(3),train,official,,3,576,444,2020-06-24 00:32:54,6,m3_b0008,3,train/images/001_20200624_003254(3).png,train/labels/001_20200624_003254(3).txt
001_20200624_003303(5),train,official,,3,576,444,2020-06-24 00:33:03,6,m3_b0008,5,train/images/001_20200624_003303(5).png,train/labels/001_20200624_003303(5).txt
001_20200624_043315(2),train,official,,3,576,444,2020-06-24 04:33:15,6,m3_b0009,2,train/images/001_20200624_043315(2).png,train/labels/001_20200624_043315(2).txt
001_20200624_043324(2),train,official,,3,576,444,2020-06-24 04:33:24,6,m3_b0009,2,train/images/001_20200624_043324(2).png,train/labels/001_20200624_043324(2).txt
001_20200624_043328(7),train,official,,3,576,444,2020-06-24 04:33:28,6,m3_b0009,7,train/images/001_20200624_043328(7).png,train/labels/001_20200624_043328(7).txt
001_20200624_043333(2),train,official,,3,576,444,2020-06-24 04:33:33,6,m3_b0009,2,train/images/001_20200624_043333(2).png,train/labels/001_20200624_043333(2).txt
001_20200624_043337(8),train,official,,3,576,444,2020-06-24 04:33:37,6,m3_b0009,8,train/images/001_20200624_043337(8).png,train/labels/001_20200624_043337(8).txt
001_20200624_043349(7),train,official,,3,576,444,2020-06-24 04:33:49,6,m3_b0009,7,train/images/001_20200624_043349(7).png,train/labels/001_20200624_043349(7).txt
001_20200624_083150(7),train,official,,3,576,444,2020-06-24 08:31:50,6,m3_b0010,7,train/images/001_20200624_083150(7).png,train/labels/001_20200624_083150(7).txt
001_20200624_083153(8),train,official,,3,576,444,2020-06-24 08:31:53,6,m3_b0010,8,train/images/001_20200624_083153(8).png,train/labels/001_20200624_083153(8).txt
001_20200624_083156(9),train,official,,3,576,444,2020-06-24 08:31:56,6,m3_b0010,9,train/images/001_20200624_083156(9).png,train/labels/001_20200624_083156(9).txt
001_20200624_083159(6),train,official,,3,576,444,2020-06-24 08:31:59,6,m3_b0010,6,train/images/001_20200624_083159(6).png,train/labels/001_20200624_083159(6).txt
001_20200624_083202(6),train,official,,3,576,444,2020-06-24 08:32:02,6,m3_b0010,6,train/images/001_20200624_083202(6).png,train/labels/001_20200624_083202(6).txt
001_20200624_083205(7),train,official,,3,576,444,2020-06-24 08:32:05,6,m3_b0010,7,train/images/001_20200624_083205(7).png,train/labels/001_20200624_083205(7).txt
001_20200624_123313(4),train,official,,3,576,444,2020-06-24 12:33:13,6,m3_b0011,4,train/images/001_20200624_123313(4).png,train/labels/001_20200624_123313(4).txt
001_20200624_123317(8),train,official,,3,576,444,2020-06-24 12:33:17,6,m3_b0011,8,train/images/001_20200624_123317(8).png,train/labels/001_20200624_123317(8).txt
001_20200624_123322(3),train,official,,3,576,444,2020-06-24 12:33:22,6,m3_b0011,3,train/images/001_20200624_123322(3).png,train/labels/001_20200624_123322(3).txt
001_20200624_123326(6),train,official,,3,576,444,2020-06-24 12:33:26,6,m3_b0011,6,train/images/001_20200624_123326(6).png,train/labels/001_20200624_123326(6).txt
001_20200624_123331(2),train,official,,3,576,444,2020-06-24 12:33:31,6,m3_b0011,2,train/images/001_20200624_123331(2).png,train/labels/001_20200624_123331(2).txt
001_20200624_123335(6),train,official,,3,576,444,2020-06-24 12:33:35,6,m3_b0011,6,train/images/001_20200624_123335(6).png,train/labels/001_20200624_123335(6).txt
001_20200624_162816(3),train,official,,3,576,444,2020-06-24 16:28:16,6,m3_b0012,3,train/images/001_20200624_162816(3).png,train/labels/001_20200624_162816(3).txt
001_20200624_162821(2),train,official,,3,576,444,2020-06-24 16:28:21,6,m3_b0012,2,train/images/001_20200624_162821(2).png,train/labels/001_20200624_162821(2).txt
001_20200624_162831(2),train,official,,3,576,444,2020-06-24 16:28:31,6,m3_b0012,2,train/images/001_20200624_162831(2).png,train/labels/001_20200624_162831(2).txt
001_20200624_162835(8),train,official,,3,576,444,2020-06-24 16:28:35,6,m3_b0012,8,train/images/001_20200624_162835(8).png,train/labels/001_20200624_162835(8).txt
001_20200624_162846(3),train,team,lee,3,576,444,2020-06-24 16:28:46,6,m3_b0012,3,train/images/001_20200624_162846(3).png,train/labels/001_20200624_162846(3).txt
001_20200624_162850(9),train,team,lee,3,576,444,2020-06-24 16:28:50,6,m3_b0012,9,train/images/001_20200624_162850(9).png,train/labels/001_20200624_162850(9).txt
001_20200624_203149(7),train,official,,3,576,444,2020-06-24 20:31:49,6,m3_b0013,7,train/images/001_20200624_203149(7).png,train/labels/001_20200624_203149(7).txt
001_20200624_203154(3),train,official,,3,576,444,2020-06-24 20:31:54,6,m3_b0013,3,train/images/001_20200624_203154(3).png,train/labels/001_20200624_203154(3).txt
001_20200624_203203(1),train,official,,3,576,444,2020-06-24 20:32:03,6,m3_b0013,1,train/images/001_20200624_203203(1).png,train/labels/001_20200624_203203(1).txt
001_20200624_203207(8),train,official,,3,576,444,2020-06-24 20:32:07,6,m3_b0013,8,train/images/001_20200624_203207(8).png,train/labels/001_20200624_203207(8).txt
001_20200624_203212(2),train,official,,3,576,444,2020-06-24 20:32:12,6,m3_b0013,2,train/images/001_20200624_203212(2).png,train/labels/001_20200624_203212(2).txt
001_20200624_203225(8),train,official,,3,576,444,2020-06-24 20:32:25,6,m3_b0013,8,train/images/001_20200624_203225(8).png,train/labels/001_20200624_203225(8).txt
001_20200625_003507(0),train,official,,3,576,444,2020-06-25 00:35:07,6,m3_b0014,0,train/images/001_20200625_003507(0).png,train/labels/001_20200625_003507(0).txt
001_20200625_003511(4),train,official,,3,576,444,2020-06-25 00:35:11,6,m3_b0014,4,train/images/001_20200625_003511(4).png,train/labels/001_20200625_003511(4).txt
001_20200625_003515(9),train,official,,3,576,444,2020-06-25 00:35:15,6,m3_b0014,9,train/images/001_20200625_003515(9).png,train/labels/001_20200625_003515(9).txt
001_20200625_003520(4),train,official,,3,576,444,2020-06-25 00:35:20,6,m3_b0014,4,train/images/001_20200625_003520(4).png,train/labels/001_20200625_003520(4).txt
001_20200625_003524(9),train,official,,3,576,444,2020-06-25 00:35:24,6,m3_b0014,9,train/images/001_20200625_003524(9).png,train/labels/001_20200625_003524(9).txt
001_20200625_003529(2),train,official,,3,576,444,2020-06-25 00:35:29,6,m3_b0014,2,train/images/001_20200625_003529(2).png,train/labels/001_20200625_003529(2).txt
001_20200625_043323(7),test,official,,3,576,444,2020-06-25 04:33:23,6,m3_b0015,7,test/images/001_20200625_043323(7).png,test/labels/001_20200625_043323(7).txt
001_20200625_043328(3),test,official,,3,576,444,2020-06-25 04:33:28,6,m3_b0015,3,test/images/001_20200625_043328(3).png,test/labels/001_20200625_043328(3).txt
001_20200625_043337(3),test,official,,3,576,444,2020-06-25 04:33:37,6,m3_b0015,3,test/images/001_20200625_043337(3).png,test/labels/001_20200625_043337(3).txt
001_20200625_043341(7),test,official,,3,576,444,2020-06-25 04:33:41,6,m3_b0015,7,test/images/001_20200625_043341(7).png,test/labels/001_20200625_043341(7).txt
001_20200625_043346(2),test,official,,3,576,444,2020-06-25 04:33:46,6,m3_b0015,2,test/images/001_20200625_043346(2).png,test/labels/001_20200625_043346(2).txt
001_20200625_043359(8),test,official,,3,576,444,2020-06-25 04:33:59,6,m3_b0015,8,test/images/001_20200625_043359(8).png,test/labels/001_20200625_043359(8).txt
001_20200629_082825(1),train,official,,3,576,444,2020-06-29 08:28:25,6,m3_b0016,1,train/images/001_20200629_082825(1).png,train/labels/001_20200629_082825(1).txt
001_20200629_082828(0),train,official,,3,576,444,2020-06-29 08:28:28,6,m3_b0016,0,train/images/001_20200629_082828(0).png,train/labels/001_20200629_082828(0).txt
001_20200629_082831(0),train,official,,3,576,444,2020-06-29 08:28:31,6,m3_b0016,0,train/images/001_20200629_082831(0).png,train/labels/001_20200629_082831(0).txt
001_20200629_082834(2),train,official,,3,576,444,2020-06-29 08:28:34,6,m3_b0016,2,train/images/001_20200629_082834(2).png,train/labels/001_20200629_082834(2).txt
001_20200629_082837(2),train,official,,3,576,444,2020-06-29 08:28:37,6,m3_b0016,2,train/images/001_20200629_082837(2).png,train/labels/001_20200629_082837(2).txt
001_20200629_082840(2),train,official,,3,576,444,2020-06-29 08:28:40,6,m3_b0016,2,train/images/001_20200629_082840(2).png,train/labels/001_20200629_082840(2).txt
001_20200629_082905(4),train,official,,3,576,444,2020-06-29 08:29:05,6,m3_b0016,4,train/images/001_20200629_082905(4).png,train/labels/001_20200629_082905(4).txt
001_20200629_123107(1),train,official,,3,576,444,2020-06-29 12:31:07,6,m3_b0017,1,train/images/001_20200629_123107(1).png,train/labels/001_20200629_123107(1).txt
001_20200629_123111(6),train,official,,3,576,444,2020-06-29 12:31:11,6,m3_b0017,6,train/images/001_20200629_123111(6).png,train/labels/001_20200629_123111(6).txt
001_20200629_123116(1),train,official,,3,576,444,2020-06-29 12:31:16,6,m3_b0017,1,train/images/001_20200629_123116(1).png,train/labels/001_20200629_123116(1).txt
001_20200629_123120(6),train,official,,3,576,444,2020-06-29 12:31:20,6,m3_b0017,6,train/images/001_20200629_123120(6).png,train/labels/001_20200629_123120(6).txt
001_20200629_123125(2),train,official,,3,576,444,2020-06-29 12:31:25,6,m3_b0017,2,train/images/001_20200629_123125(2).png,train/labels/001_20200629_123125(2).txt
001_20200629_123129(6),train,team,lee,3,576,444,2020-06-29 12:31:29,6,m3_b0017,6,train/images/001_20200629_123129(6).png,train/labels/001_20200629_123129(6).txt
001_20200629_163728(4),train,team,jung,3,576,444,2020-06-29 16:37:28,6,m3_b0018,4,train/images/001_20200629_163728(4).png,train/labels/001_20200629_163728(4).txt
001_20200629_163732(9),train,team,jung,3,576,444,2020-06-29 16:37:32,6,m3_b0018,9,train/images/001_20200629_163732(9).png,train/labels/001_20200629_163732(9).txt
001_20200629_163737(5),train,team,jung,3,576,444,2020-06-29 16:37:37,6,m3_b0018,5,train/images/001_20200629_163737(5).png,train/labels/001_20200629_163737(5).txt
001_20200629_163741(9),train,team,jung,3,576,444,2020-06-29 16:37:41,6,m3_b0018,9,train/images/001_20200629_163741(9).png,train/labels/001_20200629_163741(9).txt
001_20200629_163746(6),train,team,jung,3,576,444,2020-06-29 16:37:46,6,m3_b0018,6,train/images/001_20200629_163746(6).png,train/labels/001_20200629_163746(6).txt
001_20200629_163756(6),train,team,jung,3,576,444,2020-06-29 16:37:56,6,m3_b0018,6,train/images/001_20200629_163756(6).png,train/labels/001_20200629_163756(6).txt
001_20200629_202802(6),train,team,jung,3,576,444,2020-06-29 20:28:02,6,m3_b0019,6,train/images/001_20200629_202802(6).png,train/labels/001_20200629_202802(6).txt
001_20200629_202807(1),train,team,jung,3,576,444,2020-06-29 20:28:07,6,m3_b0019,1,train/images/001_20200629_202807(1).png,train/labels/001_20200629_202807(1).txt
001_20200629_202811(5),train,team,jung,3,576,444,2020-06-29 20:28:11,6,m3_b0019,5,train/images/001_20200629_202811(5).png,train/labels/001_20200629_202811(5).txt
001_20200629_202816(1),train,team,jung,3,576,444,2020-06-29 20:28:16,6,m3_b0019,1,train/images/001_20200629_202816(1).png,train/labels/001_20200629_202816(1).txt
001_20200629_202820(6),train,team,jung,3,576,444,2020-06-29 20:28:20,6,m3_b0019,6,train/images/001_20200629_202820(6).png,train/labels/001_20200629_202820(6).txt
001_20200629_202825(1),train,team,jung,3,576,444,2020-06-29 20:28:25,6,m3_b0019,1,train/images/001_20200629_202825(1).png,train/labels/001_20200629_202825(1).txt
001_20200630_003006(2),train,team,heo,3,576,444,2020-06-30 00:30:06,6,m3_b0020,2,train/images/001_20200630_003006(2).png,train/labels/001_20200630_003006(2).txt
001_20200630_003010(8),train,team,heo,3,576,444,2020-06-30 00:30:10,6,m3_b0020,8,train/images/001_20200630_003010(8).png,train/labels/001_20200630_003010(8).txt
001_20200630_003015(1),train,team,heo,3,576,444,2020-06-30 00:30:15,6,m3_b0020,1,train/images/001_20200630_003015(1).png,train/labels/001_20200630_003015(1).txt
001_20200630_003019(7),train,team,heo,3,576,444,2020-06-30 00:30:19,6,m3_b0020,7,train/images/001_20200630_003019(7).png,train/labels/001_20200630_003019(7).txt
001_20200630_003024(2),train,team,heo,3,576,444,2020-06-30 00:30:24,6,m3_b0020,2,train/images/001_20200630_003024(2).png,train/labels/001_20200630_003024(2).txt
001_20200630_003033(2),train,team,heo,3,576,444,2020-06-30 00:30:33,6,m3_b0020,2,train/images/001_20200630_003033(2).png,train/labels/001_20200630_003033(2).txt
001_20200630_043339(8),train,team,lee,3,576,444,2020-06-30 04:33:39,6,m3_b0021,8,train/images/001_20200630_043339(8).png,train/labels/001_20200630_043339(8).txt
001_20200630_043538(1),test,team,heo,3,576,444,2020-06-30 04:35:38,6,m3_b0022,1,test/images/001_20200630_043538(1).png,test/labels/001_20200630_043538(1).txt
001_20200630_043544(2),test,team,heo,3,576,444,2020-06-30 04:35:44,6,m3_b0022,2,test/images/001_20200630_043544(2).png,test/labels/001_20200630_043544(2).txt
001_20200630_043548(7),test,team,heo,3,576,444,2020-06-30 04:35:48,6,m3_b0022,7,test/images/001_20200630_043548(7).png,test/labels/001_20200630_043548(7).txt
001_20200630_043600(9),test,team,heo,3,576,444,2020-06-30 04:36:00,6,m3_b0022,9,test/images/001_20200630_043600(9).png,test/labels/001_20200630_043600(9).txt
001_20200630_043605(5),test,team,heo,3,576,444,2020-06-30 04:36:05,6,m3_b0022,5,test/images/001_20200630_043605(5).png,test/labels/001_20200630_043605(5).txt
001_20200630_083235(6),test,team,lee,3,576,444,2020-06-30 08:32:35,6,m3_b0023,6,test/images/001_20200630_083235(6).png,test/labels/001_20200630_083235(6).txt
001_20200630_083322(2),test,team,lee,3,576,444,2020-06-30 08:33:22,6,m3_b0023,2,test/images/001_20200630_083322(2).png,test/labels/001_20200630_083322(2).txt
001_20200630_083331(2),test,team,lee,3,576,444,2020-06-30 08:33:31,6,m3_b0023,2,test/images/001_20200630_083331(2).png,test/labels/001_20200630_083331(2).txt
001_20200630_083350(7),test,team,lee,3,576,444,2020-06-30 08:33:50,6,m3_b0023,7,test/images/001_20200630_083350(7).png,test/labels/001_20200630_083350(7).txt
001_20200630_083355(1),test,team,lee,3,576,444,2020-06-30 08:33:55,6,m3_b0023,1,test/images/001_20200630_083355(1).png,test/labels/001_20200630_083355(1).txt
001_20200630_083405(7),test,team,lee,3,576,444,2020-06-30 08:34:05,6,m3_b0023,7,test/images/001_20200630_083405(7).png,test/labels/001_20200630_083405(7).txt
001_20200630_123334(2),train,team,heo,3,576,444,2020-06-30 12:33:34,6,m3_b0024,2,train/images/001_20200630_123334(2).png,train/labels/001_20200630_123334(2).txt
001_20200630_123338(7),train,team,heo,3,576,444,2020-06-30 12:33:38,6,m3_b0024,7,train/images/001_20200630_123338(7).png,train/labels/001_20200630_123338(7).txt
001_20200630_123343(2),train,team,heo,3,576,444,2020-06-30 12:33:43,6,m3_b0024,2,train/images/001_20200630_123343(2).png,train/labels/001_20200630_123343(2).txt
001_20200630_123347(6),train,team,heo,3,576,444,2020-06-30 12:33:47,6,m3_b0024,6,train/images/001_20200630_123347(6).png,train/labels/001_20200630_123347(6).txt
001_20200630_123352(1),train,team,heo,3,576,444,2020-06-30 12:33:52,6,m3_b0024,1,train/images/001_20200630_123352(1).png,train/labels/001_20200630_123352(1).txt
001_20200630_123423(6),train,team,heo,3,576,444,2020-06-30 12:34:23,6,m3_b0024,6,train/images/001_20200630_123423(6).png,train/labels/001_20200630_123423(6).txt
001_20200630_123426(8),train,team,heo,3,576,444,2020-06-30 12:34:26,6,m3_b0024,8,train/images/001_20200630_123426(8).png,train/labels/001_20200630_123426(8).txt
001_20200630_163111(8),test,team,lee,3,576,444,2020-06-30 16:31:11,6,m3_b0025,8,test/images/001_20200630_163111(8).png,test/labels/001_20200630_163111(8).txt
001_20200630_163116(2),test,team,lee,3,576,444,2020-06-30 16:31:16,6,m3_b0025,2,test/images/001_20200630_163116(2).png,test/labels/001_20200630_163116(2).txt
001_20200630_163120(7),test,team,lee,3,576,444,2020-06-30 16:31:20,6,m3_b0025,7,test/images/001_20200630_163120(7).png,test/labels/001_20200630_163120(7).txt
001_20200630_163125(2),test,team,lee,3,576,444,2020-06-30 16:31:25,6,m3_b0025,2,test/images/001_20200630_163125(2).png,test/labels/001_20200630_163125(2).txt
001_20200630_163129(8),test,team,lee,3,576,444,2020-06-30 16:31:29,6,m3_b0025,8,test/images/001_20200630_163129(8).png,test/labels/001_20200630_163129(8).txt
001_20200630_163134(2),test,team,lee,3,576,444,2020-06-30 16:31:34,6,m3_b0025,2,test/images/001_20200630_163134(2).png,test/labels/001_20200630_163134(2).txt
001_20200630_163147(8),test,team,lee,3,576,444,2020-06-30 16:31:47,6,m3_b0025,8,test/images/001_20200630_163147(8).png,test/labels/001_20200630_163147(8).txt
001_20200630_203200(3),train,team,jung,3,576,444,2020-06-30 20:32:00,6,m3_b0026,3,train/images/001_20200630_203200(3).png,train/labels/001_20200630_203200(3).txt
001_20200630_203205(0),train,team,jung,3,576,444,2020-06-30 20:32:05,6,m3_b0026,0,train/images/001_20200630_203205(0).png,train/labels/001_20200630_203205(0).txt
001_20200630_203209(3),train,team,jung,3,576,444,2020-06-30 20:32:09,6,m3_b0026,3,train/images/001_20200630_203209(3).png,train/labels/001_20200630_203209(3).txt
001_20200630_203213(8),train,team,jung,3,576,444,2020-06-30 20:32:13,6,m3_b0026,8,train/images/001_20200630_203213(8).png,train/labels/001_20200630_203213(8).txt
001_20200630_203218(3),train,team,jung,3,576,444,2020-06-30 20:32:18,6,m3_b0026,3,train/images/001_20200630_203218(3).png,train/labels/001_20200630_203218(3).txt
001_20200630_203222(8),train,team,jung,3,576,444,2020-06-30 20:32:22,6,m3_b0026,8,train/images/001_20200630_203222(8).png,train/labels/001_20200630_203222(8).txt
001_20200701_004132(8),train,team,lee,3,576,444,2020-07-01 00:41:32,7,m3_b0027,8,train/images/001_20200701_004132(8).png,train/labels/001_20200701_004132(8).txt
001_20200701_004141(6),train,team,lee,3,576,444,2020-07-01 00:41:41,7,m3_b0027,6,train/images/001_20200701_004141(6).png,train/labels/001_20200701_004141(6).txt
001_20200701_004146(2),train,team,lee,3,576,444,2020-07-01 00:41:46,7,m3_b0027,2,train/images/001_20200701_004146(2).png,train/labels/001_20200701_004146(2).txt
001_20200701_004150(6),train,team,lee,3,576,444,2020-07-01 00:41:50,7,m3_b0027,6,train/images/001_20200701_004150(6).png,train/labels/001_20200701_004150(6).txt
001_20200701_004155(1),train,team,lee,3,576,444,2020-07-01 00:41:55,7,m3_b0027,1,train/images/001_20200701_004155(1).png,train/labels/001_20200701_004155(1).txt
001_20200701_004159(7),train,team,lee,3,576,444,2020-07-01 00:41:59,7,m3_b0027,7,train/images/001_20200701_004159(7).png,train/labels/001_20200701_004159(7).txt
001_20200701_043236(2),train,team,heo,3,576,444,2020-07-01 04:32:36,7,m3_b0028,2,train/images/001_20200701_043236(2).png,train/labels/001_20200701_043236(2).txt
001_20200701_043245(3),train,team,heo,3,576,444,2020-07-01 04:32:45,7,m3_b0028,3,train/images/001_20200701_043245(3).png,train/labels/001_20200701_043245(3).txt
001_20200701_043249(7),train,team,heo,3,576,444,2020-07-01 04:32:49,7,m3_b0028,7,train/images/001_20200701_043249(7).png,train/labels/001_20200701_043249(7).txt
001_20200701_043258(7),train,team,heo,3,576,444,2020-07-01 04:32:58,7,m3_b0028,7,train/images/001_20200701_043258(7).png,train/labels/001_20200701_043258(7).txt
001_20200701_043307(7),train,team,heo,3,576,444,2020-07-01 04:33:07,7,m3_b0028,7,train/images/001_20200701_043307(7).png,train/labels/001_20200701_043307(7).txt
001_20200701_043312(4),train,team,heo,3,576,444,2020-07-01 04:33:12,7,m3_b0028,4,train/images/001_20200701_043312(4).png,train/labels/001_20200701_043312(4).txt
001_20200701_083251(9),train,team,jung,3,576,444,2020-07-01 08:32:51,7,m3_b0029,9,train/images/001_20200701_083251(9).png,train/labels/001_20200701_083251(9).txt
001_20200701_083256(5),train,team,jung,3,576,444,2020-07-01 08:32:56,7,m3_b0029,5,train/images/001_20200701_083256(5).png,train/labels/001_20200701_083256(5).txt
001_20200701_083300(7),train,team,jung,3,576,444,2020-07-01 08:33:00,7,m3_b0029,7,train/images/001_20200701_083300(7).png,train/labels/001_20200701_083300(7).txt
001_20200701_083309(8),train,team,jung,3,576,444,2020-07-01 08:33:09,7,m3_b0029,8,train/images/001_20200701_083309(8).png,train/labels/001_20200701_083309(8).txt
001_20200701_083323(2),train,team,jung,3,576,444,2020-07-01 08:33:23,7,m3_b0029,2,train/images/001_20200701_083323(2).png,train/labels/001_20200701_083323(2).txt
001_20200701_083327(8),train,team,jung,3,576,444,2020-07-01 08:33:27,7,m3_b0029,8,train/images/001_20200701_083327(8).png,train/labels/001_20200701_083327(8).txt
001_20200701_123507(7),test,team,lee,3,576,444,2020-07-01 12:35:07,7,m3_b0030,7,test/images/001_20200701_123507(7).png,test/labels/001_20200701_123507(7).txt
001_20200701_123511(0),test,team,lee,3,576,444,2020-07-01 12:35:11,7,m3_b0030,0,test/images/001_20200701_123511(0).png,test/labels/001_20200701_123511(0).txt
001_20200701_123514(1),test,team,lee,3,576,444,2020-07-01 12:35:14,7,m3_b0030,1,test/images/001_20200701_123514(1).png,test/labels/001_20200701_123514(1).txt
001_20200701_123517(3),test,team,lee,3,576,444,2020-07-01 12:35:17,7,m3_b0030,3,test/images/001_20200701_123517(3).png,test/labels/001_20200701_123517(3).txt
001_20200701_123520(6),test,team,lee,3,576,444,2020-07-01 12:35:20,7,m3_b0030,6,test/images/001_20200701_123520(6).png,test/labels/001_20200701_123520(6).txt
001_20200701_123523(9),test,team,lee,3,576,444,2020-07-01 12:35:23,7,m3_b0030,9,test/images/001_20200701_123523(9).png,test/labels/001_20200701_123523(9).txt
001_20200701_163109(0),train,team,heo,3,576,444,2020-07-01 16:31:09,7,m3_b0031,0,train/images/001_20200701_163109(0).png,train/labels/001_20200701_163109(0).txt
001_20200701_163112(8),train,team,heo,3,576,444,2020-07-01 16:31:12,7,m3_b0031,8,train/images/001_20200701_163112(8).png,train/labels/001_20200701_163112(8).txt
001_20200701_163121(1),train,team,heo,3,576,444,2020-07-01 16:31:21,7,m3_b0031,1,train/images/001_20200701_163121(1).png,train/labels/001_20200701_163121(1).txt
001_20200701_163140(2),train,team,heo,3,576,444,2020-07-01 16:31:40,7,m3_b0031,2,train/images/001_20200701_163140(2).png,train/labels/001_20200701_163140(2).txt
001_20200701_163144(5),train,team,heo,3,576,444,2020-07-01 16:31:44,7,m3_b0031,5,train/images/001_20200701_163144(5).png,train/labels/001_20200701_163144(5).txt
001_20200701_163202(1),train,team,heo,3,576,444,2020-07-01 16:32:02,7,m3_b0031,1,train/images/001_20200701_163202(1).png,train/labels/001_20200701_163202(1).txt
001_20200701_203552(7),train,team,jung,3,576,444,2020-07-01 20:35:52,7,m3_b0032,7,train/images/001_20200701_203552(7).png,train/labels/001_20200701_203552(7).txt
001_20200701_203557(3),train,team,jung,3,576,444,2020-07-01 20:35:57,7,m3_b0032,3,train/images/001_20200701_203557(3).png,train/labels/001_20200701_203557(3).txt
001_20200701_203601(8),train,team,jung,3,576,444,2020-07-01 20:36:01,7,m3_b0032,8,train/images/001_20200701_203601(8).png,train/labels/001_20200701_203601(8).txt
001_20200701_203606(3),train,team,jung,3,576,444,2020-07-01 20:36:06,7,m3_b0032,3,train/images/001_20200701_203606(3).png,train/labels/001_20200701_203606(3).txt
001_20200701_203610(7),train,team,jung,3,576,444,2020-07-01 20:36:10,7,m3_b0032,7,train/images/001_20200701_203610(7).png,train/labels/001_20200701_203610(7).txt
001_20200701_203615(2),train,team,jung,3,576,444,2020-07-01 20:36:15,7,m3_b0032,2,train/images/001_20200701_203615(2).png,train/labels/001_20200701_203615(2).txt
001_20200702_003135(7),train,team,lee,3,576,444,2020-07-02 00:31:35,7,m3_b0033,7,train/images/001_20200702_003135(7).png,train/labels/001_20200702_003135(7).txt
001_20200702_003140(4),train,team,lee,3,576,444,2020-07-02 00:31:40,7,m3_b0033,4,train/images/001_20200702_003140(4).png,train/labels/001_20200702_003140(4).txt
001_20200702_003149(3),train,team,lee,3,576,444,2020-07-02 00:31:49,7,m3_b0033,3,train/images/001_20200702_003149(3).png,train/labels/001_20200702_003149(3).txt
001_20200702_003154(0),train,team,lee,3,576,444,2020-07-02 00:31:54,7,m3_b0033,0,train/images/001_20200702_003154(0).png,train/labels/001_20200702_003154(0).txt
001_20200702_003158(4),train,team,lee,3,576,444,2020-07-02 00:31:58,7,m3_b0033,4,train/images/001_20200702_003158(4).png,train/labels/001_20200702_003158(4).txt
001_20200702_003203(1),train,team,lee,3,576,444,2020-07-02 00:32:03,7,m3_b0033,1,train/images/001_20200702_003203(1).png,train/labels/001_20200702_003203(1).txt
001_20200702_043956(5),train,team,heo,3,576,444,2020-07-02 04:39:56,7,m3_b0034,5,train/images/001_20200702_043956(5).png,train/labels/001_20200702_043956(5).txt
001_20200702_043959(8),train,team,heo,3,576,444,2020-07-02 04:39:59,7,m3_b0034,8,train/images/001_20200702_043959(8).png,train/labels/001_20200702_043959(8).txt
001_20200702_044003(1),train,team,heo,3,576,444,2020-07-02 04:40:03,7,m3_b0034,1,train/images/001_20200702_044003(1).png,train/labels/001_20200702_044003(1).txt
001_20200702_044006(3),train,team,heo,3,576,444,2020-07-02 04:40:06,7,m3_b0034,3,train/images/001_20200702_044006(3).png,train/labels/001_20200702_044006(3).txt
001_20200702_044009(8),train,team,heo,3,576,444,2020-07-02 04:40:09,7,m3_b0034,8,train/images/001_20200702_044009(8).png,train/labels/001_20200702_044009(8).txt
001_20200702_044013(2),train,team,heo,3,576,444,2020-07-02 04:40:13,7,m3_b0034,2,train/images/001_20200702_044013(2).png,train/labels/001_20200702_044013(2).txt
001_20200706_083233(2),train,team,jung,3,576,444,2020-07-06 08:32:33,7,m3_b0035,2,train/images/001_20200706_083233(2).png,train/labels/001_20200706_083233(2).txt
001_20200706_083236(5),train,team,jung,3,576,444,2020-07-06 08:32:36,7,m3_b0035,5,train/images/001_20200706_083236(5).png,train/labels/001_20200706_083236(5).txt
001_20200706_083239(5),train,team,jung,3,576,444,2020-07-06 08:32:39,7,m3_b0035,5,train/images/001_20200706_083239(5).png,train/labels/001_20200706_083239(5).txt
001_20200706_083242(3),train,team,jung,3,576,444,2020-07-06 08:32:42,7,m3_b0035,3,train/images/001_20200706_083242(3).png,train/labels/001_20200706_083242(3).txt
001_20200706_083245(3),train,team,jung,3,576,444,2020-07-06 08:32:45,7,m3_b0035,3,train/images/001_20200706_083245(3).png,train/labels/001_20200706_083245(3).txt
001_20200706_083248(4),train,team,jung,3,576,444,2020-07-06 08:32:48,7,m3_b0035,4,train/images/001_20200706_083248(4).png,train/labels/001_20200706_083248(4).txt
001_20200706_123355(3),train,team,lee,3,576,444,2020-07-06 12:33:55,7,m3_b0036,3,train/images/001_20200706_123355(3).png,train/labels/001_20200706_123355(3).txt
001_20200706_123359(3),train,team,lee,3,576,444,2020-07-06 12:33:59,7,m3_b0036,3,train/images/001_20200706_123359(3).png,train/labels/001_20200706_123359(3).txt
001_20200706_123411(3),train,team,lee,3,576,444,2020-07-06 12:34:11,7,m3_b0036,3,train/images/001_20200706_123411(3).png,train/labels/001_20200706_123411(3).txt
001_20200706_123437(4),train,team,lee,3,576,444,2020-07-06 12:34:37,7,m3_b0036,4,train/images/001_20200706_123437(4).png,train/labels/001_20200706_123437(4).txt
001_20200706_123445(4),train,team,lee,3,576,444,2020-07-06 12:34:45,7,m3_b0036,4,train/images/001_20200706_123445(4).png,train/labels/001_20200706_123445(4).txt
001_20200706_123449(4),train,team,lee,3,576,444,2020-07-06 12:34:49,7,m3_b0036,4,train/images/001_20200706_123449(4).png,train/labels/001_20200706_123449(4).txt
001_20200706_163108(5),train,team,heo,3,576,444,2020-07-06 16:31:08,7,m3_b0037,5,train/images/001_20200706_163108(5).png,train/labels/001_20200706_163108(5).txt
001_20200706_163112(5),train,team,heo,3,576,444,2020-07-06 16:31:12,7,m3_b0037,5,train/images/001_20200706_163112(5).png,train/labels/001_20200706_163112(5).txt
001_20200706_163116(3),train,team,heo,3,576,444,2020-07-06 16:31:16,7,m3_b0037,3,train/images/001_20200706_163116(3).png,train/labels/001_20200706_163116(3).txt
001_20200706_163120(5),train,team,heo,3,576,444,2020-07-06 16:31:20,7,m3_b0037,5,train/images/001_20200706_163120(5).png,train/labels/001_20200706_163120(5).txt
001_20200706_163124(3),train,team,heo,3,576,444,2020-07-06 16:31:24,7,m3_b0037,3,train/images/001_20200706_163124(3).png,train/labels/001_20200706_163124(3).txt
001_20200706_163134(3),train,team,heo,3,576,444,2020-07-06 16:31:34,7,m3_b0037,3,train/images/001_20200706_163134(3).png,train/labels/001_20200706_163134(3).txt
001_20200706_203245(6),train,team,heo,3,576,444,2020-07-06 20:32:45,7,m3_b0038,6,train/images/001_20200706_203245(6).png,train/labels/001_20200706_203245(6).txt
001_20200706_203309(2),train,team,heo,3,576,444,2020-07-06 20:33:09,7,m3_b0038,2,train/images/001_20200706_203309(2).png,train/labels/001_20200706_203309(2).txt
001_20200706_203419(5),train,team,jung,3,576,444,2020-07-06 20:34:19,7,m3_b0039,5,train/images/001_20200706_203419(5).png,train/labels/001_20200706_203419(5).txt
001_20200706_203456(7),train,team,jung,3,576,444,2020-07-06 20:34:56,7,m3_b0039,7,train/images/001_20200706_203456(7).png,train/labels/001_20200706_203456(7).txt
001_20200706_203500(1),train,team,jung,3,576,444,2020-07-06 20:35:00,7,m3_b0039,1,train/images/001_20200706_203500(1).png,train/labels/001_20200706_203500(1).txt
001_20200706_203520(0),train,team,jung,3,576,444,2020-07-06 20:35:20,7,m3_b0039,0,train/images/001_20200706_203520(0).png,train/labels/001_20200706_203520(0).txt
001_20200707_003223(4),train,team,jung,3,576,444,2020-07-07 00:32:23,7,m3_b0040,4,train/images/001_20200707_003223(4).png,train/labels/001_20200707_003223(4).txt
001_20200707_003233(9),train,team,jung,3,576,444,2020-07-07 00:32:33,7,m3_b0040,9,train/images/001_20200707_003233(9).png,train/labels/001_20200707_003233(9).txt
001_20200707_003256(1),train,team,jung,3,576,444,2020-07-07 00:32:56,7,m3_b0040,1,train/images/001_20200707_003256(1).png,train/labels/001_20200707_003256(1).txt
001_20200707_003312(2),train,team,jung,3,576,444,2020-07-07 00:33:12,7,m3_b0040,2,train/images/001_20200707_003312(2).png,train/labels/001_20200707_003312(2).txt
001_20200707_003315(4),train,team,jung,3,576,444,2020-07-07 00:33:15,7,m3_b0040,4,train/images/001_20200707_003315(4).png,train/labels/001_20200707_003315(4).txt
001_20200707_003402(5),train,team,jung,3,576,444,2020-07-07 00:34:02,7,m3_b0040,5,train/images/001_20200707_003402(5).png,train/labels/001_20200707_003402(5).txt
001_20200707_043717(1),train,team,lee,3,576,444,2020-07-07 04:37:17,7,m3_b0041,1,train/images/001_20200707_043717(1).png,train/labels/001_20200707_043717(1).txt
001_20200707_043827(5),train,team,jung,3,576,444,2020-07-07 04:38:27,7,m3_b0042,5,train/images/001_20200707_043827(5).png,train/labels/001_20200707_043827(5).txt
001_20200707_043842(1),train,team,jung,3,576,444,2020-07-07 04:38:42,7,m3_b0042,1,train/images/001_20200707_043842(1).png,train/labels/001_20200707_043842(1).txt
001_20200707_043856(6),train,team,jung,3,576,444,2020-07-07 04:38:56,7,m3_b0042,6,train/images/001_20200707_043856(6).png,train/labels/001_20200707_043856(6).txt
001_20200707_043900(9),train,team,jung,3,576,444,2020-07-07 04:39:00,7,m3_b0042,9,train/images/001_20200707_043900(9).png,train/labels/001_20200707_043900(9).txt
001_20200707_044035(7),train,team,jung,3,576,444,2020-07-07 04:40:35,7,m3_b0043,7,train/images/001_20200707_044035(7).png,train/labels/001_20200707_044035(7).txt
001_20200707_083252(0),train,team,lee,3,576,444,2020-07-07 08:32:52,7,m3_b0044,0,train/images/001_20200707_083252(0).png,train/labels/001_20200707_083252(0).txt
001_20200707_083254(7),train,team,lee,3,576,444,2020-07-07 08:32:54,7,m3_b0044,7,train/images/001_20200707_083254(7).png,train/labels/001_20200707_083254(7).txt
001_20200707_083257(4),train,team,lee,3,576,444,2020-07-07 08:32:57,7,m3_b0044,4,train/images/001_20200707_083257(4).png,train/labels/001_20200707_083257(4).txt
001_20200707_083259(9),train,team,lee,3,576,444,2020-07-07 08:32:59,7,m3_b0044,9,train/images/001_20200707_083259(9).png,train/labels/001_20200707_083259(9).txt
001_20200707_083302(4),train,team,lee,3,576,444,2020-07-07 08:33:02,7,m3_b0044,4,train/images/001_20200707_083302(4).png,train/labels/001_20200707_083302(4).txt
001_20200707_083305(1),train,team,lee,3,576,444,2020-07-07 08:33:05,7,m3_b0044,1,train/images/001_20200707_083305(1).png,train/labels/001_20200707_083305(1).txt
001_20200707_123433(4),train,team,jung,3,576,444,2020-07-07 12:34:33,7,m3_b0045,4,train/images/001_20200707_123433(4).png,train/labels/001_20200707_123433(4).txt
001_20200707_123441(2),train,team,jung,3,576,444,2020-07-07 12:34:41,7,m3_b0045,2,train/images/001_20200707_123441(2).png,train/labels/001_20200707_123441(2).txt
001_20200707_123448(9),train,team,jung,3,576,444,2020-07-07 12:34:48,7,m3_b0045,9,train/images/001_20200707_123448(9).png,train/labels/001_20200707_123448(9).txt
001_20200707_123557(9),train,team,heo,3,576,444,2020-07-07 12:35:57,7,m3_b0046,9,train/images/001_20200707_123557(9).png,train/labels/001_20200707_123557(9).txt
001_20200707_123605(6),train,team,heo,3,576,444,2020-07-07 12:36:05,7,m3_b0046,6,train/images/001_20200707_123605(6).png,train/labels/001_20200707_123605(6).txt
001_20200707_123640(2),train,team,heo,3,576,444,2020-07-07 12:36:40,7,m3_b0046,2,train/images/001_20200707_123640(2).png,train/labels/001_20200707_123640(2).txt
001_20200708_041209(1),val,team,heo,3,576,444,2020-07-08 04:12:09,7,m3_b0047,1,val/images/001_20200708_041209(1).png,val/labels/001_20200708_041209(1).txt
001_20200708_041212(4),val,team,heo,3,576,444,2020-07-08 04:12:12,7,m3_b0047,4,val/images/001_20200708_041212(4).png,val/labels/001_20200708_041212(4).txt
001_20200708_041219(0),val,team,heo,3,576,444,2020-07-08 04:12:19,7,m3_b0047,0,val/images/001_20200708_041219(0).png,val/labels/001_20200708_041219(0).txt
001_20200708_041228(7),val,team,heo,3,576,444,2020-07-08 04:12:28,7,m3_b0047,7,val/images/001_20200708_041228(7).png,val/labels/001_20200708_041228(7).txt
001_20200708_041231(7),val,team,heo,3,576,444,2020-07-08 04:12:31,7,m3_b0047,7,val/images/001_20200708_041231(7).png,val/labels/001_20200708_041231(7).txt
001_20200708_093645(7),train,team,heo,3,576,444,2020-07-08 09:36:45,7,m3_b0048,7,train/images/001_20200708_093645(7).png,train/labels/001_20200708_093645(7).txt
001_20200708_093653(4),train,team,heo,3,576,444,2020-07-08 09:36:53,7,m3_b0048,4,train/images/001_20200708_093653(4).png,train/labels/001_20200708_093653(4).txt
001_20200708_093657(4),train,team,heo,3,576,444,2020-07-08 09:36:57,7,m3_b0048,4,train/images/001_20200708_093657(4).png,train/labels/001_20200708_093657(4).txt
001_20200708_093703(5),train,team,heo,3,576,444,2020-07-08 09:37:03,7,m3_b0048,5,train/images/001_20200708_093703(5).png,train/labels/001_20200708_093703(5).txt
001_20200708_093714(9),train,team,heo,3,576,444,2020-07-08 09:37:14,7,m3_b0048,9,train/images/001_20200708_093714(9).png,train/labels/001_20200708_093714(9).txt
001_20200708_093723(4),train,team,heo,3,576,444,2020-07-08 09:37:23,7,m3_b0048,4,train/images/001_20200708_093723(4).png,train/labels/001_20200708_093723(4).txt
001_20200708_123604(8),train,team,lee,3,576,444,2020-07-08 12:36:04,7,m3_b0049,8,train/images/001_20200708_123604(8).png,train/labels/001_20200708_123604(8).txt
001_20200708_123620(9),train,team,lee,3,576,444,2020-07-08 12:36:20,7,m3_b0049,9,train/images/001_20200708_123620(9).png,train/labels/001_20200708_123620(9).txt
001_20200708_123811(1),train,team,heo,3,576,444,2020-07-08 12:38:11,7,m3_b0050,1,train/images/001_20200708_123811(1).png,train/labels/001_20200708_123811(1).txt
001_20200708_123855(3),train,team,heo,3,576,444,2020-07-08 12:38:55,7,m3_b0050,3,train/images/001_20200708_123855(3).png,train/labels/001_20200708_123855(3).txt
001_20200708_123935(2),train,team,heo,3,576,444,2020-07-08 12:39:35,7,m3_b0050,2,train/images/001_20200708_123935(2).png,train/labels/001_20200708_123935(2).txt
001_20200708_123946(1),train,team,heo,3,576,444,2020-07-08 12:39:46,7,m3_b0050,1,train/images/001_20200708_123946(1).png,train/labels/001_20200708_123946(1).txt
001_20200708_163845(3),test,team,jung,3,576,444,2020-07-08 16:38:45,7,m3_b0051,3,test/images/001_20200708_163845(3).png,test/labels/001_20200708_163845(3).txt
001_20200708_163848(2),test,team,jung,3,576,444,2020-07-08 16:38:48,7,m3_b0051,2,test/images/001_20200708_163848(2).png,test/labels/001_20200708_163848(2).txt
001_20200708_163851(0),test,team,jung,3,576,444,2020-07-08 16:38:51,7,m3_b0051,0,test/images/001_20200708_163851(0).png,test/labels/001_20200708_163851(0).txt
001_20200708_163853(5),test,team,jung,3,576,444,2020-07-08 16:38:53,7,m3_b0051,5,test/images/001_20200708_163853(5).png,test/labels/001_20200708_163853(5).txt
001_20200708_163856(2),test,team,jung,3,576,444,2020-07-08 16:38:56,7,m3_b0051,2,test/images/001_20200708_163856(2).png,test/labels/001_20200708_163856(2).txt
001_20200708_163858(9),test,team,jung,3,576,444,2020-07-08 16:38:58,7,m3_b0051,9,test/images/001_20200708_163858(9).png,test/labels/001_20200708_163858(9).txt
001_20200708_203204(7),train,team,lee,3,576,444,2020-07-08 20:32:04,7,m3_b0052,7,train/images/001_20200708_203204(7).png,train/labels/001_20200708_203204(7).txt
001_20200708_203208(3),train,team,lee,3,576,444,2020-07-08 20:32:08,7,m3_b0052,3,train/images/001_20200708_203208(3).png,train/labels/001_20200708_203208(3).txt
001_20200708_203247(7),train,team,lee,3,576,444,2020-07-08 20:32:47,7,m3_b0052,7,train/images/001_20200708_203247(7).png,train/labels/001_20200708_203247(7).txt
001_20200708_203804(5),test,team,jung,3,576,444,2020-07-08 20:38:04,7,m3_b0053,5,test/images/001_20200708_203804(5).png,test/labels/001_20200708_203804(5).txt
001_20200708_203844(8),test,team,jung,3,576,444,2020-07-08 20:38:44,7,m3_b0053,8,test/images/001_20200708_203844(8).png,test/labels/001_20200708_203844(8).txt
001_20200708_203917(6),test,team,jung,3,576,444,2020-07-08 20:39:17,7,m3_b0053,6,test/images/001_20200708_203917(6).png,test/labels/001_20200708_203917(6).txt
001_20200713_091052(5),val,team,lee,3,576,444,2020-07-13 09:10:52,7,m3_b0054,5,val/images/001_20200713_091052(5).png,val/labels/001_20200713_091052(5).txt
001_20200713_091104(2),val,team,lee,3,576,444,2020-07-13 09:11:04,7,m3_b0054,2,val/images/001_20200713_091104(2).png,val/labels/001_20200713_091104(2).txt
001_20200713_091113(2),val,team,lee,3,576,444,2020-07-13 09:11:13,7,m3_b0054,2,val/images/001_20200713_091113(2).png,val/labels/001_20200713_091113(2).txt
001_20200713_091125(7),val,team,lee,3,576,444,2020-07-13 09:11:25,7,m3_b0054,7,val/images/001_20200713_091125(7).png,val/labels/001_20200713_091125(7).txt
001_20200713_091129(5),val,team,lee,3,576,444,2020-07-13 09:11:29,7,m3_b0054,5,val/images/001_20200713_091129(5).png,val/labels/001_20200713_091129(5).txt
001_20200713_091141(5),val,team,lee,3,576,444,2020-07-13 09:11:41,7,m3_b0054,5,val/images/001_20200713_091141(5).png,val/labels/001_20200713_091141(5).txt
001_20200713_123019(3),train,team,heo,3,576,444,2020-07-13 12:30:19,7,m3_b0055,3,train/images/001_20200713_123019(3).png,train/labels/001_20200713_123019(3).txt
001_20200713_123032(8),train,team,heo,3,576,444,2020-07-13 12:30:32,7,m3_b0055,8,train/images/001_20200713_123032(8).png,train/labels/001_20200713_123032(8).txt
001_20200713_123043(4),train,team,heo,3,576,444,2020-07-13 12:30:43,7,m3_b0055,4,train/images/001_20200713_123043(4).png,train/labels/001_20200713_123043(4).txt
001_20200713_123049(2),train,team,heo,3,576,444,2020-07-13 12:30:49,7,m3_b0055,2,train/images/001_20200713_123049(2).png,train/labels/001_20200713_123049(2).txt
001_20200713_123108(0),train,team,heo,3,576,444,2020-07-13 12:31:08,7,m3_b0055,0,train/images/001_20200713_123108(0).png,train/labels/001_20200713_123108(0).txt
001_20200713_123114(3),train,team,heo,3,576,444,2020-07-13 12:31:14,7,m3_b0055,3,train/images/001_20200713_123114(3).png,train/labels/001_20200713_123114(3).txt
001_20200713_163743(9),train,team,heo,3,576,444,2020-07-13 16:37:43,7,m3_b0056,9,train/images/001_20200713_163743(9).png,train/labels/001_20200713_163743(9).txt
001_20200713_163757(3),train,team,heo,3,576,444,2020-07-13 16:37:57,7,m3_b0056,3,train/images/001_20200713_163757(3).png,train/labels/001_20200713_163757(3).txt
001_20200713_163904(8),train,team,lee,3,576,444,2020-07-13 16:39:04,7,m3_b0057,8,train/images/001_20200713_163904(8).png,train/labels/001_20200713_163904(8).txt
001_20200713_163925(9),train,team,lee,3,576,444,2020-07-13 16:39:25,7,m3_b0057,9,train/images/001_20200713_163925(9).png,train/labels/001_20200713_163925(9).txt
001_20200713_163945(4),train,team,lee,3,576,444,2020-07-13 16:39:45,7,m3_b0057,4,train/images/001_20200713_163945(4).png,train/labels/001_20200713_163945(4).txt
001_20200713_164009(3),train,team,lee,3,576,444,2020-07-13 16:40:09,7,m3_b0057,3,train/images/001_20200713_164009(3).png,train/labels/001_20200713_164009(3).txt
001_20200713_202630(0),test,team,jung,3,576,444,2020-07-13 20:26:30,7,m3_b0058,0,test/images/001_20200713_202630(0).png,test/labels/001_20200713_202630(0).txt
001_20200713_202634(5),test,team,jung,3,576,444,2020-07-13 20:26:34,7,m3_b0058,5,test/images/001_20200713_202634(5).png,test/labels/001_20200713_202634(5).txt
001_20200713_202639(1),test,team,jung,3,576,444,2020-07-13 20:26:39,7,m3_b0058,1,test/images/001_20200713_202639(1).png,test/labels/001_20200713_202639(1).txt
001_20200713_202643(6),test,team,jung,3,576,444,2020-07-13 20:26:43,7,m3_b0058,6,test/images/001_20200713_202643(6).png,test/labels/001_20200713_202643(6).txt
001_20200713_202648(2),test,team,jung,3,576,444,2020-07-13 20:26:48,7,m3_b0058,2,test/images/001_20200713_202648(2).png,test/labels/001_20200713_202648(2).txt
001_20200713_202652(6),test,team,jung,3,576,444,2020-07-13 20:26:52,7,m3_b0058,6,test/images/001_20200713_202652(6).png,test/labels/001_20200713_202652(6).txt
001_20200714_003045(4),train,team,lee,3,576,444,2020-07-14 00:30:45,7,m3_b0059,4,train/images/001_20200714_003045(4).png,train/labels/001_20200714_003045(4).txt
001_20200714_003052(4),train,team,lee,3,576,444,2020-07-14 00:30:52,7,m3_b0059,4,train/images/001_20200714_003052(4).png,train/labels/001_20200714_003052(4).txt
001_20200714_003110(6),train,team,lee,3,576,444,2020-07-14 00:31:10,7,m3_b0059,6,train/images/001_20200714_003110(6).png,train/labels/001_20200714_003110(6).txt
001_20200714_003118(1),train,team,lee,3,576,444,2020-07-14 00:31:18,7,m3_b0059,1,train/images/001_20200714_003118(1).png,train/labels/001_20200714_003118(1).txt
001_20200714_003133(7),train,team,lee,3,576,444,2020-07-14 00:31:33,7,m3_b0059,7,train/images/001_20200714_003133(7).png,train/labels/001_20200714_003133(7).txt
001_20200714_003137(8),train,team,lee,3,576,444,2020-07-14 00:31:37,7,m3_b0059,8,train/images/001_20200714_003137(8).png,train/labels/001_20200714_003137(8).txt
001_20200714_042943(8),test,team,heo,3,576,444,2020-07-14 04:29:43,7,m3_b0060,8,test/images/001_20200714_042943(8).png,test/labels/001_20200714_042943(8).txt
001_20200714_042948(4),test,team,heo,3,576,444,2020-07-14 04:29:48,7,m3_b0060,4,test/images/001_20200714_042948(4).png,test/labels/001_20200714_042948(4).txt
001_20200714_042957(3),test,team,heo,3,576,444,2020-07-14 04:29:57,7,m3_b0060,3,test/images/001_20200714_042957(3).png,test/labels/001_20200714_042957(3).txt
001_20200714_043001(8),test,team,heo,3,576,444,2020-07-14 04:30:01,7,m3_b0060,8,test/images/001_20200714_043001(8).png,test/labels/001_20200714_043001(8).txt
001_20200714_043006(2),test,team,heo,3,576,444,2020-07-14 04:30:06,7,m3_b0060,2,test/images/001_20200714_043006(2).png,test/labels/001_20200714_043006(2).txt
001_20200714_043010(8),test,team,heo,3,576,444,2020-07-14 04:30:10,7,m3_b0060,8,test/images/001_20200714_043010(8).png,test/labels/001_20200714_043010(8).txt
001_20200714_084009(9),train,team,jung,3,576,444,2020-07-14 08:40:09,7,m3_b0061,9,train/images/001_20200714_084009(9).png,train/labels/001_20200714_084009(9).txt
001_20200714_084013(3),train,team,jung,3,576,444,2020-07-14 08:40:13,7,m3_b0061,3,train/images/001_20200714_084013(3).png,train/labels/001_20200714_084013(3).txt
001_20200714_084020(1),train,team,jung,3,576,444,2020-07-14 08:40:20,7,m3_b0061,1,train/images/001_20200714_084020(1).png,train/labels/001_20200714_084020(1).txt
001_20200714_084027(0),train,team,jung,3,576,444,2020-07-14 08:40:27,7,m3_b0061,0,train/images/001_20200714_084027(0).png,train/labels/001_20200714_084027(0).txt
001_20200714_084047(6),train,team,jung,3,576,444,2020-07-14 08:40:47,7,m3_b0061,6,train/images/001_20200714_084047(6).png,train/labels/001_20200714_084047(6).txt
001_20200714_084106(0),train,team,jung,3,576,444,2020-07-14 08:41:06,7,m3_b0061,0,train/images/001_20200714_084106(0).png,train/labels/001_20200714_084106(0).txt
001_20200714_123235(9),train,team,lee,3,576,444,2020-07-14 12:32:35,7,m3_b0062,9,train/images/001_20200714_123235(9).png,train/labels/001_20200714_123235(9).txt
001_20200714_123240(4),train,team,lee,3,576,444,2020-07-14 12:32:40,7,m3_b0062,4,train/images/001_20200714_123240(4).png,train/labels/001_20200714_123240(4).txt
001_20200714_123244(9),train,team,lee,3,576,444,2020-07-14 12:32:44,7,m3_b0062,9,train/images/001_20200714_123244(9).png,train/labels/001_20200714_123244(9).txt
001_20200714_123249(5),train,team,lee,3,576,444,2020-07-14 12:32:49,7,m3_b0062,5,train/images/001_20200714_123249(5).png,train/labels/001_20200714_123249(5).txt
001_20200714_123253(9),train,team,lee,3,576,444,2020-07-14 12:32:53,7,m3_b0062,9,train/images/001_20200714_123253(9).png,train/labels/001_20200714_123253(9).txt
001_20200714_123258(4),train,team,lee,3,576,444,2020-07-14 12:32:58,7,m3_b0062,4,train/images/001_20200714_123258(4).png,train/labels/001_20200714_123258(4).txt
001_20200714_163058(0),train,team,heo,3,576,444,2020-07-14 16:30:58,7,m3_b0063,0,train/images/001_20200714_163058(0).png,train/labels/001_20200714_163058(0).txt
001_20200714_163100(9),train,team,heo,3,576,444,2020-07-14 16:31:00,7,m3_b0063,9,train/images/001_20200714_163100(9).png,train/labels/001_20200714_163100(9).txt
001_20200714_163104(1),train,team,heo,3,576,444,2020-07-14 16:31:04,7,m3_b0063,1,train/images/001_20200714_163104(1).png,train/labels/001_20200714_163104(1).txt
001_20200714_163107(2),train,team,heo,3,576,444,2020-07-14 16:31:07,7,m3_b0063,2,train/images/001_20200714_163107(2).png,train/labels/001_20200714_163107(2).txt
001_20200714_163110(3),train,team,heo,3,576,444,2020-07-14 16:31:10,7,m3_b0063,3,train/images/001_20200714_163110(3).png,train/labels/001_20200714_163110(3).txt
001_20200714_163113(3),train,team,heo,3,576,444,2020-07-14 16:31:13,7,m3_b0063,3,train/images/001_20200714_163113(3).png,train/labels/001_20200714_163113(3).txt
001_20200714_225902(4),train,team,jung,3,576,444,2020-07-14 22:59:02,7,m3_b0064,4,train/images/001_20200714_225902(4).png,train/labels/001_20200714_225902(4).txt
001_20200714_225906(4),train,team,jung,3,576,444,2020-07-14 22:59:06,7,m3_b0064,4,train/images/001_20200714_225906(4).png,train/labels/001_20200714_225906(4).txt
001_20200714_225909(9),train,team,jung,3,576,444,2020-07-14 22:59:09,7,m3_b0064,9,train/images/001_20200714_225909(9).png,train/labels/001_20200714_225909(9).txt
001_20200714_225913(0),train,team,jung,3,576,444,2020-07-14 22:59:13,7,m3_b0064,0,train/images/001_20200714_225913(0).png,train/labels/001_20200714_225913(0).txt
001_20200714_225916(1),train,team,jung,3,576,444,2020-07-14 22:59:16,7,m3_b0064,1,train/images/001_20200714_225916(1).png,train/labels/001_20200714_225916(1).txt
001_20200714_225919(2),train,team,jung,3,576,444,2020-07-14 22:59:19,7,m3_b0064,2,train/images/001_20200714_225919(2).png,train/labels/001_20200714_225919(2).txt
001_20200715_002651(8),train,team,lee,3,576,444,2020-07-15 00:26:51,7,m3_b0065,8,train/images/001_20200715_002651(8).png,train/labels/001_20200715_002651(8).txt
001_20200715_002656(3),train,team,lee,3,576,444,2020-07-15 00:26:56,7,m3_b0065,3,train/images/001_20200715_002656(3).png,train/labels/001_20200715_002656(3).txt
001_20200715_002700(8),train,team,lee,3,576,444,2020-07-15 00:27:00,7,m3_b0065,8,train/images/001_20200715_002700(8).png,train/labels/001_20200715_002700(8).txt
001_20200715_002705(1),train,team,lee,3,576,444,2020-07-15 00:27:05,7,m3_b0065,1,train/images/001_20200715_002705(1).png,train/labels/001_20200715_002705(1).txt
001_20200715_002709(8),train,team,lee,3,576,444,2020-07-15 00:27:09,7,m3_b0065,8,train/images/001_20200715_002709(8).png,train/labels/001_20200715_002709(8).txt
001_20200715_002714(2),train,team,lee,3,576,444,2020-07-15 00:27:14,7,m3_b0065,2,train/images/001_20200715_002714(2).png,train/labels/001_20200715_002714(2).txt
001_20200715_042104(4),train,team,heo,3,576,444,2020-07-15 04:21:04,7,m3_b0066,4,train/images/001_20200715_042104(4).png,train/labels/001_20200715_042104(4).txt
001_20200715_042108(8),train,team,heo,3,576,444,2020-07-15 04:21:08,7,m3_b0066,8,train/images/001_20200715_042108(8).png,train/labels/001_20200715_042108(8).txt
001_20200715_042113(4),train,team,heo,3,576,444,2020-07-15 04:21:13,7,m3_b0066,4,train/images/001_20200715_042113(4).png,train/labels/001_20200715_042113(4).txt
001_20200715_042118(0),train,team,heo,3,576,444,2020-07-15 04:21:18,7,m3_b0066,0,train/images/001_20200715_042118(0).png,train/labels/001_20200715_042118(0).txt
001_20200715_042122(5),train,team,heo,3,576,444,2020-07-15 04:21:22,7,m3_b0066,5,train/images/001_20200715_042122(5).png,train/labels/001_20200715_042122(5).txt
001_20200715_042127(0),train,team,heo,3,576,444,2020-07-15 04:21:27,7,m3_b0066,0,train/images/001_20200715_042127(0).png,train/labels/001_20200715_042127(0).txt
001_20200715_083509(3),test,team,jung,3,576,444,2020-07-15 08:35:09,7,m3_b0067,3,test/images/001_20200715_083509(3).png,test/labels/001_20200715_083509(3).txt
001_20200715_083513(8),test,team,jung,3,576,444,2020-07-15 08:35:13,7,m3_b0067,8,test/images/001_20200715_083513(8).png,test/labels/001_20200715_083513(8).txt
001_20200715_083518(2),test,team,jung,3,576,444,2020-07-15 08:35:18,7,m3_b0067,2,test/images/001_20200715_083518(2).png,test/labels/001_20200715_083518(2).txt
001_20200715_083522(7),test,team,jung,3,576,444,2020-07-15 08:35:22,7,m3_b0067,7,test/images/001_20200715_083522(7).png,test/labels/001_20200715_083522(7).txt
001_20200715_083527(3),test,team,jung,3,576,444,2020-07-15 08:35:27,7,m3_b0067,3,test/images/001_20200715_083527(3).png,test/labels/001_20200715_083527(3).txt
001_20200715_083531(8),test,team,jung,3,576,444,2020-07-15 08:35:31,7,m3_b0067,8,test/images/001_20200715_083531(8).png,test/labels/001_20200715_083531(8).txt
001_20200721_163828(2),val,team,lee,3,576,444,2020-07-21 16:38:28,7,m3_b0068,2,val/images/001_20200721_163828(2).png,val/labels/001_20200721_163828(2).txt
001_20200721_163831(6),val,team,lee,3,576,444,2020-07-21 16:38:31,7,m3_b0068,6,val/images/001_20200721_163831(6).png,val/labels/001_20200721_163831(6).txt
001_20200721_163835(0),val,team,lee,3,576,444,2020-07-21 16:38:35,7,m3_b0068,0,val/images/001_20200721_163835(0).png,val/labels/001_20200721_163835(0).txt
001_20200721_163838(2),val,team,lee,3,576,444,2020-07-21 16:38:38,7,m3_b0068,2,val/images/001_20200721_163838(2).png,val/labels/001_20200721_163838(2).txt
001_20200721_163841(6),val,team,lee,3,576,444,2020-07-21 16:38:41,7,m3_b0068,6,val/images/001_20200721_163841(6).png,val/labels/001_20200721_163841(6).txt
001_20200721_163845(0),val,team,lee,3,576,444,2020-07-21 16:38:45,7,m3_b0068,0,val/images/001_20200721_163845(0).png,val/labels/001_20200721_163845(0).txt
001_20200722_003342(7),train,team,lee,3,576,444,2020-07-22 00:33:42,7,m3_b0069,7,train/images/001_20200722_003342(7).png,train/labels/001_20200722_003342(7).txt
001_20200722_003351(5),train,team,lee,3,576,444,2020-07-22 00:33:51,7,m3_b0069,5,train/images/001_20200722_003351(5).png,train/labels/001_20200722_003351(5).txt
001_20200722_043531(1),train,team,jung,3,576,444,2020-07-22 04:35:31,7,m3_b0070,1,train/images/001_20200722_043531(1).png,train/labels/001_20200722_043531(1).txt
001_20200722_043535(5),train,team,jung,3,576,444,2020-07-22 04:35:35,7,m3_b0070,5,train/images/001_20200722_043535(5).png,train/labels/001_20200722_043535(5).txt
001_20200722_083525(2),test,team,heo,3,576,444,2020-07-22 08:35:25,7,m3_b0071,2,test/images/001_20200722_083525(2).png,test/labels/001_20200722_083525(2).txt
001_20200722_083529(6),test,team,heo,3,576,444,2020-07-22 08:35:29,7,m3_b0071,6,test/images/001_20200722_083529(6).png,test/labels/001_20200722_083529(6).txt
001_20200722_131315(1),train,team,lee,3,576,444,2020-07-22 13:13:15,7,m3_b0072,1,train/images/001_20200722_131315(1).png,train/labels/001_20200722_131315(1).txt
001_20200722_131319(5),train,team,lee,3,576,444,2020-07-22 13:13:19,7,m3_b0072,5,train/images/001_20200722_131319(5).png,train/labels/001_20200722_131319(5).txt
001_20200722_163247(7),val,team,jung,3,576,444,2020-07-22 16:32:47,7,m3_b0073,7,val/images/001_20200722_163247(7).png,val/labels/001_20200722_163247(7).txt
001_20200722_163255(2),val,team,jung,3,576,444,2020-07-22 16:32:55,7,m3_b0073,2,val/images/001_20200722_163255(2).png,val/labels/001_20200722_163255(2).txt
001_20200723_003047(2),train,team,heo,3,576,444,2020-07-23 00:30:47,7,m3_b0074,2,train/images/001_20200723_003047(2).png,train/labels/001_20200723_003047(2).txt
001_20200723_003051(9),train,team,heo,3,576,444,2020-07-23 00:30:51,7,m3_b0074,9,train/images/001_20200723_003051(9).png,train/labels/001_20200723_003051(9).txt
001_20200723_043303(9),val,team,lee,3,576,444,2020-07-23 04:33:03,7,m3_b0075,9,val/images/001_20200723_043303(9).png,val/labels/001_20200723_043303(9).txt
001_20200723_043308(5),val,team,lee,3,576,444,2020-07-23 04:33:08,7,m3_b0075,5,val/images/001_20200723_043308(5).png,val/labels/001_20200723_043308(5).txt
001_20200723_082647(1),train,team,jung,3,576,444,2020-07-23 08:26:47,7,m3_b0076,1,train/images/001_20200723_082647(1).png,train/labels/001_20200723_082647(1).txt
001_20200723_082651(6),train,team,jung,3,576,444,2020-07-23 08:26:51,7,m3_b0076,6,train/images/001_20200723_082651(6).png,train/labels/001_20200723_082651(6).txt
001_20200723_123426(4),train,team,heo,3,576,444,2020-07-23 12:34:26,7,m3_b0077,4,train/images/001_20200723_123426(4).png,train/labels/001_20200723_123426(4).txt
001_20200723_123428(2),train,team,heo,3,576,444,2020-07-23 12:34:28,7,m3_b0077,2,train/images/001_20200723_123428(2).png,train/labels/001_20200723_123428(2).txt
001_20200723_163233(0),val,team,lee,3,576,444,2020-07-23 16:32:33,7,m3_b0078,0,val/images/001_20200723_163233(0).png,val/labels/001_20200723_163233(0).txt
001_20200723_163243(6),val,team,lee,3,576,444,2020-07-23 16:32:43,7,m3_b0078,6,val/images/001_20200723_163243(6).png,val/labels/001_20200723_163243(6).txt
001_20200723_203353(2),val,team,jung,3,576,444,2020-07-23 20:33:53,7,m3_b0079,2,val/images/001_20200723_203353(2).png,val/labels/001_20200723_203353(2).txt
001_20200723_203357(7),val,team,jung,3,576,444,2020-07-23 20:33:57,7,m3_b0079,7,val/images/001_20200723_203357(7).png,val/labels/001_20200723_203357(7).txt
001_20200724_003201(1),train,team,heo,3,576,444,2020-07-24 00:32:01,7,m3_b0080,1,train/images/001_20200724_003201(1).png,train/labels/001_20200724_003201(1).txt
001_20200724_003210(1),train,team,heo,3,576,444,2020-07-24 00:32:10,7,m3_b0080,1,train/images/001_20200724_003210(1).png,train/labels/001_20200724_003210(1).txt
001_20200727_091913(0),train,team,lee,3,576,444,2020-07-27 09:19:13,7,m3_b0081,0,train/images/001_20200727_091913(0).png,train/labels/001_20200727_091913(0).txt
001_20200727_091915(2),train,team,lee,3,576,444,2020-07-27 09:19:15,7,m3_b0081,2,train/images/001_20200727_091915(2).png,train/labels/001_20200727_091915(2).txt
001_20200727_123118(0),val,team,jung,3,576,444,2020-07-27 12:31:18,7,m3_b0082,0,val/images/001_20200727_123118(0).png,val/labels/001_20200727_123118(0).txt
001_20200727_123121(5),val,team,jung,3,576,444,2020-07-27 12:31:21,7,m3_b0082,5,val/images/001_20200727_123121(5).png,val/labels/001_20200727_123121(5).txt
001_20200727_163532(4),train,team,heo,3,576,444,2020-07-27 16:35:32,7,m3_b0083,4,train/images/001_20200727_163532(4).png,train/labels/001_20200727_163532(4).txt
001_20200727_163538(3),train,team,heo,3,576,444,2020-07-27 16:35:38,7,m3_b0083,3,train/images/001_20200727_163538(3).png,train/labels/001_20200727_163538(3).txt
001_20200727_204954(7),train,official,,3,576,444,2020-07-27 20:49:54,7,m3_b0084,7,train/images/001_20200727_204954(7).png,train/labels/001_20200727_204954(7).txt
001_20200727_204958(2),train,official,,3,576,444,2020-07-27 20:49:58,7,m3_b0084,2,train/images/001_20200727_204958(2).png,train/labels/001_20200727_204958(2).txt
001_20200728_014351(3),train,official,,3,576,444,2020-07-28 01:43:51,7,m3_b0085,3,train/images/001_20200728_014351(3).png,train/labels/001_20200728_014351(3).txt
001_20200728_014355(2),train,official,,3,576,444,2020-07-28 01:43:55,7,m3_b0085,2,train/images/001_20200728_014355(2).png,train/labels/001_20200728_014355(2).txt
001_20200728_043138(3),train,official,,3,576,444,2020-07-28 04:31:38,7,m3_b0086,3,train/images/001_20200728_043138(3).png,train/labels/001_20200728_043138(3).txt
001_20200728_043141(5),train,official,,3,576,444,2020-07-28 04:31:41,7,m3_b0086,5,train/images/001_20200728_043141(5).png,train/labels/001_20200728_043141(5).txt
001_20200728_083108(2),val,official,,3,576,444,2020-07-28 08:31:08,7,m3_b0087,2,val/images/001_20200728_083108(2).png,val/labels/001_20200728_083108(2).txt
001_20200728_083116(1),val,official,,3,576,444,2020-07-28 08:31:16,7,m3_b0087,1,val/images/001_20200728_083116(1).png,val/labels/001_20200728_083116(1).txt
001_20200728_123129(2),train,official,,3,576,444,2020-07-28 12:31:29,7,m3_b0088,2,train/images/001_20200728_123129(2).png,train/labels/001_20200728_123129(2).txt
001_20200728_123132(4),train,official,,3,576,444,2020-07-28 12:31:32,7,m3_b0088,4,train/images/001_20200728_123132(4).png,train/labels/001_20200728_123132(4).txt
001_20200728_163910(5),test,official,,3,576,444,2020-07-28 16:39:10,7,m3_b0089,5,test/images/001_20200728_163910(5).png,test/labels/001_20200728_163910(5).txt
001_20200728_163913(6),test,official,,3,576,444,2020-07-28 16:39:13,7,m3_b0089,6,test/images/001_20200728_163913(6).png,test/labels/001_20200728_163913(6).txt
001_20200810_085043(8),train,official,,3,576,444,2020-08-10 08:50:43,8,m3_b0090,8,train/images/001_20200810_085043(8).png,train/labels/001_20200810_085043(8).txt
001_20200810_085047(2),train,team,heo,3,576,444,2020-08-10 08:50:47,8,m3_b0090,2,train/images/001_20200810_085047(2).png,train/labels/001_20200810_085047(2).txt
001_20200810_123047(8),val,official,,3,576,444,2020-08-10 12:30:47,8,m3_b0091,8,val/images/001_20200810_123047(8).png,val/labels/001_20200810_123047(8).txt
001_20200810_123051(3),val,official,,3,576,444,2020-08-10 12:30:51,8,m3_b0091,3,val/images/001_20200810_123051(3).png,val/labels/001_20200810_123051(3).txt
001_20200810_163112(8),val,official,,3,576,444,2020-08-10 16:31:12,8,m3_b0092,8,val/images/001_20200810_163112(8).png,val/labels/001_20200810_163112(8).txt
001_20200810_163116(0),val,official,,3,576,444,2020-08-10 16:31:16,8,m3_b0092,0,val/images/001_20200810_163116(0).png,val/labels/001_20200810_163116(0).txt
001_20200810_203208(7),train,official,,3,576,444,2020-08-10 20:32:08,8,m3_b0093,7,train/images/001_20200810_203208(7).png,train/labels/001_20200810_203208(7).txt
001_20200810_203212(6),train,official,,3,576,444,2020-08-10 20:32:12,8,m3_b0093,6,train/images/001_20200810_203212(6).png,train/labels/001_20200810_203212(6).txt
001_20200811_003323(2),train,official,,3,576,444,2020-08-11 00:33:23,8,m3_b0094,2,train/images/001_20200811_003323(2).png,train/labels/001_20200811_003323(2).txt
001_20200811_003327(0),train,official,,3,576,444,2020-08-11 00:33:27,8,m3_b0094,0,train/images/001_20200811_003327(0).png,train/labels/001_20200811_003327(0).txt
001_20200811_043037(3),train,official,,3,576,444,2020-08-11 04:30:37,8,m3_b0095,3,train/images/001_20200811_043037(3).png,train/labels/001_20200811_043037(3).txt
001_20200811_043041(6),train,official,,3,576,444,2020-08-11 04:30:41,8,m3_b0095,6,train/images/001_20200811_043041(6).png,train/labels/001_20200811_043041(6).txt
001_20200814_033012(7),test,official,,3,576,444,2020-08-14 03:30:12,8,m3_b0096,7,test/images/001_20200814_033012(7).png,test/labels/001_20200814_033012(7).txt
001_20200814_033016(6),test,official,,3,576,444,2020-08-14 03:30:16,8,m3_b0096,6,test/images/001_20200814_033016(6).png,test/labels/001_20200814_033016(6).txt
001_20200814_043321(6),test,official,,3,576,444,2020-08-14 04:33:21,8,m3_b0097,6,test/images/001_20200814_043321(6).png,test/labels/001_20200814_043321(6).txt
001_20200814_043345(8),test,team,heo,3,576,444,2020-08-14 04:33:45,8,m3_b0097,8,test/images/001_20200814_043345(8).png,test/labels/001_20200814_043345(8).txt
001_20200814_083045(8),train,official,,3,576,444,2020-08-14 08:30:45,8,m3_b0098,8,train/images/001_20200814_083045(8).png,train/labels/001_20200814_083045(8).txt
001_20200814_083051(9),train,official,,3,576,444,2020-08-14 08:30:51,8,m3_b0098,9,train/images/001_20200814_083051(9).png,train/labels/001_20200814_083051(9).txt
001_20200814_123136(2),train,official,,3,576,444,2020-08-14 12:31:36,8,m3_b0099,2,train/images/001_20200814_123136(2).png,train/labels/001_20200814_123136(2).txt
001_20200814_123143(5),train,official,,3,576,444,2020-08-14 12:31:43,8,m3_b0099,5,train/images/001_20200814_123143(5).png,train/labels/001_20200814_123143(5).txt
001_20200814_163101(7),train,official,,3,576,444,2020-08-14 16:31:01,8,m3_b0100,7,train/images/001_20200814_163101(7).png,train/labels/001_20200814_163101(7).txt
001_20200814_163105(1),train,official,,3,576,444,2020-08-14 16:31:05,8,m3_b0100,1,train/images/001_20200814_163105(1).png,train/labels/001_20200814_163105(1).txt
001_20200814_203438(9),train,official,,3,576,444,2020-08-14 20:34:38,8,m3_b0101,9,train/images/001_20200814_203438(9).png,train/labels/001_20200814_203438(9).txt
001_20200814_203442(4),train,official,,3,576,444,2020-08-14 20:34:42,8,m3_b0101,4,train/images/001_20200814_203442(4).png,train/labels/001_20200814_203442(4).txt
001_20200815_003438(6),train,official,,3,576,444,2020-08-15 00:34:38,8,m3_b0102,6,train/images/001_20200815_003438(6).png,train/labels/001_20200815_003438(6).txt
001_20200815_003529(0),train,official,,3,576,444,2020-08-15 00:35:29,8,m3_b0102,0,train/images/001_20200815_003529(0).png,train/labels/001_20200815_003529(0).txt
001_20200818_083145(2),train,official,,3,576,444,2020-08-18 08:31:45,8,m3_b0103,2,train/images/001_20200818_083145(2).png,train/labels/001_20200818_083145(2).txt
001_20200818_083159(7),train,official,,3,576,444,2020-08-18 08:31:59,8,m3_b0103,7,train/images/001_20200818_083159(7).png,train/labels/001_20200818_083159(7).txt
001_20200818_123634(4),test,official,,3,576,444,2020-08-18 12:36:34,8,m3_b0104,4,test/images/001_20200818_123634(4).png,test/labels/001_20200818_123634(4).txt
001_20200818_123638(1),test,team,lee,3,576,444,2020-08-18 12:36:38,8,m3_b0104,1,test/images/001_20200818_123638(1).png,test/labels/001_20200818_123638(1).txt
001_20200818_163230(6),val,official,,3,576,444,2020-08-18 16:32:30,8,m3_b0105,6,val/images/001_20200818_163230(6).png,val/labels/001_20200818_163230(6).txt
001_20200818_163233(9),val,official,,3,576,444,2020-08-18 16:32:33,8,m3_b0105,9,val/images/001_20200818_163233(9).png,val/labels/001_20200818_163233(9).txt
001_20200818_203601(4),val,official,,3,576,444,2020-08-18 20:36:01,8,m3_b0106,4,val/images/001_20200818_203601(4).png,val/labels/001_20200818_203601(4).txt
001_20200818_203607(4),val,official,,3,576,444,2020-08-18 20:36:07,8,m3_b0106,4,val/images/001_20200818_203607(4).png,val/labels/001_20200818_203607(4).txt
001_20200819_003039(4),train,official,,3,576,444,2020-08-19 00:30:39,8,m3_b0107,4,train/images/001_20200819_003039(4).png,train/labels/001_20200819_003039(4).txt
001_20200819_003044(1),train,official,,3,576,444,2020-08-19 00:30:44,8,m3_b0107,1,train/images/001_20200819_003044(1).png,train/labels/001_20200819_003044(1).txt
001_20200819_043209(9),val,official,,3,576,444,2020-08-19 04:32:09,8,m3_b0108,9,val/images/001_20200819_043209(9).png,val/labels/001_20200819_043209(9).txt
001_20200819_043216(0),val,official,,3,576,444,2020-08-19 04:32:16,8,m3_b0108,0,val/images/001_20200819_043216(0).png,val/labels/001_20200819_043216(0).txt
001_20200819_083353(5),train,official,,3,576,444,2020-08-19 08:33:53,8,m3_b0109,5,train/images/001_20200819_083353(5).png,train/labels/001_20200819_083353(5).txt
001_20200819_083401(0),train,official,,3,576,444,2020-08-19 08:34:01,8,m3_b0109,0,train/images/001_20200819_083401(0).png,train/labels/001_20200819_083401(0).txt
001_20200819_124414(0),val,official,,3,576,444,2020-08-19 12:44:14,8,m3_b0110,0,val/images/001_20200819_124414(0).png,val/labels/001_20200819_124414(0).txt
001_20200819_124415(9),val,official,,3,576,444,2020-08-19 12:44:15,8,m3_b0110,9,val/images/001_20200819_124415(9).png,val/labels/001_20200819_124415(9).txt
001_20200819_162723(4),train,official,,3,576,444,2020-08-19 16:27:23,8,m3_b0111,4,train/images/001_20200819_162723(4).png,train/labels/001_20200819_162723(4).txt
001_20200819_162727(9),train,team,jung,3,576,444,2020-08-19 16:27:27,8,m3_b0111,9,train/images/001_20200819_162727(9).png,train/labels/001_20200819_162727(9).txt
001_20200821_150525(5),train,official,,3,576,444,2020-08-21 15:05:25,8,m3_b0112,5,train/images/001_20200821_150525(5).png,train/labels/001_20200821_150525(5).txt
001_20200821_150529(4),train,official,,3,576,444,2020-08-21 15:05:29,8,m3_b0112,4,train/images/001_20200821_150529(4).png,train/labels/001_20200821_150529(4).txt
001_20200821_163349(7),train,official,,3,576,444,2020-08-21 16:33:49,8,m3_b0113,7,train/images/001_20200821_163349(7).png,train/labels/001_20200821_163349(7).txt
001_20200821_163353(8),train,official,,3,576,444,2020-08-21 16:33:53,8,m3_b0113,8,train/images/001_20200821_163353(8).png,train/labels/001_20200821_163353(8).txt
001_20200826_023328(3),train,official,,3,576,444,2020-08-26 02:33:28,8,m3_b0114,3,train/images/001_20200826_023328(3).png,train/labels/001_20200826_023328(3).txt
001_20200826_023332(5),train,official,,3,576,444,2020-08-26 02:33:32,8,m3_b0114,5,train/images/001_20200826_023332(5).png,train/labels/001_20200826_023332(5).txt
001_20200826_043252(8),train,official,,3,576,444,2020-08-26 04:32:52,8,m3_b0115,8,train/images/001_20200826_043252(8).png,train/labels/001_20200826_043252(8).txt
001_20200826_043255(8),train,official,,3,576,444,2020-08-26 04:32:55,8,m3_b0115,8,train/images/001_20200826_043255(8).png,train/labels/001_20200826_043255(8).txt
001_20200826_123711(3),train,official,,3,576,444,2020-08-26 12:37:11,8,m3_b0116,3,train/images/001_20200826_123711(3).png,train/labels/001_20200826_123711(3).txt
001_20200826_123714(5),train,official,,3,576,444,2020-08-26 12:37:14,8,m3_b0116,5,train/images/001_20200826_123714(5).png,train/labels/001_20200826_123714(5).txt
001_20200831_083711(6),test,official,,3,576,444,2020-08-31 08:37:11,8,m3_b0117,6,test/images/001_20200831_083711(6).png,test/labels/001_20200831_083711(6).txt
001_20200831_083714(8),test,official,,3,576,444,2020-08-31 08:37:14,8,m3_b0117,8,test/images/001_20200831_083714(8).png,test/labels/001_20200831_083714(8).txt
001_20200831_123316(5),val,official,,3,576,444,2020-08-31 12:33:16,8,m3_b0118,5,val/images/001_20200831_123316(5).png,val/labels/001_20200831_123316(5).txt
001_20200831_123324(1),val,team,heo,3,576,444,2020-08-31 12:33:24,8,m3_b0118,1,val/images/001_20200831_123324(1).png,val/labels/001_20200831_123324(1).txt
001_20200831_163330(7),train,team,lee,3,576,444,2020-08-31 16:33:30,8,m3_b0119,7,train/images/001_20200831_163330(7).png,train/labels/001_20200831_163330(7).txt
001_20200831_163332(1),train,team,lee,3,576,444,2020-08-31 16:33:32,8,m3_b0119,1,train/images/001_20200831_163332(1).png,train/labels/001_20200831_163332(1).txt
001_20200831_203249(0),train,team,jung,3,576,444,2020-08-31 20:32:49,8,m3_b0120,0,train/images/001_20200831_203249(0).png,train/labels/001_20200831_203249(0).txt
001_20200831_203253(5),train,team,jung,3,576,444,2020-08-31 20:32:53,8,m3_b0120,5,train/images/001_20200831_203253(5).png,train/labels/001_20200831_203253(5).txt
001_20200901_003429(1),val,team,lee,3,576,444,2020-09-01 00:34:29,9,m3_b0121,1,val/images/001_20200901_003429(1).png,val/labels/001_20200901_003429(1).txt
001_20200901_003433(7),val,team,lee,3,576,444,2020-09-01 00:34:33,9,m3_b0121,7,val/images/001_20200901_003433(7).png,val/labels/001_20200901_003433(7).txt
001_20200901_003438(1),val,team,lee,3,576,444,2020-09-01 00:34:38,9,m3_b0121,1,val/images/001_20200901_003438(1).png,val/labels/001_20200901_003438(1).txt
001_20200901_003442(7),val,team,lee,3,576,444,2020-09-01 00:34:42,9,m3_b0121,7,val/images/001_20200901_003442(7).png,val/labels/001_20200901_003442(7).txt
001_20200901_003447(1),val,team,lee,3,576,444,2020-09-01 00:34:47,9,m3_b0121,1,val/images/001_20200901_003447(1).png,val/labels/001_20200901_003447(1).txt
001_20200901_003451(7),val,team,lee,3,576,444,2020-09-01 00:34:51,9,m3_b0121,7,val/images/001_20200901_003451(7).png,val/labels/001_20200901_003451(7).txt
001_20200901_043410(8),val,team,jung,3,576,444,2020-09-01 04:34:10,9,m3_b0122,8,val/images/001_20200901_043410(8).png,val/labels/001_20200901_043410(8).txt
001_20200901_043415(3),val,team,jung,3,576,444,2020-09-01 04:34:15,9,m3_b0122,3,val/images/001_20200901_043415(3).png,val/labels/001_20200901_043415(3).txt
001_20200901_043419(9),val,team,jung,3,576,444,2020-09-01 04:34:19,9,m3_b0122,9,val/images/001_20200901_043419(9).png,val/labels/001_20200901_043419(9).txt
001_20200901_043424(4),val,team,jung,3,576,444,2020-09-01 04:34:24,9,m3_b0122,4,val/images/001_20200901_043424(4).png,val/labels/001_20200901_043424(4).txt
001_20200901_043428(8),val,team,jung,3,576,444,2020-09-01 04:34:28,9,m3_b0122,8,val/images/001_20200901_043428(8).png,val/labels/001_20200901_043428(8).txt
001_20200901_043433(3),val,team,jung,3,576,444,2020-09-01 04:34:33,9,m3_b0122,3,val/images/001_20200901_043433(3).png,val/labels/001_20200901_043433(3).txt
001_20200901_083346(7),train,team,heo,3,576,444,2020-09-01 08:33:46,9,m3_b0123,7,train/images/001_20200901_083346(7).png,train/labels/001_20200901_083346(7).txt
001_20200901_083356(1),train,team,heo,3,576,444,2020-09-01 08:33:56,9,m3_b0123,1,train/images/001_20200901_083356(1).png,train/labels/001_20200901_083356(1).txt
001_20200901_083422(0),train,team,heo,3,576,444,2020-09-01 08:34:22,9,m3_b0123,0,train/images/001_20200901_083422(0).png,train/labels/001_20200901_083422(0).txt
001_20200901_083438(5),train,team,heo,3,576,444,2020-09-01 08:34:38,9,m3_b0123,5,train/images/001_20200901_083438(5).png,train/labels/001_20200901_083438(5).txt
001_20200901_083442(9),train,team,heo,3,576,444,2020-09-01 08:34:42,9,m3_b0123,9,train/images/001_20200901_083442(9).png,train/labels/001_20200901_083442(9).txt
001_20200901_083502(5),train,team,heo,3,576,444,2020-09-01 08:35:02,9,m3_b0123,5,train/images/001_20200901_083502(5).png,train/labels/001_20200901_083502(5).txt
001_20200901_123053(8),train,team,lee,3,576,444,2020-09-01 12:30:53,9,m3_b0124,8,train/images/001_20200901_123053(8).png,train/labels/001_20200901_123053(8).txt
001_20200901_123056(9),train,team,lee,3,576,444,2020-09-01 12:30:56,9,m3_b0124,9,train/images/001_20200901_123056(9).png,train/labels/001_20200901_123056(9).txt
001_20200901_123100(2),train,team,lee,3,576,444,2020-09-01 12:31:00,9,m3_b0124,2,train/images/001_20200901_123100(2).png,train/labels/001_20200901_123100(2).txt
001_20200901_123103(2),train,team,lee,3,576,444,2020-09-01 12:31:03,9,m3_b0124,2,train/images/001_20200901_123103(2).png,train/labels/001_20200901_123103(2).txt
001_20200901_123106(4),train,team,lee,3,576,444,2020-09-01 12:31:06,9,m3_b0124,4,train/images/001_20200901_123106(4).png,train/labels/001_20200901_123106(4).txt
001_20200901_123109(7),train,team,lee,3,576,444,2020-09-01 12:31:09,9,m3_b0124,7,train/images/001_20200901_123109(7).png,train/labels/001_20200901_123109(7).txt
001_20200904_230425(6),train,team,jung,3,576,444,2020-09-04 23:04:25,9,m3_b0125,6,train/images/001_20200904_230425(6).png,train/labels/001_20200904_230425(6).txt
001_20200904_230429(3),train,team,jung,3,576,444,2020-09-04 23:04:29,9,m3_b0125,3,train/images/001_20200904_230429(3).png,train/labels/001_20200904_230429(3).txt
001_20200904_230433(1),train,team,jung,3,576,444,2020-09-04 23:04:33,9,m3_b0125,1,train/images/001_20200904_230433(1).png,train/labels/001_20200904_230433(1).txt
001_20200904_230437(0),train,team,jung,3,576,444,2020-09-04 23:04:37,9,m3_b0125,0,train/images/001_20200904_230437(0).png,train/labels/001_20200904_230437(0).txt
001_20200904_230440(7),train,team,jung,3,576,444,2020-09-04 23:04:40,9,m3_b0125,7,train/images/001_20200904_230440(7).png,train/labels/001_20200904_230440(7).txt
001_20200904_230444(3),train,team,jung,3,576,444,2020-09-04 23:04:44,9,m3_b0125,3,train/images/001_20200904_230444(3).png,train/labels/001_20200904_230444(3).txt
001_20200905_003911(9),test,team,heo,3,576,444,2020-09-05 00:39:11,9,m3_b0126,9,test/images/001_20200905_003911(9).png,test/labels/001_20200905_003911(9).txt
001_20200905_003914(9),test,team,heo,3,576,444,2020-09-05 00:39:14,9,m3_b0126,9,test/images/001_20200905_003914(9).png,test/labels/001_20200905_003914(9).txt
001_20200905_003918(2),test,team,heo,3,576,444,2020-09-05 00:39:18,9,m3_b0126,2,test/images/001_20200905_003918(2).png,test/labels/001_20200905_003918(2).txt
001_20200905_003921(2),test,team,heo,3,576,444,2020-09-05 00:39:21,9,m3_b0126,2,test/images/001_20200905_003921(2).png,test/labels/001_20200905_003921(2).txt
001_20200905_003924(3),test,team,heo,3,576,444,2020-09-05 00:39:24,9,m3_b0126,3,test/images/001_20200905_003924(3).png,test/labels/001_20200905_003924(3).txt
001_20200905_003927(3),test,team,heo,3,576,444,2020-09-05 00:39:27,9,m3_b0126,3,test/images/001_20200905_003927(3).png,test/labels/001_20200905_003927(3).txt
001_20200905_043356(8),train,team,lee,3,576,444,2020-09-05 04:33:56,9,m3_b0127,8,train/images/001_20200905_043356(8).png,train/labels/001_20200905_043356(8).txt
001_20200905_043359(9),train,team,lee,3,576,444,2020-09-05 04:33:59,9,m3_b0127,9,train/images/001_20200905_043359(9).png,train/labels/001_20200905_043359(9).txt
001_20200905_043402(9),train,team,lee,3,576,444,2020-09-05 04:34:02,9,m3_b0127,9,train/images/001_20200905_043402(9).png,train/labels/001_20200905_043402(9).txt
001_20200905_043406(0),train,team,lee,3,576,444,2020-09-05 04:34:06,9,m3_b0127,0,train/images/001_20200905_043406(0).png,train/labels/001_20200905_043406(0).txt
001_20200905_043409(3),train,team,lee,3,576,444,2020-09-05 04:34:09,9,m3_b0127,3,train/images/001_20200905_043409(3).png,train/labels/001_20200905_043409(3).txt
001_20200905_043412(3),train,team,lee,3,576,444,2020-09-05 04:34:12,9,m3_b0127,3,train/images/001_20200905_043412(3).png,train/labels/001_20200905_043412(3).txt
001_20200905_083552(0),test,team,jung,3,576,444,2020-09-05 08:35:52,9,m3_b0128,0,test/images/001_20200905_083552(0).png,test/labels/001_20200905_083552(0).txt
001_20200905_083555(2),test,team,jung,3,576,444,2020-09-05 08:35:55,9,m3_b0128,2,test/images/001_20200905_083555(2).png,test/labels/001_20200905_083555(2).txt
001_20200905_083558(2),test,team,jung,3,576,444,2020-09-05 08:35:58,9,m3_b0128,2,test/images/001_20200905_083558(2).png,test/labels/001_20200905_083558(2).txt
001_20200905_083603(0),test,team,jung,3,576,444,2020-09-05 08:36:03,9,m3_b0128,0,test/images/001_20200905_083603(0).png,test/labels/001_20200905_083603(0).txt
001_20200905_083606(6),test,team,jung,3,576,444,2020-09-05 08:36:06,9,m3_b0128,6,test/images/001_20200905_083606(6).png,test/labels/001_20200905_083606(6).txt
001_20200905_083609(7),test,team,jung,3,576,444,2020-09-05 08:36:09,9,m3_b0128,7,test/images/001_20200905_083609(7).png,test/labels/001_20200905_083609(7).txt
001_20200905_123258(6),train,team,heo,3,576,444,2020-09-05 12:32:58,9,m3_b0129,6,train/images/001_20200905_123258(6).png,train/labels/001_20200905_123258(6).txt
001_20200905_123303(2),train,team,heo,3,576,444,2020-09-05 12:33:03,9,m3_b0129,2,train/images/001_20200905_123303(2).png,train/labels/001_20200905_123303(2).txt
001_20200905_123307(6),train,team,heo,3,576,444,2020-09-05 12:33:07,9,m3_b0129,6,train/images/001_20200905_123307(6).png,train/labels/001_20200905_123307(6).txt
001_20200905_123312(1),train,team,heo,3,576,444,2020-09-05 12:33:12,9,m3_b0129,1,train/images/001_20200905_123312(1).png,train/labels/001_20200905_123312(1).txt
001_20200905_123316(6),train,team,heo,3,576,444,2020-09-05 12:33:16,9,m3_b0129,6,train/images/001_20200905_123316(6).png,train/labels/001_20200905_123316(6).txt
001_20200905_123321(0),train,team,heo,3,576,444,2020-09-05 12:33:21,9,m3_b0129,0,train/images/001_20200905_123321(0).png,train/labels/001_20200905_123321(0).txt
001_20200905_164117(6),train,team,lee,3,576,444,2020-09-05 16:41:17,9,m3_b0130,6,train/images/001_20200905_164117(6).png,train/labels/001_20200905_164117(6).txt
001_20200905_164122(0),train,team,lee,3,576,444,2020-09-05 16:41:22,9,m3_b0130,0,train/images/001_20200905_164122(0).png,train/labels/001_20200905_164122(0).txt
001_20200905_164126(5),train,team,lee,3,576,444,2020-09-05 16:41:26,9,m3_b0130,5,train/images/001_20200905_164126(5).png,train/labels/001_20200905_164126(5).txt
001_20200905_164131(0),train,team,lee,3,576,444,2020-09-05 16:41:31,9,m3_b0130,0,train/images/001_20200905_164131(0).png,train/labels/001_20200905_164131(0).txt
001_20200905_164135(4),train,team,lee,3,576,444,2020-09-05 16:41:35,9,m3_b0130,4,train/images/001_20200905_164135(4).png,train/labels/001_20200905_164135(4).txt
001_20200905_164140(0),train,team,lee,3,576,444,2020-09-05 16:41:40,9,m3_b0130,0,train/images/001_20200905_164140(0).png,train/labels/001_20200905_164140(0).txt
001_20200905_204255(4),train,team,jung,3,576,444,2020-09-05 20:42:55,9,m3_b0131,4,train/images/001_20200905_204255(4).png,train/labels/001_20200905_204255(4).txt
001_20200905_204300(0),train,team,jung,3,576,444,2020-09-05 20:43:00,9,m3_b0131,0,train/images/001_20200905_204300(0).png,train/labels/001_20200905_204300(0).txt
001_20200905_204304(5),train,team,jung,3,576,444,2020-09-05 20:43:04,9,m3_b0131,5,train/images/001_20200905_204304(5).png,train/labels/001_20200905_204304(5).txt
001_20200905_204309(0),train,team,jung,3,576,444,2020-09-05 20:43:09,9,m3_b0131,0,train/images/001_20200905_204309(0).png,train/labels/001_20200905_204309(0).txt
001_20200905_204313(4),train,team,jung,3,576,444,2020-09-05 20:43:13,9,m3_b0131,4,train/images/001_20200905_204313(4).png,train/labels/001_20200905_204313(4).txt
001_20200905_204317(9),train,team,jung,3,576,444,2020-09-05 20:43:17,9,m3_b0131,9,train/images/001_20200905_204317(9).png,train/labels/001_20200905_204317(9).txt
001_20200907_185040(2),val,team,heo,3,576,444,2020-09-07 18:50:40,9,m3_b0132,2,val/images/001_20200907_185040(2).png,val/labels/001_20200907_185040(2).txt
001_20200907_185043(2),val,team,heo,3,576,444,2020-09-07 18:50:43,9,m3_b0132,2,val/images/001_20200907_185043(2).png,val/labels/001_20200907_185043(2).txt
001_20200907_185046(1),val,team,heo,3,576,444,2020-09-07 18:50:46,9,m3_b0132,1,val/images/001_20200907_185046(1).png,val/labels/001_20200907_185046(1).txt
001_20200907_185049(1),val,team,heo,3,576,444,2020-09-07 18:50:49,9,m3_b0132,1,val/images/001_20200907_185049(1).png,val/labels/001_20200907_185049(1).txt
001_20200907_185052(1),val,team,heo,3,576,444,2020-09-07 18:50:52,9,m3_b0132,1,val/images/001_20200907_185052(1).png,val/labels/001_20200907_185052(1).txt
001_20200907_185055(2),val,team,heo,3,576,444,2020-09-07 18:50:55,9,m3_b0132,2,val/images/001_20200907_185055(2).png,val/labels/001_20200907_185055(2).txt
001_20200907_204437(0),train,team,lee,3,576,444,2020-09-07 20:44:37,9,m3_b0133,0,train/images/001_20200907_204437(0).png,train/labels/001_20200907_204437(0).txt
001_20200907_204440(2),train,team,lee,3,576,444,2020-09-07 20:44:40,9,m3_b0133,2,train/images/001_20200907_204440(2).png,train/labels/001_20200907_204440(2).txt
001_20200907_204443(2),train,team,lee,3,576,444,2020-09-07 20:44:43,9,m3_b0133,2,train/images/001_20200907_204443(2).png,train/labels/001_20200907_204443(2).txt
001_20200907_204446(0),train,team,lee,3,576,444,2020-09-07 20:44:46,9,m3_b0133,0,train/images/001_20200907_204446(0).png,train/labels/001_20200907_204446(0).txt
001_20200907_204448(8),train,team,lee,3,576,444,2020-09-07 20:44:48,9,m3_b0133,8,train/images/001_20200907_204448(8).png,train/labels/001_20200907_204448(8).txt
001_20200907_204451(8),train,team,lee,3,576,444,2020-09-07 20:44:51,9,m3_b0133,8,train/images/001_20200907_204451(8).png,train/labels/001_20200907_204451(8).txt
001_20200908_003050(8),train,team,jung,3,576,444,2020-09-08 00:30:50,9,m3_b0134,8,train/images/001_20200908_003050(8).png,train/labels/001_20200908_003050(8).txt
001_20200908_003059(1),train,team,jung,3,576,444,2020-09-08 00:30:59,9,m3_b0134,1,train/images/001_20200908_003059(1).png,train/labels/001_20200908_003059(1).txt
001_20200908_003103(1),train,team,jung,3,576,444,2020-09-08 00:31:03,9,m3_b0134,1,train/images/001_20200908_003103(1).png,train/labels/001_20200908_003103(1).txt
001_20200908_003107(4),train,team,jung,3,576,444,2020-09-08 00:31:07,9,m3_b0134,4,train/images/001_20200908_003107(4).png,train/labels/001_20200908_003107(4).txt
001_20200908_003111(1),train,team,jung,3,576,444,2020-09-08 00:31:11,9,m3_b0134,1,train/images/001_20200908_003111(1).png,train/labels/001_20200908_003111(1).txt
001_20200908_003115(2),train,team,jung,3,576,444,2020-09-08 00:31:15,9,m3_b0134,2,train/images/001_20200908_003115(2).png,train/labels/001_20200908_003115(2).txt
001_20200908_043328(0),val,team,heo,3,576,444,2020-09-08 04:33:28,9,m3_b0135,0,val/images/001_20200908_043328(0).png,val/labels/001_20200908_043328(0).txt
001_20200908_043332(2),val,team,heo,3,576,444,2020-09-08 04:33:32,9,m3_b0135,2,val/images/001_20200908_043332(2).png,val/labels/001_20200908_043332(2).txt
001_20200908_043336(7),val,team,heo,3,576,444,2020-09-08 04:33:36,9,m3_b0135,7,val/images/001_20200908_043336(7).png,val/labels/001_20200908_043336(7).txt
001_20200908_043341(4),val,team,heo,3,576,444,2020-09-08 04:33:41,9,m3_b0135,4,val/images/001_20200908_043341(4).png,val/labels/001_20200908_043341(4).txt
001_20200908_043345(8),val,team,heo,3,576,444,2020-09-08 04:33:45,9,m3_b0135,8,val/images/001_20200908_043345(8).png,val/labels/001_20200908_043345(8).txt
001_20200908_043350(5),val,team,heo,3,576,444,2020-09-08 04:33:50,9,m3_b0135,5,val/images/001_20200908_043350(5).png,val/labels/001_20200908_043350(5).txt
001_20200912_021546(2),val,team,lee,3,576,444,2020-09-12 02:15:46,9,m3_b0136,2,val/images/001_20200912_021546(2).png,val/labels/001_20200912_021546(2).txt
001_20200912_021549(3),val,team,lee,3,576,444,2020-09-12 02:15:49,9,m3_b0136,3,val/images/001_20200912_021549(3).png,val/labels/001_20200912_021549(3).txt
001_20200912_021552(4),val,team,lee,3,576,444,2020-09-12 02:15:52,9,m3_b0136,4,val/images/001_20200912_021552(4).png,val/labels/001_20200912_021552(4).txt
001_20200912_021555(0),val,team,lee,3,576,444,2020-09-12 02:15:55,9,m3_b0136,0,val/images/001_20200912_021555(0).png,val/labels/001_20200912_021555(0).txt
001_20200912_021601(0),val,team,lee,3,576,444,2020-09-12 02:16:01,9,m3_b0136,0,val/images/001_20200912_021601(0).png,val/labels/001_20200912_021601(0).txt
001_20200912_021604(3),val,team,lee,3,576,444,2020-09-12 02:16:04,9,m3_b0136,3,val/images/001_20200912_021604(3).png,val/labels/001_20200912_021604(3).txt
001_20200912_043256(0),train,team,jung,3,576,444,2020-09-12 04:32:56,9,m3_b0137,0,train/images/001_20200912_043256(0).png,train/labels/001_20200912_043256(0).txt
001_20200912_043259(2),train,team,jung,3,576,444,2020-09-12 04:32:59,9,m3_b0137,2,train/images/001_20200912_043259(2).png,train/labels/001_20200912_043259(2).txt
001_20200912_043302(3),train,team,jung,3,576,444,2020-09-12 04:33:02,9,m3_b0137,3,train/images/001_20200912_043302(3).png,train/labels/001_20200912_043302(3).txt
001_20200912_043304(9),train,team,jung,3,576,444,2020-09-12 04:33:04,9,m3_b0137,9,train/images/001_20200912_043304(9).png,train/labels/001_20200912_043304(9).txt
001_20200912_043307(9),train,team,jung,3,576,444,2020-09-12 04:33:07,9,m3_b0137,9,train/images/001_20200912_043307(9).png,train/labels/001_20200912_043307(9).txt
001_20200912_043310(9),train,team,jung,3,576,444,2020-09-12 04:33:10,9,m3_b0137,9,train/images/001_20200912_043310(9).png,train/labels/001_20200912_043310(9).txt
001_20200912_123123(1),train,team,heo,3,576,444,2020-09-12 12:31:23,9,m3_b0138,1,train/images/001_20200912_123123(1).png,train/labels/001_20200912_123123(1).txt
001_20200912_123126(0),train,team,heo,3,576,444,2020-09-12 12:31:26,9,m3_b0138,0,train/images/001_20200912_123126(0).png,train/labels/001_20200912_123126(0).txt
001_20200912_123129(3),train,team,heo,3,576,444,2020-09-12 12:31:29,9,m3_b0138,3,train/images/001_20200912_123129(3).png,train/labels/001_20200912_123129(3).txt
001_20200912_123132(4),train,team,heo,3,576,444,2020-09-12 12:31:32,9,m3_b0138,4,train/images/001_20200912_123132(4).png,train/labels/001_20200912_123132(4).txt
001_20200912_123135(5),train,team,heo,3,576,444,2020-09-12 12:31:35,9,m3_b0138,5,train/images/001_20200912_123135(5).png,train/labels/001_20200912_123135(5).txt
001_20200912_123138(5),train,team,heo,3,576,444,2020-09-12 12:31:38,9,m3_b0138,5,train/images/001_20200912_123138(5).png,train/labels/001_20200912_123138(5).txt
001_20200912_163419(0),train,team,lee,3,576,444,2020-09-12 16:34:19,9,m3_b0139,0,train/images/001_20200912_163419(0).png,train/labels/001_20200912_163419(0).txt
001_20200912_163423(5),train,team,lee,3,576,444,2020-09-12 16:34:23,9,m3_b0139,5,train/images/001_20200912_163423(5).png,train/labels/001_20200912_163423(5).txt
001_20200912_163427(9),train,team,lee,3,576,444,2020-09-12 16:34:27,9,m3_b0139,9,train/images/001_20200912_163427(9).png,train/labels/001_20200912_163427(9).txt
001_20200912_163432(2),train,team,lee,3,576,444,2020-09-12 16:34:32,9,m3_b0139,2,train/images/001_20200912_163432(2).png,train/labels/001_20200912_163432(2).txt
001_20200912_163436(7),train,team,lee,3,576,444,2020-09-12 16:34:36,9,m3_b0139,7,train/images/001_20200912_163436(7).png,train/labels/001_20200912_163436(7).txt
001_20200912_163441(0),train,team,lee,3,576,444,2020-09-12 16:34:41,9,m3_b0139,0,train/images/001_20200912_163441(0).png,train/labels/001_20200912_163441(0).txt
001_20200912_202811(1),train,team,jung,3,576,444,2020-09-12 20:28:11,9,m3_b0140,1,train/images/001_20200912_202811(1).png,train/labels/001_20200912_202811(1).txt
001_20200912_202815(6),train,team,jung,3,576,444,2020-09-12 20:28:15,9,m3_b0140,6,train/images/001_20200912_202815(6).png,train/labels/001_20200912_202815(6).txt
001_20200912_202820(0),train,team,jung,3,576,444,2020-09-12 20:28:20,9,m3_b0140,0,train/images/001_20200912_202820(0).png,train/labels/001_20200912_202820(0).txt
001_20200912_202824(6),train,team,jung,3,576,444,2020-09-12 20:28:24,9,m3_b0140,6,train/images/001_20200912_202824(6).png,train/labels/001_20200912_202824(6).txt
001_20200912_202829(2),train,team,jung,3,576,444,2020-09-12 20:28:29,9,m3_b0140,2,train/images/001_20200912_202829(2).png,train/labels/001_20200912_202829(2).txt
001_20200912_202833(7),train,team,jung,3,576,444,2020-09-12 20:28:33,9,m3_b0140,7,train/images/001_20200912_202833(7).png,train/labels/001_20200912_202833(7).txt
001_20200914_083101(5),test,team,heo,3,576,444,2020-09-14 08:31:01,9,m3_b0141,5,test/images/001_20200914_083101(5).png,test/labels/001_20200914_083101(5).txt
001_20200914_083105(1),test,team,heo,3,576,444,2020-09-14 08:31:05,9,m3_b0141,1,test/images/001_20200914_083105(1).png,test/labels/001_20200914_083105(1).txt
001_20200914_083108(8),test,team,heo,3,576,444,2020-09-14 08:31:08,9,m3_b0141,8,test/images/001_20200914_083108(8).png,test/labels/001_20200914_083108(8).txt
001_20200914_083111(5),test,team,heo,3,576,444,2020-09-14 08:31:11,9,m3_b0141,5,test/images/001_20200914_083111(5).png,test/labels/001_20200914_083111(5).txt
001_20200914_083114(5),test,team,heo,3,576,444,2020-09-14 08:31:14,9,m3_b0141,5,test/images/001_20200914_083114(5).png,test/labels/001_20200914_083114(5).txt
001_20200914_083117(5),test,team,heo,3,576,444,2020-09-14 08:31:17,9,m3_b0141,5,test/images/001_20200914_083117(5).png,test/labels/001_20200914_083117(5).txt
001_20200914_124151(5),train,team,lee,3,576,444,2020-09-14 12:41:51,9,m3_b0142,5,train/images/001_20200914_124151(5).png,train/labels/001_20200914_124151(5).txt
001_20200914_124155(9),train,team,lee,3,576,444,2020-09-14 12:41:55,9,m3_b0142,9,train/images/001_20200914_124155(9).png,train/labels/001_20200914_124155(9).txt
001_20200914_124200(5),train,team,lee,3,576,444,2020-09-14 12:42:00,9,m3_b0142,5,train/images/001_20200914_124200(5).png,train/labels/001_20200914_124200(5).txt
001_20200914_124205(0),train,team,lee,3,576,444,2020-09-14 12:42:05,9,m3_b0142,0,train/images/001_20200914_124205(0).png,train/labels/001_20200914_124205(0).txt
001_20200914_124209(5),train,team,lee,3,576,444,2020-09-14 12:42:09,9,m3_b0142,5,train/images/001_20200914_124209(5).png,train/labels/001_20200914_124209(5).txt
001_20200914_124214(0),train,team,lee,3,576,444,2020-09-14 12:42:14,9,m3_b0142,0,train/images/001_20200914_124214(0).png,train/labels/001_20200914_124214(0).txt
001_20200914_163305(1),train,team,jung,3,576,444,2020-09-14 16:33:05,9,m3_b0143,1,train/images/001_20200914_163305(1).png,train/labels/001_20200914_163305(1).txt
001_20200914_163315(7),train,team,jung,3,576,444,2020-09-14 16:33:15,9,m3_b0143,7,train/images/001_20200914_163315(7).png,train/labels/001_20200914_163315(7).txt
001_20200914_163320(2),train,team,jung,3,576,444,2020-09-14 16:33:20,9,m3_b0143,2,train/images/001_20200914_163320(2).png,train/labels/001_20200914_163320(2).txt
001_20200914_163324(7),train,team,jung,3,576,444,2020-09-14 16:33:24,9,m3_b0143,7,train/images/001_20200914_163324(7).png,train/labels/001_20200914_163324(7).txt
001_20200914_163333(8),train,team,jung,3,576,444,2020-09-14 16:33:33,9,m3_b0143,8,train/images/001_20200914_163333(8).png,train/labels/001_20200914_163333(8).txt
001_20200914_163338(3),train,team,jung,3,576,444,2020-09-14 16:33:38,9,m3_b0143,3,train/images/001_20200914_163338(3).png,train/labels/001_20200914_163338(3).txt
001_20200914_203322(0),val,team,heo,3,576,444,2020-09-14 20:33:22,9,m3_b0144,0,val/images/001_20200914_203322(0).png,val/labels/001_20200914_203322(0).txt
001_20200914_203326(4),val,team,heo,3,576,444,2020-09-14 20:33:26,9,m3_b0144,4,val/images/001_20200914_203326(4).png,val/labels/001_20200914_203326(4).txt
001_20200914_203330(8),val,team,heo,3,576,444,2020-09-14 20:33:30,9,m3_b0144,8,val/images/001_20200914_203330(8).png,val/labels/001_20200914_203330(8).txt
001_20200914_203335(4),val,team,heo,3,576,444,2020-09-14 20:33:35,9,m3_b0144,4,val/images/001_20200914_203335(4).png,val/labels/001_20200914_203335(4).txt
001_20200914_203340(0),val,team,heo,3,576,444,2020-09-14 20:33:40,9,m3_b0144,0,val/images/001_20200914_203340(0).png,val/labels/001_20200914_203340(0).txt
001_20200914_203344(4),val,team,heo,3,576,444,2020-09-14 20:33:44,9,m3_b0144,4,val/images/001_20200914_203344(4).png,val/labels/001_20200914_203344(4).txt
001_20200915_003734(8),test,team,lee,3,576,444,2020-09-15 00:37:34,9,m3_b0145,8,test/images/001_20200915_003734(8).png,test/labels/001_20200915_003734(8).txt
001_20200915_003737(5),test,team,lee,3,576,444,2020-09-15 00:37:37,9,m3_b0145,5,test/images/001_20200915_003737(5).png,test/labels/001_20200915_003737(5).txt
001_20200915_003740(4),test,team,lee,3,576,444,2020-09-15 00:37:40,9,m3_b0145,4,test/images/001_20200915_003740(4).png,test/labels/001_20200915_003740(4).txt
001_20200915_003743(5),test,team,lee,3,576,444,2020-09-15 00:37:43,9,m3_b0145,5,test/images/001_20200915_003743(5).png,test/labels/001_20200915_003743(5).txt
001_20200915_003746(5),test,team,lee,3,576,444,2020-09-15 00:37:46,9,m3_b0145,5,test/images/001_20200915_003746(5).png,test/labels/001_20200915_003746(5).txt
001_20200915_003749(6),test,team,lee,3,576,444,2020-09-15 00:37:49,9,m3_b0145,6,test/images/001_20200915_003749(6).png,test/labels/001_20200915_003749(6).txt
001_20200915_043556(4),train,team,jung,3,576,444,2020-09-15 04:35:56,9,m3_b0146,4,train/images/001_20200915_043556(4).png,train/labels/001_20200915_043556(4).txt
001_20200915_043601(0),train,team,jung,3,576,444,2020-09-15 04:36:01,9,m3_b0146,0,train/images/001_20200915_043601(0).png,train/labels/001_20200915_043601(0).txt
001_20200915_043605(3),train,team,jung,3,576,444,2020-09-15 04:36:05,9,m3_b0146,3,train/images/001_20200915_043605(3).png,train/labels/001_20200915_043605(3).txt
001_20200915_043609(9),train,team,jung,3,576,444,2020-09-15 04:36:09,9,m3_b0146,9,train/images/001_20200915_043609(9).png,train/labels/001_20200915_043609(9).txt
001_20200915_043614(4),train,team,jung,3,576,444,2020-09-15 04:36:14,9,m3_b0146,4,train/images/001_20200915_043614(4).png,train/labels/001_20200915_043614(4).txt
001_20200915_043618(9),train,team,jung,3,576,444,2020-09-15 04:36:18,9,m3_b0146,9,train/images/001_20200915_043618(9).png,train/labels/001_20200915_043618(9).txt
001_20200915_083241(0),train,team,heo,3,576,444,2020-09-15 08:32:41,9,m3_b0147,0,train/images/001_20200915_083241(0).png,train/labels/001_20200915_083241(0).txt
001_20200915_083245(4),train,team,heo,3,576,444,2020-09-15 08:32:45,9,m3_b0147,4,train/images/001_20200915_083245(4).png,train/labels/001_20200915_083245(4).txt
001_20200915_083250(0),train,team,heo,3,576,444,2020-09-15 08:32:50,9,m3_b0147,0,train/images/001_20200915_083250(0).png,train/labels/001_20200915_083250(0).txt
001_20200915_083254(5),train,team,heo,3,576,444,2020-09-15 08:32:54,9,m3_b0147,5,train/images/001_20200915_083254(5).png,train/labels/001_20200915_083254(5).txt
001_20200915_083259(0),train,team,heo,3,576,444,2020-09-15 08:32:59,9,m3_b0147,0,train/images/001_20200915_083259(0).png,train/labels/001_20200915_083259(0).txt
001_20200915_083303(4),train,team,heo,3,576,444,2020-09-15 08:33:03,9,m3_b0147,4,train/images/001_20200915_083303(4).png,train/labels/001_20200915_083303(4).txt
001_20200915_123359(7),val,team,lee,3,576,444,2020-09-15 12:33:59,9,m3_b0148,7,val/images/001_20200915_123359(7).png,val/labels/001_20200915_123359(7).txt
001_20200915_123404(4),val,team,lee,3,576,444,2020-09-15 12:34:04,9,m3_b0148,4,val/images/001_20200915_123404(4).png,val/labels/001_20200915_123404(4).txt
001_20200915_123409(0),val,team,lee,3,576,444,2020-09-15 12:34:09,9,m3_b0148,0,val/images/001_20200915_123409(0).png,val/labels/001_20200915_123409(0).txt
001_20200915_123413(3),val,team,lee,3,576,444,2020-09-15 12:34:13,9,m3_b0148,3,val/images/001_20200915_123413(3).png,val/labels/001_20200915_123413(3).txt
001_20200915_123417(9),val,team,lee,3,576,444,2020-09-15 12:34:17,9,m3_b0148,9,val/images/001_20200915_123417(9).png,val/labels/001_20200915_123417(9).txt
001_20200915_123422(2),val,team,lee,3,576,444,2020-09-15 12:34:22,9,m3_b0148,2,val/images/001_20200915_123422(2).png,val/labels/001_20200915_123422(2).txt
001_20200915_164139(8),val,team,jung,3,576,444,2020-09-15 16:41:39,9,m3_b0149,8,val/images/001_20200915_164139(8).png,val/labels/001_20200915_164139(8).txt
001_20200915_164147(9),val,team,jung,3,576,444,2020-09-15 16:41:47,9,m3_b0149,9,val/images/001_20200915_164147(9).png,val/labels/001_20200915_164147(9).txt
001_20200915_164151(3),val,team,jung,3,576,444,2020-09-15 16:41:51,9,m3_b0149,3,val/images/001_20200915_164151(3).png,val/labels/001_20200915_164151(3).txt
001_20200915_164155(7),val,team,jung,3,576,444,2020-09-15 16:41:55,9,m3_b0149,7,val/images/001_20200915_164155(7).png,val/labels/001_20200915_164155(7).txt
001_20200915_164159(6),val,team,jung,3,576,444,2020-09-15 16:41:59,9,m3_b0149,6,val/images/001_20200915_164159(6).png,val/labels/001_20200915_164159(6).txt
001_20200915_164202(8),val,team,jung,3,576,444,2020-09-15 16:42:02,9,m3_b0149,8,val/images/001_20200915_164202(8).png,val/labels/001_20200915_164202(8).txt
001_20200915_203430(3),val,team,heo,3,576,444,2020-09-15 20:34:30,9,m3_b0150,3,val/images/001_20200915_203430(3).png,val/labels/001_20200915_203430(3).txt
001_20200915_203446(9),val,team,heo,3,576,444,2020-09-15 20:34:46,9,m3_b0150,9,val/images/001_20200915_203446(9).png,val/labels/001_20200915_203446(9).txt
001_20200915_203451(3),val,team,heo,3,576,444,2020-09-15 20:34:51,9,m3_b0150,3,val/images/001_20200915_203451(3).png,val/labels/001_20200915_203451(3).txt
001_20200915_203455(9),val,team,heo,3,576,444,2020-09-15 20:34:55,9,m3_b0150,9,val/images/001_20200915_203455(9).png,val/labels/001_20200915_203455(9).txt
001_20200915_203500(5),val,team,heo,3,576,444,2020-09-15 20:35:00,9,m3_b0150,5,val/images/001_20200915_203500(5).png,val/labels/001_20200915_203500(5).txt
001_20200915_203504(9),val,team,heo,3,576,444,2020-09-15 20:35:04,9,m3_b0150,9,val/images/001_20200915_203504(9).png,val/labels/001_20200915_203504(9).txt
001_20200916_003358(0),train,team,lee,3,576,444,2020-09-16 00:33:58,9,m3_b0151,0,train/images/001_20200916_003358(0).png,train/labels/001_20200916_003358(0).txt
001_20200916_003402(5),train,team,lee,3,576,444,2020-09-16 00:34:02,9,m3_b0151,5,train/images/001_20200916_003402(5).png,train/labels/001_20200916_003402(5).txt
001_20200916_003407(1),train,team,lee,3,576,444,2020-09-16 00:34:07,9,m3_b0151,1,train/images/001_20200916_003407(1).png,train/labels/001_20200916_003407(1).txt
001_20200916_003411(6),train,team,lee,3,576,444,2020-09-16 00:34:11,9,m3_b0151,6,train/images/001_20200916_003411(6).png,train/labels/001_20200916_003411(6).txt
001_20200916_003416(1),train,team,lee,3,576,444,2020-09-16 00:34:16,9,m3_b0151,1,train/images/001_20200916_003416(1).png,train/labels/001_20200916_003416(1).txt
001_20200916_003420(6),train,team,lee,3,576,444,2020-09-16 00:34:20,9,m3_b0151,6,train/images/001_20200916_003420(6).png,train/labels/001_20200916_003420(6).txt
001_20200916_043423(1),train,team,jung,3,576,444,2020-09-16 04:34:23,9,m3_b0152,1,train/images/001_20200916_043423(1).png,train/labels/001_20200916_043423(1).txt
001_20200916_043427(7),train,team,jung,3,576,444,2020-09-16 04:34:27,9,m3_b0152,7,train/images/001_20200916_043427(7).png,train/labels/001_20200916_043427(7).txt
001_20200916_043432(0),train,team,jung,3,576,444,2020-09-16 04:34:32,9,m3_b0152,0,train/images/001_20200916_043432(0).png,train/labels/001_20200916_043432(0).txt
001_20200916_043436(2),train,team,jung,3,576,444,2020-09-16 04:34:36,9,m3_b0152,2,train/images/001_20200916_043436(2).png,train/labels/001_20200916_043436(2).txt
001_20200916_043440(6),train,team,jung,3,576,444,2020-09-16 04:34:40,9,m3_b0152,6,train/images/001_20200916_043440(6).png,train/labels/001_20200916_043440(6).txt
001_20200916_043445(1),train,team,jung,3,576,444,2020-09-16 04:34:45,9,m3_b0152,1,train/images/001_20200916_043445(1).png,train/labels/001_20200916_043445(1).txt
001_20200916_083309(1),train,team,heo,3,576,444,2020-09-16 08:33:09,9,m3_b0153,1,train/images/001_20200916_083309(1).png,train/labels/001_20200916_083309(1).txt
001_20200916_083313(6),train,team,heo,3,576,444,2020-09-16 08:33:13,9,m3_b0153,6,train/images/001_20200916_083313(6).png,train/labels/001_20200916_083313(6).txt
001_20200916_083318(0),train,team,heo,3,576,444,2020-09-16 08:33:18,9,m3_b0153,0,train/images/001_20200916_083318(0).png,train/labels/001_20200916_083318(0).txt
001_20200916_083322(4),train,team,heo,3,576,444,2020-09-16 08:33:22,9,m3_b0153,4,train/images/001_20200916_083322(4).png,train/labels/001_20200916_083322(4).txt
001_20200916_083327(0),train,team,heo,3,576,444,2020-09-16 08:33:27,9,m3_b0153,0,train/images/001_20200916_083327(0).png,train/labels/001_20200916_083327(0).txt
001_20200916_083331(6),train,team,heo,3,576,444,2020-09-16 08:33:31,9,m3_b0153,6,train/images/001_20200916_083331(6).png,train/labels/001_20200916_083331(6).txt
001_20200916_122859(1),val,team,lee,3,576,444,2020-09-16 12:28:59,9,m3_b0154,1,val/images/001_20200916_122859(1).png,val/labels/001_20200916_122859(1).txt
001_20200916_122903(5),val,team,lee,3,576,444,2020-09-16 12:29:03,9,m3_b0154,5,val/images/001_20200916_122903(5).png,val/labels/001_20200916_122903(5).txt
001_20200916_122908(1),val,team,lee,3,576,444,2020-09-16 12:29:08,9,m3_b0154,1,val/images/001_20200916_122908(1).png,val/labels/001_20200916_122908(1).txt
001_20200916_122912(6),val,team,lee,3,576,444,2020-09-16 12:29:12,9,m3_b0154,6,val/images/001_20200916_122912(6).png,val/labels/001_20200916_122912(6).txt
001_20200916_122917(1),val,team,lee,3,576,444,2020-09-16 12:29:17,9,m3_b0154,1,val/images/001_20200916_122917(1).png,val/labels/001_20200916_122917(1).txt
001_20200916_122921(6),val,team,lee,3,576,444,2020-09-16 12:29:21,9,m3_b0154,6,val/images/001_20200916_122921(6).png,val/labels/001_20200916_122921(6).txt
001_20200917_003431(4),train,team,jung,3,576,444,2020-09-17 00:34:31,9,m3_b0155,4,train/images/001_20200917_003431(4).png,train/labels/001_20200917_003431(4).txt
001_20200917_003434(7),train,team,jung,3,576,444,2020-09-17 00:34:34,9,m3_b0155,7,train/images/001_20200917_003434(7).png,train/labels/001_20200917_003434(7).txt
001_20200917_003438(0),train,team,jung,3,576,444,2020-09-17 00:34:38,9,m3_b0155,0,train/images/001_20200917_003438(0).png,train/labels/001_20200917_003438(0).txt
001_20200917_003441(4),train,team,jung,3,576,444,2020-09-17 00:34:41,9,m3_b0155,4,train/images/001_20200917_003441(4).png,train/labels/001_20200917_003441(4).txt
001_20200917_003444(9),train,team,jung,3,576,444,2020-09-17 00:34:44,9,m3_b0155,9,train/images/001_20200917_003444(9).png,train/labels/001_20200917_003444(9).txt
001_20200917_003448(2),train,team,jung,3,576,444,2020-09-17 00:34:48,9,m3_b0155,2,train/images/001_20200917_003448(2).png,train/labels/001_20200917_003448(2).txt
001_20200917_084022(3),val,team,heo,3,576,444,2020-09-17 08:40:22,9,m3_b0156,3,val/images/001_20200917_084022(3).png,val/labels/001_20200917_084022(3).txt
001_20200917_084025(3),val,team,heo,3,576,444,2020-09-17 08:40:25,9,m3_b0156,3,val/images/001_20200917_084025(3).png,val/labels/001_20200917_084025(3).txt
001_20200917_084031(1),val,team,heo,3,576,444,2020-09-17 08:40:31,9,m3_b0156,1,val/images/001_20200917_084031(1).png,val/labels/001_20200917_084031(1).txt
001_20200917_084034(2),val,team,heo,3,576,444,2020-09-17 08:40:34,9,m3_b0156,2,val/images/001_20200917_084034(2).png,val/labels/001_20200917_084034(2).txt
001_20200917_084037(3),val,team,heo,3,576,444,2020-09-17 08:40:37,9,m3_b0156,3,val/images/001_20200917_084037(3).png,val/labels/001_20200917_084037(3).txt
001_20200917_084040(4),val,team,heo,3,576,444,2020-09-17 08:40:40,9,m3_b0156,4,val/images/001_20200917_084040(4).png,val/labels/001_20200917_084040(4).txt
001_20200917_123309(3),val,team,lee,3,576,444,2020-09-17 12:33:09,9,m3_b0157,3,val/images/001_20200917_123309(3).png,val/labels/001_20200917_123309(3).txt
001_20200917_123313(1),val,team,lee,3,576,444,2020-09-17 12:33:13,9,m3_b0157,1,val/images/001_20200917_123313(1).png,val/labels/001_20200917_123313(1).txt
001_20200917_123316(8),val,team,lee,3,576,444,2020-09-17 12:33:16,9,m3_b0157,8,val/images/001_20200917_123316(8).png,val/labels/001_20200917_123316(8).txt
001_20200917_123325(3),val,team,lee,3,576,444,2020-09-17 12:33:25,9,m3_b0157,3,val/images/001_20200917_123325(3).png,val/labels/001_20200917_123325(3).txt
001_20200917_123329(1),val,team,lee,3,576,444,2020-09-17 12:33:29,9,m3_b0157,1,val/images/001_20200917_123329(1).png,val/labels/001_20200917_123329(1).txt
001_20200917_123340(7),val,team,lee,3,576,444,2020-09-17 12:33:40,9,m3_b0157,7,val/images/001_20200917_123340(7).png,val/labels/001_20200917_123340(7).txt
001_20200917_163039(1),train,team,jung,3,576,444,2020-09-17 16:30:39,9,m3_b0158,1,train/images/001_20200917_163039(1).png,train/labels/001_20200917_163039(1).txt
001_20200917_163043(0),train,team,jung,3,576,444,2020-09-17 16:30:43,9,m3_b0158,0,train/images/001_20200917_163043(0).png,train/labels/001_20200917_163043(0).txt
001_20200917_163046(8),train,team,jung,3,576,444,2020-09-17 16:30:46,9,m3_b0158,8,train/images/001_20200917_163046(8).png,train/labels/001_20200917_163046(8).txt
001_20200917_163049(9),train,team,jung,3,576,444,2020-09-17 16:30:49,9,m3_b0158,9,train/images/001_20200917_163049(9).png,train/labels/001_20200917_163049(9).txt
001_20200917_163052(9),train,team,jung,3,576,444,2020-09-17 16:30:52,9,m3_b0158,9,train/images/001_20200917_163052(9).png,train/labels/001_20200917_163052(9).txt
001_20200917_163109(2),train,team,jung,3,576,444,2020-09-17 16:31:09,9,m3_b0158,2,train/images/001_20200917_163109(2).png,train/labels/001_20200917_163109(2).txt
001_20200917_203305(3),train,team,heo,3,576,444,2020-09-17 20:33:05,9,m3_b0159,3,train/images/001_20200917_203305(3).png,train/labels/001_20200917_203305(3).txt
001_20200917_203308(8),train,team,heo,3,576,444,2020-09-17 20:33:08,9,m3_b0159,8,train/images/001_20200917_203308(8).png,train/labels/001_20200917_203308(8).txt
001_20200917_203312(3),train,team,heo,3,576,444,2020-09-17 20:33:12,9,m3_b0159,3,train/images/001_20200917_203312(3).png,train/labels/001_20200917_203312(3).txt
001_20200917_203315(7),train,team,heo,3,576,444,2020-09-17 20:33:15,9,m3_b0159,7,train/images/001_20200917_203315(7).png,train/labels/001_20200917_203315(7).txt
001_20200917_203322(3),train,team,heo,3,576,444,2020-09-17 20:33:22,9,m3_b0159,3,train/images/001_20200917_203322(3).png,train/labels/001_20200917_203322(3).txt
001_20200917_203325(7),train,team,heo,3,576,444,2020-09-17 20:33:25,9,m3_b0159,7,train/images/001_20200917_203325(7).png,train/labels/001_20200917_203325(7).txt
001_20200918_004019(6),test,team,lee,3,576,444,2020-09-18 00:40:19,9,m3_b0160,6,test/images/001_20200918_004019(6).png,test/labels/001_20200918_004019(6).txt
001_20200918_004022(5),test,team,lee,3,576,444,2020-09-18 00:40:22,9,m3_b0160,5,test/images/001_20200918_004022(5).png,test/labels/001_20200918_004022(5).txt
001_20200918_004025(8),test,team,lee,3,576,444,2020-09-18 00:40:25,9,m3_b0160,8,test/images/001_20200918_004025(8).png,test/labels/001_20200918_004025(8).txt
001_20200918_004029(0),test,team,lee,3,576,444,2020-09-18 00:40:29,9,m3_b0160,0,test/images/001_20200918_004029(0).png,test/labels/001_20200918_004029(0).txt
001_20200918_004032(2),test,team,lee,3,576,444,2020-09-18 00:40:32,9,m3_b0160,2,test/images/001_20200918_004032(2).png,test/labels/001_20200918_004032(2).txt
001_20200918_004036(3),test,team,lee,3,576,444,2020-09-18 00:40:36,9,m3_b0160,3,test/images/001_20200918_004036(3).png,test/labels/001_20200918_004036(3).txt
001_20200918_043556(8),test,team,jung,3,576,444,2020-09-18 04:35:56,9,m3_b0161,8,test/images/001_20200918_043556(8).png,test/labels/001_20200918_043556(8).txt
001_20200918_043559(9),test,team,jung,3,576,444,2020-09-18 04:35:59,9,m3_b0161,9,test/images/001_20200918_043559(9).png,test/labels/001_20200918_043559(9).txt
001_20200918_043602(9),test,team,jung,3,576,444,2020-09-18 04:36:02,9,m3_b0161,9,test/images/001_20200918_043602(9).png,test/labels/001_20200918_043602(9).txt
001_20200918_043606(0),test,team,jung,3,576,444,2020-09-18 04:36:06,9,m3_b0161,0,test/images/001_20200918_043606(0).png,test/labels/001_20200918_043606(0).txt
001_20200918_043609(2),test,team,jung,3,576,444,2020-09-18 04:36:09,9,m3_b0161,2,test/images/001_20200918_043609(2).png,test/labels/001_20200918_043609(2).txt
001_20200918_043612(4),test,team,jung,3,576,444,2020-09-18 04:36:12,9,m3_b0161,4,test/images/001_20200918_043612(4).png,test/labels/001_20200918_043612(4).txt
001_20200918_083036(8),test,team,heo,3,576,444,2020-09-18 08:30:36,9,m3_b0162,8,test/images/001_20200918_083036(8).png,test/labels/001_20200918_083036(8).txt
001_20200918_083039(9),test,team,heo,3,576,444,2020-09-18 08:30:39,9,m3_b0162,9,test/images/001_20200918_083039(9).png,test/labels/001_20200918_083039(9).txt
001_20200918_083042(8),test,team,heo,3,576,444,2020-09-18 08:30:42,9,m3_b0162,8,test/images/001_20200918_083042(8).png,test/labels/001_20200918_083042(8).txt
001_20200918_083045(5),test,team,heo,3,576,444,2020-09-18 08:30:45,9,m3_b0162,5,test/images/001_20200918_083045(5).png,test/labels/001_20200918_083045(5).txt
001_20200918_083048(5),test,team,heo,3,576,444,2020-09-18 08:30:48,9,m3_b0162,5,test/images/001_20200918_083048(5).png,test/labels/001_20200918_083048(5).txt
001_20200918_083051(4),test,team,heo,3,576,444,2020-09-18 08:30:51,9,m3_b0162,4,test/images/001_20200918_083051(4).png,test/labels/001_20200918_083051(4).txt
001_20200918_123033(2),train,team,lee,3,576,444,2020-09-18 12:30:33,9,m3_b0163,2,train/images/001_20200918_123033(2).png,train/labels/001_20200918_123033(2).txt
001_20200918_123038(9),train,team,lee,3,576,444,2020-09-18 12:30:38,9,m3_b0163,9,train/images/001_20200918_123038(9).png,train/labels/001_20200918_123038(9).txt
001_20200918_123042(8),train,team,lee,3,576,444,2020-09-18 12:30:42,9,m3_b0163,8,train/images/001_20200918_123042(8).png,train/labels/001_20200918_123042(8).txt
001_20200918_123046(4),train,team,lee,3,576,444,2020-09-18 12:30:46,9,m3_b0163,4,train/images/001_20200918_123046(4).png,train/labels/001_20200918_123046(4).txt
001_20200918_123050(1),train,team,lee,3,576,444,2020-09-18 12:30:50,9,m3_b0163,1,train/images/001_20200918_123050(1).png,train/labels/001_20200918_123050(1).txt
001_20200918_123054(1),train,team,lee,3,576,444,2020-09-18 12:30:54,9,m3_b0163,1,train/images/001_20200918_123054(1).png,train/labels/001_20200918_123054(1).txt
001_20200918_163052(9),train,team,jung,3,576,444,2020-09-18 16:30:52,9,m3_b0164,9,train/images/001_20200918_163052(9).png,train/labels/001_20200918_163052(9).txt
001_20200918_163056(2),train,team,jung,3,576,444,2020-09-18 16:30:56,9,m3_b0164,2,train/images/001_20200918_163056(2).png,train/labels/001_20200918_163056(2).txt
001_20200918_163059(3),train,team,jung,3,576,444,2020-09-18 16:30:59,9,m3_b0164,3,train/images/001_20200918_163059(3).png,train/labels/001_20200918_163059(3).txt
001_20200918_163104(4),train,team,jung,3,576,444,2020-09-18 16:31:04,9,m3_b0164,4,train/images/001_20200918_163104(4).png,train/labels/001_20200918_163104(4).txt
001_20200918_163107(6),train,team,jung,3,576,444,2020-09-18 16:31:07,9,m3_b0164,6,train/images/001_20200918_163107(6).png,train/labels/001_20200918_163107(6).txt
001_20200918_163110(8),train,team,jung,3,576,444,2020-09-18 16:31:10,9,m3_b0164,8,train/images/001_20200918_163110(8).png,train/labels/001_20200918_163110(8).txt
001_20200921_112114(8),train,team,heo,3,576,444,2020-09-21 11:21:14,9,m3_b0165,8,train/images/001_20200921_112114(8).png,train/labels/001_20200921_112114(8).txt
001_20200921_112118(0),train,team,heo,3,576,444,2020-09-21 11:21:18,9,m3_b0165,0,train/images/001_20200921_112118(0).png,train/labels/001_20200921_112118(0).txt
001_20200921_112121(3),train,team,heo,3,576,444,2020-09-21 11:21:21,9,m3_b0165,3,train/images/001_20200921_112121(3).png,train/labels/001_20200921_112121(3).txt
001_20200921_112127(9),train,team,heo,3,576,444,2020-09-21 11:21:27,9,m3_b0165,9,train/images/001_20200921_112127(9).png,train/labels/001_20200921_112127(9).txt
001_20200921_112145(1),train,team,heo,3,576,444,2020-09-21 11:21:45,9,m3_b0165,1,train/images/001_20200921_112145(1).png,train/labels/001_20200921_112145(1).txt
001_20200921_112148(7),train,team,heo,3,576,444,2020-09-21 11:21:48,9,m3_b0165,7,train/images/001_20200921_112148(7).png,train/labels/001_20200921_112148(7).txt
001_20200921_123501(8),val,team,lee,3,576,444,2020-09-21 12:35:01,9,m3_b0166,8,val/images/001_20200921_123501(8).png,val/labels/001_20200921_123501(8).txt
001_20200921_123506(3),val,team,lee,3,576,444,2020-09-21 12:35:06,9,m3_b0166,3,val/images/001_20200921_123506(3).png,val/labels/001_20200921_123506(3).txt
001_20200921_123510(8),val,team,lee,3,576,444,2020-09-21 12:35:10,9,m3_b0166,8,val/images/001_20200921_123510(8).png,val/labels/001_20200921_123510(8).txt
001_20200921_123515(3),val,team,lee,3,576,444,2020-09-21 12:35:15,9,m3_b0166,3,val/images/001_20200921_123515(3).png,val/labels/001_20200921_123515(3).txt
001_20200921_123524(3),val,team,lee,3,576,444,2020-09-21 12:35:24,9,m3_b0166,3,val/images/001_20200921_123524(3).png,val/labels/001_20200921_123524(3).txt
001_20200921_123528(7),val,team,lee,3,576,444,2020-09-21 12:35:28,9,m3_b0166,7,val/images/001_20200921_123528(7).png,val/labels/001_20200921_123528(7).txt
001_20200921_163325(1),test,team,jung,3,576,444,2020-09-21 16:33:25,9,m3_b0167,1,test/images/001_20200921_163325(1).png,test/labels/001_20200921_163325(1).txt
001_20200921_163329(4),test,team,jung,3,576,444,2020-09-21 16:33:29,9,m3_b0167,4,test/images/001_20200921_163329(4).png,test/labels/001_20200921_163329(4).txt
001_20200921_163333(8),test,team,jung,3,576,444,2020-09-21 16:33:33,9,m3_b0167,8,test/images/001_20200921_163333(8).png,test/labels/001_20200921_163333(8).txt
001_20200921_163338(1),test,team,jung,3,576,444,2020-09-21 16:33:38,9,m3_b0167,1,test/images/001_20200921_163338(1).png,test/labels/001_20200921_163338(1).txt
001_20200921_163342(6),test,team,jung,3,576,444,2020-09-21 16:33:42,9,m3_b0167,6,test/images/001_20200921_163342(6).png,test/labels/001_20200921_163342(6).txt
001_20200921_163346(9),test,team,jung,3,576,444,2020-09-21 16:33:46,9,m3_b0167,9,test/images/001_20200921_163346(9).png,test/labels/001_20200921_163346(9).txt
001_20200921_202521(5),val,team,heo,3,576,444,2020-09-21 20:25:21,9,m3_b0168,5,val/images/001_20200921_202521(5).png,val/labels/001_20200921_202521(5).txt
001_20200921_202526(0),val,team,heo,3,576,444,2020-09-21 20:25:26,9,m3_b0168,0,val/images/001_20200921_202526(0).png,val/labels/001_20200921_202526(0).txt
001_20200921_202530(4),val,team,heo,3,576,444,2020-09-21 20:25:30,9,m3_b0168,4,val/images/001_20200921_202530(4).png,val/labels/001_20200921_202530(4).txt
001_20200921_202534(9),val,team,heo,3,576,444,2020-09-21 20:25:34,9,m3_b0168,9,val/images/001_20200921_202534(9).png,val/labels/001_20200921_202534(9).txt
001_20200921_202539(4),val,team,heo,3,576,444,2020-09-21 20:25:39,9,m3_b0168,4,val/images/001_20200921_202539(4).png,val/labels/001_20200921_202539(4).txt
001_20200921_202547(2),val,team,heo,3,576,444,2020-09-21 20:25:47,9,m3_b0168,2,val/images/001_20200921_202547(2).png,val/labels/001_20200921_202547(2).txt
001_20200922_003308(2),test,team,lee,3,576,444,2020-09-22 00:33:08,9,m3_b0169,2,test/images/001_20200922_003308(2).png,test/labels/001_20200922_003308(2).txt
001_20200922_003312(7),test,team,lee,3,576,444,2020-09-22 00:33:12,9,m3_b0169,7,test/images/001_20200922_003312(7).png,test/labels/001_20200922_003312(7).txt
001_20200922_003317(2),test,team,lee,3,576,444,2020-09-22 00:33:17,9,m3_b0169,2,test/images/001_20200922_003317(2).png,test/labels/001_20200922_003317(2).txt
001_20200922_003321(7),test,team,lee,3,576,444,2020-09-22 00:33:21,9,m3_b0169,7,test/images/001_20200922_003321(7).png,test/labels/001_20200922_003321(7).txt
001_20200922_003326(6),test,team,lee,3,576,444,2020-09-22 00:33:26,9,m3_b0169,6,test/images/001_20200922_003326(6).png,test/labels/001_20200922_003326(6).txt
001_20200922_003330(7),test,team,lee,3,576,444,2020-09-22 00:33:30,9,m3_b0169,7,test/images/001_20200922_003330(7).png,test/labels/001_20200922_003330(7).txt
001_20200922_043310(0),train,team,jung,3,576,444,2020-09-22 04:33:10,9,m3_b0170,0,train/images/001_20200922_043310(0).png,train/labels/001_20200922_043310(0).txt
001_20200922_043314(4),train,team,jung,3,576,444,2020-09-22 04:33:14,9,m3_b0170,4,train/images/001_20200922_043314(4).png,train/labels/001_20200922_043314(4).txt
001_20200922_043318(9),train,team,jung,3,576,444,2020-09-22 04:33:18,9,m3_b0170,9,train/images/001_20200922_043318(9).png,train/labels/001_20200922_043318(9).txt
001_20200922_043323(4),train,team,jung,3,576,444,2020-09-22 04:33:23,9,m3_b0170,4,train/images/001_20200922_043323(4).png,train/labels/001_20200922_043323(4).txt
001_20200922_043327(8),train,team,jung,3,576,444,2020-09-22 04:33:27,9,m3_b0170,8,train/images/001_20200922_043327(8).png,train/labels/001_20200922_043327(8).txt
001_20200922_043332(5),train,team,jung,3,576,444,2020-09-22 04:33:32,9,m3_b0170,5,train/images/001_20200922_043332(5).png,train/labels/001_20200922_043332(5).txt
001_20200922_084020(7),train,team,heo,3,576,444,2020-09-22 08:40:20,9,m3_b0171,7,train/images/001_20200922_084020(7).png,train/labels/001_20200922_084020(7).txt
001_20200922_084025(1),train,team,heo,3,576,444,2020-09-22 08:40:25,9,m3_b0171,1,train/images/001_20200922_084025(1).png,train/labels/001_20200922_084025(1).txt
001_20200922_084029(7),train,team,heo,3,576,444,2020-09-22 08:40:29,9,m3_b0171,7,train/images/001_20200922_084029(7).png,train/labels/001_20200922_084029(7).txt
001_20200922_084034(2),train,team,heo,3,576,444,2020-09-22 08:40:34,9,m3_b0171,2,train/images/001_20200922_084034(2).png,train/labels/001_20200922_084034(2).txt
001_20200922_084038(7),train,team,heo,3,576,444,2020-09-22 08:40:38,9,m3_b0171,7,train/images/001_20200922_084038(7).png,train/labels/001_20200922_084038(7).txt
001_20200922_084043(2),train,team,heo,3,576,444,2020-09-22 08:40:43,9,m3_b0171,2,train/images/001_20200922_084043(2).png,train/labels/001_20200922_084043(2).txt
001_20200922_122947(8),train,team,lee,3,576,444,2020-09-22 12:29:47,9,m3_b0172,8,train/images/001_20200922_122947(8).png,train/labels/001_20200922_122947(8).txt
001_20200922_122952(4),train,team,lee,3,576,444,2020-09-22 12:29:52,9,m3_b0172,4,train/images/001_20200922_122952(4).png,train/labels/001_20200922_122952(4).txt
001_20200922_123001(2),train,team,lee,3,576,444,2020-09-22 12:30:01,9,m3_b0172,2,train/images/001_20200922_123001(2).png,train/labels/001_20200922_123001(2).txt
001_20200922_123005(5),train,team,lee,3,576,444,2020-09-22 12:30:05,9,m3_b0172,5,train/images/001_20200922_123005(5).png,train/labels/001_20200922_123005(5).txt
001_20200922_123014(3),train,team,lee,3,576,444,2020-09-22 12:30:14,9,m3_b0172,3,train/images/001_20200922_123014(3).png,train/labels/001_20200922_123014(3).txt
001_20200922_123018(6),train,team,lee,3,576,444,2020-09-22 12:30:18,9,m3_b0172,6,train/images/001_20200922_123018(6).png,train/labels/001_20200922_123018(6).txt
001_20200922_163323(0),train,team,jung,3,576,444,2020-09-22 16:33:23,9,m3_b0173,0,train/images/001_20200922_163323(0).png,train/labels/001_20200922_163323(0).txt
001_20200922_163326(0),train,team,jung,3,576,444,2020-09-22 16:33:26,9,m3_b0173,0,train/images/001_20200922_163326(0).png,train/labels/001_20200922_163326(0).txt
001_20200922_163329(0),train,team,jung,3,576,444,2020-09-22 16:33:29,9,m3_b0173,0,train/images/001_20200922_163329(0).png,train/labels/001_20200922_163329(0).txt
001_20200922_163332(2),train,official,,3,576,444,2020-09-22 16:33:32,9,m3_b0173,2,train/images/001_20200922_163332(2).png,train/labels/001_20200922_163332(2).txt
001_20200922_163335(3),train,official,,3,576,444,2020-09-22 16:33:35,9,m3_b0173,3,train/images/001_20200922_163335(3).png,train/labels/001_20200922_163335(3).txt
001_20200922_163338(3),train,team,jung,3,576,444,2020-09-22 16:33:38,9,m3_b0173,3,train/images/001_20200922_163338(3).png,train/labels/001_20200922_163338(3).txt
